[2J[01;01H[=3h[2J[01;01H[2J[01;01H[=3h[2J[01;01H[2J[01;01H[=3h[2J[01;01HBdsDxe: loading Boot0002 "EFI Internal Shell" from Fv(7CB8BDC9-F8EB-4F34-AAEA-3EE4AF6516A1)/FvFile(7C04A583-9E3E-4F1C-AD65-E05268D0B4D1)
BdsDxe: starting Boot0002 "EFI Internal Shell" from Fv(7CB8BDC9-F8EB-4F34-AAEA-3EE4AF6516A1)/FvFile(7C04A583-9E3E-4F1C-AD65-E05268D0B4D1)
[2J[01;01H[01;01HUEFI Interactive Shell v2.2
EDK II
UEFI v2.70 (Ubuntu distribution of EDK II, 0x00010000)
[1m[33m[40mMapping table[0m[37m[40m
[1m[33m[40m      FS0:[0m[37m[40m [1m[37m[40mAlias(s):[0m[37m[40mF0a65535a:;BLK0:
          PciRoot(0x0)/Pci(0x1F,0x2)/Sata(0x0,0xFFFF,0x0)
[1m[33m[40m     BLK1:[0m[37m[40m [1m[37m[40mAlias(s):[0m[37m[40m
          PciRoot(0x0)/Pci(0x1F,0x2)/Sata(0x2,0xFFFF,0x0)
[09;01HPress [1m[37m[40mESC[0m[37m[40m in 5 seconds to skip [1m[33m[40mstartup.nsh[0m[37m[40m or any other key to continue.[09;01HPress [1m[37m[40mESC[0m[37m[40m in 4 seconds to skip [1m[33m[40mstartup.nsh[0m[37m[40m or any other key to continue.[09;01HPress [1m[37m[40mESC[0m[37m[40m in 3 seconds to skip [1m[33m[40mstartup.nsh[0m[37m[40m or any other key to continue.[09;01HPress [1m[37m[40mESC[0m[37m[40m in 2 seconds to skip [1m[33m[40mstartup.nsh[0m[37m[40m or any other key to continue.[09;01HPress [1m[37m[40mESC[0m[37m[40m in 1 seconds to skip [1m[33m[40mstartup.nsh[0m[37m[40m or any other key to continue.
[1m[33m[40mShell> [0m[37m[40mecho -off
boot-shim: prepare_boot enter
boot-shim: root+bump allocated
boot-shim: loading kernel.elf from ESP…
boot-shim: kernel loaded (entry staged)
boot-shim: 12 boot modules loaded
boot-shim: locating platform sources…
boot-shim: reserved-big ty=BOOT_SERVICES_DATA base=900000 pages=e80
boot-shim: reserved-big ty=BOOT_SERVICES_DATA base=1dfdf000 pages=693
boot-shim: reserved-big ty=BOOT_SERVICES_DATA base=1ed19000 pages=412
boot-shim: reserved-big ty=BOOT_SERVICES_DATA base=1f7ff000 pages=601
boot-shim: memmaps conv=12 reserved=118
boot-shim: memmap ok (final pre-EBS snapshot)
boot-shim: building KernelInfo…
boot-shim: exiting boot services…
boot-shim: [raw] boot services exited
boot-shim: [raw] pt_alloc registered, entering kernel arch_boot
kernel: arch_boot arg=0x000000001fe962b8 blen=0x0000000000000000
kernel: arch_boot reslen=0x0000000000000076 r0=0x0000000000000000+0x0000000000001000
kernel: arch_boot entered
kernel: entering validate
kernel: v0 enter
kernel: v1 asserts ok
kernel: v2 fallback region ok
kernel: v3 pt_alloc ok
kernel: step0 validate ok
kernel: step1+2 mappings ok
kernel: step4 DM coverage ok
kernel: arch_boot_impl done, jumping to kmain
kernel: preA rdi=0x000000001dc31120 kinfo=0x000000001dc31120 rsp=0xffff8000003cef18 blen=0x0000000000000000
kernel: kmain Phase A enter
kernel: kmain A.1 validate ok
kernel: kmain A.1b console+kinfo ok
kernel: kmain A.2a memmap copy ok
kernel: kmain A.2b module cuts ok
kernel: kmain A/A.2 memmap+modules ok
kernel: kmain A.5 platform ok
nk4a: gs0 gsbase=0x0x0000000000000000 kgsbase=0x0x0000000000000000
kernel: kmain B clock+intr ok
nk4a: gs1 gsbase=0x0x000000001dd31d50
kernel: kmain B.5 kerninfo page ok
kernel: diag pc=0x000000000023b500 pa=0x000000001fe3b000 flags=0x000000000000000d
kernel: vm_handoff free n=0x0000000000000007 deducted=0x0000000000000015
  base=0x0000000000001000 size=0x000000000009f000
  base=0x0000000000100000 size=0x0000000000100000
  base=0x0000000000808000 size=0x0000000000003000
  base=0x000000000080c000 size=0x0000000000004000
  base=0x0000000001780000 size=0x000000001a3f5000
  base=0x000000001bb95000 size=0x0000000001de1000
  base=0x0000000000400000 size=0x0000000000400000
nk4a: ident-windows res=0x0000000000000076 zero=0x0000000000000000 low=0x0000000000000001 maxend=0x00000000fee01000 n=0x000000000000000c
kernel: kmain C proc_init ok
kernel: kmain D memory_init ok

MINIX-RS 0.1.0 (rust rewrite) — scheduling live
entering scheduler
nk4a: pick->0x0000000000000008
nk4a: sa0-0x0000000000000008 root=0x0x000000001dfde000 cur=0x0x000000001dfde000
nk4a: gs2 gsbase=0x0x000000001dd31d50
nk4a: probe text va=0x0x000000001dbf2000 -> pa=0x0x000000001dbf2000 fl=0x0x000000000000041b
nk4a: probe stk va=0x0xffff8000003ce000 -> pa=0x0x00000000003ce000 fl=0x0x000000000000041b
nk4a: probe dm va=0x0xffff808000200000 -> pa=0x0x0000000000200000 fl=0x0x0000000000000413
nk4a: sa1-after cr3=0x0x000000001dfde000
nk4a: pre-restore- rip=0x000000000023b500 rsp=0x00007fffffffefcc rbx=0x00007fffffffefe0
nk4a: birth enternk4a: vs0x0000000000000000 rip=0x0x0000000000232e01
nk4a: birth s3 runtime oknk4a: birth s5 -> mainnk4a: vm enternk4a: params read oknk4a: server new oknk4a: vs0x0000000000000001 rip=0x0x0000000000208110
nk4a: relocate oknk4a: vs0x0000000000000002 rip=0x0x0000000000227182
nk4a: vs0x0000000000000003 rip=0x0x000000000020e465
nk4a: vs0x0000000000000004 rip=0x0x000000000020e479
nk4a: vm slot oknk4a: vs0x0000000000000005 rip=0x0x0000000000230a78
nk4a: vs0x0000000000000006 rip=0x0x0000000000230bec
nk4a: setaddr nr=0x0000000000000006 flags=0x0x0000000000018080 runnable=no queued=no
nk4a: vs0x0000000000000007 rip=0x0x00000000002090ad
nk4a: vmq entry MISSING
nk4a: exec endpt=0x0000000000000006 ip=0x000000000020ae20 stack=0x00007fffffffea78 ps_str=0x00007fffffffefe0
nk4a: exec-store nr=0x0000000000000006 rip=0x000000000020ae20 rsp=0x00007fffffffea78
nk4a: bootinh-clear nr=0x0000000000000006 flags=0x0x0000000000008080 runnable=no queued=no
nk4a: exec ds oknk4a: vs0x0000000000000008 rip=0x0x0000000000230970
nk4a: vs0x0000000000000009 rip=0x0x0000000000231070
nk4a: vs0x000000000000000a rip=0x0x000000000020e4df
nk4a: setaddr nr=0x0000000000000002 flags=0x0x0000000000010000 runnable=no queued=no
nk4a: vmq entry MISSING
nk4a: exec endpt=0x0000000000000002 ip=0x0000000000225280 stack=0x00007fffffffea78 ps_str=0x00007fffffffefe0
nk4a: exec-store nr=0x0000000000000002 rip=0x0000000000225280 rsp=0x00007fffffffea78
nk4a: bootinh-clear nr=0x0000000000000002 flags=0x0x0000000000000000 runnable=yes queued=yes
nk4a: exec rs oknk4a: vs0x000000000000000b rip=0x0x000000000020e456
nk4a: vs0x000000000000000c rip=0x0x000000000020e465
nk4a: setaddr nr=0x0000000000000000 flags=0x0x0000000000018080 runnable=no queued=no
nk4a: vmq entry MISSING
nk4a: vs0x000000000000000d rip=0x0x000000000023efd3
nk4a: exec endpt=0x0000000000000000 ip=0x0000000000222e00 stack=0x00007fffffffea78 ps_str=0x00007fffffffefe0
nk4a: exec-store nr=0x0000000000000000 rip=0x0000000000222e00 rsp=0x00007fffffffea78
nk4a: bootinh-clear nr=0x0000000000000000 flags=0x0x0000000000008080 runnable=no queued=no
nk4a: exec pm oknk4a: vs0x000000000000000e rip=0x0x000000000020e465
nk4a: vs0x000000000000000f rip=0x0x000000000020e465
nk4a: setaddr nr=0x0000000000000004 flags=0x0x0000000000018080 runnable=no queued=no
nk4a: vmq entry MISSING
nk4a: exec endpt=0x0000000000000004 ip=0x0000000000205fe0 stack=0x00007fffffffea78 ps_str=0x00007fffffffefe0
nk4a: exec-store nr=0x0000000000000004 rip=0x0000000000205fe0 rsp=0x00007fffffffea78
nk4a: bootinh-clear nr=0x0000000000000004 flags=0x0x0000000000008080 runnable=no queued=no
nk4a: exec sched oknk4a: vs0x0000000000000010 rip=0x0x0000000000230970
nk4a: vs0x0000000000000011 rip=0x0x0000000000230c6c
nk4a: setaddr nr=0x0000000000000001 flags=0x0x0000000000018080 runnable=no queued=no
nk4a: vs0x0000000000000012 rip=0x0x0000000000222384
nk4a: vmq entry MISSING
nk4a: exec endpt=0x0000000000000001 ip=0x000000000023b1c0 stack=0x00007fffffffea78 ps_str=0x00007fffffffefe0
nk4a: exec-store nr=0x0000000000000001 rip=0x000000000023b1c0 rsp=0x00007fffffffea78
nk4a: bootinh-clear nr=0x0000000000000001 flags=0x0x0000000000008080 runnable=no queued=no
nk4a: exec vfs oknk4a: vs0x0000000000000013 rip=0x0x0000000000230a78
nk4a: vs0x0000000000000014 rip=0x0x000000000020e465
nk4a: setaddr nr=0x0000000000000003 flags=0x0x0000000000018080 runnable=no queued=no
nk4a: vmq entry MISSING
nk4a: exec endpt=0x0000000000000003 ip=0x00000000002072f0 stack=0x00007fffffffea78 ps_str=0x00007fffffffefe0
nk4a: exec-store nr=0x0000000000000003 rip=0x00000000002072f0 rsp=0x00007fffffffea78
nk4a: bootinh-clear nr=0x0000000000000003 flags=0x0x0000000000008080 runnable=no queued=no
nk4a: exec memory oknk4a: vs0x0000000000000015 rip=0x0x0000000000230c8e
nk4a: vs0x0000000000000016 rip=0x0x000000000020e465
nk4a: vs0x0000000000000017 rip=0x0x000000000023ef99
nk4a: setaddr nr=0x0000000000000005 flags=0x0x0000000000018080 runnable=no queued=no
nk4a: vmq entry MISSING
nk4a: exec endpt=0x0000000000000005 ip=0x0000000000207840 stack=0x00007fffffffea78 ps_str=0x00007fffffffefe0
nk4a: exec-store nr=0x0000000000000005 rip=0x0000000000207840 rsp=0x00007fffffffea78
nk4a: bootinh-clear nr=0x0000000000000005 flags=0x0x0000000000008080 runnable=no queued=no
nk4a: exec tty oknk4a: vs0x0000000000000018 rip=0x0x000000000020e456
nk4a: vs0x0000000000000019 rip=0x0x0000000000230c6c
nk4a: setaddr nr=0x0000000000000007 flags=0x0x0000000000018080 runnable=no queued=no
nk4a: vmq entry MISSING
nk4a: exec endpt=0x0000000000000007 ip=0x00000000002100a0 stack=0x00007fffffffea78 ps_str=0x00007fffffffefe0
nk4a: exec-store nr=0x0000000000000007 rip=0x00000000002100a0 rsp=0x00007fffffffea78
nk4a: bootinh-clear nr=0x0000000000000007 flags=0x0x0000000000008080 runnable=no queued=no
nk4a: exec mib oknk4a: vs0x000000000000001a rip=0x0x000000000020e456
nk4a: vs0x000000000000001b rip=0x0x000000000023ef99
nk4a: vs0x000000000000001c rip=0x0x000000000020e4df
nk4a: setaddr nr=0x0000000000000009 flags=0x0x0000000000018080 runnable=no queued=no
nk4a: vmq entry MISSING
nk4a: exec endpt=0x0000000000000009 ip=0x0000000000209c90 stack=0x00007fffffffea78 ps_str=0x00007fffffffefe0
nk4a: exec-store nr=0x0000000000000009 rip=0x0000000000209c90 rsp=0x00007fffffffea78
nk4a: bootinh-clear nr=0x0000000000000009 flags=0x0x0000000000008080 runnable=no queued=no
nk4a: exec pfs oknk4a: vs0x000000000000001d rip=0x0x000000000020e465
nk4a: vs0x000000000000001e rip=0x0x000000000023ef99
nk4a: setaddr nr=0x000000000000000a flags=0x0x0000000000018080 runnable=no queued=no
nk4a: vmq entry MISSING
nk4a: exec endpt=0x000000000000000a ip=0x0000000000226590 stack=0x00007fffffffea78 ps_str=0x00007fffffffefe0
nk4a: exec-store nr=0x000000000000000a rip=0x0000000000226590 rsp=0x00007fffffffea78
nk4a: vs0x000000000000001f rip=0x0x0000000000222540
nk4a: bootinh-clear nr=0x000000000000000a flags=0x0x0000000000008080 runnable=no queued=no
nk4a: exec mfs oknk4a: vs0x0000000000000020 rip=0x0x000000000023ef99
nk4a: vs0x0000000000000021 rip=0x0x000000000023ef99
nk4a: setaddr nr=0x000000000000000b flags=0x0x0000000000018080 runnable=no queued=no
nk4a: vmq entry MISSING
nk4a: exec endpt=0x000000000000000b ip=0x000000000022248c stack=0x00007fffffffea78 ps_str=0x00007fffffffefe0
nk4a: exec-store nr=0x000000000000000b rip=0x000000000022248c rsp=0x00007fffffffea78
nk4a: bootinh-clear nr=0x000000000000000b flags=0x0x0000000000008080 runnable=no queued=no
nk4a: exec init oknk4a: init donenk4a: run enternk4a: ipc-entry nr=0x0000000000000002 caller=0x0000000000000008
nk4a: rcv-eng
nk4a: rcv-p4
nk4a: pick->0x0000000000000002
nk4a: sa0-0x0000000000000002 root=0x0x00000000034c1000 cur=0x0x000000001dfde000
nk4a: gs2 gsbase=0x0x000000001dd31d50
nk4a: probe text va=0x0x000000001dbf2000 -> pa=0x0x000000001dbf2000 fl=0x0x000000000000001b
nk4a: probe stk va=0x0xffff8000003ff000 -> pa=0x0x00000000003ff000 fl=0x0x0000000000000013
nk4a: probe dm va=0x0xffff808000200000 -> pa=0x0x0000000000200000 fl=0x0x0000000000000013
nk4a: cr3-done-0x0x00000000034c1000
nk4a: sa1-after cr3=0x0x00000000034c1000
nk4a: pre-restore- rip=0x0000000000225280 rsp=0x00007fffffffea78 rbx=0x00007fffffffefe0
nk4a: rs-tr rst n=0x0000000000000000 rbx=0x00007fffffffefe0 rip=0x0000000000225280
nk4a: vs0x0000000000000023 rip=0x0x0000000000225280
nk4a: rs-tr irq n=0x0000000000000001 rbx=0x00007fffffffefe0 rip=0x0000000000225280
nk4a: pf#0x0000000000000000 rip=0x0000000000225280 err=0x0000000000000014 cr2=0x0000000000225280 rsp=0x00007fffffffea78 walk=NP
nk4a: pfm1-gate
nk4a: pfm2-smp
nk4a: pfm3-tbl
nk4a: pfm4-hand
nk4a: pf-save ep=0x0000000000000002 rbx=0x00007fffffffefe0 rip=0x0000000000225280
nk4a: rs-tr pf2 n=0x0000000000000002 rbx=0x00007fffffffefe0 rip=0x0000000000225280
nk4a: anchor fwd=0x0x000000001dc09f90 finish=0x0x000000001dbf0a70 sched=0x0x000000001dbed8c0
nk4a: pick->0x0000000000000008
nk4a: sa0-0x0000000000000008 root=0x0x000000001dfde000 cur=0x0x00000000034c1000
nk4a: gs2 gsbase=0x0x000000001dd31d50
nk4a: probe text va=0x0x000000001dbf2000 -> pa=0x0x000000001dbf2000 fl=0x0x000000000000041b
nk4a: probe stk va=0x0xffff8000003ff000 -> pa=0x0x00000000003ff000 fl=0x0x000000000000041b
nk4a: probe dm va=0x0xffff808000200000 -> pa=0x0x0000000000200000 fl=0x0x0000000000000413
nk4a: cr3-done-0x0x000000001dfde000
nk4a: sa1-after cr3=0x0x000000001dfde000
nk4a: pre-restore- rip=0x00000000002014ad rsp=0x00007fffffffc0b8 rbx=0x0000000000010001
nk4a: vs0x0000000000000025 rip=0x0x00000000002014ad
nk4a: rcv0 src=2 type=0xcff
nk4a: vm-pf recv
nk4a: vm-pf bytes 0000000000000000
nk4a: ipc-entry nr=0x0000000000000002 caller=0x0000000000000008
nk4a: rcv-eng
nk4a: rcv-p4
nk4a: pick->0x0000000000000002
nk4a: sa0-0x0000000000000002 root=0x0x00000000034c1000 cur=0x0x000000001dfde000
nk4a: gs2 gsbase=0x0x000000001dd31d50
nk4a: probe text va=0x0x000000001dbf2000 -> pa=0x0x000000001dbf2000 fl=0x0x000000000000001b
nk4a: probe stk va=0x0xffff8000003ff000 -> pa=0x0x00000000003ff000 fl=0x0x0000000000000013
nk4a: probe dm va=0x0xffff808000200000 -> pa=0x0x0000000000200000 fl=0x0x0000000000000013
nk4a: cr3-done-0x0x00000000034c1000
nk4a: sa1-after cr3=0x0x00000000034c1000
nk4a: pre-restore- rip=0x0000000000225280 rsp=0x00007fffffffea78 rbx=0x00007fffffffefe0
nk4a: vs0x0000000000000027 rip=0x0x0000000000225280
nk4a: pf#0x0000000000000001 rip=0x0000000000225287 err=0x0000000000000006 cr2=0x00007fffffffea68 rsp=0x00007fffffffea70 walk=NP
nk4a: pfm1-gate
nk4a: pfm2-smp
nk4a: pfm3-tbl
nk4a: pfm4-hand
nk4a: pf-save ep=0x0000000000000002 rbx=0x00007fffffffefe0 rip=0x0000000000225287
nk4a: rs-tr pf2 n=0x0000000000000003 rbx=0x00007fffffffefe0 rip=0x0000000000225287
nk4a: pick->0x0000000000000008
nk4a: sa0-0x0000000000000008 root=0x0x000000001dfde000 cur=0x0x00000000034c1000
nk4a: gs2 gsbase=0x0x000000001dd31d50
nk4a: probe text va=0x0x000000001dbf2000 -> pa=0x0x000000001dbf2000 fl=0x0x000000000000041b
nk4a: probe stk va=0x0xffff8000003ff000 -> pa=0x0x00000000003ff000 fl=0x0x000000000000041b
nk4a: probe dm va=0x0xffff808000200000 -> pa=0x0x0000000000200000 fl=0x0x0000000000000413
nk4a: cr3-done-0x0x000000001dfde000
nk4a: sa1-after cr3=0x0x000000001dfde000
nk4a: pre-restore- rip=0x00000000002014ad rsp=0x00007fffffffc0b8 rbx=0x0000000000010001
nk4a: rcv1 src=2 type=0xcff
nk4a: vm-pf recv
nk4a: vm-pf bytes 0000000000000000
nk4a: ipc-entry nr=0x0000000000000002 caller=0x0000000000000008
nk4a: rcv-eng
nk4a: rcv-p4
nk4a: pick->0x0000000000000002
nk4a: sa0-0x0000000000000002 root=0x0x00000000034c1000 cur=0x0x000000001dfde000
nk4a: gs2 gsbase=0x0x000000001dd31d50
nk4a: probe text va=0x0x000000001dbf2000 -> pa=0x0x000000001dbf2000 fl=0x0x000000000000001b
nk4a: probe stk va=0x0xffff8000003ff000 -> pa=0x0x00000000003ff000 fl=0x0x0000000000000013
nk4a: probe dm va=0x0xffff808000200000 -> pa=0x0x0000000000200000 fl=0x0x0000000000000013
nk4a: cr3-done-0x0x00000000034c1000
nk4a: sa1-after cr3=0x0x00000000034c1000
nk4a: pre-restore- rip=0x0000000000225287 rsp=0x00007fffffffea70 rbx=0x00007fffffffefe0
nk4a: rs-tr rst n=0x0000000000000004 rbx=0x00007fffffffefe0 rip=0x0000000000225287
nk4a: vs0x000000000000002a rip=0x0x0000000000225287
nk4a: rs-tr irq n=0x0000000000000005 rbx=0x00007fffffffefe0 rip=0x0000000000225287
nk4a: pf#0x0000000000000002 rip=0x000000000021d8c0 err=0x0000000000000014 cr2=0x000000000021d8c0 rsp=0x00007fffffffea68 walk=NP
nk4a: pfm1-gate
nk4a: pfm2-smp
nk4a: pfm3-tbl
nk4a: pfm4-hand
nk4a: pf-save ep=0x0000000000000002 rbx=0x00007fffffffefe0 rip=0x000000000021d8c0
nk4a: rs-tr pf2 n=0x0000000000000006 rbx=0x00007fffffffefe0 rip=0x000000000021d8c0
nk4a: pick->0x0000000000000008
nk4a: sa0-0x0000000000000008 root=0x0x000000001dfde000 cur=0x0x00000000034c1000
nk4a: gs2 gsbase=0x0x000000001dd31d50
nk4a: probe text va=0x0x000000001dbf2000 -> pa=0x0x000000001dbf2000 fl=0x0x000000000000041b
nk4a: probe stk va=0x0xffff8000003ff000 -> pa=0x0x00000000003ff000 fl=0x0x000000000000041b
nk4a: probe dm va=0x0xffff808000200000 -> pa=0x0x0000000000200000 fl=0x0x0000000000000413
nk4a: cr3-done-0x0x000000001dfde000
nk4a: sa1-after cr3=0x0x000000001dfde000
nk4a: pre-restore- rip=0x00000000002014ad rsp=0x00007fffffffc0b8 rbx=0x0000000000010001
nk4a: vs0x000000000000002c rip=0x0x00000000002014ad
nk4a: rcv2 src=2 type=0xcff
nk4a: vm-pf recv
nk4a: vm-pf bytes 48b8306022000000
nk4a: ipc-entry nr=0x0000000000000002 caller=0x0000000000000008
nk4a: rcv-eng
nk4a: rcv-p4
nk4a: pick->0x0000000000000002
nk4a: sa0-0x0000000000000002 root=0x0x00000000034c1000 cur=0x0x000000001dfde000
nk4a: gs2 gsbase=0x0x000000001dd31d50
nk4a: probe text va=0x0x000000001dbf2000 -> pa=0x0x000000001dbf2000 fl=0x0x000000000000001b
nk4a: probe stk va=0x0xffff8000003ff000 -> pa=0x0x00000000003ff000 fl=0x0x0000000000000013
nk4a: probe dm va=0x0xffff808000200000 -> pa=0x0x0000000000200000 fl=0x0x0000000000000013
nk4a: cr3-done-0x0x00000000034c1000
nk4a: sa1-after cr3=0x0x00000000034c1000
nk4a: pre-restore- rip=0x000000000021d8c0 rsp=0x00007fffffffea68 rbx=0x00007fffffffefe0
nk4a: rs-tr rst n=0x0000000000000007 rbx=0x00007fffffffefe0 rip=0x000000000021d8c0
nk4a: kc0x0000000000000001 caller=0x0000000000000002 call=0x000000000000002c
nk4a: memreq-notify o=0x0000000000000001
nk4a: rs-tr vms n=0x0000000000000008 rbx=0x0000062c00007bff rip=0x000000000021d941
nk4a: sys-susp vmreq=y pending=y
nk4a: pick->0x0000000000000008
nk4a: sa0-0x0000000000000008 root=0x0x000000001dfde000 cur=0x0x00000000034c1000
nk4a: gs2 gsbase=0x0x000000001dd31d50
nk4a: probe text va=0x0x000000001dbf2000 -> pa=0x0x000000001dbf2000 fl=0x0x000000000000041b
nk4a: probe stk va=0x0xffff8000003ff000 -> pa=0x0x00000000003ff000 fl=0x0x000000000000041b
nk4a: probe dm va=0x0xffff808000200000 -> pa=0x0x0000000000200000 fl=0x0x0000000000000413
nk4a: cr3-done-0x0x000000001dfde000
nk4a: sa1-after cr3=0x0x000000001dfde000
nk4a: pre-restore- rip=0x00000000002014ad rsp=0x00007fffffffc0b8 rbx=0x0000000000000004
nk4a: vs0x000000000000002e rip=0x0x00000000002014ad
nk4a: rcv3 src=-2 type=0x1000
nk4a: do-memory enter
nk4a: memreq target=2 start=0x223978 len=0x11 ok=1
nk4a: vs0x000000000000002f rip=0x0x000000000020a930
nk4a: rbxw irq-save ep=0x0000000000000008 rbx=0x0000000000000000 rip=0x000000000020a930
nk4a: do-memory done
nk4a: ipc-entry nr=0x0000000000000002 caller=0x0000000000000008
nk4a: pick->0x0000000000000002
nk4a: sa0-0x0000000000000002 root=0x0x00000000034c1000 cur=0x0x000000001dfde000
nk4a: gs2 gsbase=0x0x000000001dd31d50
nk4a: probe text va=0x0x000000001dbf2000 -> pa=0x0x000000001dbf2000 fl=0x0x000000000000001b
nk4a: probe stk va=0x0xffff8000003ff000 -> pa=0x0x00000000003ff000 fl=0x0x0000000000000013
nk4a: probe dm va=0x0xffff808000200000 -> pa=0x0x0000000000200000 fl=0x0x0000000000000013
nk4a: cr3-done-0x0x00000000034c1000
nk4a: sa1-after cr3=0x0x00000000034c1000
nk4a: kc0x0000000000000002 caller=0x0000000000000002 call=0x000000000000002c
nk4a: birth enternk4a: pre-restore- rip=0x000000000021d941 rsp=0x00007fffffffe9f0 rbx=0x0000062c00007bff
nk4a: rs-tr rst n=0x0000000000000009 rbx=0x0000062c00007bff rip=0x000000000021d941
nk4a: pf#0x0000000000000003 rip=0x000000000021d0dc err=0x0000000000000004 cr2=0x000000000022ac50 rsp=0x00007fffffffe9e8 walk=NP
nk4a: pfm1-gate
nk4a: pfm2-smp
nk4a: pfm3-tbl
nk4a: pfm4-hand
nk4a: pf-save ep=0x0000000000000002 rbx=0x0000062c00007bff rip=0x000000000021d0dc
nk4a: rs-tr pf2 n=0x000000000000000a rbx=0x0000062c00007bff rip=0x000000000021d0dc
nk4a: pick->0x0000000000000008
nk4a: sa0-0x0000000000000008 root=0x0x000000001dfde000 cur=0x0x00000000034c1000
nk4a: gs2 gsbase=0x0x000000001dd31d50
nk4a: probe text va=0x0x000000001dbf2000 -> pa=0x0x000000001dbf2000 fl=0x0x000000000000041b
nk4a: probe stk va=0x0xffff8000003ff000 -> pa=0x0x00000000003ff000 fl=0x0x000000000000041b
nk4a: probe dm va=0x0xffff808000200000 -> pa=0x0x0000000000200000 fl=0x0x0000000000000413
nk4a: cr3-done-0x0x000000001dfde000
nk4a: sa1-after cr3=0x0x000000001dfde000
nk4a: pre-restore- rip=0x00000000002014ad rsp=0x00007fffffffc0b8 rbx=0x0000000000010001
nk4a: vs0x0000000000000032 rip=0x0x00000000002014ad
nk4a: rcv4 src=2 type=0xcff
nk4a: vm-pf recv
nk4a: vm-pf bytes 0000000000000000
nk4a: ipc-entry nr=0x0000000000000002 caller=0x0000000000000008
nk4a: pick->0x0000000000000002
nk4a: sa0-0x0000000000000002 root=0x0x00000000034c1000 cur=0x0x000000001dfde000
nk4a: gs2 gsbase=0x0x000000001dd31d50
nk4a: probe text va=0x0x000000001dbf2000 -> pa=0x0x000000001dbf2000 fl=0x0x000000000000001b
nk4a: probe stk va=0x0xffff8000003ff000 -> pa=0x0x00000000003ff000 fl=0x0x0000000000000013
nk4a: probe dm va=0x0xffff808000200000 -> pa=0x0x0000000000200000 fl=0x0x0000000000000013
nk4a: cr3-done-0x0x00000000034c1000
nk4a: sa1-after cr3=0x0x00000000034c1000
nk4a: pre-restore- rip=0x000000000021d0dc rsp=0x00007fffffffe9e8 rbx=0x0000062c00007bff
nk4a: rs-tr rst n=0x000000000000000b rbx=0x0000062c00007bff rip=0x000000000021d0dc
nk4a: vs0x0000000000000034 rip=0x0x000000000021d0dc
nk4a: rs-tr irq n=0x000000000000000c rbx=0x0000062c00007bff rip=0x000000000021d0dc
nk4a: pf#0x0000000000000004 rip=0x0000000000227af0 err=0x0000000000000014 cr2=0x0000000000227af0 rsp=0x00007fffffffe7d8 walk=NP
nk4a: pf-save ep=0x0000000000000002 rbx=0x00007fffffffe7e0 rip=0x0000000000227af0
nk4a: rs-tr pf2 n=0x000000000000000d rbx=0x00007fffffffe7e0 rip=0x0000000000227af0
nk4a: pick->0x0000000000000008
nk4a: sa0-0x0000000000000008 root=0x0x000000001dfde000 cur=0x0x00000000034c1000
nk4a: gs2 gsbase=0x0x000000001dd31d50
nk4a: probe text va=0x0x000000001dbf2000 -> pa=0x0x000000001dbf2000 fl=0x0x000000000000041b
nk4a: probe stk va=0x0xffff8000003ff000 -> pa=0x0x00000000003ff000 fl=0x0x000000000000041b
nk4a: probe dm va=0x0xffff808000200000 -> pa=0x0x0000000000200000 fl=0x0x0000000000000413
nk4a: cr3-done-0x0x000000001dfde000
nk4a: sa1-after cr3=0x0x000000001dfde000
nk4a: pre-restore- rip=0x00000000002014ad rsp=0x00007fffffffc0b8 rbx=0x0000000000010001
nk4a: rcv5 src=2 type=0xcff
nk4a: vm-pf recv
nk4a: vm-pf bytes 0f86800000004531
nk4a: ipc-entry nr=0x0000000000000002 caller=0x0000000000000008
nk4a: pick->0x0000000000000002
nk4a: sa0-0x0000000000000002 root=0x0x00000000034c1000 cur=0x0x000000001dfde000
nk4a: gs2 gsbase=0x0x000000001dd31d50
nk4a: probe text va=0x0x000000001dbf2000 -> pa=0x0x000000001dbf2000 fl=0x0x000000000000001b
nk4a: probe stk va=0x0xffff8000003ff000 -> pa=0x0x00000000003ff000 fl=0x0x0000000000000013
nk4a: probe dm va=0x0xffff808000200000 -> pa=0x0x0000000000200000 fl=0x0x0000000000000013
nk4a: cr3-done-0x0x00000000034c1000
nk4a: sa1-after cr3=0x0x00000000034c1000
nk4a: pre-restore- rip=0x0000000000227af0 rsp=0x00007fffffffe7d8 rbx=0x00007fffffffe7e0
nk4a: rs-tr rst n=0x000000000000000e rbx=0x00007fffffffe7e0 rip=0x0000000000227af0
nk4a: vs0x0000000000000037 rip=0x0x0000000000227af0
nk4a: rs-tr irq n=0x000000000000000f rbx=0x00007fffffffe7e0 rip=0x0000000000227af0
nk4a: pf#0x0000000000000005 rip=0x000000000021d10e err=0x0000000000000006 cr2=0x0000000000229f20 rsp=0x00007fffffffe7e0 walk=NP
nk4a: pf-save ep=0x0000000000000002 rbx=0x00007fffffffe7e0 rip=0x000000000021d10e
nk4a: rs-tr pf2 n=0x0000000000000010 rbx=0x00007fffffffe7e0 rip=0x000000000021d10e
nk4a: pick->0x0000000000000008
nk4a: sa0-0x0000000000000008 root=0x0x000000001dfde000 cur=0x0x00000000034c1000
nk4a: gs2 gsbase=0x0x000000001dd31d50
nk4a: probe text va=0x0x000000001dbf2000 -> pa=0x0x000000001dbf2000 fl=0x0x000000000000041b
nk4a: probe stk va=0x0xffff8000003ff000 -> pa=0x0x00000000003ff000 fl=0x0x000000000000041b
nk4a: probe dm va=0x0xffff808000200000 -> pa=0x0x0000000000200000 fl=0x0x0000000000000413
nk4a: cr3-done-0x0x000000001dfde000
nk4a: sa1-after cr3=0x0x000000001dfde000
nk4a: pre-restore- rip=0x00000000002014ad rsp=0x00007fffffffc0b8 rbx=0x0000000000010001
nk4a: rcv6 src=2 type=0xcff
nk4a: vm-pf recv
nk4a: vm-pf bytes 0000000000000000
nk4a: ipc-entry nr=0x0000000000000002 caller=0x0000000000000008
nk4a: pick->0x0000000000000002
nk4a: sa0-0x0000000000000002 root=0x0x00000000034c1000 cur=0x0x000000001dfde000
nk4a: gs2 gsbase=0x0x000000001dd31d50
nk4a: probe text va=0x0x000000001dbf2000 -> pa=0x0x000000001dbf2000 fl=0x0x000000000000001b
nk4a: probe stk va=0x0xffff8000003ff000 -> pa=0x0x00000000003ff000 fl=0x0x0000000000000013
nk4a: probe dm va=0x0xffff808000200000 -> pa=0x0x0000000000200000 fl=0x0x0000000000000013
nk4a: cr3-done-0x0x00000000034c1000
nk4a: sa1-after cr3=0x0x00000000034c1000
nk4a: pre-restore- rip=0x000000000021d10e rsp=0x00007fffffffe7e0 rbx=0x00007fffffffe7e0
nk4a: rs-tr rst n=0x0000000000000011 rbx=0x00007fffffffe7e0 rip=0x000000000021d10e
nk4a: vs0x000000000000003a rip=0x0x000000000021d10e
nk4a: rs-tr irq n=0x0000000000000012 rbx=0x00007fffffffe7e0 rip=0x000000000021d10e
nk4a: kc0x0000000000000003 caller=0x0000000000000002 call=0x000000000000002c
nk4a: birth s3 runtime oknk4a: kc0x0000000000000004 caller=0x0000000000000002 call=0x000000000000002c
nk4a: birth s5 -> mainnk4a: pf#0x0000000000000006 rip=0x0000000000201670 err=0x0000000000000014 cr2=0x0000000000201670 rsp=0x00007fffffffe9e8 walk=NP
nk4a: pf-save ep=0x0000000000000002 rbx=0x00007fffffffefd8 rip=0x0000000000201670
nk4a: rs-tr pf2 n=0x0000000000000013 rbx=0x00007fffffffefd8 rip=0x0000000000201670
nk4a: pick->0x0000000000000008
nk4a: sa0-0x0000000000000008 root=0x0x000000001dfde000 cur=0x0x00000000034c1000
nk4a: gs2 gsbase=0x0x000000001dd31d50
nk4a: probe text va=0x0x000000001dbf2000 -> pa=0x0x000000001dbf2000 fl=0x0x000000000000041b
nk4a: probe stk va=0x0xffff8000003ff000 -> pa=0x0x00000000003ff000 fl=0x0x000000000000041b
nk4a: probe dm va=0x0xffff808000200000 -> pa=0x0x0000000000200000 fl=0x0x0000000000000413
nk4a: cr3-done-0x0x000000001dfde000
nk4a: sa1-after cr3=0x0x000000001dfde000
nk4a: pre-restore- rip=0x00000000002014ad rsp=0x00007fffffffc0b8 rbx=0x0000000000010001
nk4a: vs0x000000000000003c rip=0x0x00000000002014ad
nk4a: rcv7 src=2 type=0xcff
nk4a: vm-pf recv
nk4a: vm-pf bytes 0000000000000000
nk4a: ipc-entry nr=0x0000000000000002 caller=0x0000000000000008
nk4a: pick->0x0000000000000002
nk4a: sa0-0x0000000000000002 root=0x0x00000000034c1000 cur=0x0x000000001dfde000
nk4a: gs2 gsbase=0x0x000000001dd31d50
nk4a: probe text va=0x0x000000001dbf2000 -> pa=0x0x000000001dbf2000 fl=0x0x000000000000001b
nk4a: probe stk va=0x0xffff8000003ff000 -> pa=0x0x00000000003ff000 fl=0x0x0000000000000013
nk4a: probe dm va=0x0xffff808000200000 -> pa=0x0x0000000000200000 fl=0x0x0000000000000013
nk4a: cr3-done-0x0x00000000034c1000
nk4a: sa1-after cr3=0x0x00000000034c1000
nk4a: pre-restore- rip=0x0000000000201670 rsp=0x00007fffffffe9e8 rbx=0x00007fffffffefd8
nk4a: rs-tr rst n=0x0000000000000014 rbx=0x00007fffffffefd8 rip=0x0000000000201670
nk4a: pf#0x0000000000000007 rip=0x000000000020167e err=0x0000000000000006 cr2=0x00007fffffffd9c8 rsp=0x00007fffffffd9c8 walk=NP
nk4a: pf-save ep=0x0000000000000002 rbx=0x00007fffffffefd8 rip=0x000000000020167e
nk4a: rs-tr pf2 n=0x0000000000000015 rbx=0x00007fffffffefd8 rip=0x000000000020167e
nk4a: pick->0x0000000000000008
nk4a: sa0-0x0000000000000008 root=0x0x000000001dfde000 cur=0x0x00000000034c1000
nk4a: gs2 gsbase=0x0x000000001dd31d50
nk4a: probe text va=0x0x000000001dbf2000 -> pa=0x0x000000001dbf2000 fl=0x0x000000000000041b
nk4a: probe stk va=0x0xffff8000003ff000 -> pa=0x0x00000000003ff000 fl=0x0x000000000000041b
nk4a: probe dm va=0x0xffff808000200000 -> pa=0x0x0000000000200000 fl=0x0x0000000000000413
nk4a: cr3-done-0x0x000000001dfde000
nk4a: sa1-after cr3=0x0x000000001dfde000
nk4a: pre-restore- rip=0x00000000002014ad rsp=0x00007fffffffc0b8 rbx=0x0000000000010001
nk4a: vs0x000000000000003f rip=0x0x00000000002014ad
nk4a: rcv8 src=2 type=0xcff
nk4a: vm-pf recv
nk4a: vm-pf bytes 0000000000000000
nk4a: ipc-entry nr=0x0000000000000002 caller=0x0000000000000008
nk4a: pick->0x0000000000000002
nk4a: sa0-0x0000000000000002 root=0x0x00000000034c1000 cur=0x0x000000001dfde000
nk4a: gs2 gsbase=0x0x000000001dd31d50
nk4a: probe text va=0x0x000000001dbf2000 -> pa=0x0x000000001dbf2000 fl=0x0x000000000000001b
nk4a: probe stk va=0x0xffff8000003ff000 -> pa=0x0x00000000003ff000 fl=0x0x0000000000000013
nk4a: probe dm va=0x0xffff808000200000 -> pa=0x0x0000000000200000 fl=0x0x0000000000000013
nk4a: cr3-done-0x0x00000000034c1000
nk4a: sa1-after cr3=0x0x00000000034c1000
nk4a: pre-restore- rip=0x000000000020167e rsp=0x00007fffffffd9c8 rbx=0x00007fffffffefd8
nk4a: rs-tr rst n=0x0000000000000016 rbx=0x00007fffffffefd8 rip=0x000000000020167e
nk4a: pf#0x0000000000000008 rip=0x000000000020168d err=0x0000000000000006 cr2=0x00007fffffffc9c8 rsp=0x00007fffffffc9c8 walk=NP
nk4a: pf-save ep=0x0000000000000002 rbx=0x00007fffffffefd8 rip=0x000000000020168d
nk4a: rs-tr pf2 n=0x0000000000000017 rbx=0x00007fffffffefd8 rip=0x000000000020168d
nk4a: pick->0x0000000000000008
nk4a: sa0-0x0000000000000008 root=0x0x000000001dfde000 cur=0x0x00000000034c1000
nk4a: gs2 gsbase=0x0x000000001dd31d50
nk4a: probe text va=0x0x000000001dbf2000 -> pa=0x0x000000001dbf2000 fl=0x0x000000000000041b
nk4a: probe stk va=0x0xffff8000003ff000 -> pa=0x0x00000000003ff000 fl=0x0x000000000000041b
nk4a: probe dm va=0x0xffff808000200000 -> pa=0x0x0000000000200000 fl=0x0x0000000000000413
nk4a: cr3-done-0x0x000000001dfde000
nk4a: sa1-after cr3=0x0x000000001dfde000
nk4a: pre-restore- rip=0x00000000002014ad rsp=0x00007fffffffc0b8 rbx=0x0000000000010001
nk4a: vs0x0000000000000042 rip=0x0x00000000002014ad
nk4a: rcv9 src=2 type=0xcff
nk4a: vm-pf recv
nk4a: vm-pf bytes 0000000000000000
nk4a: ipc-entry nr=0x0000000000000002 caller=0x0000000000000008
nk4a: pick->0x0000000000000002
nk4a: sa0-0x0000000000000002 root=0x0x00000000034c1000 cur=0x0x000000001dfde000
nk4a: gs2 gsbase=0x0x000000001dd31d50
nk4a: probe text va=0x0x000000001dbf2000 -> pa=0x0x000000001dbf2000 fl=0x0x000000000000001b
nk4a: probe stk va=0x0xffff8000003ff000 -> pa=0x0x00000000003ff000 fl=0x0x0000000000000013
nk4a: probe dm va=0x0xffff808000200000 -> pa=0x0x0000000000200000 fl=0x0x0000000000000013
nk4a: cr3-done-0x0x00000000034c1000
nk4a: sa1-after cr3=0x0x00000000034c1000
nk4a: pre-restore- rip=0x000000000020168d rsp=0x00007fffffffc9c8 rbx=0x00007fffffffefd8
nk4a: rs-tr rst n=0x0000000000000018 rbx=0x00007fffffffefd8 rip=0x000000000020168d
nk4a: kc0x0000000000000005 caller=0x0000000000000002 call=0x000000000000001a
nk4a: pf#0x0000000000000009 rip=0x00000000002021b0 err=0x0000000000000014 cr2=0x00000000002021b0 rsp=0x00007fffffffc388 walk=NP
nk4a: pf-save ep=0x0000000000000002 rbx=0x00007fffffffc400 rip=0x00000000002021b0
nk4a: rs-tr pf2 n=0x0000000000000019 rbx=0x00007fffffffc400 rip=0x00000000002021b0
nk4a: pick->0x0000000000000008
nk4a: sa0-0x0000000000000008 root=0x0x000000001dfde000 cur=0x0x00000000034c1000
nk4a: gs2 gsbase=0x0x000000001dd31d50
nk4a: probe text va=0x0x000000001dbf2000 -> pa=0x0x000000001dbf2000 fl=0x0x000000000000041b
nk4a: probe stk va=0x0xffff8000003ff000 -> pa=0x0x00000000003ff000 fl=0x0x000000000000041b
nk4a: probe dm va=0x0xffff808000200000 -> pa=0x0x0000000000200000 fl=0x0x0000000000000413
nk4a: cr3-done-0x0x000000001dfde000
nk4a: sa1-after cr3=0x0x000000001dfde000
nk4a: pre-restore- rip=0x00000000002014ad rsp=0x00007fffffffc0b8 rbx=0x0000000000010001
nk4a: vs0x0000000000000045 rip=0x0x00000000002014ad
nk4a: rcv10 src=2 type=0xcff
nk4a: vm-pf recv
nk4a: vm-pf bytes 8b3c24ba01000000
nk4a: ipc-entry nr=0x0000000000000002 caller=0x0000000000000008
nk4a: pick->0x0000000000000002
nk4a: sa0-0x0000000000000002 root=0x0x00000000034c1000 cur=0x0x000000001dfde000
nk4a: gs2 gsbase=0x0x000000001dd31d50
nk4a: probe text va=0x0x000000001dbf2000 -> pa=0x0x000000001dbf2000 fl=0x0x000000000000001b
nk4a: probe stk va=0x0xffff8000003ff000 -> pa=0x0x00000000003ff000 fl=0x0x0000000000000013
nk4a: probe dm va=0x0xffff808000200000 -> pa=0x0x0000000000200000 fl=0x0x0000000000000013
nk4a: cr3-done-0x0x00000000034c1000
nk4a: sa1-after cr3=0x0x00000000034c1000
nk4a: pre-restore- rip=0x00000000002021b0 rsp=0x00007fffffffc388 rbx=0x00007fffffffc400
nk4a: rs-tr rst n=0x000000000000001a rbx=0x00007fffffffc400 rip=0x00000000002021b0
nk4a: vs0x0000000000000047 rip=0x0x00000000002021b0
nk4a: rs-tr irq n=0x000000000000001b rbx=0x00007fffffffc400 rip=0x00000000002021b0
nk4a: pf#0x000000000000000a rip=0x000000000021cb70 err=0x0000000000000014 cr2=0x000000000021cb70 rsp=0x00007fffffffc388 walk=NP
nk4a: pf-save ep=0x0000000000000002 rbx=0x00007fffffffc400 rip=0x000000000021cb70
nk4a: rs-tr pf2 n=0x000000000000001c rbx=0x00007fffffffc400 rip=0x000000000021cb70
nk4a: pick->0x0000000000000008
nk4a: sa0-0x0000000000000008 root=0x0x000000001dfde000 cur=0x0x00000000034c1000
nk4a: gs2 gsbase=0x0x000000001dd31d50
nk4a: probe text va=0x0x000000001dbf2000 -> pa=0x0x000000001dbf2000 fl=0x0x000000000000041b
nk4a: probe stk va=0x0xffff8000003ff000 -> pa=0x0x00000000003ff000 fl=0x0x000000000000041b
nk4a: probe dm va=0x0xffff808000200000 -> pa=0x0x0000000000200000 fl=0x0x0000000000000413
nk4a: cr3-done-0x0x000000001dfde000
nk4a: sa1-after cr3=0x0x000000001dfde000
nk4a: pre-restore- rip=0x00000000002014ad rsp=0x00007fffffffc0b8 rbx=0x0000000000010001
nk4a: rcv11 src=2 type=0xcff
nk4a: vm-pf recv
nk4a: vm-pf bytes f8330f8656070000
nk4a: ipc-entry nr=0x0000000000000002 caller=0x0000000000000008
nk4a: pick->0x0000000000000002
nk4a: sa0-0x0000000000000002 root=0x0x00000000034c1000 cur=0x0x000000001dfde000
nk4a: gs2 gsbase=0x0x000000001dd31d50
nk4a: probe text va=0x0x000000001dbf2000 -> pa=0x0x000000001dbf2000 fl=0x0x000000000000001b
nk4a: probe stk va=0x0xffff8000003ff000 -> pa=0x0x00000000003ff000 fl=0x0x0000000000000013
nk4a: probe dm va=0x0xffff808000200000 -> pa=0x0x0000000000200000 fl=0x0x0000000000000013
nk4a: cr3-done-0x0x00000000034c1000
nk4a: sa1-after cr3=0x0x00000000034c1000
nk4a: pre-restore- rip=0x000000000021cb70 rsp=0x00007fffffffc388 rbx=0x00007fffffffc400
nk4a: rs-tr rst n=0x000000000000001d rbx=0x00007fffffffc400 rip=0x000000000021cb70
nk4a: vs0x000000000000004a rip=0x0x000000000021cb70
nk4a: rs-tr irq n=0x000000000000001e rbx=0x00007fffffffc400 rip=0x000000000021cb70
nk4a: pf#0x000000000000000b rip=0x000000000021e2d0 err=0x0000000000000014 cr2=0x000000000021e2d0 rsp=0x00007fffffffc388 walk=NP
nk4a: pf-save ep=0x0000000000000002 rbx=0x00007fffffffc400 rip=0x000000000021e2d0
nk4a: rs-tr pf2 n=0x000000000000001f rbx=0x00007fffffffc400 rip=0x000000000021e2d0
nk4a: pick->0x0000000000000008
nk4a: sa0-0x0000000000000008 root=0x0x000000001dfde000 cur=0x0x00000000034c1000
nk4a: gs2 gsbase=0x0x000000001dd31d50
nk4a: probe text va=0x0x000000001dbf2000 -> pa=0x0x000000001dbf2000 fl=0x0x000000000000041b
nk4a: probe stk va=0x0xffff8000003ff000 -> pa=0x0x00000000003ff000 fl=0x0x000000000000041b
nk4a: probe dm va=0x0xffff808000200000 -> pa=0x0x0000000000200000 fl=0x0x0000000000000413
nk4a: cr3-done-0x0x000000001dfde000
nk4a: sa1-after cr3=0x0x000000001dfde000
nk4a: pre-restore- rip=0x00000000002014ad rsp=0x00007fffffffc0b8 rbx=0x0000000000010001
nk4a: vs0x000000000000004c rip=0x0x00000000002014ad
nk4a: rcv12 src=2 type=0xcff
nk4a: vm-pf recv
nk4a: vm-pf bytes 4839d80f94c248b9
nk4a: ipc-entry nr=0x0000000000000002 caller=0x0000000000000008
nk4a: pick->0x0000000000000002
nk4a: sa0-0x0000000000000002 root=0x0x00000000034c1000 cur=0x0x000000001dfde000
nk4a: gs2 gsbase=0x0x000000001dd31d50
nk4a: probe text va=0x0x000000001dbf2000 -> pa=0x0x000000001dbf2000 fl=0x0x000000000000001b
nk4a: probe stk va=0x0xffff8000003ff000 -> pa=0x0x00000000003ff000 fl=0x0x0000000000000013
nk4a: probe dm va=0x0xffff808000200000 -> pa=0x0x0000000000200000 fl=0x0x0000000000000013
nk4a: cr3-done-0x0x00000000034c1000
nk4a: sa1-after cr3=0x0x00000000034c1000
nk4a: pre-restore- rip=0x000000000021e2d0 rsp=0x00007fffffffc388 rbx=0x00007fffffffc400
nk4a: rs-tr rst n=0x0000000000000020 rbx=0x00007fffffffc400 rip=0x000000000021e2d0
nk4a: pf#0x000000000000000c rip=0x0000000000227b29 err=0x0000000000000006 cr2=0x000000000022c000 rsp=0x00007fffffffc348 walk=NP
nk4a: pf-save ep=0x0000000000000002 rbx=0x0000000000000007 rip=0x0000000000227b29
nk4a: rs-tr pf2 n=0x0000000000000021 rbx=0x0000000000000007 rip=0x0000000000227b29
nk4a: rs-anom pf2 n=0x0000000000000000 rbx=0x0000000000000007 rip=0x0000000000227b29
nk4a: rs-leak pf2 n=0x0000000000000000 from_site=rst prev_rbx=0x00007fffffffc400 prev_rip=0x000000000021e2d0 rbx=0x0000000000000007 rip=0x0000000000227b29
nk4a: pick->0x0000000000000008
nk4a: sa0-0x0000000000000008 root=0x0x000000001dfde000 cur=0x0x00000000034c1000
nk4a: gs2 gsbase=0x0x000000001dd31d50
nk4a: probe text va=0x0x000000001dbf2000 -> pa=0x0x000000001dbf2000 fl=0x0x000000000000041b
nk4a: probe stk va=0x0xffff8000003ff000 -> pa=0x0x00000000003ff000 fl=0x0x000000000000041b
nk4a: probe dm va=0x0xffff808000200000 -> pa=0x0x0000000000200000 fl=0x0x0000000000000413
nk4a: cr3-done-0x0x000000001dfde000
nk4a: sa1-after cr3=0x0x000000001dfde000
nk4a: pre-restore- rip=0x00000000002014ad rsp=0x00007fffffffc0b8 rbx=0x0000000000010001
nk4a: vs0x000000000000004f rip=0x0x00000000002014ad
nk4a: rcv13 src=2 type=0xcff
nk4a: vm-pf recv
nk4a: vm-pf bytes 0000000000000000
nk4a: ipc-entry nr=0x0000000000000002 caller=0x0000000000000008
nk4a: pick->0x0000000000000002
nk4a: sa0-0x0000000000000002 root=0x0x00000000034c1000 cur=0x0x000000001dfde000
nk4a: gs2 gsbase=0x0x000000001dd31d50
nk4a: probe text va=0x0x000000001dbf2000 -> pa=0x0x000000001dbf2000 fl=0x0x000000000000001b
nk4a: probe stk va=0x0xffff8000003ff000 -> pa=0x0x00000000003ff000 fl=0x0x0000000000000013
nk4a: probe dm va=0x0xffff808000200000 -> pa=0x0x0000000000200000 fl=0x0x0000000000000013
nk4a: cr3-done-0x0x00000000034c1000
nk4a: sa1-after cr3=0x0x00000000034c1000
nk4a: pre-restore- rip=0x0000000000227b29 rsp=0x00007fffffffc348 rbx=0x0000000000000007
nk4a: rs-tr rst n=0x0000000000000022 rbx=0x0000000000000007 rip=0x0000000000227b29
nk4a: rs-anom rst n=0x0000000000000001 rbx=0x0000000000000007 rip=0x0000000000227b29
nk4a: vs0x0000000000000051 rip=0x0x0000000000227b29
nk4a: rs-tr irq n=0x0000000000000023 rbx=0x0000000000000007 rip=0x0000000000227b29
nk4a: rs-anom irq n=0x0000000000000002 rbx=0x0000000000000007 rip=0x0000000000227b29
nk4a: kc0x0000000000000006 caller=0x0000000000000002 call=0x000000000000001a
nk4a: pf#0x000000000000000d rip=0x000000000020c780 err=0x0000000000000014 cr2=0x000000000020c780 rsp=0x00007fffffffc388 walk=NP
nk4a: pf-save ep=0x0000000000000002 rbx=0x00007fffffffc400 rip=0x000000000020c780
nk4a: rs-tr pf2 n=0x0000000000000024 rbx=0x00007fffffffc400 rip=0x000000000020c780
nk4a: pick->0x0000000000000008
nk4a: sa0-0x0000000000000008 root=0x0x000000001dfde000 cur=0x0x00000000034c1000
nk4a: gs2 gsbase=0x0x000000001dd31d50
nk4a: probe text va=0x0x000000001dbf2000 -> pa=0x0x000000001dbf2000 fl=0x0x000000000000041b
nk4a: probe stk va=0x0xffff8000003ff000 -> pa=0x0x00000000003ff000 fl=0x0x000000000000041b
nk4a: probe dm va=0x0xffff808000200000 -> pa=0x0x0000000000200000 fl=0x0x0000000000000413
nk4a: cr3-done-0x0x000000001dfde000
nk4a: sa1-after cr3=0x0x000000001dfde000
nk4a: pre-restore- rip=0x00000000002014ad rsp=0x00007fffffffc0b8 rbx=0x0000000000010001
nk4a: rcv14 src=2 type=0xcff
nk4a: vm-pf recv
nk4a: vm-pf bytes 75ce4b8d1429488b
nk4a: ipc-entry nr=0x0000000000000002 caller=0x0000000000000008
nk4a: pick->0x0000000000000002
nk4a: sa0-0x0000000000000002 root=0x0x00000000034c1000 cur=0x0x000000001dfde000
nk4a: gs2 gsbase=0x0x000000001dd31d50
nk4a: probe text va=0x0x000000001dbf2000 -> pa=0x0x000000001dbf2000 fl=0x0x000000000000001b
nk4a: probe stk va=0x0xffff8000003ff000 -> pa=0x0x00000000003ff000 fl=0x0x0000000000000013
nk4a: probe dm va=0x0xffff808000200000 -> pa=0x0x0000000000200000 fl=0x0x0000000000000013
nk4a: cr3-done-0x0x00000000034c1000
nk4a: sa1-after cr3=0x0x00000000034c1000
nk4a: pre-restore- rip=0x000000000020c780 rsp=0x00007fffffffc388 rbx=0x00007fffffffc400
nk4a: rs-tr rst n=0x0000000000000025 rbx=0x00007fffffffc400 rip=0x000000000020c780
nk4a: vs0x0000000000000054 rip=0x0x000000000020c780
nk4a: rs-tr irq n=0x0000000000000026 rbx=0x00007fffffffc400 rip=0x000000000020c780
nk4a: pf#0x000000000000000e rip=0x0000000000208b70 err=0x0000000000000014 cr2=0x0000000000208b70 rsp=0x00007fffffffc388 walk=NP
nk4a: pf-save ep=0x0000000000000002 rbx=0x00007fffffffc800 rip=0x0000000000208b70
nk4a: rs-tr pf2 n=0x0000000000000027 rbx=0x00007fffffffc800 rip=0x0000000000208b70
nk4a: pick->0x0000000000000008
nk4a: sa0-0x0000000000000008 root=0x0x000000001dfde000 cur=0x0x00000000034c1000
nk4a: gs2 gsbase=0x0x000000001dd31d50
nk4a: probe text va=0x0x000000001dbf2000 -> pa=0x0x000000001dbf2000 fl=0x0x000000000000041b
nk4a: probe stk va=0x0xffff8000003ff000 -> pa=0x0x00000000003ff000 fl=0x0x000000000000041b
nk4a: probe dm va=0x0xffff808000200000 -> pa=0x0x0000000000200000 fl=0x0x0000000000000413
nk4a: cr3-done-0x0x000000001dfde000
nk4a: sa1-after cr3=0x0x000000001dfde000
nk4a: pre-restore- rip=0x00000000002014ad rsp=0x00007fffffffc0b8 rbx=0x0000000000010001
nk4a: vs0x0000000000000056 rip=0x0x00000000002014ad
nk4a: rcv15 src=2 type=0xcff
nk4a: vm-pf recv
nk4a: vm-pf bytes 48b8802022000000
nk4a: pick->0x0000000000000002
nk4a: sa0-0x0000000000000002 root=0x0x00000000034c1000 cur=0x0x000000001dfde000
nk4a: gs2 gsbase=0x0x000000001dd31d50
nk4a: probe text va=0x0x000000001dbf2000 -> pa=0x0x000000001dbf2000 fl=0x0x000000000000001b
nk4a: probe stk va=0x0xffff8000003ff000 -> pa=0x0x00000000003ff000 fl=0x0x0000000000000013
nk4a: probe dm va=0x0xffff808000200000 -> pa=0x0x0000000000200000 fl=0x0x0000000000000013
nk4a: cr3-done-0x0x00000000034c1000
nk4a: sa1-after cr3=0x0x00000000034c1000
nk4a: pre-restore- rip=0x0000000000208b70 rsp=0x00007fffffffc388 rbx=0x00007fffffffc800
nk4a: rs-tr rst n=0x0000000000000028 rbx=0x00007fffffffc800 rip=0x0000000000208b70
nk4a: pf#0x000000000000000f rip=0x0000000000227b29 err=0x0000000000000006 cr2=0x000000000022d000 rsp=0x00007fffffffc1c8 walk=NP
nk4a: pf-save ep=0x0000000000000002 rbx=0x0000000000000008 rip=0x0000000000227b29
nk4a: rs-tr pf2 n=0x0000000000000029 rbx=0x0000000000000008 rip=0x0000000000227b29
nk4a: rs-anom pf2 n=0x0000000000000003 rbx=0x0000000000000008 rip=0x0000000000227b29
nk4a: rs-leak pf2 n=0x0000000000000001 from_site=rst prev_rbx=0x00007fffffffc800 prev_rip=0x0000000000208b70 rbx=0x0000000000000008 rip=0x0000000000227b29
nk4a: pick->0x0000000000000008
nk4a: sa0-0x0000000000000008 root=0x0x000000001dfde000 cur=0x0x00000000034c1000
nk4a: gs2 gsbase=0x0x000000001dd31d50
nk4a: probe text va=0x0x000000001dbf2000 -> pa=0x0x000000001dbf2000 fl=0x0x000000000000041b
nk4a: probe stk va=0x0xffff8000003ff000 -> pa=0x0x00000000003ff000 fl=0x0x000000000000041b
nk4a: probe dm va=0x0xffff808000200000 -> pa=0x0x0000000000200000 fl=0x0x0000000000000413
nk4a: cr3-done-0x0x000000001dfde000
nk4a: sa1-after cr3=0x0x000000001dfde000
nk4a: pre-restore- rip=0x00000000002014ad rsp=0x00007fffffffc0b8 rbx=0x0000000000010001
nk4a: vs0x0000000000000059 rip=0x0x00000000002014ad
nk4a: vm-pf recv
nk4a: vm-pf bytes 0000000000000000
nk4a: pick->0x0000000000000002
nk4a: sa0-0x0000000000000002 root=0x0x00000000034c1000 cur=0x0x000000001dfde000
nk4a: gs2 gsbase=0x0x000000001dd31d50
nk4a: probe text va=0x0x000000001dbf2000 -> pa=0x0x000000001dbf2000 fl=0x0x000000000000001b
nk4a: probe stk va=0x0xffff8000003ff000 -> pa=0x0x00000000003ff000 fl=0x0x0000000000000013
nk4a: probe dm va=0x0xffff808000200000 -> pa=0x0x0000000000200000 fl=0x0x0000000000000013
nk4a: cr3-done-0x0x00000000034c1000
nk4a: sa1-after cr3=0x0x00000000034c1000
nk4a: pre-restore- rip=0x0000000000227b29 rsp=0x00007fffffffc1c8 rbx=0x0000000000000008
nk4a: rs-tr rst n=0x000000000000002a rbx=0x0000000000000008 rip=0x0000000000227b29
nk4a: rs-anom rst n=0x0000000000000004 rbx=0x0000000000000008 rip=0x0000000000227b29
nk4a: pf#0x0000000000000010 rip=0x00000000002172e0 err=0x0000000000000014 cr2=0x00000000002172e0 rsp=0x00007fffffffc208 walk=NP
nk4a: pf-save ep=0x0000000000000002 rbx=0x00007fffffffc800 rip=0x00000000002172e0
nk4a: rs-tr pf2 n=0x000000000000002b rbx=0x00007fffffffc800 rip=0x00000000002172e0
nk4a: pick->0x0000000000000008
nk4a: sa0-0x0000000000000008 root=0x0x000000001dfde000 cur=0x0x00000000034c1000
nk4a: gs2 gsbase=0x0x000000001dd31d50
nk4a: probe text va=0x0x000000001dbf2000 -> pa=0x0x000000001dbf2000 fl=0x0x000000000000041b
nk4a: probe stk va=0x0xffff8000003ff000 -> pa=0x0x00000000003ff000 fl=0x0x000000000000041b
nk4a: probe dm va=0x0xffff808000200000 -> pa=0x0x0000000000200000 fl=0x0x0000000000000413
nk4a: cr3-done-0x0x000000001dfde000
nk4a: sa1-after cr3=0x0x000000001dfde000
nk4a: pre-restore- rip=0x00000000002014ad rsp=0x00007fffffffc0b8 rbx=0x0000000000010001
nk4a: vs0x000000000000005c rip=0x0x00000000002014ad
nk4a: vm-pf recv
nk4a: vm-pf bytes 488b4424104c89e1
nk4a: pick->0x0000000000000002
nk4a: sa0-0x0000000000000002 root=0x0x00000000034c1000 cur=0x0x000000001dfde000
nk4a: gs2 gsbase=0x0x000000001dd31d50
nk4a: probe text va=0x0x000000001dbf2000 -> pa=0x0x000000001dbf2000 fl=0x0x000000000000001b
nk4a: probe stk va=0x0xffff8000003ff000 -> pa=0x0x00000000003ff000 fl=0x0x0000000000000013
nk4a: probe dm va=0x0xffff808000200000 -> pa=0x0x0000000000200000 fl=0x0x0000000000000013
nk4a: cr3-done-0x0x00000000034c1000
nk4a: sa1-after cr3=0x0x00000000034c1000
nk4a: pre-restore- rip=0x00000000002172e0 rsp=0x00007fffffffc208 rbx=0x00007fffffffc800
nk4a: rs-tr rst n=0x000000000000002c rbx=0x00007fffffffc800 rip=0x00000000002172e0
nk4a: pf#0x0000000000000011 rip=0x00000000002172ec err=0x0000000000000006 cr2=0x00007fffffffb1f0 rsp=0x00007fffffffb1f0 walk=NP
nk4a: pf-save ep=0x0000000000000002 rbx=0x00007fffffffc800 rip=0x00000000002172ec
nk4a: rs-tr pf2 n=0x000000000000002d rbx=0x00007fffffffc800 rip=0x00000000002172ec
nk4a: pick->0x0000000000000008
nk4a: sa0-0x0000000000000008 root=0x0x000000001dfde000 cur=0x0x00000000034c1000
nk4a: gs2 gsbase=0x0x000000001dd31d50
nk4a: probe text va=0x0x000000001dbf2000 -> pa=0x0x000000001dbf2000 fl=0x0x000000000000041b
nk4a: probe stk va=0x0xffff8000003ff000 -> pa=0x0x00000000003ff000 fl=0x0x000000000000041b
nk4a: probe dm va=0x0xffff808000200000 -> pa=0x0x0000000000200000 fl=0x0x0000000000000413
nk4a: cr3-done-0x0x000000001dfde000
nk4a: sa1-after cr3=0x0x000000001dfde000
nk4a: pre-restore- rip=0x00000000002014ad rsp=0x00007fffffffc0b8 rbx=0x0000000000010001
nk4a: vs0x000000000000005f rip=0x0x00000000002014ad
nk4a: vm-pf recv
nk4a: vm-pf bytes 0000000000000000
nk4a: pick->0x0000000000000002
nk4a: sa0-0x0000000000000002 root=0x0x00000000034c1000 cur=0x0x000000001dfde000
nk4a: gs2 gsbase=0x0x000000001dd31d50
nk4a: probe text va=0x0x000000001dbf2000 -> pa=0x0x000000001dbf2000 fl=0x0x000000000000001b
nk4a: probe stk va=0x0xffff8000003ff000 -> pa=0x0x00000000003ff000 fl=0x0x0000000000000013
nk4a: probe dm va=0x0xffff808000200000 -> pa=0x0x0000000000200000 fl=0x0x0000000000000013
nk4a: cr3-done-0x0x00000000034c1000
nk4a: sa1-after cr3=0x0x00000000034c1000
nk4a: pre-restore- rip=0x00000000002172ec rsp=0x00007fffffffb1f0 rbx=0x00007fffffffc800
nk4a: rs-tr rst n=0x000000000000002e rbx=0x00007fffffffc800 rip=0x00000000002172ec
nk4a: pf#0x0000000000000012 rip=0x0000000000227b29 err=0x0000000000000006 cr2=0x000000000022e000 rsp=0x00007fffffffb178 walk=NP
nk4a: pf-save ep=0x0000000000000002 rbx=0x000000000022e000 rip=0x0000000000227b29
nk4a: rs-tr pf2 n=0x000000000000002f rbx=0x000000000022e000 rip=0x0000000000227b29
nk4a: pick->0x0000000000000008
nk4a: sa0-0x0000000000000008 root=0x0x000000001dfde000 cur=0x0x00000000034c1000
nk4a: gs2 gsbase=0x0x000000001dd31d50
nk4a: probe text va=0x0x000000001dbf2000 -> pa=0x0x000000001dbf2000 fl=0x0x000000000000041b
nk4a: probe stk va=0x0xffff8000003ff000 -> pa=0x0x00000000003ff000 fl=0x0x000000000000041b
nk4a: probe dm va=0x0xffff808000200000 -> pa=0x0x0000000000200000 fl=0x0x0000000000000413
nk4a: cr3-done-0x0x000000001dfde000
nk4a: sa1-after cr3=0x0x000000001dfde000
nk4a: pre-restore- rip=0x00000000002014ad rsp=0x00007fffffffc0b8 rbx=0x0000000000010001
nk4a: vs0x0000000000000062 rip=0x0x00000000002014ad
nk4a: vm-pf recv
nk4a: vm-pf bytes 0000000000000000
nk4a: pick->0x0000000000000002
nk4a: sa0-0x0000000000000002 root=0x0x00000000034c1000 cur=0x0x000000001dfde000
nk4a: gs2 gsbase=0x0x000000001dd31d50
nk4a: probe text va=0x0x000000001dbf2000 -> pa=0x0x000000001dbf2000 fl=0x0x000000000000001b
nk4a: probe stk va=0x0xffff8000003ff000 -> pa=0x0x00000000003ff000 fl=0x0x0000000000000013
nk4a: probe dm va=0x0xffff808000200000 -> pa=0x0x0000000000200000 fl=0x0x0000000000000013
nk4a: cr3-done-0x0x00000000034c1000
nk4a: sa1-after cr3=0x0x00000000034c1000
nk4a: pre-restore- rip=0x0000000000227b29 rsp=0x00007fffffffb178 rbx=0x000000000022e000
nk4a: rs-tr rst n=0x0000000000000030 rbx=0x000000000022e000 rip=0x0000000000227b29
nk4a: pf#0x0000000000000013 rip=0x0000000000227b29 err=0x0000000000000006 cr2=0x000000000022f000 rsp=0x00007fffffffb178 walk=NP
nk4a: pf-save ep=0x0000000000000002 rbx=0x000000000022e000 rip=0x0000000000227b29
nk4a: pick->0x0000000000000008
nk4a: sa0-0x0000000000000008 root=0x0x000000001dfde000 cur=0x0x00000000034c1000
nk4a: gs2 gsbase=0x0x000000001dd31d50
nk4a: probe text va=0x0x000000001dbf2000 -> pa=0x0x000000001dbf2000 fl=0x0x000000000000041b
nk4a: probe stk va=0x0xffff8000003ff000 -> pa=0x0x00000000003ff000 fl=0x0x000000000000041b
nk4a: probe dm va=0x0xffff808000200000 -> pa=0x0x0000000000200000 fl=0x0x0000000000000413
nk4a: cr3-done-0x0x000000001dfde000
nk4a: sa1-after cr3=0x0x000000001dfde000
nk4a: pre-restore- rip=0x00000000002014ad rsp=0x00007fffffffc0b8 rbx=0x0000000000010001
nk4a: vs0x0000000000000065 rip=0x0x00000000002014ad
nk4a: vm-pf recv
nk4a: vm-pf bytes 0000000000000000
nk4a: pick->0x0000000000000002
nk4a: sa0-0x0000000000000002 root=0x0x00000000034c1000 cur=0x0x000000001dfde000
nk4a: gs2 gsbase=0x0x000000001dd31d50
nk4a: probe text va=0x0x000000001dbf2000 -> pa=0x0x000000001dbf2000 fl=0x0x000000000000001b
nk4a: probe stk va=0x0xffff8000003ff000 -> pa=0x0x00000000003ff000 fl=0x0x0000000000000013
nk4a: probe dm va=0x0xffff808000200000 -> pa=0x0x0000000000200000 fl=0x0x0000000000000013
nk4a: cr3-done-0x0x00000000034c1000
nk4a: sa1-after cr3=0x0x00000000034c1000
nk4a: pre-restore- rip=0x0000000000227b29 rsp=0x00007fffffffb178 rbx=0x000000000022e000
nk4a: pf-save ep=0x0000000000000002 rbx=0x000000000022e000 rip=0x0000000000227b29
nk4a: pick->0x0000000000000008
nk4a: sa0-0x0000000000000008 root=0x0x000000001dfde000 cur=0x0x00000000034c1000
nk4a: gs2 gsbase=0x0x000000001dd31d50
nk4a: probe text va=0x0x000000001dbf2000 -> pa=0x0x000000001dbf2000 fl=0x0x000000000000041b
nk4a: probe stk va=0x0xffff8000003ff000 -> pa=0x0x00000000003ff000 fl=0x0x000000000000041b
nk4a: probe dm va=0x0xffff808000200000 -> pa=0x0x0000000000200000 fl=0x0x0000000000000413
nk4a: cr3-done-0x0x000000001dfde000
nk4a: sa1-after cr3=0x0x000000001dfde000
nk4a: pre-restore- rip=0x00000000002014ad rsp=0x00007fffffffc0b8 rbx=0x0000000000010001
nk4a: vs0x0000000000000068 rip=0x0x00000000002014ad
nk4a: vm-pf recv
nk4a: vm-pf bytes 0000000000000000
nk4a: pick->0x0000000000000002
nk4a: sa0-0x0000000000000002 root=0x0x00000000034c1000 cur=0x0x000000001dfde000
nk4a: gs2 gsbase=0x0x000000001dd31d50
nk4a: probe text va=0x0x000000001dbf2000 -> pa=0x0x000000001dbf2000 fl=0x0x000000000000001b
nk4a: probe stk va=0x0xffff8000003ff000 -> pa=0x0x00000000003ff000 fl=0x0x0000000000000013
nk4a: probe dm va=0x0xffff808000200000 -> pa=0x0x0000000000200000 fl=0x0x0000000000000013
nk4a: cr3-done-0x0x00000000034c1000
nk4a: sa1-after cr3=0x0x00000000034c1000
nk4a: pre-restore- rip=0x0000000000227b29 rsp=0x00007fffffffb178 rbx=0x000000000022e000
nk4a: pf-save ep=0x0000000000000002 rbx=0x000000000022e000 rip=0x0000000000227b29
nk4a: pick->0x0000000000000008
nk4a: sa0-0x0000000000000008 root=0x0x000000001dfde000 cur=0x0x00000000034c1000
nk4a: gs2 gsbase=0x0x000000001dd31d50
nk4a: probe text va=0x0x000000001dbf2000 -> pa=0x0x000000001dbf2000 fl=0x0x000000000000041b
nk4a: probe stk va=0x0xffff8000003ff000 -> pa=0x0x00000000003ff000 fl=0x0x000000000000041b
nk4a: probe dm va=0x0xffff808000200000 -> pa=0x0x0000000000200000 fl=0x0x0000000000000413
nk4a: cr3-done-0x0x000000001dfde000
nk4a: sa1-after cr3=0x0x000000001dfde000
nk4a: pre-restore- rip=0x00000000002014ad rsp=0x00007fffffffc0b8 rbx=0x0000000000010001
nk4a: vs0x000000000000006b rip=0x0x00000000002014ad
nk4a: vm-pf recv
nk4a: vm-pf bytes 0000000000000000
nk4a: pick->0x0000000000000002
nk4a: sa0-0x0000000000000002 root=0x0x00000000034c1000 cur=0x0x000000001dfde000
nk4a: gs2 gsbase=0x0x000000001dd31d50
nk4a: probe text va=0x0x000000001dbf2000 -> pa=0x0x000000001dbf2000 fl=0x0x000000000000001b
nk4a: probe stk va=0x0xffff8000003ff000 -> pa=0x0x00000000003ff000 fl=0x0x0000000000000013
nk4a: probe dm va=0x0xffff808000200000 -> pa=0x0x0000000000200000 fl=0x0x0000000000000013
nk4a: cr3-done-0x0x00000000034c1000
nk4a: sa1-after cr3=0x0x00000000034c1000
nk4a: pre-restore- rip=0x0000000000227b29 rsp=0x00007fffffffb178 rbx=0x000000000022e000
nk4a: pf-save ep=0x0000000000000002 rbx=0x000000000022e000 rip=0x0000000000227b29
nk4a: pick->0x0000000000000008
nk4a: sa0-0x0000000000000008 root=0x0x000000001dfde000 cur=0x0x00000000034c1000
nk4a: gs2 gsbase=0x0x000000001dd31d50
nk4a: probe text va=0x0x000000001dbf2000 -> pa=0x0x000000001dbf2000 fl=0x0x000000000000041b
nk4a: probe stk va=0x0xffff8000003ff000 -> pa=0x0x00000000003ff000 fl=0x0x000000000000041b
nk4a: probe dm va=0x0xffff808000200000 -> pa=0x0x0000000000200000 fl=0x0x0000000000000413
nk4a: cr3-done-0x0x000000001dfde000
nk4a: sa1-after cr3=0x0x000000001dfde000
nk4a: pre-restore- rip=0x00000000002014ad rsp=0x00007fffffffc0b8 rbx=0x0000000000010001
nk4a: vm-pf recv
nk4a: vm-pf bytes 0000000000000000
nk4a: pick->0x0000000000000002
nk4a: sa0-0x0000000000000002 root=0x0x00000000034c1000 cur=0x0x000000001dfde000
nk4a: gs2 gsbase=0x0x000000001dd31d50
nk4a: probe text va=0x0x000000001dbf2000 -> pa=0x0x000000001dbf2000 fl=0x0x000000000000001b
nk4a: probe stk va=0x0xffff8000003ff000 -> pa=0x0x00000000003ff000 fl=0x0x0000000000000013
nk4a: probe dm va=0x0xffff808000200000 -> pa=0x0x0000000000200000 fl=0x0x0000000000000013
nk4a: cr3-done-0x0x00000000034c1000
nk4a: sa1-after cr3=0x0x00000000034c1000
nk4a: pre-restore- rip=0x0000000000227b29 rsp=0x00007fffffffb178 rbx=0x000000000022e000
nk4a: vs0x000000000000006f rip=0x0x0000000000227b29
nk4a: rs-tr irq n=0x0000000000000031 rbx=0x000000000022e000 rip=0x0000000000227b29
nk4a: pf-save ep=0x0000000000000002 rbx=0x000000000022e000 rip=0x0000000000227b29
nk4a: pick->0x0000000000000008
nk4a: sa0-0x0000000000000008 root=0x0x000000001dfde000 cur=0x0x00000000034c1000
nk4a: gs2 gsbase=0x0x000000001dd31d50
nk4a: probe text va=0x0x000000001dbf2000 -> pa=0x0x000000001dbf2000 fl=0x0x000000000000041b
nk4a: probe stk va=0x0xffff8000003ff000 -> pa=0x0x00000000003ff000 fl=0x0x000000000000041b
nk4a: probe dm va=0x0xffff808000200000 -> pa=0x0x0000000000200000 fl=0x0x0000000000000413
nk4a: cr3-done-0x0x000000001dfde000
nk4a: sa1-after cr3=0x0x000000001dfde000
nk4a: pre-restore- rip=0x00000000002014ad rsp=0x00007fffffffc0b8 rbx=0x0000000000010001
nk4a: vm-pf recv
nk4a: vm-pf bytes 0000000000000000
nk4a: pick->0x0000000000000002
nk4a: sa0-0x0000000000000002 root=0x0x00000000034c1000 cur=0x0x000000001dfde000
nk4a: gs2 gsbase=0x0x000000001dd31d50
nk4a: probe text va=0x0x000000001dbf2000 -> pa=0x0x000000001dbf2000 fl=0x0x000000000000001b
nk4a: probe stk va=0x0xffff8000003ff000 -> pa=0x0x00000000003ff000 fl=0x0x0000000000000013
nk4a: probe dm va=0x0xffff808000200000 -> pa=0x0x0000000000200000 fl=0x0x0000000000000013
nk4a: cr3-done-0x0x00000000034c1000
nk4a: sa1-after cr3=0x0x00000000034c1000
nk4a: pre-restore- rip=0x0000000000227b29 rsp=0x00007fffffffb178 rbx=0x000000000022e000
nk4a: vs0x0000000000000072 rip=0x0x0000000000227b29
nk4a: pf-save ep=0x0000000000000002 rbx=0x000000000022e000 rip=0x0000000000227b29
nk4a: pick->0x0000000000000008
nk4a: sa0-0x0000000000000008 root=0x0x000000001dfde000 cur=0x0x00000000034c1000
nk4a: gs2 gsbase=0x0x000000001dd31d50
nk4a: probe text va=0x0x000000001dbf2000 -> pa=0x0x000000001dbf2000 fl=0x0x000000000000041b
nk4a: probe stk va=0x0xffff8000003ff000 -> pa=0x0x00000000003ff000 fl=0x0x000000000000041b
nk4a: probe dm va=0x0xffff808000200000 -> pa=0x0x0000000000200000 fl=0x0x0000000000000413
nk4a: cr3-done-0x0x000000001dfde000
nk4a: sa1-after cr3=0x0x000000001dfde000
nk4a: pre-restore- rip=0x00000000002014ad rsp=0x00007fffffffc0b8 rbx=0x0000000000010001
nk4a: vm-pf recv
nk4a: vm-pf bytes 0000000000000000
nk4a: pick->0x0000000000000002
nk4a: sa0-0x0000000000000002 root=0x0x00000000034c1000 cur=0x0x000000001dfde000
nk4a: gs2 gsbase=0x0x000000001dd31d50
nk4a: probe text va=0x0x000000001dbf2000 -> pa=0x0x000000001dbf2000 fl=0x0x000000000000001b
nk4a: probe stk va=0x0xffff8000003ff000 -> pa=0x0x00000000003ff000 fl=0x0x0000000000000013
nk4a: probe dm va=0x0xffff808000200000 -> pa=0x0x0000000000200000 fl=0x0x0000000000000013
nk4a: cr3-done-0x0x00000000034c1000
nk4a: sa1-after cr3=0x0x00000000034c1000
nk4a: pre-restore- rip=0x0000000000227b29 rsp=0x00007fffffffb178 rbx=0x000000000022e000
nk4a: pf-save ep=0x0000000000000002 rbx=0x000000000022e000 rip=0x0000000000227b29
nk4a: pick->0x0000000000000008
nk4a: sa0-0x0000000000000008 root=0x0x000000001dfde000 cur=0x0x00000000034c1000
nk4a: gs2 gsbase=0x0x000000001dd31d50
nk4a: probe text va=0x0x000000001dbf2000 -> pa=0x0x000000001dbf2000 fl=0x0x000000000000041b
nk4a: probe stk va=0x0xffff8000003ff000 -> pa=0x0x00000000003ff000 fl=0x0x000000000000041b
nk4a: probe dm va=0x0xffff808000200000 -> pa=0x0x0000000000200000 fl=0x0x0000000000000413
nk4a: cr3-done-0x0x000000001dfde000
nk4a: sa1-after cr3=0x0x000000001dfde000
nk4a: pre-restore- rip=0x00000000002014ad rsp=0x00007fffffffc0b8 rbx=0x0000000000010001
nk4a: vs0x0000000000000076 rip=0x0x00000000002014ad
nk4a: vm-pf recv
nk4a: vm-pf bytes 0000000000000000
nk4a: pick->0x0000000000000002
nk4a: sa0-0x0000000000000002 root=0x0x00000000034c1000 cur=0x0x000000001dfde000
nk4a: gs2 gsbase=0x0x000000001dd31d50
nk4a: probe text va=0x0x000000001dbf2000 -> pa=0x0x000000001dbf2000 fl=0x0x000000000000001b
nk4a: probe stk va=0x0xffff8000003ff000 -> pa=0x0x00000000003ff000 fl=0x0x0000000000000013
nk4a: probe dm va=0x0xffff808000200000 -> pa=0x0x0000000000200000 fl=0x0x0000000000000013
nk4a: cr3-done-0x0x00000000034c1000
nk4a: sa1-after cr3=0x0x00000000034c1000
nk4a: pre-restore- rip=0x0000000000227b29 rsp=0x00007fffffffb178 rbx=0x000000000022e000
nk4a: pf-save ep=0x0000000000000002 rbx=0x000000000022e000 rip=0x0000000000227b29
nk4a: pick->0x0000000000000008
nk4a: sa0-0x0000000000000008 root=0x0x000000001dfde000 cur=0x0x00000000034c1000
nk4a: gs2 gsbase=0x0x000000001dd31d50
nk4a: probe text va=0x0x000000001dbf2000 -> pa=0x0x000000001dbf2000 fl=0x0x000000000000041b
nk4a: probe stk va=0x0xffff8000003ff000 -> pa=0x0x00000000003ff000 fl=0x0x000000000000041b
nk4a: probe dm va=0x0xffff808000200000 -> pa=0x0x0000000000200000 fl=0x0x0000000000000413
nk4a: cr3-done-0x0x000000001dfde000
nk4a: sa1-after cr3=0x0x000000001dfde000
nk4a: pre-restore- rip=0x00000000002014ad rsp=0x00007fffffffc0b8 rbx=0x0000000000010001
nk4a: vs0x0000000000000079 rip=0x0x00000000002014ad
nk4a: vm-pf recv
nk4a: vm-pf bytes 0000000000000000
nk4a: pick->0x0000000000000002
nk4a: sa0-0x0000000000000002 root=0x0x00000000034c1000 cur=0x0x000000001dfde000
nk4a: gs2 gsbase=0x0x000000001dd31d50
nk4a: probe text va=0x0x000000001dbf2000 -> pa=0x0x000000001dbf2000 fl=0x0x000000000000001b
nk4a: probe stk va=0x0xffff8000003ff000 -> pa=0x0x00000000003ff000 fl=0x0x0000000000000013
nk4a: probe dm va=0x0xffff808000200000 -> pa=0x0x0000000000200000 fl=0x0x0000000000000013
nk4a: cr3-done-0x0x00000000034c1000
nk4a: sa1-after cr3=0x0x00000000034c1000
nk4a: pre-restore- rip=0x0000000000227b29 rsp=0x00007fffffffb178 rbx=0x000000000022e000
nk4a: pf-save ep=0x0000000000000002 rbx=0x000000000022e000 rip=0x0000000000227b29
nk4a: pick->0x0000000000000008
nk4a: sa0-0x0000000000000008 root=0x0x000000001dfde000 cur=0x0x00000000034c1000
nk4a: gs2 gsbase=0x0x000000001dd31d50
nk4a: probe text va=0x0x000000001dbf2000 -> pa=0x0x000000001dbf2000 fl=0x0x000000000000041b
nk4a: probe stk va=0x0xffff8000003ff000 -> pa=0x0x00000000003ff000 fl=0x0x000000000000041b
nk4a: probe dm va=0x0xffff808000200000 -> pa=0x0x0000000000200000 fl=0x0x0000000000000413
nk4a: cr3-done-0x0x000000001dfde000
nk4a: sa1-after cr3=0x0x000000001dfde000
nk4a: pre-restore- rip=0x00000000002014ad rsp=0x00007fffffffc0b8 rbx=0x0000000000010001
nk4a: vs0x000000000000007c rip=0x0x00000000002014ad
nk4a: vm-pf recv
nk4a: vm-pf bytes 0000000000000000
nk4a: pick->0x0000000000000002
nk4a: sa0-0x0000000000000002 root=0x0x00000000034c1000 cur=0x0x000000001dfde000
nk4a: gs2 gsbase=0x0x000000001dd31d50
nk4a: probe text va=0x0x000000001dbf2000 -> pa=0x0x000000001dbf2000 fl=0x0x000000000000001b
nk4a: probe stk va=0x0xffff8000003ff000 -> pa=0x0x00000000003ff000 fl=0x0x0000000000000013
nk4a: probe dm va=0x0xffff808000200000 -> pa=0x0x0000000000200000 fl=0x0x0000000000000013
nk4a: cr3-done-0x0x00000000034c1000
nk4a: sa1-after cr3=0x0x00000000034c1000
nk4a: pre-restore- rip=0x0000000000227b29 rsp=0x00007fffffffb178 rbx=0x000000000022e000
nk4a: pf-save ep=0x0000000000000002 rbx=0x000000000022e000 rip=0x0000000000227b29
nk4a: pick->0x0000000000000008
nk4a: sa0-0x0000000000000008 root=0x0x000000001dfde000 cur=0x0x00000000034c1000
nk4a: gs2 gsbase=0x0x000000001dd31d50
nk4a: probe text va=0x0x000000001dbf2000 -> pa=0x0x000000001dbf2000 fl=0x0x000000000000041b
nk4a: probe stk va=0x0xffff8000003ff000 -> pa=0x0x00000000003ff000 fl=0x0x000000000000041b
nk4a: probe dm va=0x0xffff808000200000 -> pa=0x0x0000000000200000 fl=0x0x0000000000000413
nk4a: cr3-done-0x0x000000001dfde000
nk4a: sa1-after cr3=0x0x000000001dfde000
nk4a: pre-restore- rip=0x00000000002014ad rsp=0x00007fffffffc0b8 rbx=0x0000000000010001
nk4a: vs0x000000000000007f rip=0x0x00000000002014ad
nk4a: vm-pf recv
nk4a: vm-pf bytes 0000000000000000
nk4a: pick->0x0000000000000002
nk4a: sa0-0x0000000000000002 root=0x0x00000000034c1000 cur=0x0x000000001dfde000
nk4a: gs2 gsbase=0x0x000000001dd31d50
nk4a: probe text va=0x0x000000001dbf2000 -> pa=0x0x000000001dbf2000 fl=0x0x000000000000001b
nk4a: probe stk va=0x0xffff8000003ff000 -> pa=0x0x00000000003ff000 fl=0x0x0000000000000013
nk4a: probe dm va=0x0xffff808000200000 -> pa=0x0x0000000000200000 fl=0x0x0000000000000013
nk4a: cr3-done-0x0x00000000034c1000
nk4a: sa1-after cr3=0x0x00000000034c1000
nk4a: pre-restore- rip=0x0000000000227b29 rsp=0x00007fffffffb178 rbx=0x000000000022e000
nk4a: pf-save ep=0x0000000000000002 rbx=0x000000000022e000 rip=0x0000000000227b29
nk4a: pick->0x0000000000000008
nk4a: sa0-0x0000000000000008 root=0x0x000000001dfde000 cur=0x0x00000000034c1000
nk4a: gs2 gsbase=0x0x000000001dd31d50
nk4a: probe text va=0x0x000000001dbf2000 -> pa=0x0x000000001dbf2000 fl=0x0x000000000000041b
nk4a: probe stk va=0x0xffff8000003ff000 -> pa=0x0x00000000003ff000 fl=0x0x000000000000041b
nk4a: probe dm va=0x0xffff808000200000 -> pa=0x0x0000000000200000 fl=0x0x0000000000000413
nk4a: cr3-done-0x0x000000001dfde000
nk4a: sa1-after cr3=0x0x000000001dfde000
nk4a: pre-restore- rip=0x00000000002014ad rsp=0x00007fffffffc0b8 rbx=0x0000000000010001
nk4a: vs0x0000000000000082 rip=0x0x00000000002014ad
nk4a: vm-pf recv
nk4a: vm-pf bytes 0000000000000000
nk4a: pick->0x0000000000000002
nk4a: sa0-0x0000000000000002 root=0x0x00000000034c1000 cur=0x0x000000001dfde000
nk4a: gs2 gsbase=0x0x000000001dd31d50
nk4a: probe text va=0x0x000000001dbf2000 -> pa=0x0x000000001dbf2000 fl=0x0x000000000000001b
nk4a: probe stk va=0x0xffff8000003ff000 -> pa=0x0x00000000003ff000 fl=0x0x0000000000000013
nk4a: probe dm va=0x0xffff808000200000 -> pa=0x0x0000000000200000 fl=0x0x0000000000000013
nk4a: cr3-done-0x0x00000000034c1000
nk4a: sa1-after cr3=0x0x00000000034c1000
nk4a: pre-restore- rip=0x0000000000227b29 rsp=0x00007fffffffb178 rbx=0x000000000022e000
nk4a: pf-save ep=0x0000000000000002 rbx=0x000000000022e000 rip=0x0000000000227b29
nk4a: pick->0x0000000000000008
nk4a: sa0-0x0000000000000008 root=0x0x000000001dfde000 cur=0x0x00000000034c1000
nk4a: gs2 gsbase=0x0x000000001dd31d50
nk4a: probe text va=0x0x000000001dbf2000 -> pa=0x0x000000001dbf2000 fl=0x0x000000000000041b
nk4a: probe stk va=0x0xffff8000003ff000 -> pa=0x0x00000000003ff000 fl=0x0x000000000000041b
nk4a: probe dm va=0x0xffff808000200000 -> pa=0x0x0000000000200000 fl=0x0x0000000000000413
nk4a: cr3-done-0x0x000000001dfde000
nk4a: sa1-after cr3=0x0x000000001dfde000
nk4a: pre-restore- rip=0x00000000002014ad rsp=0x00007fffffffc0b8 rbx=0x0000000000010001
nk4a: vm-pf recv
nk4a: vm-pf bytes 0000000000000000
nk4a: pick->0x0000000000000002
nk4a: sa0-0x0000000000000002 root=0x0x00000000034c1000 cur=0x0x000000001dfde000
nk4a: gs2 gsbase=0x0x000000001dd31d50
nk4a: probe text va=0x0x000000001dbf2000 -> pa=0x0x000000001dbf2000 fl=0x0x000000000000001b
nk4a: probe stk va=0x0xffff8000003ff000 -> pa=0x0x00000000003ff000 fl=0x0x0000000000000013
nk4a: probe dm va=0x0xffff808000200000 -> pa=0x0x0000000000200000 fl=0x0x0000000000000013
nk4a: cr3-done-0x0x00000000034c1000
nk4a: sa1-after cr3=0x0x00000000034c1000
nk4a: pre-restore- rip=0x0000000000227b29 rsp=0x00007fffffffb178 rbx=0x000000000022e000
nk4a: vs0x0000000000000086 rip=0x0x0000000000227b29
nk4a: pf-save ep=0x0000000000000002 rbx=0x000000000022e000 rip=0x0000000000227b29
nk4a: pick->0x0000000000000008
nk4a: sa0-0x0000000000000008 root=0x0x000000001dfde000 cur=0x0x00000000034c1000
nk4a: gs2 gsbase=0x0x000000001dd31d50
nk4a: probe text va=0x0x000000001dbf2000 -> pa=0x0x000000001dbf2000 fl=0x0x000000000000041b
nk4a: probe stk va=0x0xffff8000003ff000 -> pa=0x0x00000000003ff000 fl=0x0x000000000000041b
nk4a: probe dm va=0x0xffff808000200000 -> pa=0x0x0000000000200000 fl=0x0x0000000000000413
nk4a: cr3-done-0x0x000000001dfde000
nk4a: sa1-after cr3=0x0x000000001dfde000
nk4a: pre-restore- rip=0x00000000002014ad rsp=0x00007fffffffc0b8 rbx=0x0000000000010001
nk4a: vm-pf recv
nk4a: vm-pf bytes 0000000000000000
nk4a: pick->0x0000000000000002
nk4a: sa0-0x0000000000000002 root=0x0x00000000034c1000 cur=0x0x000000001dfde000
nk4a: gs2 gsbase=0x0x000000001dd31d50
nk4a: probe text va=0x0x000000001dbf2000 -> pa=0x0x000000001dbf2000 fl=0x0x000000000000001b
nk4a: probe stk va=0x0xffff8000003ff000 -> pa=0x0x00000000003ff000 fl=0x0x0000000000000013
nk4a: probe dm va=0x0xffff808000200000 -> pa=0x0x0000000000200000 fl=0x0x0000000000000013
nk4a: cr3-done-0x0x00000000034c1000
nk4a: sa1-after cr3=0x0x00000000034c1000
nk4a: pre-restore- rip=0x0000000000227b29 rsp=0x00007fffffffb178 rbx=0x000000000022e000
nk4a: vs0x0000000000000089 rip=0x0x0000000000227b29
nk4a: pf-save ep=0x0000000000000002 rbx=0x000000000022e000 rip=0x0000000000227b29
nk4a: pick->0x0000000000000008
nk4a: sa0-0x0000000000000008 root=0x0x000000001dfde000 cur=0x0x00000000034c1000
nk4a: gs2 gsbase=0x0x000000001dd31d50
nk4a: probe text va=0x0x000000001dbf2000 -> pa=0x0x000000001dbf2000 fl=0x0x000000000000041b
nk4a: probe stk va=0x0xffff8000003ff000 -> pa=0x0x00000000003ff000 fl=0x0x000000000000041b
nk4a: probe dm va=0x0xffff808000200000 -> pa=0x0x0000000000200000 fl=0x0x0000000000000413
nk4a: cr3-done-0x0x000000001dfde000
nk4a: sa1-after cr3=0x0x000000001dfde000
nk4a: pre-restore- rip=0x00000000002014ad rsp=0x00007fffffffc0b8 rbx=0x0000000000010001
nk4a: vm-pf recv
nk4a: vm-pf bytes 0000000000000000
nk4a: pick->0x0000000000000002
nk4a: sa0-0x0000000000000002 root=0x0x00000000034c1000 cur=0x0x000000001dfde000
nk4a: gs2 gsbase=0x0x000000001dd31d50
nk4a: probe text va=0x0x000000001dbf2000 -> pa=0x0x000000001dbf2000 fl=0x0x000000000000001b
nk4a: probe stk va=0x0xffff8000003ff000 -> pa=0x0x00000000003ff000 fl=0x0x0000000000000013
nk4a: probe dm va=0x0xffff808000200000 -> pa=0x0x0000000000200000 fl=0x0x0000000000000013
nk4a: cr3-done-0x0x00000000034c1000
nk4a: sa1-after cr3=0x0x00000000034c1000
nk4a: pre-restore- rip=0x0000000000227b29 rsp=0x00007fffffffb178 rbx=0x000000000022e000
nk4a: vs0x000000000000008c rip=0x0x0000000000227b29
nk4a: pf-save ep=0x0000000000000002 rbx=0x000000000022e000 rip=0x0000000000227b29
nk4a: pick->0x0000000000000008
nk4a: sa0-0x0000000000000008 root=0x0x000000001dfde000 cur=0x0x00000000034c1000
nk4a: gs2 gsbase=0x0x000000001dd31d50
nk4a: probe text va=0x0x000000001dbf2000 -> pa=0x0x000000001dbf2000 fl=0x0x000000000000041b
nk4a: probe stk va=0x0xffff8000003ff000 -> pa=0x0x00000000003ff000 fl=0x0x000000000000041b
nk4a: probe dm va=0x0xffff808000200000 -> pa=0x0x0000000000200000 fl=0x0x0000000000000413
nk4a: cr3-done-0x0x000000001dfde000
nk4a: sa1-after cr3=0x0x000000001dfde000
nk4a: pre-restore- rip=0x00000000002014ad rsp=0x00007fffffffc0b8 rbx=0x0000000000010001
nk4a: vm-pf recv
nk4a: vm-pf bytes 0000000000000000
nk4a: pick->0x0000000000000002
nk4a: sa0-0x0000000000000002 root=0x0x00000000034c1000 cur=0x0x000000001dfde000
nk4a: gs2 gsbase=0x0x000000001dd31d50
nk4a: probe text va=0x0x000000001dbf2000 -> pa=0x0x000000001dbf2000 fl=0x0x000000000000001b
nk4a: probe stk va=0x0xffff8000003ff000 -> pa=0x0x00000000003ff000 fl=0x0x0000000000000013
nk4a: probe dm va=0x0xffff808000200000 -> pa=0x0x0000000000200000 fl=0x0x0000000000000013
nk4a: cr3-done-0x0x00000000034c1000
nk4a: sa1-after cr3=0x0x00000000034c1000
nk4a: pre-restore- rip=0x0000000000227b29 rsp=0x00007fffffffb178 rbx=0x000000000022e000
nk4a: pf-save ep=0x0000000000000002 rbx=0x000000000022e000 rip=0x0000000000227b29
nk4a: pick->0x0000000000000008
nk4a: sa0-0x0000000000000008 root=0x0x000000001dfde000 cur=0x0x00000000034c1000
nk4a: gs2 gsbase=0x0x000000001dd31d50
nk4a: probe text va=0x0x000000001dbf2000 -> pa=0x0x000000001dbf2000 fl=0x0x000000000000041b
nk4a: probe stk va=0x0xffff8000003ff000 -> pa=0x0x00000000003ff000 fl=0x0x000000000000041b
nk4a: probe dm va=0x0xffff808000200000 -> pa=0x0x0000000000200000 fl=0x0x0000000000000413
nk4a: cr3-done-0x0x000000001dfde000
nk4a: sa1-after cr3=0x0x000000001dfde000
nk4a: pre-restore- rip=0x00000000002014ad rsp=0x00007fffffffc0b8 rbx=0x0000000000010001
nk4a: vs0x0000000000000090 rip=0x0x00000000002014ad
nk4a: vm-pf recv
nk4a: vm-pf bytes 0000000000000000
nk4a: pick->0x0000000000000002
nk4a: sa0-0x0000000000000002 root=0x0x00000000034c1000 cur=0x0x000000001dfde000
nk4a: gs2 gsbase=0x0x000000001dd31d50
nk4a: probe text va=0x0x000000001dbf2000 -> pa=0x0x000000001dbf2000 fl=0x0x000000000000001b
nk4a: probe stk va=0x0xffff8000003ff000 -> pa=0x0x00000000003ff000 fl=0x0x0000000000000013
nk4a: probe dm va=0x0xffff808000200000 -> pa=0x0x0000000000200000 fl=0x0x0000000000000013
nk4a: cr3-done-0x0x00000000034c1000
nk4a: sa1-after cr3=0x0x00000000034c1000
nk4a: pre-restore- rip=0x0000000000227b29 rsp=0x00007fffffffb178 rbx=0x000000000022e000
nk4a: pf-save ep=0x0000000000000002 rbx=0x000000000022e000 rip=0x0000000000227b29
nk4a: pick->0x0000000000000008
nk4a: sa0-0x0000000000000008 root=0x0x000000001dfde000 cur=0x0x00000000034c1000
nk4a: gs2 gsbase=0x0x000000001dd31d50
nk4a: probe text va=0x0x000000001dbf2000 -> pa=0x0x000000001dbf2000 fl=0x0x000000000000041b
nk4a: probe stk va=0x0xffff8000003ff000 -> pa=0x0x00000000003ff000 fl=0x0x000000000000041b
nk4a: probe dm va=0x0xffff808000200000 -> pa=0x0x0000000000200000 fl=0x0x0000000000000413
nk4a: cr3-done-0x0x000000001dfde000
nk4a: sa1-after cr3=0x0x000000001dfde000
nk4a: pre-restore- rip=0x00000000002014ad rsp=0x00007fffffffc0b8 rbx=0x0000000000010001
nk4a: vs0x0000000000000093 rip=0x0x00000000002014ad
nk4a: vm-pf recv
nk4a: vm-pf bytes 0000000000000000
nk4a: pick->0x0000000000000002
nk4a: sa0-0x0000000000000002 root=0x0x00000000034c1000 cur=0x0x000000001dfde000
nk4a: gs2 gsbase=0x0x000000001dd31d50
nk4a: probe text va=0x0x000000001dbf2000 -> pa=0x0x000000001dbf2000 fl=0x0x000000000000001b
nk4a: probe stk va=0x0xffff8000003ff000 -> pa=0x0x00000000003ff000 fl=0x0x0000000000000013
nk4a: probe dm va=0x0xffff808000200000 -> pa=0x0x0000000000200000 fl=0x0x0000000000000013
nk4a: cr3-done-0x0x00000000034c1000
nk4a: sa1-after cr3=0x0x00000000034c1000
nk4a: pre-restore- rip=0x0000000000227b29 rsp=0x00007fffffffb178 rbx=0x000000000022e000
nk4a: pf-save ep=0x0000000000000002 rbx=0x000000000022e000 rip=0x0000000000227b29
nk4a: pick->0x0000000000000008
nk4a: sa0-0x0000000000000008 root=0x0x000000001dfde000 cur=0x0x00000000034c1000
nk4a: gs2 gsbase=0x0x000000001dd31d50
nk4a: probe text va=0x0x000000001dbf2000 -> pa=0x0x000000001dbf2000 fl=0x0x000000000000041b
nk4a: probe stk va=0x0xffff8000003ff000 -> pa=0x0x00000000003ff000 fl=0x0x000000000000041b
nk4a: probe dm va=0x0xffff808000200000 -> pa=0x0x0000000000200000 fl=0x0x0000000000000413
nk4a: cr3-done-0x0x000000001dfde000
nk4a: sa1-after cr3=0x0x000000001dfde000
nk4a: pre-restore- rip=0x00000000002014ad rsp=0x00007fffffffc0b8 rbx=0x0000000000010001
nk4a: vs0x0000000000000096 rip=0x0x00000000002014ad
nk4a: vm-pf recv
nk4a: vm-pf bytes 0000000000000000
nk4a: pick->0x0000000000000002
nk4a: sa0-0x0000000000000002 root=0x0x00000000034c1000 cur=0x0x000000001dfde000
nk4a: gs2 gsbase=0x0x000000001dd31d50
nk4a: probe text va=0x0x000000001dbf2000 -> pa=0x0x000000001dbf2000 fl=0x0x000000000000001b
nk4a: probe stk va=0x0xffff8000003ff000 -> pa=0x0x00000000003ff000 fl=0x0x0000000000000013
nk4a: probe dm va=0x0xffff808000200000 -> pa=0x0x0000000000200000 fl=0x0x0000000000000013
nk4a: cr3-done-0x0x00000000034c1000
nk4a: sa1-after cr3=0x0x00000000034c1000
nk4a: pre-restore- rip=0x0000000000227b29 rsp=0x00007fffffffb178 rbx=0x000000000022e000
nk4a: pf-save ep=0x0000000000000002 rbx=0x000000000022e000 rip=0x0000000000227b29
nk4a: pick->0x0000000000000008
nk4a: sa0-0x0000000000000008 root=0x0x000000001dfde000 cur=0x0x00000000034c1000
nk4a: gs2 gsbase=0x0x000000001dd31d50
nk4a: probe text va=0x0x000000001dbf2000 -> pa=0x0x000000001dbf2000 fl=0x0x000000000000041b
nk4a: probe stk va=0x0xffff8000003ff000 -> pa=0x0x00000000003ff000 fl=0x0x000000000000041b
nk4a: probe dm va=0x0xffff808000200000 -> pa=0x0x0000000000200000 fl=0x0x0000000000000413
nk4a: cr3-done-0x0x000000001dfde000
nk4a: sa1-after cr3=0x0x000000001dfde000
nk4a: pre-restore- rip=0x00000000002014ad rsp=0x00007fffffffc0b8 rbx=0x0000000000010001
nk4a: vm-pf recv
nk4a: vm-pf bytes 0000000000000000
nk4a: pick->0x0000000000000002
nk4a: sa0-0x0000000000000002 root=0x0x00000000034c1000 cur=0x0x000000001dfde000
nk4a: gs2 gsbase=0x0x000000001dd31d50
nk4a: probe text va=0x0x000000001dbf2000 -> pa=0x0x000000001dbf2000 fl=0x0x000000000000001b
nk4a: probe stk va=0x0xffff8000003ff000 -> pa=0x0x00000000003ff000 fl=0x0x0000000000000013
nk4a: probe dm va=0x0xffff808000200000 -> pa=0x0x0000000000200000 fl=0x0x0000000000000013
nk4a: cr3-done-0x0x00000000034c1000
nk4a: sa1-after cr3=0x0x00000000034c1000
nk4a: pre-restore- rip=0x0000000000227b29 rsp=0x00007fffffffb178 rbx=0x000000000022e000
nk4a: vs0x000000000000009a rip=0x0x0000000000227b29
nk4a: pf-save ep=0x0000000000000002 rbx=0x000000000022e000 rip=0x0000000000227b29
nk4a: pick->0x0000000000000008
nk4a: sa0-0x0000000000000008 root=0x0x000000001dfde000 cur=0x0x00000000034c1000
nk4a: gs2 gsbase=0x0x000000001dd31d50
nk4a: probe text va=0x0x000000001dbf2000 -> pa=0x0x000000001dbf2000 fl=0x0x000000000000041b
nk4a: probe stk va=0x0xffff8000003ff000 -> pa=0x0x00000000003ff000 fl=0x0x000000000000041b
nk4a: probe dm va=0x0xffff808000200000 -> pa=0x0x0000000000200000 fl=0x0x0000000000000413
nk4a: cr3-done-0x0x000000001dfde000
nk4a: sa1-after cr3=0x0x000000001dfde000
nk4a: pre-restore- rip=0x00000000002014ad rsp=0x00007fffffffc0b8 rbx=0x0000000000010001
nk4a: vm-pf recv
nk4a: vm-pf bytes 0000000000000000
nk4a: pick->0x0000000000000002
nk4a: sa0-0x0000000000000002 root=0x0x00000000034c1000 cur=0x0x000000001dfde000
nk4a: gs2 gsbase=0x0x000000001dd31d50
nk4a: probe text va=0x0x000000001dbf2000 -> pa=0x0x000000001dbf2000 fl=0x0x000000000000001b
nk4a: probe stk va=0x0xffff8000003ff000 -> pa=0x0x00000000003ff000 fl=0x0x0000000000000013
nk4a: probe dm va=0x0xffff808000200000 -> pa=0x0x0000000000200000 fl=0x0x0000000000000013
nk4a: cr3-done-0x0x00000000034c1000
nk4a: sa1-after cr3=0x0x00000000034c1000
nk4a: pre-restore- rip=0x0000000000227b29 rsp=0x00007fffffffb178 rbx=0x000000000022e000
nk4a: vs0x000000000000009d rip=0x0x0000000000227b29
nk4a: pf-save ep=0x0000000000000002 rbx=0x000000000022e000 rip=0x0000000000227b29
nk4a: pick->0x0000000000000008
nk4a: sa0-0x0000000000000008 root=0x0x000000001dfde000 cur=0x0x00000000034c1000
nk4a: gs2 gsbase=0x0x000000001dd31d50
nk4a: probe text va=0x0x000000001dbf2000 -> pa=0x0x000000001dbf2000 fl=0x0x000000000000041b
nk4a: probe stk va=0x0xffff8000003ff000 -> pa=0x0x00000000003ff000 fl=0x0x000000000000041b
nk4a: probe dm va=0x0xffff808000200000 -> pa=0x0x0000000000200000 fl=0x0x0000000000000413
nk4a: cr3-done-0x0x000000001dfde000
nk4a: sa1-after cr3=0x0x000000001dfde000
nk4a: pre-restore- rip=0x00000000002014ad rsp=0x00007fffffffc0b8 rbx=0x0000000000010001
nk4a: vm-pf recv
nk4a: vm-pf bytes 0000000000000000
nk4a: pick->0x0000000000000002
nk4a: sa0-0x0000000000000002 root=0x0x00000000034c1000 cur=0x0x000000001dfde000
nk4a: gs2 gsbase=0x0x000000001dd31d50
nk4a: probe text va=0x0x000000001dbf2000 -> pa=0x0x000000001dbf2000 fl=0x0x000000000000001b
nk4a: probe stk va=0x0xffff8000003ff000 -> pa=0x0x00000000003ff000 fl=0x0x0000000000000013
nk4a: probe dm va=0x0xffff808000200000 -> pa=0x0x0000000000200000 fl=0x0x0000000000000013
nk4a: cr3-done-0x0x00000000034c1000
nk4a: sa1-after cr3=0x0x00000000034c1000
nk4a: pre-restore- rip=0x0000000000227b29 rsp=0x00007fffffffb178 rbx=0x000000000022e000
nk4a: vs0x00000000000000a0 rip=0x0x0000000000227b29
nk4a: pf-save ep=0x0000000000000002 rbx=0x000000000022e000 rip=0x0000000000227b29
nk4a: pick->0x0000000000000008
nk4a: sa0-0x0000000000000008 root=0x0x000000001dfde000 cur=0x0x00000000034c1000
nk4a: gs2 gsbase=0x0x000000001dd31d50
nk4a: probe text va=0x0x000000001dbf2000 -> pa=0x0x000000001dbf2000 fl=0x0x000000000000041b
nk4a: probe stk va=0x0xffff8000003ff000 -> pa=0x0x00000000003ff000 fl=0x0x000000000000041b
nk4a: probe dm va=0x0xffff808000200000 -> pa=0x0x0000000000200000 fl=0x0x0000000000000413
nk4a: cr3-done-0x0x000000001dfde000
nk4a: sa1-after cr3=0x0x000000001dfde000
nk4a: pre-restore- rip=0x00000000002014ad rsp=0x00007fffffffc0b8 rbx=0x0000000000010001
nk4a: vm-pf recv
nk4a: vm-pf bytes 0000000000000000
nk4a: pick->0x0000000000000002
nk4a: sa0-0x0000000000000002 root=0x0x00000000034c1000 cur=0x0x000000001dfde000
nk4a: gs2 gsbase=0x0x000000001dd31d50
nk4a: probe text va=0x0x000000001dbf2000 -> pa=0x0x000000001dbf2000 fl=0x0x000000000000001b
nk4a: probe stk va=0x0xffff8000003ff000 -> pa=0x0x00000000003ff000 fl=0x0x0000000000000013
nk4a: probe dm va=0x0xffff808000200000 -> pa=0x0x0000000000200000 fl=0x0x0000000000000013
nk4a: cr3-done-0x0x00000000034c1000
nk4a: sa1-after cr3=0x0x00000000034c1000
nk4a: pre-restore- rip=0x0000000000227b29 rsp=0x00007fffffffb178 rbx=0x000000000022e000
nk4a: vs0x00000000000000a3 rip=0x0x0000000000227b29
nk4a: pf-save ep=0x0000000000000002 rbx=0x000000000022e000 rip=0x0000000000227b29
nk4a: pick->0x0000000000000008
nk4a: sa0-0x0000000000000008 root=0x0x000000001dfde000 cur=0x0x00000000034c1000
nk4a: gs2 gsbase=0x0x000000001dd31d50
nk4a: probe text va=0x0x000000001dbf2000 -> pa=0x0x000000001dbf2000 fl=0x0x000000000000041b
nk4a: probe stk va=0x0xffff8000003ff000 -> pa=0x0x00000000003ff000 fl=0x0x000000000000041b
nk4a: probe dm va=0x0xffff808000200000 -> pa=0x0x0000000000200000 fl=0x0x0000000000000413
nk4a: cr3-done-0x0x000000001dfde000
nk4a: sa1-after cr3=0x0x000000001dfde000
nk4a: pre-restore- rip=0x00000000002014ad rsp=0x00007fffffffc0b8 rbx=0x0000000000010001
nk4a: vm-pf recv
nk4a: vm-pf bytes 0000000000000000
nk4a: pick->0x0000000000000002
nk4a: sa0-0x0000000000000002 root=0x0x00000000034c1000 cur=0x0x000000001dfde000
nk4a: gs2 gsbase=0x0x000000001dd31d50
nk4a: probe text va=0x0x000000001dbf2000 -> pa=0x0x000000001dbf2000 fl=0x0x000000000000001b
nk4a: probe stk va=0x0xffff8000003ff000 -> pa=0x0x00000000003ff000 fl=0x0x0000000000000013
nk4a: probe dm va=0x0xffff808000200000 -> pa=0x0x0000000000200000 fl=0x0x0000000000000013
nk4a: cr3-done-0x0x00000000034c1000
nk4a: sa1-after cr3=0x0x00000000034c1000
nk4a: pre-restore- rip=0x0000000000227b29 rsp=0x00007fffffffb178 rbx=0x000000000022e000
nk4a: pf-save ep=0x0000000000000002 rbx=0x000000000022e000 rip=0x0000000000227b29
nk4a: pick->0x0000000000000008
nk4a: sa0-0x0000000000000008 root=0x0x000000001dfde000 cur=0x0x00000000034c1000
nk4a: gs2 gsbase=0x0x000000001dd31d50
nk4a: probe text va=0x0x000000001dbf2000 -> pa=0x0x000000001dbf2000 fl=0x0x000000000000041b
nk4a: probe stk va=0x0xffff8000003ff000 -> pa=0x0x00000000003ff000 fl=0x0x000000000000041b
nk4a: probe dm va=0x0xffff808000200000 -> pa=0x0x0000000000200000 fl=0x0x0000000000000413
nk4a: cr3-done-0x0x000000001dfde000
nk4a: sa1-after cr3=0x0x000000001dfde000
nk4a: pre-restore- rip=0x00000000002014ad rsp=0x00007fffffffc0b8 rbx=0x0000000000010001
nk4a: vs0x00000000000000a7 rip=0x0x00000000002014ad
nk4a: vm-pf recv
nk4a: vm-pf bytes 0000000000000000
nk4a: pick->0x0000000000000002
nk4a: sa0-0x0000000000000002 root=0x0x00000000034c1000 cur=0x0x000000001dfde000
nk4a: gs2 gsbase=0x0x000000001dd31d50
nk4a: probe text va=0x0x000000001dbf2000 -> pa=0x0x000000001dbf2000 fl=0x0x000000000000001b
nk4a: probe stk va=0x0xffff8000003ff000 -> pa=0x0x00000000003ff000 fl=0x0x0000000000000013
nk4a: probe dm va=0x0xffff808000200000 -> pa=0x0x0000000000200000 fl=0x0x0000000000000013
nk4a: cr3-done-0x0x00000000034c1000
nk4a: sa1-after cr3=0x0x00000000034c1000
nk4a: pre-restore- rip=0x0000000000227b29 rsp=0x00007fffffffb178 rbx=0x000000000022e000
nk4a: pf-save ep=0x0000000000000002 rbx=0x000000000022e000 rip=0x0000000000227b29
nk4a: pick->0x0000000000000008
nk4a: sa0-0x0000000000000008 root=0x0x000000001dfde000 cur=0x0x00000000034c1000
nk4a: gs2 gsbase=0x0x000000001dd31d50
nk4a: probe text va=0x0x000000001dbf2000 -> pa=0x0x000000001dbf2000 fl=0x0x000000000000041b
nk4a: probe stk va=0x0xffff8000003ff000 -> pa=0x0x00000000003ff000 fl=0x0x000000000000041b
nk4a: probe dm va=0x0xffff808000200000 -> pa=0x0x0000000000200000 fl=0x0x0000000000000413
nk4a: cr3-done-0x0x000000001dfde000
nk4a: sa1-after cr3=0x0x000000001dfde000
nk4a: pre-restore- rip=0x00000000002014ad rsp=0x00007fffffffc0b8 rbx=0x0000000000010001
nk4a: vs0x00000000000000aa rip=0x0x00000000002014ad
nk4a: vm-pf recv
nk4a: vm-pf bytes 0000000000000000
nk4a: pick->0x0000000000000002
nk4a: sa0-0x0000000000000002 root=0x0x00000000034c1000 cur=0x0x000000001dfde000
nk4a: gs2 gsbase=0x0x000000001dd31d50
nk4a: probe text va=0x0x000000001dbf2000 -> pa=0x0x000000001dbf2000 fl=0x0x000000000000001b
nk4a: probe stk va=0x0xffff8000003ff000 -> pa=0x0x00000000003ff000 fl=0x0x0000000000000013
nk4a: probe dm va=0x0xffff808000200000 -> pa=0x0x0000000000200000 fl=0x0x0000000000000013
nk4a: cr3-done-0x0x00000000034c1000
nk4a: sa1-after cr3=0x0x00000000034c1000
nk4a: pre-restore- rip=0x0000000000227b29 rsp=0x00007fffffffb178 rbx=0x000000000022e000
nk4a: pf-save ep=0x0000000000000002 rbx=0x000000000022e000 rip=0x0000000000227b29
nk4a: pick->0x0000000000000008
nk4a: sa0-0x0000000000000008 root=0x0x000000001dfde000 cur=0x0x00000000034c1000
nk4a: gs2 gsbase=0x0x000000001dd31d50
nk4a: probe text va=0x0x000000001dbf2000 -> pa=0x0x000000001dbf2000 fl=0x0x000000000000041b
nk4a: probe stk va=0x0xffff8000003ff000 -> pa=0x0x00000000003ff000 fl=0x0x000000000000041b
nk4a: probe dm va=0x0xffff808000200000 -> pa=0x0x0000000000200000 fl=0x0x0000000000000413
nk4a: cr3-done-0x0x000000001dfde000
nk4a: sa1-after cr3=0x0x000000001dfde000
nk4a: pre-restore- rip=0x00000000002014ad rsp=0x00007fffffffc0b8 rbx=0x0000000000010001
nk4a: vs0x00000000000000ad rip=0x0x00000000002014ad
nk4a: vm-pf recv
nk4a: vm-pf bytes 0000000000000000
nk4a: pick->0x0000000000000002
nk4a: sa0-0x0000000000000002 root=0x0x00000000034c1000 cur=0x0x000000001dfde000
nk4a: gs2 gsbase=0x0x000000001dd31d50
nk4a: probe text va=0x0x000000001dbf2000 -> pa=0x0x000000001dbf2000 fl=0x0x000000000000001b
nk4a: probe stk va=0x0xffff8000003ff000 -> pa=0x0x00000000003ff000 fl=0x0x0000000000000013
nk4a: probe dm va=0x0xffff808000200000 -> pa=0x0x0000000000200000 fl=0x0x0000000000000013
nk4a: cr3-done-0x0x00000000034c1000
nk4a: sa1-after cr3=0x0x00000000034c1000
nk4a: pre-restore- rip=0x0000000000227b29 rsp=0x00007fffffffb178 rbx=0x000000000022e000
nk4a: pf-save ep=0x0000000000000002 rbx=0x000000000022e000 rip=0x0000000000227b29
nk4a: pick->0x0000000000000008
nk4a: sa0-0x0000000000000008 root=0x0x000000001dfde000 cur=0x0x00000000034c1000
nk4a: gs2 gsbase=0x0x000000001dd31d50
nk4a: probe text va=0x0x000000001dbf2000 -> pa=0x0x000000001dbf2000 fl=0x0x000000000000041b
nk4a: probe stk va=0x0xffff8000003ff000 -> pa=0x0x00000000003ff000 fl=0x0x000000000000041b
nk4a: probe dm va=0x0xffff808000200000 -> pa=0x0x0000000000200000 fl=0x0x0000000000000413
nk4a: cr3-done-0x0x000000001dfde000
nk4a: sa1-after cr3=0x0x000000001dfde000
nk4a: pre-restore- rip=0x00000000002014ad rsp=0x00007fffffffc0b8 rbx=0x0000000000010001
nk4a: vs0x00000000000000b0 rip=0x0x00000000002014ad
nk4a: vm-pf recv
nk4a: vm-pf bytes 0000000000000000
nk4a: pick->0x0000000000000002
nk4a: sa0-0x0000000000000002 root=0x0x00000000034c1000 cur=0x0x000000001dfde000
nk4a: gs2 gsbase=0x0x000000001dd31d50
nk4a: probe text va=0x0x000000001dbf2000 -> pa=0x0x000000001dbf2000 fl=0x0x000000000000001b
nk4a: probe stk va=0x0xffff8000003ff000 -> pa=0x0x00000000003ff000 fl=0x0x0000000000000013
nk4a: probe dm va=0x0xffff808000200000 -> pa=0x0x0000000000200000 fl=0x0x0000000000000013
nk4a: cr3-done-0x0x00000000034c1000
nk4a: sa1-after cr3=0x0x00000000034c1000
nk4a: pre-restore- rip=0x0000000000227b29 rsp=0x00007fffffffb178 rbx=0x000000000022e000
nk4a: pf-save ep=0x0000000000000002 rbx=0x000000000022e000 rip=0x0000000000227b29
nk4a: pick->0x0000000000000008
nk4a: sa0-0x0000000000000008 root=0x0x000000001dfde000 cur=0x0x00000000034c1000
nk4a: gs2 gsbase=0x0x000000001dd31d50
nk4a: probe text va=0x0x000000001dbf2000 -> pa=0x0x000000001dbf2000 fl=0x0x000000000000041b
nk4a: probe stk va=0x0xffff8000003ff000 -> pa=0x0x00000000003ff000 fl=0x0x000000000000041b
nk4a: probe dm va=0x0xffff808000200000 -> pa=0x0x0000000000200000 fl=0x0x0000000000000413
nk4a: cr3-done-0x0x000000001dfde000
nk4a: sa1-after cr3=0x0x000000001dfde000
nk4a: pre-restore- rip=0x00000000002014ad rsp=0x00007fffffffc0b8 rbx=0x0000000000010001
nk4a: vm-pf recv
nk4a: vs0x00000000000000b3 rip=0x0x00000000002060d7
nk4a: vm-pf bytes 0000000000000000
nk4a: pick->0x0000000000000002
nk4a: sa0-0x0000000000000002 root=0x0x00000000034c1000 cur=0x0x000000001dfde000
nk4a: gs2 gsbase=0x0x000000001dd31d50
nk4a: probe text va=0x0x000000001dbf2000 -> pa=0x0x000000001dbf2000 fl=0x0x000000000000001b
nk4a: probe stk va=0x0xffff8000003ff000 -> pa=0x0x00000000003ff000 fl=0x0x0000000000000013
nk4a: probe dm va=0x0xffff808000200000 -> pa=0x0x0000000000200000 fl=0x0x0000000000000013
nk4a: cr3-done-0x0x00000000034c1000
nk4a: sa1-after cr3=0x0x00000000034c1000
nk4a: pre-restore- rip=0x0000000000227b29 rsp=0x00007fffffffb178 rbx=0x000000000022e000
nk4a: pf-save ep=0x0000000000000002 rbx=0x000000000022e000 rip=0x0000000000227b29
nk4a: pick->0x0000000000000008
nk4a: sa0-0x0000000000000008 root=0x0x000000001dfde000 cur=0x0x00000000034c1000
nk4a: gs2 gsbase=0x0x000000001dd31d50
nk4a: probe text va=0x0x000000001dbf2000 -> pa=0x0x000000001dbf2000 fl=0x0x000000000000041b
nk4a: probe stk va=0x0xffff8000003ff000 -> pa=0x0x00000000003ff000 fl=0x0x000000000000041b
nk4a: probe dm va=0x0xffff808000200000 -> pa=0x0x0000000000200000 fl=0x0x0000000000000413
nk4a: cr3-done-0x0x000000001dfde000
nk4a: sa1-after cr3=0x0x000000001dfde000
nk4a: pre-restore- rip=0x00000000002014ad rsp=0x00007fffffffc0b8 rbx=0x0000000000010001
nk4a: vm-pf recv
nk4a: vs0x00000000000000b6 rip=0x0x000000000023b720
nk4a: vm-pf bytes 0000000000000000
nk4a: pick->0x0000000000000002
nk4a: sa0-0x0000000000000002 root=0x0x00000000034c1000 cur=0x0x000000001dfde000
nk4a: gs2 gsbase=0x0x000000001dd31d50
nk4a: probe text va=0x0x000000001dbf2000 -> pa=0x0x000000001dbf2000 fl=0x0x000000000000001b
nk4a: probe stk va=0x0xffff8000003ff000 -> pa=0x0x00000000003ff000 fl=0x0x0000000000000013
nk4a: probe dm va=0x0xffff808000200000 -> pa=0x0x0000000000200000 fl=0x0x0000000000000013
nk4a: cr3-done-0x0x00000000034c1000
nk4a: sa1-after cr3=0x0x00000000034c1000
nk4a: pre-restore- rip=0x0000000000227b29 rsp=0x00007fffffffb178 rbx=0x000000000022e000
nk4a: pick->0x0000000000000008
nk4a: sa0-0x0000000000000008 root=0x0x000000001dfde000 cur=0x0x00000000034c1000
nk4a: gs2 gsbase=0x0x000000001dd31d50
nk4a: probe text va=0x0x000000001dbf2000 -> pa=0x0x000000001dbf2000 fl=0x0x000000000000041b
nk4a: probe stk va=0x0xffff8000003ff000 -> pa=0x0x00000000003ff000 fl=0x0x000000000000041b
nk4a: probe dm va=0x0xffff808000200000 -> pa=0x0x0000000000200000 fl=0x0x0000000000000413
nk4a: cr3-done-0x0x000000001dfde000
nk4a: sa1-after cr3=0x0x000000001dfde000
nk4a: pre-restore- rip=0x00000000002014ad rsp=0x00007fffffffc0b8 rbx=0x0000000000010001
nk4a: vm-pf recv
nk4a: vm-pf bytes 0000000000000000
nk4a: pick->0x0000000000000002
nk4a: sa0-0x0000000000000002 root=0x0x00000000034c1000 cur=0x0x000000001dfde000
nk4a: gs2 gsbase=0x0x000000001dd31d50
nk4a: probe text va=0x0x000000001dbf2000 -> pa=0x0x000000001dbf2000 fl=0x0x000000000000001b
nk4a: probe stk va=0x0xffff8000003ff000 -> pa=0x0x00000000003ff000 fl=0x0x0000000000000013
nk4a: probe dm va=0x0xffff808000200000 -> pa=0x0x0000000000200000 fl=0x0x0000000000000013
nk4a: cr3-done-0x0x00000000034c1000
nk4a: sa1-after cr3=0x0x00000000034c1000
nk4a: pre-restore- rip=0x0000000000227b29 rsp=0x00007fffffffb178 rbx=0x000000000022e000
nk4a: vs0x00000000000000ba rip=0x0x0000000000227b29
nk4a: pick->0x0000000000000008
nk4a: sa0-0x0000000000000008 root=0x0x000000001dfde000 cur=0x0x00000000034c1000
nk4a: gs2 gsbase=0x0x000000001dd31d50
nk4a: probe text va=0x0x000000001dbf2000 -> pa=0x0x000000001dbf2000 fl=0x0x000000000000041b
nk4a: probe stk va=0x0xffff8000003ff000 -> pa=0x0x00000000003ff000 fl=0x0x000000000000041b
nk4a: probe dm va=0x0xffff808000200000 -> pa=0x0x0000000000200000 fl=0x0x0000000000000413
nk4a: cr3-done-0x0x000000001dfde000
nk4a: sa1-after cr3=0x0x000000001dfde000
nk4a: pre-restore- rip=0x00000000002014ad rsp=0x00007fffffffc0b8 rbx=0x0000000000010001
nk4a: vm-pf recv
nk4a: vm-pf bytes 0000000000000000
nk4a: pick->0x0000000000000002
nk4a: sa0-0x0000000000000002 root=0x0x00000000034c1000 cur=0x0x000000001dfde000
nk4a: gs2 gsbase=0x0x000000001dd31d50
nk4a: probe text va=0x0x000000001dbf2000 -> pa=0x0x000000001dbf2000 fl=0x0x000000000000001b
nk4a: probe stk va=0x0xffff8000003ff000 -> pa=0x0x00000000003ff000 fl=0x0x0000000000000013
nk4a: probe dm va=0x0xffff808000200000 -> pa=0x0x0000000000200000 fl=0x0x0000000000000013
nk4a: cr3-done-0x0x00000000034c1000
nk4a: sa1-after cr3=0x0x00000000034c1000
nk4a: pre-restore- rip=0x0000000000227b29 rsp=0x00007fffffffb178 rbx=0x000000000022e000
nk4a: pick->0x0000000000000008
nk4a: sa0-0x0000000000000008 root=0x0x000000001dfde000 cur=0x0x00000000034c1000
nk4a: gs2 gsbase=0x0x000000001dd31d50
nk4a: probe text va=0x0x000000001dbf2000 -> pa=0x0x000000001dbf2000 fl=0x0x000000000000041b
nk4a: probe stk va=0x0xffff8000003ff000 -> pa=0x0x00000000003ff000 fl=0x0x000000000000041b
nk4a: probe dm va=0x0xffff808000200000 -> pa=0x0x0000000000200000 fl=0x0x0000000000000413
nk4a: cr3-done-0x0x000000001dfde000
nk4a: sa1-after cr3=0x0x000000001dfde000
nk4a: pre-restore- rip=0x00000000002014ad rsp=0x00007fffffffc0b8 rbx=0x0000000000010001
nk4a: vs0x00000000000000be rip=0x0x00000000002014ad
nk4a: vm-pf recv
nk4a: vm-pf bytes 0000000000000000
nk4a: pick->0x0000000000000002
nk4a: sa0-0x0000000000000002 root=0x0x00000000034c1000 cur=0x0x000000001dfde000
nk4a: gs2 gsbase=0x0x000000001dd31d50
nk4a: probe text va=0x0x000000001dbf2000 -> pa=0x0x000000001dbf2000 fl=0x0x000000000000001b
nk4a: probe stk va=0x0xffff8000003ff000 -> pa=0x0x00000000003ff000 fl=0x0x0000000000000013
nk4a: probe dm va=0x0xffff808000200000 -> pa=0x0x0000000000200000 fl=0x0x0000000000000013
nk4a: cr3-done-0x0x00000000034c1000
nk4a: sa1-after cr3=0x0x00000000034c1000
nk4a: pre-restore- rip=0x0000000000227b29 rsp=0x00007fffffffb178 rbx=0x000000000022e000
nk4a: pick->0x0000000000000008
nk4a: sa0-0x0000000000000008 root=0x0x000000001dfde000 cur=0x0x00000000034c1000
nk4a: gs2 gsbase=0x0x000000001dd31d50
nk4a: probe text va=0x0x000000001dbf2000 -> pa=0x0x000000001dbf2000 fl=0x0x000000000000041b
nk4a: probe stk va=0x0xffff8000003ff000 -> pa=0x0x00000000003ff000 fl=0x0x000000000000041b
nk4a: probe dm va=0x0xffff808000200000 -> pa=0x0x0000000000200000 fl=0x0x0000000000000413
nk4a: cr3-done-0x0x000000001dfde000
nk4a: sa1-after cr3=0x0x000000001dfde000
nk4a: pre-restore- rip=0x00000000002014ad rsp=0x00007fffffffc0b8 rbx=0x0000000000010001
nk4a: vs0x00000000000000c1 rip=0x0x00000000002014ad
nk4a: vm-pf recv
nk4a: vm-pf bytes 0000000000000000
nk4a: pick->0x0000000000000002
nk4a: sa0-0x0000000000000002 root=0x0x00000000034c1000 cur=0x0x000000001dfde000
nk4a: gs2 gsbase=0x0x000000001dd31d50
nk4a: probe text va=0x0x000000001dbf2000 -> pa=0x0x000000001dbf2000 fl=0x0x000000000000001b
nk4a: probe stk va=0x0xffff8000003ff000 -> pa=0x0x00000000003ff000 fl=0x0x0000000000000013
nk4a: probe dm va=0x0xffff808000200000 -> pa=0x0x0000000000200000 fl=0x0x0000000000000013
nk4a: cr3-done-0x0x00000000034c1000
nk4a: sa1-after cr3=0x0x00000000034c1000
nk4a: pre-restore- rip=0x0000000000227b29 rsp=0x00007fffffffb178 rbx=0x000000000022e000
nk4a: pick->0x0000000000000008
nk4a: sa0-0x0000000000000008 root=0x0x000000001dfde000 cur=0x0x00000000034c1000
nk4a: gs2 gsbase=0x0x000000001dd31d50
nk4a: probe text va=0x0x000000001dbf2000 -> pa=0x0x000000001dbf2000 fl=0x0x000000000000041b
nk4a: probe stk va=0x0xffff8000003ff000 -> pa=0x0x00000000003ff000 fl=0x0x000000000000041b
nk4a: probe dm va=0x0xffff808000200000 -> pa=0x0x0000000000200000 fl=0x0x0000000000000413
nk4a: cr3-done-0x0x000000001dfde000
nk4a: sa1-after cr3=0x0x000000001dfde000
nk4a: pre-restore- rip=0x00000000002014ad rsp=0x00007fffffffc0b8 rbx=0x0000000000010001
nk4a: vm-pf recv
nk4a: vm-pf bytes 0000000000000000
nk4a: pick->0x0000000000000002
nk4a: sa0-0x0000000000000002 root=0x0x00000000034c1000 cur=0x0x000000001dfde000
nk4a: gs2 gsbase=0x0x000000001dd31d50
nk4a: probe text va=0x0x000000001dbf2000 -> pa=0x0x000000001dbf2000 fl=0x0x000000000000001b
nk4a: probe stk va=0x0xffff8000003ff000 -> pa=0x0x00000000003ff000 fl=0x0x0000000000000013
nk4a: probe dm va=0x0xffff808000200000 -> pa=0x0x0000000000200000 fl=0x0x0000000000000013
nk4a: cr3-done-0x0x00000000034c1000
nk4a: sa1-after cr3=0x0x00000000034c1000
nk4a: pre-restore- rip=0x0000000000227b29 rsp=0x00007fffffffb178 rbx=0x000000000022e000
nk4a: vs0x00000000000000c5 rip=0x0x0000000000227b29
nk4a: pick->0x0000000000000008
nk4a: sa0-0x0000000000000008 root=0x0x000000001dfde000 cur=0x0x00000000034c1000
nk4a: gs2 gsbase=0x0x000000001dd31d50
nk4a: probe text va=0x0x000000001dbf2000 -> pa=0x0x000000001dbf2000 fl=0x0x000000000000041b
nk4a: probe stk va=0x0xffff8000003ff000 -> pa=0x0x00000000003ff000 fl=0x0x000000000000041b
nk4a: probe dm va=0x0xffff808000200000 -> pa=0x0x0000000000200000 fl=0x0x0000000000000413
nk4a: cr3-done-0x0x000000001dfde000
nk4a: sa1-after cr3=0x0x000000001dfde000
nk4a: pre-restore- rip=0x00000000002014ad rsp=0x00007fffffffc0b8 rbx=0x0000000000010001
nk4a: vm-pf recv
nk4a: vm-pf bytes 0000000000000000
nk4a: pick->0x0000000000000002
nk4a: sa0-0x0000000000000002 root=0x0x00000000034c1000 cur=0x0x000000001dfde000
nk4a: gs2 gsbase=0x0x000000001dd31d50
nk4a: probe text va=0x0x000000001dbf2000 -> pa=0x0x000000001dbf2000 fl=0x0x000000000000001b
nk4a: probe stk va=0x0xffff8000003ff000 -> pa=0x0x00000000003ff000 fl=0x0x0000000000000013
nk4a: probe dm va=0x0xffff808000200000 -> pa=0x0x0000000000200000 fl=0x0x0000000000000013
nk4a: cr3-done-0x0x00000000034c1000
nk4a: sa1-after cr3=0x0x00000000034c1000
nk4a: pre-restore- rip=0x0000000000227b29 rsp=0x00007fffffffb178 rbx=0x000000000022e000
nk4a: pick->0x0000000000000008
nk4a: sa0-0x0000000000000008 root=0x0x000000001dfde000 cur=0x0x00000000034c1000
nk4a: gs2 gsbase=0x0x000000001dd31d50
nk4a: probe text va=0x0x000000001dbf2000 -> pa=0x0x000000001dbf2000 fl=0x0x000000000000041b
nk4a: probe stk va=0x0xffff8000003ff000 -> pa=0x0x00000000003ff000 fl=0x0x000000000000041b
nk4a: probe dm va=0x0xffff808000200000 -> pa=0x0x0000000000200000 fl=0x0x0000000000000413
nk4a: cr3-done-0x0x000000001dfde000
nk4a: sa1-after cr3=0x0x000000001dfde000
nk4a: pre-restore- rip=0x00000000002014ad rsp=0x00007fffffffc0b8 rbx=0x0000000000010001
nk4a: vs0x00000000000000c9 rip=0x0x00000000002014ad
nk4a: vm-pf recv
nk4a: vm-pf bytes 0000000000000000
nk4a: pick->0x0000000000000002
nk4a: sa0-0x0000000000000002 root=0x0x00000000034c1000 cur=0x0x000000001dfde000
nk4a: gs2 gsbase=0x0x000000001dd31d50
nk4a: probe text va=0x0x000000001dbf2000 -> pa=0x0x000000001dbf2000 fl=0x0x000000000000001b
nk4a: probe stk va=0x0xffff8000003ff000 -> pa=0x0x00000000003ff000 fl=0x0x0000000000000013
nk4a: probe dm va=0x0xffff808000200000 -> pa=0x0x0000000000200000 fl=0x0x0000000000000013
nk4a: cr3-done-0x0x00000000034c1000
nk4a: sa1-after cr3=0x0x00000000034c1000
nk4a: pre-restore- rip=0x0000000000227b29 rsp=0x00007fffffffb178 rbx=0x000000000022e000
nk4a: pick->0x0000000000000008
nk4a: sa0-0x0000000000000008 root=0x0x000000001dfde000 cur=0x0x00000000034c1000
nk4a: gs2 gsbase=0x0x000000001dd31d50
nk4a: probe text va=0x0x000000001dbf2000 -> pa=0x0x000000001dbf2000 fl=0x0x000000000000041b
nk4a: probe stk va=0x0xffff8000003ff000 -> pa=0x0x00000000003ff000 fl=0x0x000000000000041b
nk4a: probe dm va=0x0xffff808000200000 -> pa=0x0x0000000000200000 fl=0x0x0000000000000413
nk4a: cr3-done-0x0x000000001dfde000
nk4a: sa1-after cr3=0x0x000000001dfde000
nk4a: pre-restore- rip=0x00000000002014ad rsp=0x00007fffffffc0b8 rbx=0x0000000000010001
nk4a: vs0x00000000000000cc rip=0x0x00000000002014ad
nk4a: vm-pf recv
nk4a: vm-pf bytes 0000000000000000
nk4a: pick->0x0000000000000002
nk4a: sa0-0x0000000000000002 root=0x0x00000000034c1000 cur=0x0x000000001dfde000
nk4a: gs2 gsbase=0x0x000000001dd31d50
nk4a: probe text va=0x0x000000001dbf2000 -> pa=0x0x000000001dbf2000 fl=0x0x000000000000001b
nk4a: probe stk va=0x0xffff8000003ff000 -> pa=0x0x00000000003ff000 fl=0x0x0000000000000013
nk4a: probe dm va=0x0xffff808000200000 -> pa=0x0x0000000000200000 fl=0x0x0000000000000013
nk4a: cr3-done-0x0x00000000034c1000
nk4a: sa1-after cr3=0x0x00000000034c1000
nk4a: pre-restore- rip=0x0000000000227b29 rsp=0x00007fffffffb178 rbx=0x000000000022e000
nk4a: pick->0x0000000000000008
nk4a: sa0-0x0000000000000008 root=0x0x000000001dfde000 cur=0x0x00000000034c1000
nk4a: gs2 gsbase=0x0x000000001dd31d50
nk4a: probe text va=0x0x000000001dbf2000 -> pa=0x0x000000001dbf2000 fl=0x0x000000000000041b
nk4a: probe stk va=0x0xffff8000003ff000 -> pa=0x0x00000000003ff000 fl=0x0x000000000000041b
nk4a: probe dm va=0x0xffff808000200000 -> pa=0x0x0000000000200000 fl=0x0x0000000000000413
nk4a: cr3-done-0x0x000000001dfde000
nk4a: sa1-after cr3=0x0x000000001dfde000
nk4a: pre-restore- rip=0x00000000002014ad rsp=0x00007fffffffc0b8 rbx=0x0000000000010001
nk4a: vm-pf recv
nk4a: vm-pf bytes 0000000000000000
nk4a: pick->0x0000000000000002
nk4a: sa0-0x0000000000000002 root=0x0x00000000034c1000 cur=0x0x000000001dfde000
nk4a: gs2 gsbase=0x0x000000001dd31d50
nk4a: probe text va=0x0x000000001dbf2000 -> pa=0x0x000000001dbf2000 fl=0x0x000000000000001b
nk4a: probe stk va=0x0xffff8000003ff000 -> pa=0x0x00000000003ff000 fl=0x0x0000000000000013
nk4a: probe dm va=0x0xffff808000200000 -> pa=0x0x0000000000200000 fl=0x0x0000000000000013
nk4a: cr3-done-0x0x00000000034c1000
nk4a: sa1-after cr3=0x0x00000000034c1000
nk4a: pre-restore- rip=0x0000000000227b29 rsp=0x00007fffffffb178 rbx=0x000000000022e000
nk4a: vs0x00000000000000d0 rip=0x0x0000000000227b29
nk4a: pick->0x0000000000000008
nk4a: sa0-0x0000000000000008 root=0x0x000000001dfde000 cur=0x0x00000000034c1000
nk4a: gs2 gsbase=0x0x000000001dd31d50
nk4a: probe text va=0x0x000000001dbf2000 -> pa=0x0x000000001dbf2000 fl=0x0x000000000000041b
nk4a: probe stk va=0x0xffff8000003ff000 -> pa=0x0x00000000003ff000 fl=0x0x000000000000041b
nk4a: probe dm va=0x0xffff808000200000 -> pa=0x0x0000000000200000 fl=0x0x0000000000000413
nk4a: cr3-done-0x0x000000001dfde000
nk4a: sa1-after cr3=0x0x000000001dfde000
nk4a: pre-restore- rip=0x00000000002014ad rsp=0x00007fffffffc0b8 rbx=0x0000000000010001
nk4a: vm-pf recv
nk4a: vm-pf bytes 0000000000000000
nk4a: pick->0x0000000000000002
nk4a: sa0-0x0000000000000002 root=0x0x00000000034c1000 cur=0x0x000000001dfde000
nk4a: gs2 gsbase=0x0x000000001dd31d50
nk4a: probe text va=0x0x000000001dbf2000 -> pa=0x0x000000001dbf2000 fl=0x0x000000000000001b
nk4a: probe stk va=0x0xffff8000003ff000 -> pa=0x0x00000000003ff000 fl=0x0x0000000000000013
nk4a: probe dm va=0x0xffff808000200000 -> pa=0x0x0000000000200000 fl=0x0x0000000000000013
nk4a: cr3-done-0x0x00000000034c1000
nk4a: sa1-after cr3=0x0x00000000034c1000
nk4a: pre-restore- rip=0x0000000000227b29 rsp=0x00007fffffffb178 rbx=0x000000000022e000
nk4a: vs0x00000000000000d3 rip=0x0x0000000000227b29
nk4a: pick->0x0000000000000008
nk4a: sa0-0x0000000000000008 root=0x0x000000001dfde000 cur=0x0x00000000034c1000
nk4a: gs2 gsbase=0x0x000000001dd31d50
nk4a: probe text va=0x0x000000001dbf2000 -> pa=0x0x000000001dbf2000 fl=0x0x000000000000041b
nk4a: probe stk va=0x0xffff8000003ff000 -> pa=0x0x00000000003ff000 fl=0x0x000000000000041b
nk4a: probe dm va=0x0xffff808000200000 -> pa=0x0x0000000000200000 fl=0x0x0000000000000413
nk4a: cr3-done-0x0x000000001dfde000
nk4a: sa1-after cr3=0x0x000000001dfde000
nk4a: pre-restore- rip=0x00000000002014ad rsp=0x00007fffffffc0b8 rbx=0x0000000000010001
nk4a: vm-pf recv
nk4a: vm-pf bytes 0000000000000000
nk4a: pick->0x0000000000000002
nk4a: sa0-0x0000000000000002 root=0x0x00000000034c1000 cur=0x0x000000001dfde000
nk4a: gs2 gsbase=0x0x000000001dd31d50
nk4a: probe text va=0x0x000000001dbf2000 -> pa=0x0x000000001dbf2000 fl=0x0x000000000000001b
nk4a: probe stk va=0x0xffff8000003ff000 -> pa=0x0x00000000003ff000 fl=0x0x0000000000000013
nk4a: probe dm va=0x0xffff808000200000 -> pa=0x0x0000000000200000 fl=0x0x0000000000000013
nk4a: cr3-done-0x0x00000000034c1000
nk4a: sa1-after cr3=0x0x00000000034c1000
nk4a: pre-restore- rip=0x0000000000227b29 rsp=0x00007fffffffb178 rbx=0x000000000022e000
nk4a: pick->0x0000000000000008
nk4a: sa0-0x0000000000000008 root=0x0x000000001dfde000 cur=0x0x00000000034c1000
nk4a: gs2 gsbase=0x0x000000001dd31d50
nk4a: probe text va=0x0x000000001dbf2000 -> pa=0x0x000000001dbf2000 fl=0x0x000000000000041b
nk4a: probe stk va=0x0xffff8000003ff000 -> pa=0x0x00000000003ff000 fl=0x0x000000000000041b
nk4a: probe dm va=0x0xffff808000200000 -> pa=0x0x0000000000200000 fl=0x0x0000000000000413
nk4a: cr3-done-0x0x000000001dfde000
nk4a: sa1-after cr3=0x0x000000001dfde000
nk4a: pre-restore- rip=0x00000000002014ad rsp=0x00007fffffffc0b8 rbx=0x0000000000010001
nk4a: vs0x00000000000000d7 rip=0x0x00000000002014ad
nk4a: vm-pf recv
nk4a: vm-pf bytes 0000000000000000
nk4a: pick->0x0000000000000002
nk4a: sa0-0x0000000000000002 root=0x0x00000000034c1000 cur=0x0x000000001dfde000
nk4a: gs2 gsbase=0x0x000000001dd31d50
nk4a: probe text va=0x0x000000001dbf2000 -> pa=0x0x000000001dbf2000 fl=0x0x000000000000001b
nk4a: probe stk va=0x0xffff8000003ff000 -> pa=0x0x00000000003ff000 fl=0x0x0000000000000013
nk4a: probe dm va=0x0xffff808000200000 -> pa=0x0x0000000000200000 fl=0x0x0000000000000013
nk4a: cr3-done-0x0x00000000034c1000
nk4a: sa1-after cr3=0x0x00000000034c1000
nk4a: pre-restore- rip=0x0000000000227b29 rsp=0x00007fffffffb178 rbx=0x000000000022e000
nk4a: pick->0x0000000000000008
nk4a: sa0-0x0000000000000008 root=0x0x000000001dfde000 cur=0x0x00000000034c1000
nk4a: gs2 gsbase=0x0x000000001dd31d50
nk4a: probe text va=0x0x000000001dbf2000 -> pa=0x0x000000001dbf2000 fl=0x0x000000000000041b
nk4a: probe stk va=0x0xffff8000003ff000 -> pa=0x0x00000000003ff000 fl=0x0x000000000000041b
nk4a: probe dm va=0x0xffff808000200000 -> pa=0x0x0000000000200000 fl=0x0x0000000000000413
nk4a: cr3-done-0x0x000000001dfde000
nk4a: sa1-after cr3=0x0x000000001dfde000
nk4a: pre-restore- rip=0x00000000002014ad rsp=0x00007fffffffc0b8 rbx=0x0000000000010001
nk4a: vs0x00000000000000da rip=0x0x00000000002014ad
nk4a: vm-pf recv
nk4a: vm-pf bytes 0000000000000000
nk4a: pick->0x0000000000000002
nk4a: sa0-0x0000000000000002 root=0x0x00000000034c1000 cur=0x0x000000001dfde000
nk4a: gs2 gsbase=0x0x000000001dd31d50
nk4a: probe text va=0x0x000000001dbf2000 -> pa=0x0x000000001dbf2000 fl=0x0x000000000000001b
nk4a: probe stk va=0x0xffff8000003ff000 -> pa=0x0x00000000003ff000 fl=0x0x0000000000000013
nk4a: probe dm va=0x0xffff808000200000 -> pa=0x0x0000000000200000 fl=0x0x0000000000000013
nk4a: cr3-done-0x0x00000000034c1000
nk4a: sa1-after cr3=0x0x00000000034c1000
nk4a: pre-restore- rip=0x0000000000227b29 rsp=0x00007fffffffb178 rbx=0x000000000022e000
nk4a: pick->0x0000000000000008
nk4a: sa0-0x0000000000000008 root=0x0x000000001dfde000 cur=0x0x00000000034c1000
nk4a: gs2 gsbase=0x0x000000001dd31d50
nk4a: probe text va=0x0x000000001dbf2000 -> pa=0x0x000000001dbf2000 fl=0x0x000000000000041b
nk4a: probe stk va=0x0xffff8000003ff000 -> pa=0x0x00000000003ff000 fl=0x0x000000000000041b
nk4a: probe dm va=0x0xffff808000200000 -> pa=0x0x0000000000200000 fl=0x0x0000000000000413
nk4a: cr3-done-0x0x000000001dfde000
nk4a: sa1-after cr3=0x0x000000001dfde000
nk4a: pre-restore- rip=0x00000000002014ad rsp=0x00007fffffffc0b8 rbx=0x0000000000010001
nk4a: vm-pf recv
nk4a: vm-pf bytes 0000000000000000
nk4a: pick->0x0000000000000002
nk4a: sa0-0x0000000000000002 root=0x0x00000000034c1000 cur=0x0x000000001dfde000
nk4a: gs2 gsbase=0x0x000000001dd31d50
nk4a: probe text va=0x0x000000001dbf2000 -> pa=0x0x000000001dbf2000 fl=0x0x000000000000001b
nk4a: probe stk va=0x0xffff8000003ff000 -> pa=0x0x00000000003ff000 fl=0x0x0000000000000013
nk4a: probe dm va=0x0xffff808000200000 -> pa=0x0x0000000000200000 fl=0x0x0000000000000013
nk4a: cr3-done-0x0x00000000034c1000
nk4a: sa1-after cr3=0x0x00000000034c1000
nk4a: pre-restore- rip=0x0000000000227b29 rsp=0x00007fffffffb178 rbx=0x000000000022e000
nk4a: vs0x00000000000000de rip=0x0x0000000000227b29
nk4a: pick->0x0000000000000008
nk4a: sa0-0x0000000000000008 root=0x0x000000001dfde000 cur=0x0x00000000034c1000
nk4a: gs2 gsbase=0x0x000000001dd31d50
nk4a: probe text va=0x0x000000001dbf2000 -> pa=0x0x000000001dbf2000 fl=0x0x000000000000041b
nk4a: probe stk va=0x0xffff8000003ff000 -> pa=0x0x00000000003ff000 fl=0x0x000000000000041b
nk4a: probe dm va=0x0xffff808000200000 -> pa=0x0x0000000000200000 fl=0x0x0000000000000413
nk4a: cr3-done-0x0x000000001dfde000
nk4a: sa1-after cr3=0x0x000000001dfde000
nk4a: pre-restore- rip=0x00000000002014ad rsp=0x00007fffffffc0b8 rbx=0x0000000000010001
nk4a: vm-pf recv
nk4a: vm-pf bytes 0000000000000000
nk4a: pick->0x0000000000000002
nk4a: sa0-0x0000000000000002 root=0x0x00000000034c1000 cur=0x0x000000001dfde000
nk4a: gs2 gsbase=0x0x000000001dd31d50
nk4a: probe text va=0x0x000000001dbf2000 -> pa=0x0x000000001dbf2000 fl=0x0x000000000000001b
nk4a: probe stk va=0x0xffff8000003ff000 -> pa=0x0x00000000003ff000 fl=0x0x0000000000000013
nk4a: probe dm va=0x0xffff808000200000 -> pa=0x0x0000000000200000 fl=0x0x0000000000000013
nk4a: cr3-done-0x0x00000000034c1000
nk4a: sa1-after cr3=0x0x00000000034c1000
nk4a: pre-restore- rip=0x0000000000227b29 rsp=0x00007fffffffb178 rbx=0x000000000022e000
nk4a: vs0x00000000000000e1 rip=0x0x0000000000227b29
nk4a: pick->0x0000000000000008
nk4a: sa0-0x0000000000000008 root=0x0x000000001dfde000 cur=0x0x00000000034c1000
nk4a: gs2 gsbase=0x0x000000001dd31d50
nk4a: probe text va=0x0x000000001dbf2000 -> pa=0x0x000000001dbf2000 fl=0x0x000000000000041b
nk4a: probe stk va=0x0xffff8000003ff000 -> pa=0x0x00000000003ff000 fl=0x0x000000000000041b
nk4a: probe dm va=0x0xffff808000200000 -> pa=0x0x0000000000200000 fl=0x0x0000000000000413
nk4a: cr3-done-0x0x000000001dfde000
nk4a: sa1-after cr3=0x0x000000001dfde000
nk4a: pre-restore- rip=0x00000000002014ad rsp=0x00007fffffffc0b8 rbx=0x0000000000010001
nk4a: vm-pf recv
nk4a: vm-pf bytes 0000000000000000
nk4a: pick->0x0000000000000002
nk4a: sa0-0x0000000000000002 root=0x0x00000000034c1000 cur=0x0x000000001dfde000
nk4a: gs2 gsbase=0x0x000000001dd31d50
nk4a: probe text va=0x0x000000001dbf2000 -> pa=0x0x000000001dbf2000 fl=0x0x000000000000001b
nk4a: probe stk va=0x0xffff8000003ff000 -> pa=0x0x00000000003ff000 fl=0x0x0000000000000013
nk4a: probe dm va=0x0xffff808000200000 -> pa=0x0x0000000000200000 fl=0x0x0000000000000013
nk4a: cr3-done-0x0x00000000034c1000
nk4a: sa1-after cr3=0x0x00000000034c1000
nk4a: pre-restore- rip=0x0000000000227b29 rsp=0x00007fffffffb178 rbx=0x000000000022e000
nk4a: vs0x00000000000000e4 rip=0x0x0000000000227b29
nk4a: pick->0x0000000000000008
nk4a: sa0-0x0000000000000008 root=0x0x000000001dfde000 cur=0x0x00000000034c1000
nk4a: gs2 gsbase=0x0x000000001dd31d50
nk4a: probe text va=0x0x000000001dbf2000 -> pa=0x0x000000001dbf2000 fl=0x0x000000000000041b
nk4a: probe stk va=0x0xffff8000003ff000 -> pa=0x0x00000000003ff000 fl=0x0x000000000000041b
nk4a: probe dm va=0x0xffff808000200000 -> pa=0x0x0000000000200000 fl=0x0x0000000000000413
nk4a: cr3-done-0x0x000000001dfde000
nk4a: sa1-after cr3=0x0x000000001dfde000
nk4a: pre-restore- rip=0x00000000002014ad rsp=0x00007fffffffc0b8 rbx=0x0000000000010001
nk4a: vm-pf recv
nk4a: vm-pf bytes 0000000000000000
nk4a: pick->0x0000000000000002
nk4a: sa0-0x0000000000000002 root=0x0x00000000034c1000 cur=0x0x000000001dfde000
nk4a: gs2 gsbase=0x0x000000001dd31d50
nk4a: probe text va=0x0x000000001dbf2000 -> pa=0x0x000000001dbf2000 fl=0x0x000000000000001b
nk4a: probe stk va=0x0xffff8000003ff000 -> pa=0x0x00000000003ff000 fl=0x0x0000000000000013
nk4a: probe dm va=0x0xffff808000200000 -> pa=0x0x0000000000200000 fl=0x0x0000000000000013
nk4a: cr3-done-0x0x00000000034c1000
nk4a: sa1-after cr3=0x0x00000000034c1000
nk4a: pre-restore- rip=0x0000000000227b29 rsp=0x00007fffffffb178 rbx=0x000000000022e000
nk4a: pick->0x0000000000000008
nk4a: sa0-0x0000000000000008 root=0x0x000000001dfde000 cur=0x0x00000000034c1000
nk4a: gs2 gsbase=0x0x000000001dd31d50
nk4a: probe text va=0x0x000000001dbf2000 -> pa=0x0x000000001dbf2000 fl=0x0x000000000000041b
nk4a: probe stk va=0x0xffff8000003ff000 -> pa=0x0x00000000003ff000 fl=0x0x000000000000041b
nk4a: probe dm va=0x0xffff808000200000 -> pa=0x0x0000000000200000 fl=0x0x0000000000000413
nk4a: cr3-done-0x0x000000001dfde000
nk4a: sa1-after cr3=0x0x000000001dfde000
nk4a: pre-restore- rip=0x00000000002014ad rsp=0x00007fffffffc0b8 rbx=0x0000000000010001
nk4a: vs0x00000000000000e8 rip=0x0x00000000002014ad
nk4a: vm-pf recv
nk4a: vm-pf bytes 0000000000000000
nk4a: pick->0x0000000000000002
nk4a: sa0-0x0000000000000002 root=0x0x00000000034c1000 cur=0x0x000000001dfde000
nk4a: gs2 gsbase=0x0x000000001dd31d50
nk4a: probe text va=0x0x000000001dbf2000 -> pa=0x0x000000001dbf2000 fl=0x0x000000000000001b
nk4a: probe stk va=0x0xffff8000003ff000 -> pa=0x0x00000000003ff000 fl=0x0x0000000000000013
nk4a: probe dm va=0x0xffff808000200000 -> pa=0x0x0000000000200000 fl=0x0x0000000000000013
nk4a: cr3-done-0x0x00000000034c1000
nk4a: sa1-after cr3=0x0x00000000034c1000
nk4a: pre-restore- rip=0x0000000000227b29 rsp=0x00007fffffffb178 rbx=0x000000000022e000
nk4a: pick->0x0000000000000008
nk4a: sa0-0x0000000000000008 root=0x0x000000001dfde000 cur=0x0x00000000034c1000
nk4a: gs2 gsbase=0x0x000000001dd31d50
nk4a: probe text va=0x0x000000001dbf2000 -> pa=0x0x000000001dbf2000 fl=0x0x000000000000041b
nk4a: probe stk va=0x0xffff8000003ff000 -> pa=0x0x00000000003ff000 fl=0x0x000000000000041b
nk4a: probe dm va=0x0xffff808000200000 -> pa=0x0x0000000000200000 fl=0x0x0000000000000413
nk4a: cr3-done-0x0x000000001dfde000
nk4a: sa1-after cr3=0x0x000000001dfde000
nk4a: pre-restore- rip=0x00000000002014ad rsp=0x00007fffffffc0b8 rbx=0x0000000000010001
nk4a: vs0x00000000000000eb rip=0x0x00000000002014ad
nk4a: vm-pf recv
nk4a: vm-pf bytes 0000000000000000
nk4a: pick->0x0000000000000002
nk4a: sa0-0x0000000000000002 root=0x0x00000000034c1000 cur=0x0x000000001dfde000
nk4a: gs2 gsbase=0x0x000000001dd31d50
nk4a: probe text va=0x0x000000001dbf2000 -> pa=0x0x000000001dbf2000 fl=0x0x000000000000001b
nk4a: probe stk va=0x0xffff8000003ff000 -> pa=0x0x00000000003ff000 fl=0x0x0000000000000013
nk4a: probe dm va=0x0xffff808000200000 -> pa=0x0x0000000000200000 fl=0x0x0000000000000013
nk4a: cr3-done-0x0x00000000034c1000
nk4a: sa1-after cr3=0x0x00000000034c1000
nk4a: pre-restore- rip=0x0000000000227b29 rsp=0x00007fffffffb178 rbx=0x000000000022e000
nk4a: pick->0x0000000000000008
nk4a: sa0-0x0000000000000008 root=0x0x000000001dfde000 cur=0x0x00000000034c1000
nk4a: gs2 gsbase=0x0x000000001dd31d50
nk4a: probe text va=0x0x000000001dbf2000 -> pa=0x0x000000001dbf2000 fl=0x0x000000000000041b
nk4a: probe stk va=0x0xffff8000003ff000 -> pa=0x0x00000000003ff000 fl=0x0x000000000000041b
nk4a: probe dm va=0x0xffff808000200000 -> pa=0x0x0000000000200000 fl=0x0x0000000000000413
nk4a: cr3-done-0x0x000000001dfde000
nk4a: sa1-after cr3=0x0x000000001dfde000
nk4a: pre-restore- rip=0x00000000002014ad rsp=0x00007fffffffc0b8 rbx=0x0000000000010001
nk4a: vm-pf recv
nk4a: vm-pf bytes 0000000000000000
nk4a: pick->0x0000000000000002
nk4a: sa0-0x0000000000000002 root=0x0x00000000034c1000 cur=0x0x000000001dfde000
nk4a: gs2 gsbase=0x0x000000001dd31d50
nk4a: probe text va=0x0x000000001dbf2000 -> pa=0x0x000000001dbf2000 fl=0x0x000000000000001b
nk4a: probe stk va=0x0xffff8000003ff000 -> pa=0x0x00000000003ff000 fl=0x0x0000000000000013
nk4a: probe dm va=0x0xffff808000200000 -> pa=0x0x0000000000200000 fl=0x0x0000000000000013
nk4a: cr3-done-0x0x00000000034c1000
nk4a: sa1-after cr3=0x0x00000000034c1000
nk4a: pre-restore- rip=0x0000000000227b29 rsp=0x00007fffffffb178 rbx=0x000000000022e000
nk4a: vs0x00000000000000ef rip=0x0x0000000000227b29
nk4a: pick->0x0000000000000008
nk4a: sa0-0x0000000000000008 root=0x0x000000001dfde000 cur=0x0x00000000034c1000
nk4a: gs2 gsbase=0x0x000000001dd31d50
nk4a: probe text va=0x0x000000001dbf2000 -> pa=0x0x000000001dbf2000 fl=0x0x000000000000041b
nk4a: probe stk va=0x0xffff8000003ff000 -> pa=0x0x00000000003ff000 fl=0x0x000000000000041b
nk4a: probe dm va=0x0xffff808000200000 -> pa=0x0x0000000000200000 fl=0x0x0000000000000413
nk4a: cr3-done-0x0x000000001dfde000
nk4a: sa1-after cr3=0x0x000000001dfde000
nk4a: pre-restore- rip=0x00000000002014ad rsp=0x00007fffffffc0b8 rbx=0x0000000000010001
nk4a: vm-pf recv
nk4a: vm-pf bytes 0000000000000000
nk4a: pick->0x0000000000000002
nk4a: sa0-0x0000000000000002 root=0x0x00000000034c1000 cur=0x0x000000001dfde000
nk4a: gs2 gsbase=0x0x000000001dd31d50
nk4a: probe text va=0x0x000000001dbf2000 -> pa=0x0x000000001dbf2000 fl=0x0x000000000000001b
nk4a: probe stk va=0x0xffff8000003ff000 -> pa=0x0x00000000003ff000 fl=0x0x0000000000000013
nk4a: probe dm va=0x0xffff808000200000 -> pa=0x0x0000000000200000 fl=0x0x0000000000000013
nk4a: cr3-done-0x0x00000000034c1000
nk4a: sa1-after cr3=0x0x00000000034c1000
nk4a: pre-restore- rip=0x0000000000227b29 rsp=0x00007fffffffb178 rbx=0x000000000022e000
nk4a: pick->0x0000000000000008
nk4a: sa0-0x0000000000000008 root=0x0x000000001dfde000 cur=0x0x00000000034c1000
nk4a: gs2 gsbase=0x0x000000001dd31d50
nk4a: probe text va=0x0x000000001dbf2000 -> pa=0x0x000000001dbf2000 fl=0x0x000000000000041b
nk4a: probe stk va=0x0xffff8000003ff000 -> pa=0x0x00000000003ff000 fl=0x0x000000000000041b
nk4a: probe dm va=0x0xffff808000200000 -> pa=0x0x0000000000200000 fl=0x0x0000000000000413
nk4a: cr3-done-0x0x000000001dfde000
nk4a: sa1-after cr3=0x0x000000001dfde000
nk4a: pre-restore- rip=0x00000000002014ad rsp=0x00007fffffffc0b8 rbx=0x0000000000010001
nk4a: vs0x00000000000000f3 rip=0x0x00000000002014ad
nk4a: vm-pf recv
nk4a: vm-pf bytes 0000000000000000
nk4a: pick->0x0000000000000002
nk4a: sa0-0x0000000000000002 root=0x0x00000000034c1000 cur=0x0x000000001dfde000
nk4a: gs2 gsbase=0x0x000000001dd31d50
nk4a: probe text va=0x0x000000001dbf2000 -> pa=0x0x000000001dbf2000 fl=0x0x000000000000001b
nk4a: probe stk va=0x0xffff8000003ff000 -> pa=0x0x00000000003ff000 fl=0x0x0000000000000013
nk4a: probe dm va=0x0xffff808000200000 -> pa=0x0x0000000000200000 fl=0x0x0000000000000013
nk4a: cr3-done-0x0x00000000034c1000
nk4a: sa1-after cr3=0x0x00000000034c1000
nk4a: pre-restore- rip=0x0000000000227b29 rsp=0x00007fffffffb178 rbx=0x000000000022e000
nk4a: pick->0x0000000000000008
nk4a: sa0-0x0000000000000008 root=0x0x000000001dfde000 cur=0x0x00000000034c1000
nk4a: gs2 gsbase=0x0x000000001dd31d50
nk4a: probe text va=0x0x000000001dbf2000 -> pa=0x0x000000001dbf2000 fl=0x0x000000000000041b
nk4a: probe stk va=0x0xffff8000003ff000 -> pa=0x0x00000000003ff000 fl=0x0x000000000000041b
nk4a: probe dm va=0x0xffff808000200000 -> pa=0x0x0000000000200000 fl=0x0x0000000000000413
nk4a: cr3-done-0x0x000000001dfde000
nk4a: sa1-after cr3=0x0x000000001dfde000
nk4a: pre-restore- rip=0x00000000002014ad rsp=0x00007fffffffc0b8 rbx=0x0000000000010001
nk4a: vs0x00000000000000f6 rip=0x0x00000000002014ad
nk4a: vm-pf recv
nk4a: vm-pf bytes 0000000000000000
nk4a: pick->0x0000000000000002
nk4a: sa0-0x0000000000000002 root=0x0x00000000034c1000 cur=0x0x000000001dfde000
nk4a: gs2 gsbase=0x0x000000001dd31d50
nk4a: probe text va=0x0x000000001dbf2000 -> pa=0x0x000000001dbf2000 fl=0x0x000000000000001b
nk4a: probe stk va=0x0xffff8000003ff000 -> pa=0x0x00000000003ff000 fl=0x0x0000000000000013
nk4a: probe dm va=0x0xffff808000200000 -> pa=0x0x0000000000200000 fl=0x0x0000000000000013
nk4a: cr3-done-0x0x00000000034c1000
nk4a: sa1-after cr3=0x0x00000000034c1000
nk4a: pre-restore- rip=0x0000000000227b29 rsp=0x00007fffffffb178 rbx=0x000000000022e000
nk4a: pick->0x0000000000000008
nk4a: sa0-0x0000000000000008 root=0x0x000000001dfde000 cur=0x0x00000000034c1000
nk4a: gs2 gsbase=0x0x000000001dd31d50
nk4a: probe text va=0x0x000000001dbf2000 -> pa=0x0x000000001dbf2000 fl=0x0x000000000000041b
nk4a: probe stk va=0x0xffff8000003ff000 -> pa=0x0x00000000003ff000 fl=0x0x000000000000041b
nk4a: probe dm va=0x0xffff808000200000 -> pa=0x0x0000000000200000 fl=0x0x0000000000000413
nk4a: cr3-done-0x0x000000001dfde000
nk4a: sa1-after cr3=0x0x000000001dfde000
nk4a: pre-restore- rip=0x00000000002014ad rsp=0x00007fffffffc0b8 rbx=0x0000000000010001
nk4a: vs0x00000000000000f9 rip=0x0x00000000002014ad
nk4a: vm-pf recv
nk4a: vm-pf bytes 0000000000000000
nk4a: pick->0x0000000000000002
nk4a: sa0-0x0000000000000002 root=0x0x00000000034c1000 cur=0x0x000000001dfde000
nk4a: gs2 gsbase=0x0x000000001dd31d50
nk4a: probe text va=0x0x000000001dbf2000 -> pa=0x0x000000001dbf2000 fl=0x0x000000000000001b
nk4a: probe stk va=0x0xffff8000003ff000 -> pa=0x0x00000000003ff000 fl=0x0x0000000000000013
nk4a: probe dm va=0x0xffff808000200000 -> pa=0x0x0000000000200000 fl=0x0x0000000000000013
nk4a: cr3-done-0x0x00000000034c1000
nk4a: sa1-after cr3=0x0x00000000034c1000
nk4a: pre-restore- rip=0x0000000000227b29 rsp=0x00007fffffffb178 rbx=0x000000000022e000
nk4a: pick->0x0000000000000008
nk4a: sa0-0x0000000000000008 root=0x0x000000001dfde000 cur=0x0x00000000034c1000
nk4a: gs2 gsbase=0x0x000000001dd31d50
nk4a: probe text va=0x0x000000001dbf2000 -> pa=0x0x000000001dbf2000 fl=0x0x000000000000041b
nk4a: probe stk va=0x0xffff8000003ff000 -> pa=0x0x00000000003ff000 fl=0x0x000000000000041b
nk4a: probe dm va=0x0xffff808000200000 -> pa=0x0x0000000000200000 fl=0x0x0000000000000413
nk4a: cr3-done-0x0x000000001dfde000
nk4a: sa1-after cr3=0x0x000000001dfde000
nk4a: pre-restore- rip=0x00000000002014ad rsp=0x00007fffffffc0b8 rbx=0x0000000000010001
nk4a: vm-pf recv
nk4a: vs0x00000000000000fc rip=0x0x000000000022fbf8
nk4a: vm-pf bytes 0000000000000000
nk4a: pick->0x0000000000000002
nk4a: sa0-0x0000000000000002 root=0x0x00000000034c1000 cur=0x0x000000001dfde000
nk4a: gs2 gsbase=0x0x000000001dd31d50
nk4a: probe text va=0x0x000000001dbf2000 -> pa=0x0x000000001dbf2000 fl=0x0x000000000000001b
nk4a: probe stk va=0x0xffff8000003ff000 -> pa=0x0x00000000003ff000 fl=0x0x0000000000000013
nk4a: probe dm va=0x0xffff808000200000 -> pa=0x0x0000000000200000 fl=0x0x0000000000000013
nk4a: cr3-done-0x0x00000000034c1000
nk4a: sa1-after cr3=0x0x00000000034c1000
nk4a: pre-restore- rip=0x0000000000227b29 rsp=0x00007fffffffb178 rbx=0x000000000022e000
nk4a: pick->0x0000000000000008
nk4a: sa0-0x0000000000000008 root=0x0x000000001dfde000 cur=0x0x00000000034c1000
nk4a: gs2 gsbase=0x0x000000001dd31d50
nk4a: probe text va=0x0x000000001dbf2000 -> pa=0x0x000000001dbf2000 fl=0x0x000000000000041b
nk4a: probe stk va=0x0xffff8000003ff000 -> pa=0x0x00000000003ff000 fl=0x0x000000000000041b
nk4a: probe dm va=0x0xffff808000200000 -> pa=0x0x0000000000200000 fl=0x0x0000000000000413
nk4a: cr3-done-0x0x000000001dfde000
nk4a: sa1-after cr3=0x0x000000001dfde000
nk4a: pre-restore- rip=0x00000000002014ad rsp=0x00007fffffffc0b8 rbx=0x0000000000010001
nk4a: vm-pf recv
nk4a: vm-pf bytes 0000000000000000
nk4a: pick->0x0000000000000002
nk4a: sa0-0x0000000000000002 root=0x0x00000000034c1000 cur=0x0x000000001dfde000
nk4a: gs2 gsbase=0x0x000000001dd31d50
nk4a: probe text va=0x0x000000001dbf2000 -> pa=0x0x000000001dbf2000 fl=0x0x000000000000001b
nk4a: probe stk va=0x0xffff8000003ff000 -> pa=0x0x00000000003ff000 fl=0x0x0000000000000013
nk4a: probe dm va=0x0xffff808000200000 -> pa=0x0x0000000000200000 fl=0x0x0000000000000013
nk4a: cr3-done-0x0x00000000034c1000
nk4a: sa1-after cr3=0x0x00000000034c1000
nk4a: pre-restore- rip=0x0000000000227b29 rsp=0x00007fffffffb178 rbx=0x000000000022e000
nk4a: vs0x0000000000000100 rip=0x0x0000000000227b29
nk4a: pick->0x0000000000000008
nk4a: sa0-0x0000000000000008 root=0x0x000000001dfde000 cur=0x0x00000000034c1000
nk4a: gs2 gsbase=0x0x000000001dd31d50
nk4a: probe text va=0x0x000000001dbf2000 -> pa=0x0x000000001dbf2000 fl=0x0x000000000000041b
nk4a: probe stk va=0x0xffff8000003ff000 -> pa=0x0x00000000003ff000 fl=0x0x000000000000041b
nk4a: probe dm va=0x0xffff808000200000 -> pa=0x0x0000000000200000 fl=0x0x0000000000000413
nk4a: cr3-done-0x0x000000001dfde000
nk4a: sa1-after cr3=0x0x000000001dfde000
nk4a: pre-restore- rip=0x00000000002014ad rsp=0x00007fffffffc0b8 rbx=0x0000000000010001
nk4a: vm-pf recv
nk4a: vm-pf bytes 0000000000000000
nk4a: pick->0x0000000000000002
nk4a: sa0-0x0000000000000002 root=0x0x00000000034c1000 cur=0x0x000000001dfde000
nk4a: gs2 gsbase=0x0x000000001dd31d50
nk4a: probe text va=0x0x000000001dbf2000 -> pa=0x0x000000001dbf2000 fl=0x0x000000000000001b
nk4a: probe stk va=0x0xffff8000003ff000 -> pa=0x0x00000000003ff000 fl=0x0x0000000000000013
nk4a: probe dm va=0x0xffff808000200000 -> pa=0x0x0000000000200000 fl=0x0x0000000000000013
nk4a: cr3-done-0x0x00000000034c1000
nk4a: sa1-after cr3=0x0x00000000034c1000
nk4a: pre-restore- rip=0x0000000000227b29 rsp=0x00007fffffffb178 rbx=0x000000000022e000
nk4a: vs0x0000000000000103 rip=0x0x0000000000227b29
nk4a: pick->0x0000000000000008
nk4a: sa0-0x0000000000000008 root=0x0x000000001dfde000 cur=0x0x00000000034c1000
nk4a: gs2 gsbase=0x0x000000001dd31d50
nk4a: probe text va=0x0x000000001dbf2000 -> pa=0x0x000000001dbf2000 fl=0x0x000000000000041b
nk4a: probe stk va=0x0xffff8000003ff000 -> pa=0x0x00000000003ff000 fl=0x0x000000000000041b
nk4a: probe dm va=0x0xffff808000200000 -> pa=0x0x0000000000200000 fl=0x0x0000000000000413
nk4a: cr3-done-0x0x000000001dfde000
nk4a: sa1-after cr3=0x0x000000001dfde000
nk4a: pre-restore- rip=0x00000000002014ad rsp=0x00007fffffffc0b8 rbx=0x0000000000010001
nk4a: vm-pf recv
nk4a: vm-pf bytes 0000000000000000
nk4a: pick->0x0000000000000002
nk4a: sa0-0x0000000000000002 root=0x0x00000000034c1000 cur=0x0x000000001dfde000
nk4a: gs2 gsbase=0x0x000000001dd31d50
nk4a: probe text va=0x0x000000001dbf2000 -> pa=0x0x000000001dbf2000 fl=0x0x000000000000001b
nk4a: probe stk va=0x0xffff8000003ff000 -> pa=0x0x00000000003ff000 fl=0x0x0000000000000013
nk4a: probe dm va=0x0xffff808000200000 -> pa=0x0x0000000000200000 fl=0x0x0000000000000013
nk4a: cr3-done-0x0x00000000034c1000
nk4a: sa1-after cr3=0x0x00000000034c1000
nk4a: pre-restore- rip=0x0000000000227b29 rsp=0x00007fffffffb178 rbx=0x000000000022e000
nk4a: vs0x0000000000000106 rip=0x0x0000000000227b29
nk4a: pick->0x0000000000000008
nk4a: sa0-0x0000000000000008 root=0x0x000000001dfde000 cur=0x0x00000000034c1000
nk4a: gs2 gsbase=0x0x000000001dd31d50
nk4a: probe text va=0x0x000000001dbf2000 -> pa=0x0x000000001dbf2000 fl=0x0x000000000000041b
nk4a: probe stk va=0x0xffff8000003ff000 -> pa=0x0x00000000003ff000 fl=0x0x000000000000041b
nk4a: probe dm va=0x0xffff808000200000 -> pa=0x0x0000000000200000 fl=0x0x0000000000000413
nk4a: cr3-done-0x0x000000001dfde000
nk4a: sa1-after cr3=0x0x000000001dfde000
nk4a: pre-restore- rip=0x00000000002014ad rsp=0x00007fffffffc0b8 rbx=0x0000000000010001
nk4a: vm-pf recv
nk4a: vm-pf bytes 0000000000000000
nk4a: pick->0x0000000000000002
nk4a: sa0-0x0000000000000002 root=0x0x00000000034c1000 cur=0x0x000000001dfde000
nk4a: gs2 gsbase=0x0x000000001dd31d50
nk4a: probe text va=0x0x000000001dbf2000 -> pa=0x0x000000001dbf2000 fl=0x0x000000000000001b
nk4a: probe stk va=0x0xffff8000003ff000 -> pa=0x0x00000000003ff000 fl=0x0x0000000000000013
nk4a: probe dm va=0x0xffff808000200000 -> pa=0x0x0000000000200000 fl=0x0x0000000000000013
nk4a: cr3-done-0x0x00000000034c1000
nk4a: sa1-after cr3=0x0x00000000034c1000
nk4a: pre-restore- rip=0x0000000000227b29 rsp=0x00007fffffffb178 rbx=0x000000000022e000
nk4a: pick->0x0000000000000008
nk4a: sa0-0x0000000000000008 root=0x0x000000001dfde000 cur=0x0x00000000034c1000
nk4a: gs2 gsbase=0x0x000000001dd31d50
nk4a: probe text va=0x0x000000001dbf2000 -> pa=0x0x000000001dbf2000 fl=0x0x000000000000041b
nk4a: probe stk va=0x0xffff8000003ff000 -> pa=0x0x00000000003ff000 fl=0x0x000000000000041b
nk4a: probe dm va=0x0xffff808000200000 -> pa=0x0x0000000000200000 fl=0x0x0000000000000413
nk4a: cr3-done-0x0x000000001dfde000
nk4a: sa1-after cr3=0x0x000000001dfde000
nk4a: pre-restore- rip=0x00000000002014ad rsp=0x00007fffffffc0b8 rbx=0x0000000000010001
nk4a: vs0x000000000000010a rip=0x0x00000000002014ad
nk4a: vm-pf recv
nk4a: vm-pf bytes 0000000000000000
nk4a: pick->0x0000000000000002
nk4a: sa0-0x0000000000000002 root=0x0x00000000034c1000 cur=0x0x000000001dfde000
nk4a: gs2 gsbase=0x0x000000001dd31d50
nk4a: probe text va=0x0x000000001dbf2000 -> pa=0x0x000000001dbf2000 fl=0x0x000000000000001b
nk4a: probe stk va=0x0xffff8000003ff000 -> pa=0x0x00000000003ff000 fl=0x0x0000000000000013
nk4a: probe dm va=0x0xffff808000200000 -> pa=0x0x0000000000200000 fl=0x0x0000000000000013
nk4a: cr3-done-0x0x00000000034c1000
nk4a: sa1-after cr3=0x0x00000000034c1000
nk4a: pre-restore- rip=0x0000000000227b29 rsp=0x00007fffffffb178 rbx=0x000000000022e000
nk4a: pick->0x0000000000000008
nk4a: sa0-0x0000000000000008 root=0x0x000000001dfde000 cur=0x0x00000000034c1000
nk4a: gs2 gsbase=0x0x000000001dd31d50
nk4a: probe text va=0x0x000000001dbf2000 -> pa=0x0x000000001dbf2000 fl=0x0x000000000000041b
nk4a: probe stk va=0x0xffff8000003ff000 -> pa=0x0x00000000003ff000 fl=0x0x000000000000041b
nk4a: probe dm va=0x0xffff808000200000 -> pa=0x0x0000000000200000 fl=0x0x0000000000000413
nk4a: cr3-done-0x0x000000001dfde000
nk4a: sa1-after cr3=0x0x000000001dfde000
nk4a: pre-restore- rip=0x00000000002014ad rsp=0x00007fffffffc0b8 rbx=0x0000000000010001
nk4a: vs0x000000000000010d rip=0x0x00000000002014ad
nk4a: vm-pf recv
nk4a: vm-pf bytes 0000000000000000
nk4a: pick->0x0000000000000002
nk4a: sa0-0x0000000000000002 root=0x0x00000000034c1000 cur=0x0x000000001dfde000
nk4a: gs2 gsbase=0x0x000000001dd31d50
nk4a: probe text va=0x0x000000001dbf2000 -> pa=0x0x000000001dbf2000 fl=0x0x000000000000001b
nk4a: probe stk va=0x0xffff8000003ff000 -> pa=0x0x00000000003ff000 fl=0x0x0000000000000013
nk4a: probe dm va=0x0xffff808000200000 -> pa=0x0x0000000000200000 fl=0x0x0000000000000013
nk4a: cr3-done-0x0x00000000034c1000
nk4a: sa1-after cr3=0x0x00000000034c1000
nk4a: pre-restore- rip=0x0000000000227b29 rsp=0x00007fffffffb178 rbx=0x000000000022e000
nk4a: pick->0x0000000000000008
nk4a: sa0-0x0000000000000008 root=0x0x000000001dfde000 cur=0x0x00000000034c1000
nk4a: gs2 gsbase=0x0x000000001dd31d50
nk4a: probe text va=0x0x000000001dbf2000 -> pa=0x0x000000001dbf2000 fl=0x0x000000000000041b
nk4a: probe stk va=0x0xffff8000003ff000 -> pa=0x0x00000000003ff000 fl=0x0x000000000000041b
nk4a: probe dm va=0x0xffff808000200000 -> pa=0x0x0000000000200000 fl=0x0x0000000000000413
nk4a: cr3-done-0x0x000000001dfde000
nk4a: sa1-after cr3=0x0x000000001dfde000
nk4a: pre-restore- rip=0x00000000002014ad rsp=0x00007fffffffc0b8 rbx=0x0000000000010001
nk4a: vs0x0000000000000110 rip=0x0x00000000002014ad
nk4a: vm-pf recv
nk4a: vm-pf bytes 0000000000000000
nk4a: pick->0x0000000000000002
nk4a: sa0-0x0000000000000002 root=0x0x00000000034c1000 cur=0x0x000000001dfde000
nk4a: gs2 gsbase=0x0x000000001dd31d50
nk4a: probe text va=0x0x000000001dbf2000 -> pa=0x0x000000001dbf2000 fl=0x0x000000000000001b
nk4a: probe stk va=0x0xffff8000003ff000 -> pa=0x0x00000000003ff000 fl=0x0x0000000000000013
nk4a: probe dm va=0x0xffff808000200000 -> pa=0x0x0000000000200000 fl=0x0x0000000000000013
nk4a: cr3-done-0x0x00000000034c1000
nk4a: sa1-after cr3=0x0x00000000034c1000
nk4a: pre-restore- rip=0x0000000000227b29 rsp=0x00007fffffffb178 rbx=0x000000000022e000
nk4a: pick->0x0000000000000008
nk4a: sa0-0x0000000000000008 root=0x0x000000001dfde000 cur=0x0x00000000034c1000
nk4a: gs2 gsbase=0x0x000000001dd31d50
nk4a: probe text va=0x0x000000001dbf2000 -> pa=0x0x000000001dbf2000 fl=0x0x000000000000041b
nk4a: probe stk va=0x0xffff8000003ff000 -> pa=0x0x00000000003ff000 fl=0x0x000000000000041b
nk4a: probe dm va=0x0xffff808000200000 -> pa=0x0x0000000000200000 fl=0x0x0000000000000413
nk4a: cr3-done-0x0x000000001dfde000
nk4a: sa1-after cr3=0x0x000000001dfde000
nk4a: pre-restore- rip=0x00000000002014ad rsp=0x00007fffffffc0b8 rbx=0x0000000000010001
nk4a: vs0x0000000000000113 rip=0x0x00000000002014ad
nk4a: vm-pf recv
nk4a: vm-pf bytes 0000000000000000
nk4a: pick->0x0000000000000002
nk4a: sa0-0x0000000000000002 root=0x0x00000000034c1000 cur=0x0x000000001dfde000
nk4a: gs2 gsbase=0x0x000000001dd31d50
nk4a: probe text va=0x0x000000001dbf2000 -> pa=0x0x000000001dbf2000 fl=0x0x000000000000001b
nk4a: probe stk va=0x0xffff8000003ff000 -> pa=0x0x00000000003ff000 fl=0x0x0000000000000013
nk4a: probe dm va=0x0xffff808000200000 -> pa=0x0x0000000000200000 fl=0x0x0000000000000013
nk4a: cr3-done-0x0x00000000034c1000
nk4a: sa1-after cr3=0x0x00000000034c1000
nk4a: pre-restore- rip=0x0000000000227b29 rsp=0x00007fffffffb178 rbx=0x000000000022e000
nk4a: rs-tr pf2 n=0x0000000000000032 rbx=0x00007fffffffc800 rip=0x0000000000215860
nk4a: pick->0x0000000000000008
nk4a: sa0-0x0000000000000008 root=0x0x000000001dfde000 cur=0x0x00000000034c1000
nk4a: gs2 gsbase=0x0x000000001dd31d50
nk4a: probe text va=0x0x000000001dbf2000 -> pa=0x0x000000001dbf2000 fl=0x0x000000000000041b
nk4a: probe stk va=0x0xffff8000003ff000 -> pa=0x0x00000000003ff000 fl=0x0x000000000000041b
nk4a: probe dm va=0x0xffff808000200000 -> pa=0x0x0000000000200000 fl=0x0x0000000000000413
nk4a: cr3-done-0x0x000000001dfde000
nk4a: sa1-after cr3=0x0x000000001dfde000
nk4a: pre-restore- rip=0x00000000002014ad rsp=0x00007fffffffc0b8 rbx=0x0000000000010001
nk4a: vm-pf recv
nk4a: vm-pf bytes 00488b9908030000
nk4a: pick->0x0000000000000002
nk4a: sa0-0x0000000000000002 root=0x0x00000000034c1000 cur=0x0x000000001dfde000
nk4a: gs2 gsbase=0x0x000000001dd31d50
nk4a: probe text va=0x0x000000001dbf2000 -> pa=0x0x000000001dbf2000 fl=0x0x000000000000001b
nk4a: probe stk va=0x0xffff8000003ff000 -> pa=0x0x00000000003ff000 fl=0x0x0000000000000013
nk4a: probe dm va=0x0xffff808000200000 -> pa=0x0x0000000000200000 fl=0x0x0000000000000013
nk4a: cr3-done-0x0x00000000034c1000
nk4a: sa1-after cr3=0x0x00000000034c1000
nk4a: pre-restore- rip=0x0000000000215860 rsp=0x00007fffffffb1b8 rbx=0x00007fffffffc800
nk4a: rs-tr rst n=0x0000000000000033 rbx=0x00007fffffffc800 rip=0x0000000000215860
nk4a: vs0x0000000000000117 rip=0x0x0000000000215860
nk4a: rs-tr irq n=0x0000000000000034 rbx=0x00007fffffffc800 rip=0x0000000000215860
nk4a: rs-tr pf2 n=0x0000000000000035 rbx=0x00007fffffffc800 rip=0x0000000000215884
nk4a: pick->0x0000000000000008
nk4a: sa0-0x0000000000000008 root=0x0x000000001dfde000 cur=0x0x00000000034c1000
nk4a: gs2 gsbase=0x0x000000001dd31d50
nk4a: probe text va=0x0x000000001dbf2000 -> pa=0x0x000000001dbf2000 fl=0x0x000000000000041b
nk4a: probe stk va=0x0xffff8000003ff000 -> pa=0x0x00000000003ff000 fl=0x0x000000000000041b
nk4a: probe dm va=0x0xffff808000200000 -> pa=0x0x0000000000200000 fl=0x0x0000000000000413
nk4a: cr3-done-0x0x000000001dfde000
nk4a: sa1-after cr3=0x0x000000001dfde000
nk4a: pre-restore- rip=0x00000000002014ad rsp=0x00007fffffffc0b8 rbx=0x0000000000010001
nk4a: vm-pf recv
nk4a: vm-pf bytes 0000000000000000
nk4a: pick->0x0000000000000002
nk4a: sa0-0x0000000000000002 root=0x0x00000000034c1000 cur=0x0x000000001dfde000
nk4a: gs2 gsbase=0x0x000000001dd31d50
nk4a: probe text va=0x0x000000001dbf2000 -> pa=0x0x000000001dbf2000 fl=0x0x000000000000001b
nk4a: probe stk va=0x0xffff8000003ff000 -> pa=0x0x00000000003ff000 fl=0x0x0000000000000013
nk4a: probe dm va=0x0xffff808000200000 -> pa=0x0x0000000000200000 fl=0x0x0000000000000013
nk4a: cr3-done-0x0x00000000034c1000
nk4a: sa1-after cr3=0x0x00000000034c1000
nk4a: pre-restore- rip=0x0000000000215884 rsp=0x00007fffffffad90 rbx=0x00007fffffffc800
nk4a: rs-tr rst n=0x0000000000000036 rbx=0x00007fffffffc800 rip=0x0000000000215884
nk4a: vs0x000000000000011a rip=0x0x0000000000215884
nk4a: rs-tr irq n=0x0000000000000037 rbx=0x00007fffffffc800 rip=0x0000000000215884
nk4a: rs-tr pf2 n=0x0000000000000038 rbx=0x000000000026d000 rip=0x0000000000227b29
nk4a: pick->0x0000000000000008
nk4a: sa0-0x0000000000000008 root=0x0x000000001dfde000 cur=0x0x00000000034c1000
nk4a: gs2 gsbase=0x0x000000001dd31d50
nk4a: probe text va=0x0x000000001dbf2000 -> pa=0x0x000000001dbf2000 fl=0x0x000000000000041b
nk4a: probe stk va=0x0xffff8000003ff000 -> pa=0x0x00000000003ff000 fl=0x0x000000000000041b
nk4a: probe dm va=0x0xffff808000200000 -> pa=0x0x0000000000200000 fl=0x0x0000000000000413
nk4a: cr3-done-0x0x000000001dfde000
nk4a: sa1-after cr3=0x0x000000001dfde000
nk4a: pre-restore- rip=0x00000000002014ad rsp=0x00007fffffffc0b8 rbx=0x0000000000010001
nk4a: vm-pf recv
nk4a: vm-pf bytes 0000000000000000
nk4a: pick->0x0000000000000002
nk4a: sa0-0x0000000000000002 root=0x0x00000000034c1000 cur=0x0x000000001dfde000
nk4a: gs2 gsbase=0x0x000000001dd31d50
nk4a: probe text va=0x0x000000001dbf2000 -> pa=0x0x000000001dbf2000 fl=0x0x000000000000001b
nk4a: probe stk va=0x0xffff8000003ff000 -> pa=0x0x00000000003ff000 fl=0x0x0000000000000013
nk4a: probe dm va=0x0xffff808000200000 -> pa=0x0x0000000000200000 fl=0x0x0000000000000013
nk4a: cr3-done-0x0x00000000034c1000
nk4a: sa1-after cr3=0x0x00000000034c1000
nk4a: pre-restore- rip=0x0000000000227b29 rsp=0x00007fffffffb178 rbx=0x000000000026d000
nk4a: rs-tr rst n=0x0000000000000039 rbx=0x000000000026d000 rip=0x0000000000227b29
nk4a: vs0x000000000000011d rip=0x0x0000000000227b29
nk4a: rs-tr irq n=0x000000000000003a rbx=0x000000000026d000 rip=0x0000000000227b29
nk4a: rs-tr pf2 n=0x000000000000003b rbx=0x00007fffffffc800 rip=0x0000000000217ffc
nk4a: pick->0x0000000000000008
nk4a: sa0-0x0000000000000008 root=0x0x000000001dfde000 cur=0x0x00000000034c1000
nk4a: gs2 gsbase=0x0x000000001dd31d50
nk4a: probe text va=0x0x000000001dbf2000 -> pa=0x0x000000001dbf2000 fl=0x0x000000000000041b
nk4a: probe stk va=0x0xffff8000003ff000 -> pa=0x0x00000000003ff000 fl=0x0x000000000000041b
nk4a: probe dm va=0x0xffff808000200000 -> pa=0x0x0000000000200000 fl=0x0x0000000000000413
nk4a: cr3-done-0x0x000000001dfde000
nk4a: sa1-after cr3=0x0x000000001dfde000
nk4a: pre-restore- rip=0x00000000002014ad rsp=0x00007fffffffc0b8 rbx=0x0000000000010001
nk4a: vm-pf recv
nk4a: vm-pf bytes 0800000000000048
nk4a: pick->0x0000000000000002
nk4a: sa0-0x0000000000000002 root=0x0x00000000034c1000 cur=0x0x000000001dfde000
nk4a: gs2 gsbase=0x0x000000001dd31d50
nk4a: probe text va=0x0x000000001dbf2000 -> pa=0x0x000000001dbf2000 fl=0x0x000000000000001b
nk4a: probe stk va=0x0xffff8000003ff000 -> pa=0x0x00000000003ff000 fl=0x0x0000000000000013
nk4a: probe dm va=0x0xffff808000200000 -> pa=0x0x0000000000200000 fl=0x0x0000000000000013
nk4a: cr3-done-0x0x00000000034c1000
nk4a: sa1-after cr3=0x0x00000000034c1000
nk4a: pre-restore- rip=0x0000000000217ffc rsp=0x00007fffffffb1c0 rbx=0x00007fffffffc800
nk4a: rs-tr rst n=0x000000000000003c rbx=0x00007fffffffc800 rip=0x0000000000217ffc
nk4a: vs0x0000000000000120 rip=0x0x0000000000217ffc
nk4a: rs-tr irq n=0x000000000000003d rbx=0x00007fffffffc800 rip=0x0000000000217ffc
nk4a: rs-tr pf2 n=0x000000000000003e rbx=0x00007fffffffc800 rip=0x0000000000209620
nk4a: pick->0x0000000000000008
nk4a: sa0-0x0000000000000008 root=0x0x000000001dfde000 cur=0x0x00000000034c1000
nk4a: gs2 gsbase=0x0x000000001dd31d50
nk4a: probe text va=0x0x000000001dbf2000 -> pa=0x0x000000001dbf2000 fl=0x0x000000000000041b
nk4a: probe stk va=0x0xffff8000003ff000 -> pa=0x0x00000000003ff000 fl=0x0x000000000000041b
nk4a: probe dm va=0x0xffff808000200000 -> pa=0x0x0000000000200000 fl=0x0x0000000000000413
nk4a: cr3-done-0x0x000000001dfde000
nk4a: sa1-after cr3=0x0x000000001dfde000
nk4a: pre-restore- rip=0x00000000002014ad rsp=0x00007fffffffc0b8 rbx=0x0000000000010001
nk4a: vm-pf recv
nk4a: vm-pf bytes 440fb7b410a00f00
nk4a: pick->0x0000000000000002
nk4a: sa0-0x0000000000000002 root=0x0x00000000034c1000 cur=0x0x000000001dfde000
nk4a: gs2 gsbase=0x0x000000001dd31d50
nk4a: probe text va=0x0x000000001dbf2000 -> pa=0x0x000000001dbf2000 fl=0x0x000000000000001b
nk4a: probe stk va=0x0xffff8000003ff000 -> pa=0x0x00000000003ff000 fl=0x0x0000000000000013
nk4a: probe dm va=0x0xffff808000200000 -> pa=0x0x0000000000200000 fl=0x0x0000000000000013
nk4a: cr3-done-0x0x00000000034c1000
nk4a: sa1-after cr3=0x0x00000000034c1000
nk4a: pre-restore- rip=0x0000000000209620 rsp=0x00007fffffffc388 rbx=0x00007fffffffc800
nk4a: rs-tr rst n=0x000000000000003f rbx=0x00007fffffffc800 rip=0x0000000000209620
nk4a: vs0x0000000000000123 rip=0x0x0000000000209620
nk4a: pick->0x0000000000000008
nk4a: sa0-0x0000000000000008 root=0x0x000000001dfde000 cur=0x0x00000000034c1000
nk4a: gs2 gsbase=0x0x000000001dd31d50
nk4a: probe text va=0x0x000000001dbf2000 -> pa=0x0x000000001dbf2000 fl=0x0x000000000000041b
nk4a: probe stk va=0x0xffff8000003ff000 -> pa=0x0x00000000003ff000 fl=0x0x000000000000041b
nk4a: probe dm va=0x0xffff808000200000 -> pa=0x0x0000000000200000 fl=0x0x0000000000000413
nk4a: cr3-done-0x0x000000001dfde000
nk4a: sa1-after cr3=0x0x000000001dfde000
nk4a: pre-restore- rip=0x00000000002014ad rsp=0x00007fffffffc0b8 rbx=0x0000000000010001
nk4a: vm-pf recv
nk4a: vm-pf bytes 0800000000000000
nk4a: pick->0x0000000000000002
nk4a: sa0-0x0000000000000002 root=0x0x00000000034c1000 cur=0x0x000000001dfde000
nk4a: gs2 gsbase=0x0x000000001dd31d50
nk4a: probe text va=0x0x000000001dbf2000 -> pa=0x0x000000001dbf2000 fl=0x0x000000000000001b
nk4a: probe stk va=0x0xffff8000003ff000 -> pa=0x0x00000000003ff000 fl=0x0x0000000000000013
nk4a: probe dm va=0x0xffff808000200000 -> pa=0x0x0000000000200000 fl=0x0x0000000000000013
nk4a: cr3-done-0x0x00000000034c1000
nk4a: sa1-after cr3=0x0x00000000034c1000
nk4a: pre-restore- rip=0x000000000020c871 rsp=0x00007fffffff9e00 rbx=0x00007fffffffc800
nk4a: pick->0x0000000000000008
nk4a: sa0-0x0000000000000008 root=0x0x000000001dfde000 cur=0x0x00000000034c1000
nk4a: gs2 gsbase=0x0x000000001dd31d50
nk4a: probe text va=0x0x000000001dbf2000 -> pa=0x0x000000001dbf2000 fl=0x0x000000000000041b
nk4a: probe stk va=0x0xffff8000003ff000 -> pa=0x0x00000000003ff000 fl=0x0x000000000000041b
nk4a: probe dm va=0x0xffff808000200000 -> pa=0x0x0000000000200000 fl=0x0x0000000000000413
nk4a: cr3-done-0x0x000000001dfde000
nk4a: sa1-after cr3=0x0x000000001dfde000
nk4a: pre-restore- rip=0x00000000002014ad rsp=0x00007fffffffc0b8 rbx=0x0000000000010001
nk4a: vs0x0000000000000127 rip=0x0x00000000002014ad
nk4a: vm-pf recv
nk4a: vm-pf bytes 0000000000000000
nk4a: pick->0x0000000000000002
nk4a: sa0-0x0000000000000002 root=0x0x00000000034c1000 cur=0x0x000000001dfde000
nk4a: gs2 gsbase=0x0x000000001dd31d50
nk4a: probe text va=0x0x000000001dbf2000 -> pa=0x0x000000001dbf2000 fl=0x0x000000000000001b
nk4a: probe stk va=0x0xffff8000003ff000 -> pa=0x0x00000000003ff000 fl=0x0x0000000000000013
nk4a: probe dm va=0x0xffff808000200000 -> pa=0x0x0000000000200000 fl=0x0x0000000000000013
nk4a: cr3-done-0x0x00000000034c1000
nk4a: sa1-after cr3=0x0x00000000034c1000
nk4a: pre-restore- rip=0x000000000020c871 rsp=0x00007fffffff9e00 rbx=0x00007fffffffc800
nk4a: pick->0x0000000000000008
nk4a: sa0-0x0000000000000008 root=0x0x000000001dfde000 cur=0x0x00000000034c1000
nk4a: gs2 gsbase=0x0x000000001dd31d50
nk4a: probe text va=0x0x000000001dbf2000 -> pa=0x0x000000001dbf2000 fl=0x0x000000000000041b
nk4a: probe stk va=0x0xffff8000003ff000 -> pa=0x0x00000000003ff000 fl=0x0x000000000000041b
nk4a: probe dm va=0x0xffff808000200000 -> pa=0x0x0000000000200000 fl=0x0x0000000000000413
nk4a: cr3-done-0x0x000000001dfde000
nk4a: sa1-after cr3=0x0x000000001dfde000
nk4a: pre-restore- rip=0x00000000002014ad rsp=0x00007fffffffc0b8 rbx=0x0000000000010001
nk4a: vs0x000000000000012a rip=0x0x00000000002014ad
nk4a: vm-pf recv
nk4a: vm-pf bytes 0048c74424700000
nk4a: pick->0x0000000000000002
nk4a: sa0-0x0000000000000002 root=0x0x00000000034c1000 cur=0x0x000000001dfde000
nk4a: gs2 gsbase=0x0x000000001dd31d50
nk4a: probe text va=0x0x000000001dbf2000 -> pa=0x0x000000001dbf2000 fl=0x0x000000000000001b
nk4a: probe stk va=0x0xffff8000003ff000 -> pa=0x0x00000000003ff000 fl=0x0x0000000000000013
nk4a: probe dm va=0x0xffff808000200000 -> pa=0x0x0000000000200000 fl=0x0x0000000000000013
nk4a: cr3-done-0x0x00000000034c1000
nk4a: sa1-after cr3=0x0x00000000034c1000
nk4a: pre-restore- rip=0x0000000000214950 rsp=0x00007fffffff9df8 rbx=0x00007fffffffc800
nk4a: kc0x0000000000000007 caller=0x0000000000000002 call=0x000000000000001a
nk4a: kc0x0000000000000008 caller=0x0000000000000002 call=0x000000000000001a
nk4a: pick->0x0000000000000008
nk4a: sa0-0x0000000000000008 root=0x0x000000001dfde000 cur=0x0x00000000034c1000
nk4a: gs2 gsbase=0x0x000000001dd31d50
nk4a: probe text va=0x0x000000001dbf2000 -> pa=0x0x000000001dbf2000 fl=0x0x000000000000041b
nk4a: probe stk va=0x0xffff8000003ff000 -> pa=0x0x00000000003ff000 fl=0x0x000000000000041b
nk4a: probe dm va=0x0xffff808000200000 -> pa=0x0x0000000000200000 fl=0x0x0000000000000413
nk4a: cr3-done-0x0x000000001dfde000
nk4a: sa1-after cr3=0x0x000000001dfde000
nk4a: pre-restore- rip=0x00000000002014ad rsp=0x00007fffffffc0b8 rbx=0x0000000000010001
nk4a: vs0x000000000000012d rip=0x0x00000000002014ad
nk4a: vm-pf recv
nk4a: vm-pf bytes 0000000000000000
nk4a: pick->0x0000000000000002
nk4a: sa0-0x0000000000000002 root=0x0x00000000034c1000 cur=0x0x000000001dfde000
nk4a: gs2 gsbase=0x0x000000001dd31d50
nk4a: probe text va=0x0x000000001dbf2000 -> pa=0x0x000000001dbf2000 fl=0x0x000000000000001b
nk4a: probe stk va=0x0xffff8000003ff000 -> pa=0x0x00000000003ff000 fl=0x0x0000000000000013
nk4a: probe dm va=0x0xffff808000200000 -> pa=0x0x0000000000200000 fl=0x0x0000000000000013
nk4a: cr3-done-0x0x00000000034c1000
nk4a: sa1-after cr3=0x0x00000000034c1000
nk4a: pre-restore- rip=0x00000000002172ec rsp=0x00007fffffff8de0 rbx=0x00007fffffffc800
nk4a: pick->0x0000000000000008
nk4a: sa0-0x0000000000000008 root=0x0x000000001dfde000 cur=0x0x00000000034c1000
nk4a: gs2 gsbase=0x0x000000001dd31d50
nk4a: probe text va=0x0x000000001dbf2000 -> pa=0x0x000000001dbf2000 fl=0x0x000000000000041b
nk4a: probe stk va=0x0xffff8000003ff000 -> pa=0x0x00000000003ff000 fl=0x0x000000000000041b
nk4a: probe dm va=0x0xffff808000200000 -> pa=0x0x0000000000200000 fl=0x0x0000000000000413
nk4a: cr3-done-0x0x000000001dfde000
nk4a: sa1-after cr3=0x0x000000001dfde000
nk4a: pre-restore- rip=0x00000000002014ad rsp=0x00007fffffffc0b8 rbx=0x0000000000010001
nk4a: vs0x0000000000000130 rip=0x0x00000000002014ad
nk4a: vm-pf recv
nk4a: vm-pf bytes 0000000000000000
nk4a: pick->0x0000000000000002
nk4a: sa0-0x0000000000000002 root=0x0x00000000034c1000 cur=0x0x000000001dfde000
nk4a: gs2 gsbase=0x0x000000001dd31d50
nk4a: probe text va=0x0x000000001dbf2000 -> pa=0x0x000000001dbf2000 fl=0x0x000000000000001b
nk4a: probe stk va=0x0xffff8000003ff000 -> pa=0x0x00000000003ff000 fl=0x0x0000000000000013
nk4a: probe dm va=0x0xffff808000200000 -> pa=0x0x0000000000200000 fl=0x0x0000000000000013
nk4a: cr3-done-0x0x00000000034c1000
nk4a: sa1-after cr3=0x0x00000000034c1000
nk4a: pre-restore- rip=0x0000000000227b29 rsp=0x00007fffffff8d68 rbx=0x000000000026e000
nk4a: pick->0x0000000000000008
nk4a: sa0-0x0000000000000008 root=0x0x000000001dfde000 cur=0x0x00000000034c1000
nk4a: gs2 gsbase=0x0x000000001dd31d50
nk4a: probe text va=0x0x000000001dbf2000 -> pa=0x0x000000001dbf2000 fl=0x0x000000000000041b
nk4a: probe stk va=0x0xffff8000003ff000 -> pa=0x0x00000000003ff000 fl=0x0x000000000000041b
nk4a: probe dm va=0x0xffff808000200000 -> pa=0x0x0000000000200000 fl=0x0x0000000000000413
nk4a: cr3-done-0x0x000000001dfde000
nk4a: sa1-after cr3=0x0x000000001dfde000
nk4a: pre-restore- rip=0x00000000002014ad rsp=0x00007fffffffc0b8 rbx=0x0000000000010001
nk4a: vm-pf recv
nk4a: vm-pf bytes 0000000000000000
nk4a: pick->0x0000000000000002
nk4a: sa0-0x0000000000000002 root=0x0x00000000034c1000 cur=0x0x000000001dfde000
nk4a: gs2 gsbase=0x0x000000001dd31d50
nk4a: probe text va=0x0x000000001dbf2000 -> pa=0x0x000000001dbf2000 fl=0x0x000000000000001b
nk4a: probe stk va=0x0xffff8000003ff000 -> pa=0x0x00000000003ff000 fl=0x0x0000000000000013
nk4a: probe dm va=0x0xffff808000200000 -> pa=0x0x0000000000200000 fl=0x0x0000000000000013
nk4a: cr3-done-0x0x00000000034c1000
nk4a: sa1-after cr3=0x0x00000000034c1000
nk4a: pre-restore- rip=0x0000000000227b29 rsp=0x00007fffffff8d68 rbx=0x000000000026e000
nk4a: vs0x0000000000000134 rip=0x0x0000000000227b29
nk4a: pick->0x0000000000000008
nk4a: sa0-0x0000000000000008 root=0x0x000000001dfde000 cur=0x0x00000000034c1000
nk4a: gs2 gsbase=0x0x000000001dd31d50
nk4a: probe text va=0x0x000000001dbf2000 -> pa=0x0x000000001dbf2000 fl=0x0x000000000000041b
nk4a: probe stk va=0x0xffff8000003ff000 -> pa=0x0x00000000003ff000 fl=0x0x000000000000041b
nk4a: probe dm va=0x0xffff808000200000 -> pa=0x0x0000000000200000 fl=0x0x0000000000000413
nk4a: cr3-done-0x0x000000001dfde000
nk4a: sa1-after cr3=0x0x000000001dfde000
nk4a: pre-restore- rip=0x00000000002014ad rsp=0x00007fffffffc0b8 rbx=0x0000000000010001
nk4a: vm-pf recv
nk4a: vm-pf bytes 0000000000000000
nk4a: pick->0x0000000000000002
nk4a: sa0-0x0000000000000002 root=0x0x00000000034c1000 cur=0x0x000000001dfde000
nk4a: gs2 gsbase=0x0x000000001dd31d50
nk4a: probe text va=0x0x000000001dbf2000 -> pa=0x0x000000001dbf2000 fl=0x0x000000000000001b
nk4a: probe stk va=0x0xffff8000003ff000 -> pa=0x0x00000000003ff000 fl=0x0x0000000000000013
nk4a: probe dm va=0x0xffff808000200000 -> pa=0x0x0000000000200000 fl=0x0x0000000000000013
nk4a: cr3-done-0x0x00000000034c1000
nk4a: sa1-after cr3=0x0x00000000034c1000
nk4a: pre-restore- rip=0x0000000000227b29 rsp=0x00007fffffff8d68 rbx=0x000000000026e000
nk4a: vs0x0000000000000137 rip=0x0x0000000000227b29
nk4a: pick->0x0000000000000008
nk4a: sa0-0x0000000000000008 root=0x0x000000001dfde000 cur=0x0x00000000034c1000
nk4a: gs2 gsbase=0x0x000000001dd31d50
nk4a: probe text va=0x0x000000001dbf2000 -> pa=0x0x000000001dbf2000 fl=0x0x000000000000041b
nk4a: probe stk va=0x0xffff8000003ff000 -> pa=0x0x00000000003ff000 fl=0x0x000000000000041b
nk4a: probe dm va=0x0xffff808000200000 -> pa=0x0x0000000000200000 fl=0x0x0000000000000413
nk4a: cr3-done-0x0x000000001dfde000
nk4a: sa1-after cr3=0x0x000000001dfde000
nk4a: pre-restore- rip=0x00000000002014ad rsp=0x00007fffffffc0b8 rbx=0x0000000000010001
nk4a: vm-pf recv
nk4a: vm-pf bytes 0000000000000000
nk4a: pick->0x0000000000000002
nk4a: sa0-0x0000000000000002 root=0x0x00000000034c1000 cur=0x0x000000001dfde000
nk4a: gs2 gsbase=0x0x000000001dd31d50
nk4a: probe text va=0x0x000000001dbf2000 -> pa=0x0x000000001dbf2000 fl=0x0x000000000000001b
nk4a: probe stk va=0x0xffff8000003ff000 -> pa=0x0x00000000003ff000 fl=0x0x0000000000000013
nk4a: probe dm va=0x0xffff808000200000 -> pa=0x0x0000000000200000 fl=0x0x0000000000000013
nk4a: cr3-done-0x0x00000000034c1000
nk4a: sa1-after cr3=0x0x00000000034c1000
nk4a: pre-restore- rip=0x0000000000227b29 rsp=0x00007fffffff8d68 rbx=0x000000000026e000
nk4a: pick->0x0000000000000008
nk4a: sa0-0x0000000000000008 root=0x0x000000001dfde000 cur=0x0x00000000034c1000
nk4a: gs2 gsbase=0x0x000000001dd31d50
nk4a: probe text va=0x0x000000001dbf2000 -> pa=0x0x000000001dbf2000 fl=0x0x000000000000041b
nk4a: probe stk va=0x0xffff8000003ff000 -> pa=0x0x00000000003ff000 fl=0x0x000000000000041b
nk4a: probe dm va=0x0xffff808000200000 -> pa=0x0x0000000000200000 fl=0x0x0000000000000413
nk4a: cr3-done-0x0x000000001dfde000
nk4a: sa1-after cr3=0x0x000000001dfde000
nk4a: pre-restore- rip=0x00000000002014ad rsp=0x00007fffffffc0b8 rbx=0x0000000000010001
nk4a: vs0x000000000000013b rip=0x0x00000000002014ad
nk4a: vm-pf recv
nk4a: vm-pf bytes 0000000000000000
nk4a: pick->0x0000000000000002
nk4a: sa0-0x0000000000000002 root=0x0x00000000034c1000 cur=0x0x000000001dfde000
nk4a: gs2 gsbase=0x0x000000001dd31d50
nk4a: probe text va=0x0x000000001dbf2000 -> pa=0x0x000000001dbf2000 fl=0x0x000000000000001b
nk4a: probe stk va=0x0xffff8000003ff000 -> pa=0x0x00000000003ff000 fl=0x0x0000000000000013
nk4a: probe dm va=0x0xffff808000200000 -> pa=0x0x0000000000200000 fl=0x0x0000000000000013
nk4a: cr3-done-0x0x00000000034c1000
nk4a: sa1-after cr3=0x0x00000000034c1000
nk4a: pre-restore- rip=0x0000000000227b29 rsp=0x00007fffffff8d68 rbx=0x000000000026e000
nk4a: pick->0x0000000000000008
nk4a: sa0-0x0000000000000008 root=0x0x000000001dfde000 cur=0x0x00000000034c1000
nk4a: gs2 gsbase=0x0x000000001dd31d50
nk4a: probe text va=0x0x000000001dbf2000 -> pa=0x0x000000001dbf2000 fl=0x0x000000000000041b
nk4a: probe stk va=0x0xffff8000003ff000 -> pa=0x0x00000000003ff000 fl=0x0x000000000000041b
nk4a: probe dm va=0x0xffff808000200000 -> pa=0x0x0000000000200000 fl=0x0x0000000000000413
nk4a: cr3-done-0x0x000000001dfde000
nk4a: sa1-after cr3=0x0x000000001dfde000
nk4a: pre-restore- rip=0x00000000002014ad rsp=0x00007fffffffc0b8 rbx=0x0000000000010001
nk4a: vs0x000000000000013e rip=0x0x00000000002014ad
nk4a: vm-pf recv
nk4a: vm-pf bytes 0000000000000000
nk4a: pick->0x0000000000000002
nk4a: sa0-0x0000000000000002 root=0x0x00000000034c1000 cur=0x0x000000001dfde000
nk4a: gs2 gsbase=0x0x000000001dd31d50
nk4a: probe text va=0x0x000000001dbf2000 -> pa=0x0x000000001dbf2000 fl=0x0x000000000000001b
nk4a: probe stk va=0x0xffff8000003ff000 -> pa=0x0x00000000003ff000 fl=0x0x0000000000000013
nk4a: probe dm va=0x0xffff808000200000 -> pa=0x0x0000000000200000 fl=0x0x0000000000000013
nk4a: cr3-done-0x0x00000000034c1000
nk4a: sa1-after cr3=0x0x00000000034c1000
nk4a: pre-restore- rip=0x0000000000227b29 rsp=0x00007fffffff8d68 rbx=0x000000000026e000
nk4a: pick->0x0000000000000008
nk4a: sa0-0x0000000000000008 root=0x0x000000001dfde000 cur=0x0x00000000034c1000
nk4a: gs2 gsbase=0x0x000000001dd31d50
nk4a: probe text va=0x0x000000001dbf2000 -> pa=0x0x000000001dbf2000 fl=0x0x000000000000041b
nk4a: probe stk va=0x0xffff8000003ff000 -> pa=0x0x00000000003ff000 fl=0x0x000000000000041b
nk4a: probe dm va=0x0xffff808000200000 -> pa=0x0x0000000000200000 fl=0x0x0000000000000413
nk4a: cr3-done-0x0x000000001dfde000
nk4a: sa1-after cr3=0x0x000000001dfde000
nk4a: pre-restore- rip=0x00000000002014ad rsp=0x00007fffffffc0b8 rbx=0x0000000000010001
nk4a: vm-pf recv
nk4a: vm-pf bytes 0000000000000000
nk4a: pick->0x0000000000000002
nk4a: sa0-0x0000000000000002 root=0x0x00000000034c1000 cur=0x0x000000001dfde000
nk4a: gs2 gsbase=0x0x000000001dd31d50
nk4a: probe text va=0x0x000000001dbf2000 -> pa=0x0x000000001dbf2000 fl=0x0x000000000000001b
nk4a: probe stk va=0x0xffff8000003ff000 -> pa=0x0x00000000003ff000 fl=0x0x0000000000000013
nk4a: probe dm va=0x0xffff808000200000 -> pa=0x0x0000000000200000 fl=0x0x0000000000000013
nk4a: cr3-done-0x0x00000000034c1000
nk4a: sa1-after cr3=0x0x00000000034c1000
nk4a: pre-restore- rip=0x0000000000227b29 rsp=0x00007fffffff8d68 rbx=0x000000000026e000
nk4a: vs0x0000000000000142 rip=0x0x0000000000227b29
nk4a: pick->0x0000000000000008
nk4a: sa0-0x0000000000000008 root=0x0x000000001dfde000 cur=0x0x00000000034c1000
nk4a: gs2 gsbase=0x0x000000001dd31d50
nk4a: probe text va=0x0x000000001dbf2000 -> pa=0x0x000000001dbf2000 fl=0x0x000000000000041b
nk4a: probe stk va=0x0xffff8000003ff000 -> pa=0x0x00000000003ff000 fl=0x0x000000000000041b
nk4a: probe dm va=0x0xffff808000200000 -> pa=0x0x0000000000200000 fl=0x0x0000000000000413
nk4a: cr3-done-0x0x000000001dfde000
nk4a: sa1-after cr3=0x0x000000001dfde000
nk4a: pre-restore- rip=0x00000000002014ad rsp=0x00007fffffffc0b8 rbx=0x0000000000010001
nk4a: vm-pf recv
nk4a: vm-pf bytes 0000000000000000
nk4a: pick->0x0000000000000002
nk4a: sa0-0x0000000000000002 root=0x0x00000000034c1000 cur=0x0x000000001dfde000
nk4a: gs2 gsbase=0x0x000000001dd31d50
nk4a: probe text va=0x0x000000001dbf2000 -> pa=0x0x000000001dbf2000 fl=0x0x000000000000001b
nk4a: probe stk va=0x0xffff8000003ff000 -> pa=0x0x00000000003ff000 fl=0x0x0000000000000013
nk4a: probe dm va=0x0xffff808000200000 -> pa=0x0x0000000000200000 fl=0x0x0000000000000013
nk4a: cr3-done-0x0x00000000034c1000
nk4a: sa1-after cr3=0x0x00000000034c1000
nk4a: pre-restore- rip=0x0000000000227b29 rsp=0x00007fffffff8d68 rbx=0x000000000026e000
nk4a: vs0x0000000000000145 rip=0x0x0000000000227b29
nk4a: pick->0x0000000000000008
nk4a: sa0-0x0000000000000008 root=0x0x000000001dfde000 cur=0x0x00000000034c1000
nk4a: gs2 gsbase=0x0x000000001dd31d50
nk4a: probe text va=0x0x000000001dbf2000 -> pa=0x0x000000001dbf2000 fl=0x0x000000000000041b
nk4a: probe stk va=0x0xffff8000003ff000 -> pa=0x0x00000000003ff000 fl=0x0x000000000000041b
nk4a: probe dm va=0x0xffff808000200000 -> pa=0x0x0000000000200000 fl=0x0x0000000000000413
nk4a: cr3-done-0x0x000000001dfde000
nk4a: sa1-after cr3=0x0x000000001dfde000
nk4a: pre-restore- rip=0x00000000002014ad rsp=0x00007fffffffc0b8 rbx=0x0000000000010001
nk4a: vm-pf recv
nk4a: vm-pf bytes 0000000000000000
nk4a: pick->0x0000000000000002
nk4a: sa0-0x0000000000000002 root=0x0x00000000034c1000 cur=0x0x000000001dfde000
nk4a: gs2 gsbase=0x0x000000001dd31d50
nk4a: probe text va=0x0x000000001dbf2000 -> pa=0x0x000000001dbf2000 fl=0x0x000000000000001b
nk4a: probe stk va=0x0xffff8000003ff000 -> pa=0x0x00000000003ff000 fl=0x0x0000000000000013
nk4a: probe dm va=0x0xffff808000200000 -> pa=0x0x0000000000200000 fl=0x0x0000000000000013
nk4a: cr3-done-0x0x00000000034c1000
nk4a: sa1-after cr3=0x0x00000000034c1000
nk4a: pre-restore- rip=0x0000000000227b29 rsp=0x00007fffffff8d68 rbx=0x000000000026e000
nk4a: pick->0x0000000000000008
nk4a: sa0-0x0000000000000008 root=0x0x000000001dfde000 cur=0x0x00000000034c1000
nk4a: gs2 gsbase=0x0x000000001dd31d50
nk4a: probe text va=0x0x000000001dbf2000 -> pa=0x0x000000001dbf2000 fl=0x0x000000000000041b
nk4a: probe stk va=0x0xffff8000003ff000 -> pa=0x0x00000000003ff000 fl=0x0x000000000000041b
nk4a: probe dm va=0x0xffff808000200000 -> pa=0x0x0000000000200000 fl=0x0x0000000000000413
nk4a: cr3-done-0x0x000000001dfde000
nk4a: sa1-after cr3=0x0x000000001dfde000
nk4a: pre-restore- rip=0x00000000002014ad rsp=0x00007fffffffc0b8 rbx=0x0000000000010001
nk4a: vs0x0000000000000149 rip=0x0x00000000002014ad
nk4a: vm-pf recv
nk4a: vm-pf bytes 0000000000000000
nk4a: pick->0x0000000000000002
nk4a: sa0-0x0000000000000002 root=0x0x00000000034c1000 cur=0x0x000000001dfde000
nk4a: gs2 gsbase=0x0x000000001dd31d50
nk4a: probe text va=0x0x000000001dbf2000 -> pa=0x0x000000001dbf2000 fl=0x0x000000000000001b
nk4a: probe stk va=0x0xffff8000003ff000 -> pa=0x0x00000000003ff000 fl=0x0x0000000000000013
nk4a: probe dm va=0x0xffff808000200000 -> pa=0x0x0000000000200000 fl=0x0x0000000000000013
nk4a: cr3-done-0x0x00000000034c1000
nk4a: sa1-after cr3=0x0x00000000034c1000
nk4a: pre-restore- rip=0x0000000000227b29 rsp=0x00007fffffff8d68 rbx=0x000000000026e000
nk4a: pick->0x0000000000000008
nk4a: sa0-0x0000000000000008 root=0x0x000000001dfde000 cur=0x0x00000000034c1000
nk4a: gs2 gsbase=0x0x000000001dd31d50
nk4a: probe text va=0x0x000000001dbf2000 -> pa=0x0x000000001dbf2000 fl=0x0x000000000000041b
nk4a: probe stk va=0x0xffff8000003ff000 -> pa=0x0x00000000003ff000 fl=0x0x000000000000041b
nk4a: probe dm va=0x0xffff808000200000 -> pa=0x0x0000000000200000 fl=0x0x0000000000000413
nk4a: cr3-done-0x0x000000001dfde000
nk4a: sa1-after cr3=0x0x000000001dfde000
nk4a: pre-restore- rip=0x00000000002014ad rsp=0x00007fffffffc0b8 rbx=0x0000000000010001
nk4a: vs0x000000000000014c rip=0x0x00000000002014ad
nk4a: vm-pf recv
nk4a: vm-pf bytes 0000000000000000
nk4a: pick->0x0000000000000002
nk4a: sa0-0x0000000000000002 root=0x0x00000000034c1000 cur=0x0x000000001dfde000
nk4a: gs2 gsbase=0x0x000000001dd31d50
nk4a: probe text va=0x0x000000001dbf2000 -> pa=0x0x000000001dbf2000 fl=0x0x000000000000001b
nk4a: probe stk va=0x0xffff8000003ff000 -> pa=0x0x00000000003ff000 fl=0x0x0000000000000013
nk4a: probe dm va=0x0xffff808000200000 -> pa=0x0x0000000000200000 fl=0x0x0000000000000013
nk4a: cr3-done-0x0x00000000034c1000
nk4a: sa1-after cr3=0x0x00000000034c1000
nk4a: pre-restore- rip=0x0000000000227b29 rsp=0x00007fffffff8d68 rbx=0x000000000026e000
nk4a: pick->0x0000000000000008
nk4a: sa0-0x0000000000000008 root=0x0x000000001dfde000 cur=0x0x00000000034c1000
nk4a: gs2 gsbase=0x0x000000001dd31d50
nk4a: probe text va=0x0x000000001dbf2000 -> pa=0x0x000000001dbf2000 fl=0x0x000000000000041b
nk4a: probe stk va=0x0xffff8000003ff000 -> pa=0x0x00000000003ff000 fl=0x0x000000000000041b
nk4a: probe dm va=0x0xffff808000200000 -> pa=0x0x0000000000200000 fl=0x0x0000000000000413
nk4a: cr3-done-0x0x000000001dfde000
nk4a: sa1-after cr3=0x0x000000001dfde000
nk4a: pre-restore- rip=0x00000000002014ad rsp=0x00007fffffffc0b8 rbx=0x0000000000010001
nk4a: vm-pf recv
nk4a: vm-pf bytes 0000000000000000
nk4a: pick->0x0000000000000002
nk4a: sa0-0x0000000000000002 root=0x0x00000000034c1000 cur=0x0x000000001dfde000
nk4a: gs2 gsbase=0x0x000000001dd31d50
nk4a: probe text va=0x0x000000001dbf2000 -> pa=0x0x000000001dbf2000 fl=0x0x000000000000001b
nk4a: probe stk va=0x0xffff8000003ff000 -> pa=0x0x00000000003ff000 fl=0x0x0000000000000013
nk4a: probe dm va=0x0xffff808000200000 -> pa=0x0x0000000000200000 fl=0x0x0000000000000013
nk4a: cr3-done-0x0x00000000034c1000
nk4a: sa1-after cr3=0x0x00000000034c1000
nk4a: pre-restore- rip=0x0000000000227b29 rsp=0x00007fffffff8d68 rbx=0x000000000026e000
nk4a: vs0x0000000000000150 rip=0x0x0000000000227b29
nk4a: pick->0x0000000000000008
nk4a: sa0-0x0000000000000008 root=0x0x000000001dfde000 cur=0x0x00000000034c1000
nk4a: gs2 gsbase=0x0x000000001dd31d50
nk4a: probe text va=0x0x000000001dbf2000 -> pa=0x0x000000001dbf2000 fl=0x0x000000000000041b
nk4a: probe stk va=0x0xffff8000003ff000 -> pa=0x0x00000000003ff000 fl=0x0x000000000000041b
nk4a: probe dm va=0x0xffff808000200000 -> pa=0x0x0000000000200000 fl=0x0x0000000000000413
nk4a: cr3-done-0x0x000000001dfde000
nk4a: sa1-after cr3=0x0x000000001dfde000
nk4a: pre-restore- rip=0x00000000002014ad rsp=0x00007fffffffc0b8 rbx=0x0000000000010001
nk4a: vm-pf recv
nk4a: vm-pf bytes 0000000000000000
nk4a: pick->0x0000000000000002
nk4a: sa0-0x0000000000000002 root=0x0x00000000034c1000 cur=0x0x000000001dfde000
nk4a: gs2 gsbase=0x0x000000001dd31d50
nk4a: probe text va=0x0x000000001dbf2000 -> pa=0x0x000000001dbf2000 fl=0x0x000000000000001b
nk4a: probe stk va=0x0xffff8000003ff000 -> pa=0x0x00000000003ff000 fl=0x0x0000000000000013
nk4a: probe dm va=0x0xffff808000200000 -> pa=0x0x0000000000200000 fl=0x0x0000000000000013
nk4a: cr3-done-0x0x00000000034c1000
nk4a: sa1-after cr3=0x0x00000000034c1000
nk4a: pre-restore- rip=0x0000000000227b29 rsp=0x00007fffffff8d68 rbx=0x000000000026e000
nk4a: vs0x0000000000000153 rip=0x0x0000000000227b29
nk4a: pick->0x0000000000000008
nk4a: sa0-0x0000000000000008 root=0x0x000000001dfde000 cur=0x0x00000000034c1000
nk4a: gs2 gsbase=0x0x000000001dd31d50
nk4a: probe text va=0x0x000000001dbf2000 -> pa=0x0x000000001dbf2000 fl=0x0x000000000000041b
nk4a: probe stk va=0x0xffff8000003ff000 -> pa=0x0x00000000003ff000 fl=0x0x000000000000041b
nk4a: probe dm va=0x0xffff808000200000 -> pa=0x0x0000000000200000 fl=0x0x0000000000000413
nk4a: cr3-done-0x0x000000001dfde000
nk4a: sa1-after cr3=0x0x000000001dfde000
nk4a: pre-restore- rip=0x00000000002014ad rsp=0x00007fffffffc0b8 rbx=0x0000000000010001
nk4a: vm-pf recv
nk4a: vm-pf bytes 0000000000000000
nk4a: pick->0x0000000000000002
nk4a: sa0-0x0000000000000002 root=0x0x00000000034c1000 cur=0x0x000000001dfde000
nk4a: gs2 gsbase=0x0x000000001dd31d50
nk4a: probe text va=0x0x000000001dbf2000 -> pa=0x0x000000001dbf2000 fl=0x0x000000000000001b
nk4a: probe stk va=0x0xffff8000003ff000 -> pa=0x0x00000000003ff000 fl=0x0x0000000000000013
nk4a: probe dm va=0x0xffff808000200000 -> pa=0x0x0000000000200000 fl=0x0x0000000000000013
nk4a: cr3-done-0x0x00000000034c1000
nk4a: sa1-after cr3=0x0x00000000034c1000
nk4a: pre-restore- rip=0x0000000000227b29 rsp=0x00007fffffff8d68 rbx=0x000000000026e000
nk4a: pick->0x0000000000000008
nk4a: sa0-0x0000000000000008 root=0x0x000000001dfde000 cur=0x0x00000000034c1000
nk4a: gs2 gsbase=0x0x000000001dd31d50
nk4a: probe text va=0x0x000000001dbf2000 -> pa=0x0x000000001dbf2000 fl=0x0x000000000000041b
nk4a: probe stk va=0x0xffff8000003ff000 -> pa=0x0x00000000003ff000 fl=0x0x000000000000041b
nk4a: probe dm va=0x0xffff808000200000 -> pa=0x0x0000000000200000 fl=0x0x0000000000000413
nk4a: cr3-done-0x0x000000001dfde000
nk4a: sa1-after cr3=0x0x000000001dfde000
nk4a: pre-restore- rip=0x00000000002014ad rsp=0x00007fffffffc0b8 rbx=0x0000000000010001
nk4a: vs0x0000000000000157 rip=0x0x00000000002014ad
nk4a: vm-pf recv
nk4a: vm-pf bytes 0000000000000000
nk4a: pick->0x0000000000000002
nk4a: sa0-0x0000000000000002 root=0x0x00000000034c1000 cur=0x0x000000001dfde000
nk4a: gs2 gsbase=0x0x000000001dd31d50
nk4a: probe text va=0x0x000000001dbf2000 -> pa=0x0x000000001dbf2000 fl=0x0x000000000000001b
nk4a: probe stk va=0x0xffff8000003ff000 -> pa=0x0x00000000003ff000 fl=0x0x0000000000000013
nk4a: probe dm va=0x0xffff808000200000 -> pa=0x0x0000000000200000 fl=0x0x0000000000000013
nk4a: cr3-done-0x0x00000000034c1000
nk4a: sa1-after cr3=0x0x00000000034c1000
nk4a: pre-restore- rip=0x0000000000227b29 rsp=0x00007fffffff8d68 rbx=0x000000000026e000
nk4a: pick->0x0000000000000008
nk4a: sa0-0x0000000000000008 root=0x0x000000001dfde000 cur=0x0x00000000034c1000
nk4a: gs2 gsbase=0x0x000000001dd31d50
nk4a: probe text va=0x0x000000001dbf2000 -> pa=0x0x000000001dbf2000 fl=0x0x000000000000041b
nk4a: probe stk va=0x0xffff8000003ff000 -> pa=0x0x00000000003ff000 fl=0x0x000000000000041b
nk4a: probe dm va=0x0xffff808000200000 -> pa=0x0x0000000000200000 fl=0x0x0000000000000413
nk4a: cr3-done-0x0x000000001dfde000
nk4a: sa1-after cr3=0x0x000000001dfde000
nk4a: pre-restore- rip=0x00000000002014ad rsp=0x00007fffffffc0b8 rbx=0x0000000000010001
nk4a: vm-pf recv
nk4a: vm-pf bytes 0000000000000000
nk4a: vs0x000000000000015a rip=0x0x000000000022b42d
nk4a: rbxw irq-save ep=0x0000000000000008 rbx=0x0000000000000000 rip=0x000000000022b42d
nk4a: pick->0x0000000000000002
nk4a: sa0-0x0000000000000002 root=0x0x00000000034c1000 cur=0x0x000000001dfde000
nk4a: gs2 gsbase=0x0x000000001dd31d50
nk4a: probe text va=0x0x000000001dbf2000 -> pa=0x0x000000001dbf2000 fl=0x0x000000000000001b
nk4a: probe stk va=0x0xffff8000003ff000 -> pa=0x0x00000000003ff000 fl=0x0x0000000000000013
nk4a: probe dm va=0x0xffff808000200000 -> pa=0x0x0000000000200000 fl=0x0x0000000000000013
nk4a: cr3-done-0x0x00000000034c1000
nk4a: sa1-after cr3=0x0x00000000034c1000
nk4a: pre-restore- rip=0x0000000000227b29 rsp=0x00007fffffff8d68 rbx=0x000000000026e000
nk4a: pick->0x0000000000000008
nk4a: sa0-0x0000000000000008 root=0x0x000000001dfde000 cur=0x0x00000000034c1000
nk4a: gs2 gsbase=0x0x000000001dd31d50
nk4a: probe text va=0x0x000000001dbf2000 -> pa=0x0x000000001dbf2000 fl=0x0x000000000000041b
nk4a: probe stk va=0x0xffff8000003ff000 -> pa=0x0x00000000003ff000 fl=0x0x000000000000041b
nk4a: probe dm va=0x0xffff808000200000 -> pa=0x0x0000000000200000 fl=0x0x0000000000000413
nk4a: cr3-done-0x0x000000001dfde000
nk4a: sa1-after cr3=0x0x000000001dfde000
nk4a: pre-restore- rip=0x00000000002014ad rsp=0x00007fffffffc0b8 rbx=0x0000000000010001
nk4a: vm-pf recv
nk4a: vm-pf bytes 0000000000000000
nk4a: pick->0x0000000000000002
nk4a: sa0-0x0000000000000002 root=0x0x00000000034c1000 cur=0x0x000000001dfde000
nk4a: gs2 gsbase=0x0x000000001dd31d50
nk4a: probe text va=0x0x000000001dbf2000 -> pa=0x0x000000001dbf2000 fl=0x0x000000000000001b
nk4a: probe stk va=0x0xffff8000003ff000 -> pa=0x0x00000000003ff000 fl=0x0x0000000000000013
nk4a: probe dm va=0x0xffff808000200000 -> pa=0x0x0000000000200000 fl=0x0x0000000000000013
nk4a: cr3-done-0x0x00000000034c1000
nk4a: sa1-after cr3=0x0x00000000034c1000
nk4a: pre-restore- rip=0x0000000000227b29 rsp=0x00007fffffff8d68 rbx=0x000000000026e000
nk4a: vs0x000000000000015e rip=0x0x0000000000227b29
nk4a: pick->0x0000000000000008
nk4a: sa0-0x0000000000000008 root=0x0x000000001dfde000 cur=0x0x00000000034c1000
nk4a: gs2 gsbase=0x0x000000001dd31d50
nk4a: probe text va=0x0x000000001dbf2000 -> pa=0x0x000000001dbf2000 fl=0x0x000000000000041b
nk4a: probe stk va=0x0xffff8000003ff000 -> pa=0x0x00000000003ff000 fl=0x0x000000000000041b
nk4a: probe dm va=0x0xffff808000200000 -> pa=0x0x0000000000200000 fl=0x0x0000000000000413
nk4a: cr3-done-0x0x000000001dfde000
nk4a: sa1-after cr3=0x0x000000001dfde000
nk4a: pre-restore- rip=0x00000000002014ad rsp=0x00007fffffffc0b8 rbx=0x0000000000010001
nk4a: vm-pf recv
nk4a: vm-pf bytes 0000000000000000
nk4a: pick->0x0000000000000002
nk4a: sa0-0x0000000000000002 root=0x0x00000000034c1000 cur=0x0x000000001dfde000
nk4a: gs2 gsbase=0x0x000000001dd31d50
nk4a: probe text va=0x0x000000001dbf2000 -> pa=0x0x000000001dbf2000 fl=0x0x000000000000001b
nk4a: probe stk va=0x0xffff8000003ff000 -> pa=0x0x00000000003ff000 fl=0x0x0000000000000013
nk4a: probe dm va=0x0xffff808000200000 -> pa=0x0x0000000000200000 fl=0x0x0000000000000013
nk4a: cr3-done-0x0x00000000034c1000
nk4a: sa1-after cr3=0x0x00000000034c1000
nk4a: pre-restore- rip=0x0000000000227b29 rsp=0x00007fffffff8d68 rbx=0x000000000026e000
nk4a: vs0x0000000000000161 rip=0x0x0000000000227b29
nk4a: pick->0x0000000000000008
nk4a: sa0-0x0000000000000008 root=0x0x000000001dfde000 cur=0x0x00000000034c1000
nk4a: gs2 gsbase=0x0x000000001dd31d50
nk4a: probe text va=0x0x000000001dbf2000 -> pa=0x0x000000001dbf2000 fl=0x0x000000000000041b
nk4a: probe stk va=0x0xffff8000003ff000 -> pa=0x0x00000000003ff000 fl=0x0x000000000000041b
nk4a: probe dm va=0x0xffff808000200000 -> pa=0x0x0000000000200000 fl=0x0x0000000000000413
nk4a: cr3-done-0x0x000000001dfde000
nk4a: sa1-after cr3=0x0x000000001dfde000
nk4a: pre-restore- rip=0x00000000002014ad rsp=0x00007fffffffc0b8 rbx=0x0000000000010001
nk4a: vm-pf recv
nk4a: vm-pf bytes 0000000000000000
nk4a: pick->0x0000000000000002
nk4a: sa0-0x0000000000000002 root=0x0x00000000034c1000 cur=0x0x000000001dfde000
nk4a: gs2 gsbase=0x0x000000001dd31d50
nk4a: probe text va=0x0x000000001dbf2000 -> pa=0x0x000000001dbf2000 fl=0x0x000000000000001b
nk4a: probe stk va=0x0xffff8000003ff000 -> pa=0x0x00000000003ff000 fl=0x0x0000000000000013
nk4a: probe dm va=0x0xffff808000200000 -> pa=0x0x0000000000200000 fl=0x0x0000000000000013
nk4a: cr3-done-0x0x00000000034c1000
nk4a: sa1-after cr3=0x0x00000000034c1000
nk4a: pre-restore- rip=0x0000000000227b29 rsp=0x00007fffffff8d68 rbx=0x000000000026e000
nk4a: vs0x0000000000000164 rip=0x0x0000000000227b29
nk4a: pick->0x0000000000000008
nk4a: sa0-0x0000000000000008 root=0x0x000000001dfde000 cur=0x0x00000000034c1000
nk4a: gs2 gsbase=0x0x000000001dd31d50
nk4a: probe text va=0x0x000000001dbf2000 -> pa=0x0x000000001dbf2000 fl=0x0x000000000000041b
nk4a: probe stk va=0x0xffff8000003ff000 -> pa=0x0x00000000003ff000 fl=0x0x000000000000041b
nk4a: probe dm va=0x0xffff808000200000 -> pa=0x0x0000000000200000 fl=0x0x0000000000000413
nk4a: cr3-done-0x0x000000001dfde000
nk4a: sa1-after cr3=0x0x000000001dfde000
nk4a: pre-restore- rip=0x00000000002014ad rsp=0x00007fffffffc0b8 rbx=0x0000000000010001
nk4a: vm-pf recv
nk4a: vm-pf bytes 0000000000000000
nk4a: pick->0x0000000000000002
nk4a: sa0-0x0000000000000002 root=0x0x00000000034c1000 cur=0x0x000000001dfde000
nk4a: gs2 gsbase=0x0x000000001dd31d50
nk4a: probe text va=0x0x000000001dbf2000 -> pa=0x0x000000001dbf2000 fl=0x0x000000000000001b
nk4a: probe stk va=0x0xffff8000003ff000 -> pa=0x0x00000000003ff000 fl=0x0x0000000000000013
nk4a: probe dm va=0x0xffff808000200000 -> pa=0x0x0000000000200000 fl=0x0x0000000000000013
nk4a: cr3-done-0x0x00000000034c1000
nk4a: sa1-after cr3=0x0x00000000034c1000
nk4a: pre-restore- rip=0x0000000000227b29 rsp=0x00007fffffff8d68 rbx=0x000000000026e000
nk4a: pick->0x0000000000000008
nk4a: sa0-0x0000000000000008 root=0x0x000000001dfde000 cur=0x0x00000000034c1000
nk4a: gs2 gsbase=0x0x000000001dd31d50
nk4a: probe text va=0x0x000000001dbf2000 -> pa=0x0x000000001dbf2000 fl=0x0x000000000000041b
nk4a: probe stk va=0x0xffff8000003ff000 -> pa=0x0x00000000003ff000 fl=0x0x000000000000041b
nk4a: probe dm va=0x0xffff808000200000 -> pa=0x0x0000000000200000 fl=0x0x0000000000000413
nk4a: cr3-done-0x0x000000001dfde000
nk4a: sa1-after cr3=0x0x000000001dfde000
nk4a: pre-restore- rip=0x00000000002014ad rsp=0x00007fffffffc0b8 rbx=0x0000000000010001
nk4a: vs0x0000000000000168 rip=0x0x00000000002014ad
nk4a: vm-pf recv
nk4a: vm-pf bytes 0000000000000000
nk4a: pick->0x0000000000000002
nk4a: sa0-0x0000000000000002 root=0x0x00000000034c1000 cur=0x0x000000001dfde000
nk4a: gs2 gsbase=0x0x000000001dd31d50
nk4a: probe text va=0x0x000000001dbf2000 -> pa=0x0x000000001dbf2000 fl=0x0x000000000000001b
nk4a: probe stk va=0x0xffff8000003ff000 -> pa=0x0x00000000003ff000 fl=0x0x0000000000000013
nk4a: probe dm va=0x0xffff808000200000 -> pa=0x0x0000000000200000 fl=0x0x0000000000000013
nk4a: cr3-done-0x0x00000000034c1000
nk4a: sa1-after cr3=0x0x00000000034c1000
nk4a: pre-restore- rip=0x0000000000227b29 rsp=0x00007fffffff8d68 rbx=0x000000000026e000
nk4a: pick->0x0000000000000008
nk4a: sa0-0x0000000000000008 root=0x0x000000001dfde000 cur=0x0x00000000034c1000
nk4a: gs2 gsbase=0x0x000000001dd31d50
nk4a: probe text va=0x0x000000001dbf2000 -> pa=0x0x000000001dbf2000 fl=0x0x000000000000041b
nk4a: probe stk va=0x0xffff8000003ff000 -> pa=0x0x00000000003ff000 fl=0x0x000000000000041b
nk4a: probe dm va=0x0xffff808000200000 -> pa=0x0x0000000000200000 fl=0x0x0000000000000413
nk4a: cr3-done-0x0x000000001dfde000
nk4a: sa1-after cr3=0x0x000000001dfde000
nk4a: pre-restore- rip=0x00000000002014ad rsp=0x00007fffffffc0b8 rbx=0x0000000000010001
nk4a: vm-pf recv
nk4a: vm-pf bytes 0000000000000000
nk4a: vs0x000000000000016b rip=0x0x000000000022b42d
nk4a: rbxw irq-save ep=0x0000000000000008 rbx=0x0000000000000000 rip=0x000000000022b42d
nk4a: pick->0x0000000000000002
nk4a: sa0-0x0000000000000002 root=0x0x00000000034c1000 cur=0x0x000000001dfde000
nk4a: gs2 gsbase=0x0x000000001dd31d50
nk4a: probe text va=0x0x000000001dbf2000 -> pa=0x0x000000001dbf2000 fl=0x0x000000000000001b
nk4a: probe stk va=0x0xffff8000003ff000 -> pa=0x0x00000000003ff000 fl=0x0x0000000000000013
nk4a: probe dm va=0x0xffff808000200000 -> pa=0x0x0000000000200000 fl=0x0x0000000000000013
nk4a: cr3-done-0x0x00000000034c1000
nk4a: sa1-after cr3=0x0x00000000034c1000
nk4a: pre-restore- rip=0x0000000000227b29 rsp=0x00007fffffff8d68 rbx=0x000000000026e000
nk4a: pick->0x0000000000000008
nk4a: sa0-0x0000000000000008 root=0x0x000000001dfde000 cur=0x0x00000000034c1000
nk4a: gs2 gsbase=0x0x000000001dd31d50
nk4a: probe text va=0x0x000000001dbf2000 -> pa=0x0x000000001dbf2000 fl=0x0x000000000000041b
nk4a: probe stk va=0x0xffff8000003ff000 -> pa=0x0x00000000003ff000 fl=0x0x000000000000041b
nk4a: probe dm va=0x0xffff808000200000 -> pa=0x0x0000000000200000 fl=0x0x0000000000000413
nk4a: cr3-done-0x0x000000001dfde000
nk4a: sa1-after cr3=0x0x000000001dfde000
nk4a: pre-restore- rip=0x00000000002014ad rsp=0x00007fffffffc0b8 rbx=0x0000000000010001
nk4a: vm-pf recv
nk4a: vm-pf bytes 0000000000000000
nk4a: pick->0x0000000000000002
nk4a: sa0-0x0000000000000002 root=0x0x00000000034c1000 cur=0x0x000000001dfde000
nk4a: gs2 gsbase=0x0x000000001dd31d50
nk4a: probe text va=0x0x000000001dbf2000 -> pa=0x0x000000001dbf2000 fl=0x0x000000000000001b
nk4a: probe stk va=0x0xffff8000003ff000 -> pa=0x0x00000000003ff000 fl=0x0x0000000000000013
nk4a: probe dm va=0x0xffff808000200000 -> pa=0x0x0000000000200000 fl=0x0x0000000000000013
nk4a: cr3-done-0x0x00000000034c1000
nk4a: sa1-after cr3=0x0x00000000034c1000
nk4a: pre-restore- rip=0x0000000000227b29 rsp=0x00007fffffff8d68 rbx=0x000000000026e000
nk4a: vs0x000000000000016f rip=0x0x0000000000227b29
nk4a: pick->0x0000000000000008
nk4a: sa0-0x0000000000000008 root=0x0x000000001dfde000 cur=0x0x00000000034c1000
nk4a: gs2 gsbase=0x0x000000001dd31d50
nk4a: probe text va=0x0x000000001dbf2000 -> pa=0x0x000000001dbf2000 fl=0x0x000000000000041b
nk4a: probe stk va=0x0xffff8000003ff000 -> pa=0x0x00000000003ff000 fl=0x0x000000000000041b
nk4a: probe dm va=0x0xffff808000200000 -> pa=0x0x0000000000200000 fl=0x0x0000000000000413
nk4a: cr3-done-0x0x000000001dfde000
nk4a: sa1-after cr3=0x0x000000001dfde000
nk4a: pre-restore- rip=0x00000000002014ad rsp=0x00007fffffffc0b8 rbx=0x0000000000010001
nk4a: vm-pf recv
nk4a: vm-pf bytes 0000000000000000
nk4a: pick->0x0000000000000002
nk4a: sa0-0x0000000000000002 root=0x0x00000000034c1000 cur=0x0x000000001dfde000
nk4a: gs2 gsbase=0x0x000000001dd31d50
nk4a: probe text va=0x0x000000001dbf2000 -> pa=0x0x000000001dbf2000 fl=0x0x000000000000001b
nk4a: probe stk va=0x0xffff8000003ff000 -> pa=0x0x00000000003ff000 fl=0x0x0000000000000013
nk4a: probe dm va=0x0xffff808000200000 -> pa=0x0x0000000000200000 fl=0x0x0000000000000013
nk4a: cr3-done-0x0x00000000034c1000
nk4a: sa1-after cr3=0x0x00000000034c1000
nk4a: pre-restore- rip=0x0000000000227b29 rsp=0x00007fffffff8d68 rbx=0x000000000026e000
nk4a: vs0x0000000000000172 rip=0x0x0000000000227b29
nk4a: pick->0x0000000000000008
nk4a: sa0-0x0000000000000008 root=0x0x000000001dfde000 cur=0x0x00000000034c1000
nk4a: gs2 gsbase=0x0x000000001dd31d50
nk4a: probe text va=0x0x000000001dbf2000 -> pa=0x0x000000001dbf2000 fl=0x0x000000000000041b
nk4a: probe stk va=0x0xffff8000003ff000 -> pa=0x0x00000000003ff000 fl=0x0x000000000000041b
nk4a: probe dm va=0x0xffff808000200000 -> pa=0x0x0000000000200000 fl=0x0x0000000000000413
nk4a: cr3-done-0x0x000000001dfde000
nk4a: sa1-after cr3=0x0x000000001dfde000
nk4a: pre-restore- rip=0x00000000002014ad rsp=0x00007fffffffc0b8 rbx=0x0000000000010001
nk4a: vm-pf recv
nk4a: vm-pf bytes 0000000000000000
nk4a: pick->0x0000000000000002
nk4a: sa0-0x0000000000000002 root=0x0x00000000034c1000 cur=0x0x000000001dfde000
nk4a: gs2 gsbase=0x0x000000001dd31d50
nk4a: probe text va=0x0x000000001dbf2000 -> pa=0x0x000000001dbf2000 fl=0x0x000000000000001b
nk4a: probe stk va=0x0xffff8000003ff000 -> pa=0x0x00000000003ff000 fl=0x0x0000000000000013
nk4a: probe dm va=0x0xffff808000200000 -> pa=0x0x0000000000200000 fl=0x0x0000000000000013
nk4a: cr3-done-0x0x00000000034c1000
nk4a: sa1-after cr3=0x0x00000000034c1000
nk4a: pre-restore- rip=0x0000000000227b29 rsp=0x00007fffffff8d68 rbx=0x000000000026e000
nk4a: pick->0x0000000000000008
nk4a: sa0-0x0000000000000008 root=0x0x000000001dfde000 cur=0x0x00000000034c1000
nk4a: gs2 gsbase=0x0x000000001dd31d50
nk4a: probe text va=0x0x000000001dbf2000 -> pa=0x0x000000001dbf2000 fl=0x0x000000000000041b
nk4a: probe stk va=0x0xffff8000003ff000 -> pa=0x0x00000000003ff000 fl=0x0x000000000000041b
nk4a: probe dm va=0x0xffff808000200000 -> pa=0x0x0000000000200000 fl=0x0x0000000000000413
nk4a: cr3-done-0x0x000000001dfde000
nk4a: sa1-after cr3=0x0x000000001dfde000
nk4a: pre-restore- rip=0x00000000002014ad rsp=0x00007fffffffc0b8 rbx=0x0000000000010001
nk4a: vs0x0000000000000176 rip=0x0x00000000002014ad
nk4a: vm-pf recv
nk4a: vm-pf bytes 0000000000000000
nk4a: pick->0x0000000000000002
nk4a: sa0-0x0000000000000002 root=0x0x00000000034c1000 cur=0x0x000000001dfde000
nk4a: gs2 gsbase=0x0x000000001dd31d50
nk4a: probe text va=0x0x000000001dbf2000 -> pa=0x0x000000001dbf2000 fl=0x0x000000000000001b
nk4a: probe stk va=0x0xffff8000003ff000 -> pa=0x0x00000000003ff000 fl=0x0x0000000000000013
nk4a: probe dm va=0x0xffff808000200000 -> pa=0x0x0000000000200000 fl=0x0x0000000000000013
nk4a: cr3-done-0x0x00000000034c1000
nk4a: sa1-after cr3=0x0x00000000034c1000
nk4a: pre-restore- rip=0x0000000000227b29 rsp=0x00007fffffff8d68 rbx=0x000000000026e000
nk4a: pick->0x0000000000000008
nk4a: sa0-0x0000000000000008 root=0x0x000000001dfde000 cur=0x0x00000000034c1000
nk4a: gs2 gsbase=0x0x000000001dd31d50
nk4a: probe text va=0x0x000000001dbf2000 -> pa=0x0x000000001dbf2000 fl=0x0x000000000000041b
nk4a: probe stk va=0x0xffff8000003ff000 -> pa=0x0x00000000003ff000 fl=0x0x000000000000041b
nk4a: probe dm va=0x0xffff808000200000 -> pa=0x0x0000000000200000 fl=0x0x0000000000000413
nk4a: cr3-done-0x0x000000001dfde000
nk4a: sa1-after cr3=0x0x000000001dfde000
nk4a: pre-restore- rip=0x00000000002014ad rsp=0x00007fffffffc0b8 rbx=0x0000000000010001
nk4a: vs0x0000000000000179 rip=0x0x00000000002014ad
nk4a: vm-pf recv
nk4a: vm-pf bytes 0000000000000000
nk4a: pick->0x0000000000000002
nk4a: sa0-0x0000000000000002 root=0x0x00000000034c1000 cur=0x0x000000001dfde000
nk4a: gs2 gsbase=0x0x000000001dd31d50
nk4a: probe text va=0x0x000000001dbf2000 -> pa=0x0x000000001dbf2000 fl=0x0x000000000000001b
nk4a: probe stk va=0x0xffff8000003ff000 -> pa=0x0x00000000003ff000 fl=0x0x0000000000000013
nk4a: probe dm va=0x0xffff808000200000 -> pa=0x0x0000000000200000 fl=0x0x0000000000000013
nk4a: cr3-done-0x0x00000000034c1000
nk4a: sa1-after cr3=0x0x00000000034c1000
nk4a: pre-restore- rip=0x0000000000227b29 rsp=0x00007fffffff8d68 rbx=0x000000000026e000
nk4a: pick->0x0000000000000008
nk4a: sa0-0x0000000000000008 root=0x0x000000001dfde000 cur=0x0x00000000034c1000
nk4a: gs2 gsbase=0x0x000000001dd31d50
nk4a: probe text va=0x0x000000001dbf2000 -> pa=0x0x000000001dbf2000 fl=0x0x000000000000041b
nk4a: probe stk va=0x0xffff8000003ff000 -> pa=0x0x00000000003ff000 fl=0x0x000000000000041b
nk4a: probe dm va=0x0xffff808000200000 -> pa=0x0x0000000000200000 fl=0x0x0000000000000413
nk4a: cr3-done-0x0x000000001dfde000
nk4a: sa1-after cr3=0x0x000000001dfde000
nk4a: pre-restore- rip=0x00000000002014ad rsp=0x00007fffffffc0b8 rbx=0x0000000000010001
nk4a: vm-pf recv
nk4a: vm-pf bytes 0000000000000000
nk4a: pick->0x0000000000000002
nk4a: sa0-0x0000000000000002 root=0x0x00000000034c1000 cur=0x0x000000001dfde000
nk4a: gs2 gsbase=0x0x000000001dd31d50
nk4a: probe text va=0x0x000000001dbf2000 -> pa=0x0x000000001dbf2000 fl=0x0x000000000000001b
nk4a: probe stk va=0x0xffff8000003ff000 -> pa=0x0x00000000003ff000 fl=0x0x0000000000000013
nk4a: probe dm va=0x0xffff808000200000 -> pa=0x0x0000000000200000 fl=0x0x0000000000000013
nk4a: cr3-done-0x0x00000000034c1000
nk4a: sa1-after cr3=0x0x00000000034c1000
nk4a: pre-restore- rip=0x0000000000227b29 rsp=0x00007fffffff8d68 rbx=0x000000000026e000
nk4a: vs0x000000000000017d rip=0x0x0000000000227b29
nk4a: pick->0x0000000000000008
nk4a: sa0-0x0000000000000008 root=0x0x000000001dfde000 cur=0x0x00000000034c1000
nk4a: gs2 gsbase=0x0x000000001dd31d50
nk4a: probe text va=0x0x000000001dbf2000 -> pa=0x0x000000001dbf2000 fl=0x0x000000000000041b
nk4a: probe stk va=0x0xffff8000003ff000 -> pa=0x0x00000000003ff000 fl=0x0x000000000000041b
nk4a: probe dm va=0x0xffff808000200000 -> pa=0x0x0000000000200000 fl=0x0x0000000000000413
nk4a: cr3-done-0x0x000000001dfde000
nk4a: sa1-after cr3=0x0x000000001dfde000
nk4a: pre-restore- rip=0x00000000002014ad rsp=0x00007fffffffc0b8 rbx=0x0000000000010001
nk4a: vm-pf recv
nk4a: vm-pf bytes 0000000000000000
nk4a: pick->0x0000000000000002
nk4a: sa0-0x0000000000000002 root=0x0x00000000034c1000 cur=0x0x000000001dfde000
nk4a: gs2 gsbase=0x0x000000001dd31d50
nk4a: probe text va=0x0x000000001dbf2000 -> pa=0x0x000000001dbf2000 fl=0x0x000000000000001b
nk4a: probe stk va=0x0xffff8000003ff000 -> pa=0x0x00000000003ff000 fl=0x0x0000000000000013
nk4a: probe dm va=0x0xffff808000200000 -> pa=0x0x0000000000200000 fl=0x0x0000000000000013
nk4a: cr3-done-0x0x00000000034c1000
nk4a: sa1-after cr3=0x0x00000000034c1000
nk4a: pre-restore- rip=0x0000000000227b29 rsp=0x00007fffffff8d68 rbx=0x000000000026e000
nk4a: vs0x0000000000000180 rip=0x0x0000000000227b29
nk4a: pick->0x0000000000000008
nk4a: sa0-0x0000000000000008 root=0x0x000000001dfde000 cur=0x0x00000000034c1000
nk4a: gs2 gsbase=0x0x000000001dd31d50
nk4a: probe text va=0x0x000000001dbf2000 -> pa=0x0x000000001dbf2000 fl=0x0x000000000000041b
nk4a: probe stk va=0x0xffff8000003ff000 -> pa=0x0x00000000003ff000 fl=0x0x000000000000041b
nk4a: probe dm va=0x0xffff808000200000 -> pa=0x0x0000000000200000 fl=0x0x0000000000000413
nk4a: cr3-done-0x0x000000001dfde000
nk4a: sa1-after cr3=0x0x000000001dfde000
nk4a: pre-restore- rip=0x00000000002014ad rsp=0x00007fffffffc0b8 rbx=0x0000000000010001
nk4a: vm-pf recv
nk4a: vm-pf bytes 0000000000000000
nk4a: pick->0x0000000000000002
nk4a: sa0-0x0000000000000002 root=0x0x00000000034c1000 cur=0x0x000000001dfde000
nk4a: gs2 gsbase=0x0x000000001dd31d50
nk4a: probe text va=0x0x000000001dbf2000 -> pa=0x0x000000001dbf2000 fl=0x0x000000000000001b
nk4a: probe stk va=0x0xffff8000003ff000 -> pa=0x0x00000000003ff000 fl=0x0x0000000000000013
nk4a: probe dm va=0x0xffff808000200000 -> pa=0x0x0000000000200000 fl=0x0x0000000000000013
nk4a: cr3-done-0x0x00000000034c1000
nk4a: sa1-after cr3=0x0x00000000034c1000
nk4a: pre-restore- rip=0x0000000000227b29 rsp=0x00007fffffff8d68 rbx=0x000000000026e000
nk4a: pick->0x0000000000000008
nk4a: sa0-0x0000000000000008 root=0x0x000000001dfde000 cur=0x0x00000000034c1000
nk4a: gs2 gsbase=0x0x000000001dd31d50
nk4a: probe text va=0x0x000000001dbf2000 -> pa=0x0x000000001dbf2000 fl=0x0x000000000000041b
nk4a: probe stk va=0x0xffff8000003ff000 -> pa=0x0x00000000003ff000 fl=0x0x000000000000041b
nk4a: probe dm va=0x0xffff808000200000 -> pa=0x0x0000000000200000 fl=0x0x0000000000000413
nk4a: cr3-done-0x0x000000001dfde000
nk4a: sa1-after cr3=0x0x000000001dfde000
nk4a: pre-restore- rip=0x00000000002014ad rsp=0x00007fffffffc0b8 rbx=0x0000000000010001
nk4a: vs0x0000000000000184 rip=0x0x00000000002014ad
nk4a: vm-pf recv
nk4a: vm-pf bytes 0000000000000000
nk4a: pick->0x0000000000000002
nk4a: sa0-0x0000000000000002 root=0x0x00000000034c1000 cur=0x0x000000001dfde000
nk4a: gs2 gsbase=0x0x000000001dd31d50
nk4a: probe text va=0x0x000000001dbf2000 -> pa=0x0x000000001dbf2000 fl=0x0x000000000000001b
nk4a: probe stk va=0x0xffff8000003ff000 -> pa=0x0x00000000003ff000 fl=0x0x0000000000000013
nk4a: probe dm va=0x0xffff808000200000 -> pa=0x0x0000000000200000 fl=0x0x0000000000000013
nk4a: cr3-done-0x0x00000000034c1000
nk4a: sa1-after cr3=0x0x00000000034c1000
nk4a: pre-restore- rip=0x0000000000227b29 rsp=0x00007fffffff8d68 rbx=0x000000000026e000
nk4a: pick->0x0000000000000008
nk4a: sa0-0x0000000000000008 root=0x0x000000001dfde000 cur=0x0x00000000034c1000
nk4a: gs2 gsbase=0x0x000000001dd31d50
nk4a: probe text va=0x0x000000001dbf2000 -> pa=0x0x000000001dbf2000 fl=0x0x000000000000041b
nk4a: probe stk va=0x0xffff8000003ff000 -> pa=0x0x00000000003ff000 fl=0x0x000000000000041b
nk4a: probe dm va=0x0xffff808000200000 -> pa=0x0x0000000000200000 fl=0x0x0000000000000413
nk4a: cr3-done-0x0x000000001dfde000
nk4a: sa1-after cr3=0x0x000000001dfde000
nk4a: pre-restore- rip=0x00000000002014ad rsp=0x00007fffffffc0b8 rbx=0x0000000000010001
nk4a: vs0x0000000000000187 rip=0x0x00000000002014ad
nk4a: vm-pf recv
nk4a: vm-pf bytes 0000000000000000
nk4a: pick->0x0000000000000002
nk4a: sa0-0x0000000000000002 root=0x0x00000000034c1000 cur=0x0x000000001dfde000
nk4a: gs2 gsbase=0x0x000000001dd31d50
nk4a: probe text va=0x0x000000001dbf2000 -> pa=0x0x000000001dbf2000 fl=0x0x000000000000001b
nk4a: probe stk va=0x0xffff8000003ff000 -> pa=0x0x00000000003ff000 fl=0x0x0000000000000013
nk4a: probe dm va=0x0xffff808000200000 -> pa=0x0x0000000000200000 fl=0x0x0000000000000013
nk4a: cr3-done-0x0x00000000034c1000
nk4a: sa1-after cr3=0x0x00000000034c1000
nk4a: pre-restore- rip=0x0000000000227b29 rsp=0x00007fffffff8d68 rbx=0x000000000026e000
nk4a: pick->0x0000000000000008
nk4a: sa0-0x0000000000000008 root=0x0x000000001dfde000 cur=0x0x00000000034c1000
nk4a: gs2 gsbase=0x0x000000001dd31d50
nk4a: probe text va=0x0x000000001dbf2000 -> pa=0x0x000000001dbf2000 fl=0x0x000000000000041b
nk4a: probe stk va=0x0xffff8000003ff000 -> pa=0x0x00000000003ff000 fl=0x0x000000000000041b
nk4a: probe dm va=0x0xffff808000200000 -> pa=0x0x0000000000200000 fl=0x0x0000000000000413
nk4a: cr3-done-0x0x000000001dfde000
nk4a: sa1-after cr3=0x0x000000001dfde000
nk4a: pre-restore- rip=0x00000000002014ad rsp=0x00007fffffffc0b8 rbx=0x0000000000010001
nk4a: vm-pf recv
nk4a: vm-pf bytes 0000000000000000
nk4a: pick->0x0000000000000002
nk4a: sa0-0x0000000000000002 root=0x0x00000000034c1000 cur=0x0x000000001dfde000
nk4a: gs2 gsbase=0x0x000000001dd31d50
nk4a: probe text va=0x0x000000001dbf2000 -> pa=0x0x000000001dbf2000 fl=0x0x000000000000001b
nk4a: probe stk va=0x0xffff8000003ff000 -> pa=0x0x00000000003ff000 fl=0x0x0000000000000013
nk4a: probe dm va=0x0xffff808000200000 -> pa=0x0x0000000000200000 fl=0x0x0000000000000013
nk4a: cr3-done-0x0x00000000034c1000
nk4a: sa1-after cr3=0x0x00000000034c1000
nk4a: pre-restore- rip=0x0000000000227b29 rsp=0x00007fffffff8d68 rbx=0x000000000026e000
nk4a: vs0x000000000000018b rip=0x0x0000000000227b29
nk4a: pick->0x0000000000000008
nk4a: sa0-0x0000000000000008 root=0x0x000000001dfde000 cur=0x0x00000000034c1000
nk4a: gs2 gsbase=0x0x000000001dd31d50
nk4a: probe text va=0x0x000000001dbf2000 -> pa=0x0x000000001dbf2000 fl=0x0x000000000000041b
nk4a: probe stk va=0x0xffff8000003ff000 -> pa=0x0x00000000003ff000 fl=0x0x000000000000041b
nk4a: probe dm va=0x0xffff808000200000 -> pa=0x0x0000000000200000 fl=0x0x0000000000000413
nk4a: cr3-done-0x0x000000001dfde000
nk4a: sa1-after cr3=0x0x000000001dfde000
nk4a: pre-restore- rip=0x00000000002014ad rsp=0x00007fffffffc0b8 rbx=0x0000000000010001
nk4a: vm-pf recv
nk4a: vm-pf bytes 0000000000000000
nk4a: pick->0x0000000000000002
nk4a: sa0-0x0000000000000002 root=0x0x00000000034c1000 cur=0x0x000000001dfde000
nk4a: gs2 gsbase=0x0x000000001dd31d50
nk4a: probe text va=0x0x000000001dbf2000 -> pa=0x0x000000001dbf2000 fl=0x0x000000000000001b
nk4a: probe stk va=0x0xffff8000003ff000 -> pa=0x0x00000000003ff000 fl=0x0x0000000000000013
nk4a: probe dm va=0x0xffff808000200000 -> pa=0x0x0000000000200000 fl=0x0x0000000000000013
nk4a: cr3-done-0x0x00000000034c1000
nk4a: sa1-after cr3=0x0x00000000034c1000
nk4a: pre-restore- rip=0x0000000000227b29 rsp=0x00007fffffff8d68 rbx=0x000000000026e000
nk4a: vs0x000000000000018e rip=0x0x0000000000227b29
nk4a: pick->0x0000000000000008
nk4a: sa0-0x0000000000000008 root=0x0x000000001dfde000 cur=0x0x00000000034c1000
nk4a: gs2 gsbase=0x0x000000001dd31d50
nk4a: probe text va=0x0x000000001dbf2000 -> pa=0x0x000000001dbf2000 fl=0x0x000000000000041b
nk4a: probe stk va=0x0xffff8000003ff000 -> pa=0x0x00000000003ff000 fl=0x0x000000000000041b
nk4a: probe dm va=0x0xffff808000200000 -> pa=0x0x0000000000200000 fl=0x0x0000000000000413
nk4a: cr3-done-0x0x000000001dfde000
nk4a: sa1-after cr3=0x0x000000001dfde000
nk4a: pre-restore- rip=0x00000000002014ad rsp=0x00007fffffffc0b8 rbx=0x0000000000010001
nk4a: vm-pf recv
nk4a: vm-pf bytes 0000000000000000
nk4a: pick->0x0000000000000002
nk4a: sa0-0x0000000000000002 root=0x0x00000000034c1000 cur=0x0x000000001dfde000
nk4a: gs2 gsbase=0x0x000000001dd31d50
nk4a: probe text va=0x0x000000001dbf2000 -> pa=0x0x000000001dbf2000 fl=0x0x000000000000001b
nk4a: probe stk va=0x0xffff8000003ff000 -> pa=0x0x00000000003ff000 fl=0x0x0000000000000013
nk4a: probe dm va=0x0xffff808000200000 -> pa=0x0x0000000000200000 fl=0x0x0000000000000013
nk4a: cr3-done-0x0x00000000034c1000
nk4a: sa1-after cr3=0x0x00000000034c1000
nk4a: pre-restore- rip=0x0000000000227b29 rsp=0x00007fffffff8d68 rbx=0x000000000026e000
nk4a: pick->0x0000000000000008
nk4a: sa0-0x0000000000000008 root=0x0x000000001dfde000 cur=0x0x00000000034c1000
nk4a: gs2 gsbase=0x0x000000001dd31d50
nk4a: probe text va=0x0x000000001dbf2000 -> pa=0x0x000000001dbf2000 fl=0x0x000000000000041b
nk4a: probe stk va=0x0xffff8000003ff000 -> pa=0x0x00000000003ff000 fl=0x0x000000000000041b
nk4a: probe dm va=0x0xffff808000200000 -> pa=0x0x0000000000200000 fl=0x0x0000000000000413
nk4a: cr3-done-0x0x000000001dfde000
nk4a: sa1-after cr3=0x0x000000001dfde000
nk4a: pre-restore- rip=0x00000000002014ad rsp=0x00007fffffffc0b8 rbx=0x0000000000010001
nk4a: vm-pf recv
nk4a: vm-pf bytes 0000000000000000
nk4a: pick->0x0000000000000002
nk4a: sa0-0x0000000000000002 root=0x0x00000000034c1000 cur=0x0x000000001dfde000
nk4a: gs2 gsbase=0x0x000000001dd31d50
nk4a: probe text va=0x0x000000001dbf2000 -> pa=0x0x000000001dbf2000 fl=0x0x000000000000001b
nk4a: probe stk va=0x0xffff8000003ff000 -> pa=0x0x00000000003ff000 fl=0x0x0000000000000013
nk4a: probe dm va=0x0xffff808000200000 -> pa=0x0x0000000000200000 fl=0x0x0000000000000013
nk4a: cr3-done-0x0x00000000034c1000
nk4a: sa1-after cr3=0x0x00000000034c1000
nk4a: pre-restore- rip=0x0000000000227b29 rsp=0x00007fffffff8d68 rbx=0x000000000026e000
nk4a: pick->0x0000000000000008
nk4a: sa0-0x0000000000000008 root=0x0x000000001dfde000 cur=0x0x00000000034c1000
nk4a: gs2 gsbase=0x0x000000001dd31d50
nk4a: probe text va=0x0x000000001dbf2000 -> pa=0x0x000000001dbf2000 fl=0x0x000000000000041b
nk4a: probe stk va=0x0xffff8000003ff000 -> pa=0x0x00000000003ff000 fl=0x0x000000000000041b
nk4a: probe dm va=0x0xffff808000200000 -> pa=0x0x0000000000200000 fl=0x0x0000000000000413
nk4a: cr3-done-0x0x000000001dfde000
nk4a: sa1-after cr3=0x0x000000001dfde000
nk4a: pre-restore- rip=0x00000000002014ad rsp=0x00007fffffffc0b8 rbx=0x0000000000010001
nk4a: vm-pf recv
nk4a: vm-pf bytes 0000000000000000
nk4a: pick->0x0000000000000002
nk4a: sa0-0x0000000000000002 root=0x0x00000000034c1000 cur=0x0x000000001dfde000
nk4a: gs2 gsbase=0x0x000000001dd31d50
nk4a: probe text va=0x0x000000001dbf2000 -> pa=0x0x000000001dbf2000 fl=0x0x000000000000001b
nk4a: probe stk va=0x0xffff8000003ff000 -> pa=0x0x00000000003ff000 fl=0x0x0000000000000013
nk4a: probe dm va=0x0xffff808000200000 -> pa=0x0x0000000000200000 fl=0x0x0000000000000013
nk4a: cr3-done-0x0x00000000034c1000
nk4a: sa1-after cr3=0x0x00000000034c1000
nk4a: pre-restore- rip=0x0000000000227b29 rsp=0x00007fffffff8d68 rbx=0x000000000026e000
nk4a: pick->0x0000000000000008
nk4a: sa0-0x0000000000000008 root=0x0x000000001dfde000 cur=0x0x00000000034c1000
nk4a: gs2 gsbase=0x0x000000001dd31d50
nk4a: probe text va=0x0x000000001dbf2000 -> pa=0x0x000000001dbf2000 fl=0x0x000000000000041b
nk4a: probe stk va=0x0xffff8000003ff000 -> pa=0x0x00000000003ff000 fl=0x0x000000000000041b
nk4a: probe dm va=0x0xffff808000200000 -> pa=0x0x0000000000200000 fl=0x0x0000000000000413
nk4a: cr3-done-0x0x000000001dfde000
nk4a: sa1-after cr3=0x0x000000001dfde000
nk4a: pre-restore- rip=0x00000000002014ad rsp=0x00007fffffffc0b8 rbx=0x0000000000010001
nk4a: vm-pf recv
nk4a: vm-pf bytes 0000000000000000
nk4a: pick->0x0000000000000002
nk4a: sa0-0x0000000000000002 root=0x0x00000000034c1000 cur=0x0x000000001dfde000
nk4a: gs2 gsbase=0x0x000000001dd31d50
nk4a: probe text va=0x0x000000001dbf2000 -> pa=0x0x000000001dbf2000 fl=0x0x000000000000001b
nk4a: probe stk va=0x0xffff8000003ff000 -> pa=0x0x00000000003ff000 fl=0x0x0000000000000013
nk4a: probe dm va=0x0xffff808000200000 -> pa=0x0x0000000000200000 fl=0x0x0000000000000013
nk4a: cr3-done-0x0x00000000034c1000
nk4a: sa1-after cr3=0x0x00000000034c1000
nk4a: pre-restore- rip=0x0000000000227b29 rsp=0x00007fffffff8d68 rbx=0x000000000026e000
nk4a: pick->0x0000000000000008
nk4a: sa0-0x0000000000000008 root=0x0x000000001dfde000 cur=0x0x00000000034c1000
nk4a: gs2 gsbase=0x0x000000001dd31d50
nk4a: probe text va=0x0x000000001dbf2000 -> pa=0x0x000000001dbf2000 fl=0x0x000000000000041b
nk4a: probe stk va=0x0xffff8000003ff000 -> pa=0x0x00000000003ff000 fl=0x0x000000000000041b
nk4a: probe dm va=0x0xffff808000200000 -> pa=0x0x0000000000200000 fl=0x0x0000000000000413
nk4a: cr3-done-0x0x000000001dfde000
nk4a: sa1-after cr3=0x0x000000001dfde000
nk4a: pre-restore- rip=0x00000000002014ad rsp=0x00007fffffffc0b8 rbx=0x0000000000010001
nk4a: vm-pf recv
nk4a: vm-pf bytes 0000000000000000
nk4a: pick->0x0000000000000002
nk4a: sa0-0x0000000000000002 root=0x0x00000000034c1000 cur=0x0x000000001dfde000
nk4a: gs2 gsbase=0x0x000000001dd31d50
nk4a: probe text va=0x0x000000001dbf2000 -> pa=0x0x000000001dbf2000 fl=0x0x000000000000001b
nk4a: probe stk va=0x0xffff8000003ff000 -> pa=0x0x00000000003ff000 fl=0x0x0000000000000013
nk4a: probe dm va=0x0xffff808000200000 -> pa=0x0x0000000000200000 fl=0x0x0000000000000013
nk4a: cr3-done-0x0x00000000034c1000
nk4a: sa1-after cr3=0x0x00000000034c1000
nk4a: pre-restore- rip=0x0000000000227b29 rsp=0x00007fffffff8d68 rbx=0x000000000026e000
nk4a: pick->0x0000000000000008
nk4a: sa0-0x0000000000000008 root=0x0x000000001dfde000 cur=0x0x00000000034c1000
nk4a: gs2 gsbase=0x0x000000001dd31d50
nk4a: probe text va=0x0x000000001dbf2000 -> pa=0x0x000000001dbf2000 fl=0x0x000000000000041b
nk4a: probe stk va=0x0xffff8000003ff000 -> pa=0x0x00000000003ff000 fl=0x0x000000000000041b
nk4a: probe dm va=0x0xffff808000200000 -> pa=0x0x0000000000200000 fl=0x0x0000000000000413
nk4a: cr3-done-0x0x000000001dfde000
nk4a: sa1-after cr3=0x0x000000001dfde000
nk4a: pre-restore- rip=0x00000000002014ad rsp=0x00007fffffffc0b8 rbx=0x0000000000010001
nk4a: vm-pf recv
nk4a: vm-pf bytes 0000000000000000
nk4a: pick->0x0000000000000002
nk4a: sa0-0x0000000000000002 root=0x0x00000000034c1000 cur=0x0x000000001dfde000
nk4a: gs2 gsbase=0x0x000000001dd31d50
nk4a: probe text va=0x0x000000001dbf2000 -> pa=0x0x000000001dbf2000 fl=0x0x000000000000001b
nk4a: probe stk va=0x0xffff8000003ff000 -> pa=0x0x00000000003ff000 fl=0x0x0000000000000013
nk4a: probe dm va=0x0xffff808000200000 -> pa=0x0x0000000000200000 fl=0x0x0000000000000013
nk4a: cr3-done-0x0x00000000034c1000
nk4a: sa1-after cr3=0x0x00000000034c1000
nk4a: pre-restore- rip=0x0000000000227b29 rsp=0x00007fffffff8d68 rbx=0x000000000026e000
nk4a: pick->0x0000000000000008
nk4a: sa0-0x0000000000000008 root=0x0x000000001dfde000 cur=0x0x00000000034c1000
nk4a: gs2 gsbase=0x0x000000001dd31d50
nk4a: probe text va=0x0x000000001dbf2000 -> pa=0x0x000000001dbf2000 fl=0x0x000000000000041b
nk4a: probe stk va=0x0xffff8000003ff000 -> pa=0x0x00000000003ff000 fl=0x0x000000000000041b
nk4a: probe dm va=0x0xffff808000200000 -> pa=0x0x0000000000200000 fl=0x0x0000000000000413
nk4a: cr3-done-0x0x000000001dfde000
nk4a: sa1-after cr3=0x0x000000001dfde000
nk4a: pre-restore- rip=0x00000000002014ad rsp=0x00007fffffffc0b8 rbx=0x0000000000010001
nk4a: vm-pf recv
nk4a: vm-pf bytes 0000000000000000
nk4a: pick->0x0000000000000002
nk4a: sa0-0x0000000000000002 root=0x0x00000000034c1000 cur=0x0x000000001dfde000
nk4a: gs2 gsbase=0x0x000000001dd31d50
nk4a: probe text va=0x0x000000001dbf2000 -> pa=0x0x000000001dbf2000 fl=0x0x000000000000001b
nk4a: probe stk va=0x0xffff8000003ff000 -> pa=0x0x00000000003ff000 fl=0x0x0000000000000013
nk4a: probe dm va=0x0xffff808000200000 -> pa=0x0x0000000000200000 fl=0x0x0000000000000013
nk4a: cr3-done-0x0x00000000034c1000
nk4a: sa1-after cr3=0x0x00000000034c1000
nk4a: pre-restore- rip=0x0000000000227b29 rsp=0x00007fffffff8d68 rbx=0x000000000026e000
nk4a: pick->0x0000000000000008
nk4a: sa0-0x0000000000000008 root=0x0x000000001dfde000 cur=0x0x00000000034c1000
nk4a: gs2 gsbase=0x0x000000001dd31d50
nk4a: probe text va=0x0x000000001dbf2000 -> pa=0x0x000000001dbf2000 fl=0x0x000000000000041b
nk4a: probe stk va=0x0xffff8000003ff000 -> pa=0x0x00000000003ff000 fl=0x0x000000000000041b
nk4a: probe dm va=0x0xffff808000200000 -> pa=0x0x0000000000200000 fl=0x0x0000000000000413
nk4a: cr3-done-0x0x000000001dfde000
nk4a: sa1-after cr3=0x0x000000001dfde000
nk4a: pre-restore- rip=0x00000000002014ad rsp=0x00007fffffffc0b8 rbx=0x0000000000010001
nk4a: vm-pf recv
nk4a: vm-pf bytes 0000000000000000
nk4a: pick->0x0000000000000002
nk4a: sa0-0x0000000000000002 root=0x0x00000000034c1000 cur=0x0x000000001dfde000
nk4a: gs2 gsbase=0x0x000000001dd31d50
nk4a: probe text va=0x0x000000001dbf2000 -> pa=0x0x000000001dbf2000 fl=0x0x000000000000001b
nk4a: probe stk va=0x0xffff8000003ff000 -> pa=0x0x00000000003ff000 fl=0x0x0000000000000013
nk4a: probe dm va=0x0xffff808000200000 -> pa=0x0x0000000000200000 fl=0x0x0000000000000013
nk4a: cr3-done-0x0x00000000034c1000
nk4a: sa1-after cr3=0x0x00000000034c1000
nk4a: pre-restore- rip=0x0000000000227b29 rsp=0x00007fffffff8d68 rbx=0x000000000026e000
nk4a: pick->0x0000000000000008
nk4a: sa0-0x0000000000000008 root=0x0x000000001dfde000 cur=0x0x00000000034c1000
nk4a: gs2 gsbase=0x0x000000001dd31d50
nk4a: probe text va=0x0x000000001dbf2000 -> pa=0x0x000000001dbf2000 fl=0x0x000000000000041b
nk4a: probe stk va=0x0xffff8000003ff000 -> pa=0x0x00000000003ff000 fl=0x0x000000000000041b
nk4a: probe dm va=0x0xffff808000200000 -> pa=0x0x0000000000200000 fl=0x0x0000000000000413
nk4a: cr3-done-0x0x000000001dfde000
nk4a: sa1-after cr3=0x0x000000001dfde000
nk4a: pre-restore- rip=0x00000000002014ad rsp=0x00007fffffffc0b8 rbx=0x0000000000010001
nk4a: vm-pf recv
nk4a: vm-pf bytes 0000000000000000
nk4a: pick->0x0000000000000002
nk4a: sa0-0x0000000000000002 root=0x0x00000000034c1000 cur=0x0x000000001dfde000
nk4a: gs2 gsbase=0x0x000000001dd31d50
nk4a: probe text va=0x0x000000001dbf2000 -> pa=0x0x000000001dbf2000 fl=0x0x000000000000001b
nk4a: probe stk va=0x0xffff8000003ff000 -> pa=0x0x00000000003ff000 fl=0x0x0000000000000013
nk4a: probe dm va=0x0xffff808000200000 -> pa=0x0x0000000000200000 fl=0x0x0000000000000013
nk4a: cr3-done-0x0x00000000034c1000
nk4a: sa1-after cr3=0x0x00000000034c1000
nk4a: pre-restore- rip=0x0000000000227b29 rsp=0x00007fffffff8d68 rbx=0x000000000026e000
nk4a: pick->0x0000000000000008
nk4a: sa0-0x0000000000000008 root=0x0x000000001dfde000 cur=0x0x00000000034c1000
nk4a: gs2 gsbase=0x0x000000001dd31d50
nk4a: probe text va=0x0x000000001dbf2000 -> pa=0x0x000000001dbf2000 fl=0x0x000000000000041b
nk4a: probe stk va=0x0xffff8000003ff000 -> pa=0x0x00000000003ff000 fl=0x0x000000000000041b
nk4a: probe dm va=0x0xffff808000200000 -> pa=0x0x0000000000200000 fl=0x0x0000000000000413
nk4a: cr3-done-0x0x000000001dfde000
nk4a: sa1-after cr3=0x0x000000001dfde000
nk4a: pre-restore- rip=0x00000000002014ad rsp=0x00007fffffffc0b8 rbx=0x0000000000010001
nk4a: vm-pf recv
nk4a: vm-pf bytes 0000000000000000
nk4a: pick->0x0000000000000002
nk4a: sa0-0x0000000000000002 root=0x0x00000000034c1000 cur=0x0x000000001dfde000
nk4a: gs2 gsbase=0x0x000000001dd31d50
nk4a: probe text va=0x0x000000001dbf2000 -> pa=0x0x000000001dbf2000 fl=0x0x000000000000001b
nk4a: probe stk va=0x0xffff8000003ff000 -> pa=0x0x00000000003ff000 fl=0x0x0000000000000013
nk4a: probe dm va=0x0xffff808000200000 -> pa=0x0x0000000000200000 fl=0x0x0000000000000013
nk4a: cr3-done-0x0x00000000034c1000
nk4a: sa1-after cr3=0x0x00000000034c1000
nk4a: pre-restore- rip=0x0000000000227b29 rsp=0x00007fffffff8d68 rbx=0x000000000026e000
nk4a: pick->0x0000000000000008
nk4a: sa0-0x0000000000000008 root=0x0x000000001dfde000 cur=0x0x00000000034c1000
nk4a: gs2 gsbase=0x0x000000001dd31d50
nk4a: probe text va=0x0x000000001dbf2000 -> pa=0x0x000000001dbf2000 fl=0x0x000000000000041b
nk4a: probe stk va=0x0xffff8000003ff000 -> pa=0x0x00000000003ff000 fl=0x0x000000000000041b
nk4a: probe dm va=0x0xffff808000200000 -> pa=0x0x0000000000200000 fl=0x0x0000000000000413
nk4a: cr3-done-0x0x000000001dfde000
nk4a: sa1-after cr3=0x0x000000001dfde000
nk4a: pre-restore- rip=0x00000000002014ad rsp=0x00007fffffffc0b8 rbx=0x0000000000010001
nk4a: vm-pf recv
nk4a: vm-pf bytes 0000000000000000
nk4a: pick->0x0000000000000002
nk4a: sa0-0x0000000000000002 root=0x0x00000000034c1000 cur=0x0x000000001dfde000
nk4a: gs2 gsbase=0x0x000000001dd31d50
nk4a: probe text va=0x0x000000001dbf2000 -> pa=0x0x000000001dbf2000 fl=0x0x000000000000001b
nk4a: probe stk va=0x0xffff8000003ff000 -> pa=0x0x00000000003ff000 fl=0x0x0000000000000013
nk4a: probe dm va=0x0xffff808000200000 -> pa=0x0x0000000000200000 fl=0x0x0000000000000013
nk4a: cr3-done-0x0x00000000034c1000
nk4a: sa1-after cr3=0x0x00000000034c1000
nk4a: pre-restore- rip=0x0000000000227b29 rsp=0x00007fffffff8d68 rbx=0x000000000026e000
nk4a: pick->0x0000000000000008
nk4a: sa0-0x0000000000000008 root=0x0x000000001dfde000 cur=0x0x00000000034c1000
nk4a: gs2 gsbase=0x0x000000001dd31d50
nk4a: probe text va=0x0x000000001dbf2000 -> pa=0x0x000000001dbf2000 fl=0x0x000000000000041b
nk4a: probe stk va=0x0xffff8000003ff000 -> pa=0x0x00000000003ff000 fl=0x0x000000000000041b
nk4a: probe dm va=0x0xffff808000200000 -> pa=0x0x0000000000200000 fl=0x0x0000000000000413
nk4a: cr3-done-0x0x000000001dfde000
nk4a: sa1-after cr3=0x0x000000001dfde000
nk4a: pre-restore- rip=0x00000000002014ad rsp=0x00007fffffffc0b8 rbx=0x0000000000010001
nk4a: vm-pf recv
nk4a: vm-pf bytes 0000000000000000
nk4a: pick->0x0000000000000002
nk4a: sa0-0x0000000000000002 root=0x0x00000000034c1000 cur=0x0x000000001dfde000
nk4a: gs2 gsbase=0x0x000000001dd31d50
nk4a: probe text va=0x0x000000001dbf2000 -> pa=0x0x000000001dbf2000 fl=0x0x000000000000001b
nk4a: probe stk va=0x0xffff8000003ff000 -> pa=0x0x00000000003ff000 fl=0x0x0000000000000013
nk4a: probe dm va=0x0xffff808000200000 -> pa=0x0x0000000000200000 fl=0x0x0000000000000013
nk4a: cr3-done-0x0x00000000034c1000
nk4a: sa1-after cr3=0x0x00000000034c1000
nk4a: pre-restore- rip=0x0000000000227b29 rsp=0x00007fffffff8d68 rbx=0x000000000026e000
nk4a: pick->0x0000000000000008
nk4a: sa0-0x0000000000000008 root=0x0x000000001dfde000 cur=0x0x00000000034c1000
nk4a: gs2 gsbase=0x0x000000001dd31d50
nk4a: probe text va=0x0x000000001dbf2000 -> pa=0x0x000000001dbf2000 fl=0x0x000000000000041b
nk4a: probe stk va=0x0xffff8000003ff000 -> pa=0x0x00000000003ff000 fl=0x0x000000000000041b
nk4a: probe dm va=0x0xffff808000200000 -> pa=0x0x0000000000200000 fl=0x0x0000000000000413
nk4a: cr3-done-0x0x000000001dfde000
nk4a: sa1-after cr3=0x0x000000001dfde000
nk4a: pre-restore- rip=0x00000000002014ad rsp=0x00007fffffffc0b8 rbx=0x0000000000010001
nk4a: vm-pf recv
nk4a: vm-pf bytes 0000000000000000
nk4a: pick->0x0000000000000002
nk4a: sa0-0x0000000000000002 root=0x0x00000000034c1000 cur=0x0x000000001dfde000
nk4a: gs2 gsbase=0x0x000000001dd31d50
nk4a: probe text va=0x0x000000001dbf2000 -> pa=0x0x000000001dbf2000 fl=0x0x000000000000001b
nk4a: probe stk va=0x0xffff8000003ff000 -> pa=0x0x00000000003ff000 fl=0x0x0000000000000013
nk4a: probe dm va=0x0xffff808000200000 -> pa=0x0x0000000000200000 fl=0x0x0000000000000013
nk4a: cr3-done-0x0x00000000034c1000
nk4a: sa1-after cr3=0x0x00000000034c1000
nk4a: pre-restore- rip=0x0000000000227b29 rsp=0x00007fffffff8d68 rbx=0x000000000026e000
nk4a: pick->0x0000000000000008
nk4a: sa0-0x0000000000000008 root=0x0x000000001dfde000 cur=0x0x00000000034c1000
nk4a: gs2 gsbase=0x0x000000001dd31d50
nk4a: probe text va=0x0x000000001dbf2000 -> pa=0x0x000000001dbf2000 fl=0x0x000000000000041b
nk4a: probe stk va=0x0xffff8000003ff000 -> pa=0x0x00000000003ff000 fl=0x0x000000000000041b
nk4a: probe dm va=0x0xffff808000200000 -> pa=0x0x0000000000200000 fl=0x0x0000000000000413
nk4a: cr3-done-0x0x000000001dfde000
nk4a: sa1-after cr3=0x0x000000001dfde000
nk4a: pre-restore- rip=0x00000000002014ad rsp=0x00007fffffffc0b8 rbx=0x0000000000010001
nk4a: vm-pf recv
nk4a: vm-pf bytes 0000000000000000
nk4a: rbxw irq-save ep=0x0000000000000008 rbx=0x0000000000000000 rip=0x000000000022b42d
nk4a: pick->0x0000000000000002
nk4a: sa0-0x0000000000000002 root=0x0x00000000034c1000 cur=0x0x000000001dfde000
nk4a: gs2 gsbase=0x0x000000001dd31d50
nk4a: probe text va=0x0x000000001dbf2000 -> pa=0x0x000000001dbf2000 fl=0x0x000000000000001b
nk4a: probe stk va=0x0xffff8000003ff000 -> pa=0x0x00000000003ff000 fl=0x0x0000000000000013
nk4a: probe dm va=0x0xffff808000200000 -> pa=0x0x0000000000200000 fl=0x0x0000000000000013
nk4a: cr3-done-0x0x00000000034c1000
nk4a: sa1-after cr3=0x0x00000000034c1000
nk4a: pre-restore- rip=0x0000000000227b29 rsp=0x00007fffffff8d68 rbx=0x000000000026e000
nk4a: pick->0x0000000000000008
nk4a: sa0-0x0000000000000008 root=0x0x000000001dfde000 cur=0x0x00000000034c1000
nk4a: gs2 gsbase=0x0x000000001dd31d50
nk4a: probe text va=0x0x000000001dbf2000 -> pa=0x0x000000001dbf2000 fl=0x0x000000000000041b
nk4a: probe stk va=0x0xffff8000003ff000 -> pa=0x0x00000000003ff000 fl=0x0x000000000000041b
nk4a: probe dm va=0x0xffff808000200000 -> pa=0x0x0000000000200000 fl=0x0x0000000000000413
nk4a: cr3-done-0x0x000000001dfde000
nk4a: sa1-after cr3=0x0x000000001dfde000
nk4a: pre-restore- rip=0x00000000002014ad rsp=0x00007fffffffc0b8 rbx=0x0000000000010001
nk4a: vm-pf recv
nk4a: vm-pf bytes 0000000000000000
nk4a: pick->0x0000000000000002
nk4a: sa0-0x0000000000000002 root=0x0x00000000034c1000 cur=0x0x000000001dfde000
nk4a: gs2 gsbase=0x0x000000001dd31d50
nk4a: probe text va=0x0x000000001dbf2000 -> pa=0x0x000000001dbf2000 fl=0x0x000000000000001b
nk4a: probe stk va=0x0xffff8000003ff000 -> pa=0x0x00000000003ff000 fl=0x0x0000000000000013
nk4a: probe dm va=0x0xffff808000200000 -> pa=0x0x0000000000200000 fl=0x0x0000000000000013
nk4a: cr3-done-0x0x00000000034c1000
nk4a: sa1-after cr3=0x0x00000000034c1000
nk4a: pre-restore- rip=0x0000000000227b29 rsp=0x00007fffffff8d68 rbx=0x000000000026e000
nk4a: pick->0x0000000000000008
nk4a: sa0-0x0000000000000008 root=0x0x000000001dfde000 cur=0x0x00000000034c1000
nk4a: gs2 gsbase=0x0x000000001dd31d50
nk4a: probe text va=0x0x000000001dbf2000 -> pa=0x0x000000001dbf2000 fl=0x0x000000000000041b
nk4a: probe stk va=0x0xffff8000003ff000 -> pa=0x0x00000000003ff000 fl=0x0x000000000000041b
nk4a: probe dm va=0x0xffff808000200000 -> pa=0x0x0000000000200000 fl=0x0x0000000000000413
nk4a: cr3-done-0x0x000000001dfde000
nk4a: sa1-after cr3=0x0x000000001dfde000
nk4a: pre-restore- rip=0x00000000002014ad rsp=0x00007fffffffc0b8 rbx=0x0000000000010001
nk4a: vm-pf recv
nk4a: vm-pf bytes 0000000000000000
nk4a: pick->0x0000000000000002
nk4a: sa0-0x0000000000000002 root=0x0x00000000034c1000 cur=0x0x000000001dfde000
nk4a: gs2 gsbase=0x0x000000001dd31d50
nk4a: probe text va=0x0x000000001dbf2000 -> pa=0x0x000000001dbf2000 fl=0x0x000000000000001b
nk4a: probe stk va=0x0xffff8000003ff000 -> pa=0x0x00000000003ff000 fl=0x0x0000000000000013
nk4a: probe dm va=0x0xffff808000200000 -> pa=0x0x0000000000200000 fl=0x0x0000000000000013
nk4a: cr3-done-0x0x00000000034c1000
nk4a: sa1-after cr3=0x0x00000000034c1000
nk4a: pre-restore- rip=0x0000000000227b29 rsp=0x00007fffffff8d68 rbx=0x000000000026e000
nk4a: pick->0x0000000000000008
nk4a: sa0-0x0000000000000008 root=0x0x000000001dfde000 cur=0x0x00000000034c1000
nk4a: gs2 gsbase=0x0x000000001dd31d50
nk4a: probe text va=0x0x000000001dbf2000 -> pa=0x0x000000001dbf2000 fl=0x0x000000000000041b
nk4a: probe stk va=0x0xffff8000003ff000 -> pa=0x0x00000000003ff000 fl=0x0x000000000000041b
nk4a: probe dm va=0x0xffff808000200000 -> pa=0x0x0000000000200000 fl=0x0x0000000000000413
nk4a: cr3-done-0x0x000000001dfde000
nk4a: sa1-after cr3=0x0x000000001dfde000
nk4a: pre-restore- rip=0x00000000002014ad rsp=0x00007fffffffc0b8 rbx=0x0000000000010001
nk4a: vm-pf recv
nk4a: vm-pf bytes 0000000000000000
nk4a: pick->0x0000000000000002
nk4a: sa0-0x0000000000000002 root=0x0x00000000034c1000 cur=0x0x000000001dfde000
nk4a: gs2 gsbase=0x0x000000001dd31d50
nk4a: probe text va=0x0x000000001dbf2000 -> pa=0x0x000000001dbf2000 fl=0x0x000000000000001b
nk4a: probe stk va=0x0xffff8000003ff000 -> pa=0x0x00000000003ff000 fl=0x0x0000000000000013
nk4a: probe dm va=0x0xffff808000200000 -> pa=0x0x0000000000200000 fl=0x0x0000000000000013
nk4a: cr3-done-0x0x00000000034c1000
nk4a: sa1-after cr3=0x0x00000000034c1000
nk4a: pre-restore- rip=0x0000000000227b29 rsp=0x00007fffffff8d68 rbx=0x000000000026e000
nk4a: pick->0x0000000000000008
nk4a: sa0-0x0000000000000008 root=0x0x000000001dfde000 cur=0x0x00000000034c1000
nk4a: gs2 gsbase=0x0x000000001dd31d50
nk4a: probe text va=0x0x000000001dbf2000 -> pa=0x0x000000001dbf2000 fl=0x0x000000000000041b
nk4a: probe stk va=0x0xffff8000003ff000 -> pa=0x0x00000000003ff000 fl=0x0x000000000000041b
nk4a: probe dm va=0x0xffff808000200000 -> pa=0x0x0000000000200000 fl=0x0x0000000000000413
nk4a: cr3-done-0x0x000000001dfde000
nk4a: sa1-after cr3=0x0x000000001dfde000
nk4a: pre-restore- rip=0x00000000002014ad rsp=0x00007fffffffc0b8 rbx=0x0000000000010001
nk4a: vm-pf recv
nk4a: vm-pf bytes 0000000000000000
nk4a: pick->0x0000000000000002
nk4a: sa0-0x0000000000000002 root=0x0x00000000034c1000 cur=0x0x000000001dfde000
nk4a: gs2 gsbase=0x0x000000001dd31d50
nk4a: probe text va=0x0x000000001dbf2000 -> pa=0x0x000000001dbf2000 fl=0x0x000000000000001b
nk4a: probe stk va=0x0xffff8000003ff000 -> pa=0x0x00000000003ff000 fl=0x0x0000000000000013
nk4a: probe dm va=0x0xffff808000200000 -> pa=0x0x0000000000200000 fl=0x0x0000000000000013
nk4a: cr3-done-0x0x00000000034c1000
nk4a: sa1-after cr3=0x0x00000000034c1000
nk4a: pre-restore- rip=0x0000000000227b29 rsp=0x00007fffffff8d68 rbx=0x000000000026e000
nk4a: pick->0x0000000000000008
nk4a: sa0-0x0000000000000008 root=0x0x000000001dfde000 cur=0x0x00000000034c1000
nk4a: gs2 gsbase=0x0x000000001dd31d50
nk4a: probe text va=0x0x000000001dbf2000 -> pa=0x0x000000001dbf2000 fl=0x0x000000000000041b
nk4a: probe stk va=0x0xffff8000003ff000 -> pa=0x0x00000000003ff000 fl=0x0x000000000000041b
nk4a: probe dm va=0x0xffff808000200000 -> pa=0x0x0000000000200000 fl=0x0x0000000000000413
nk4a: cr3-done-0x0x000000001dfde000
nk4a: sa1-after cr3=0x0x000000001dfde000
nk4a: pre-restore- rip=0x00000000002014ad rsp=0x00007fffffffc0b8 rbx=0x0000000000010001
nk4a: vm-pf recv
nk4a: vm-pf bytes 0000000000000000
nk4a: pick->0x0000000000000002
nk4a: sa0-0x0000000000000002 root=0x0x00000000034c1000 cur=0x0x000000001dfde000
nk4a: gs2 gsbase=0x0x000000001dd31d50
nk4a: probe text va=0x0x000000001dbf2000 -> pa=0x0x000000001dbf2000 fl=0x0x000000000000001b
nk4a: probe stk va=0x0xffff8000003ff000 -> pa=0x0x00000000003ff000 fl=0x0x0000000000000013
nk4a: probe dm va=0x0xffff808000200000 -> pa=0x0x0000000000200000 fl=0x0x0000000000000013
nk4a: cr3-done-0x0x00000000034c1000
nk4a: sa1-after cr3=0x0x00000000034c1000
nk4a: pre-restore- rip=0x0000000000227b29 rsp=0x00007fffffff8d68 rbx=0x000000000026e000
nk4a: pick->0x0000000000000008
nk4a: sa0-0x0000000000000008 root=0x0x000000001dfde000 cur=0x0x00000000034c1000
nk4a: gs2 gsbase=0x0x000000001dd31d50
nk4a: probe text va=0x0x000000001dbf2000 -> pa=0x0x000000001dbf2000 fl=0x0x000000000000041b
nk4a: probe stk va=0x0xffff8000003ff000 -> pa=0x0x00000000003ff000 fl=0x0x000000000000041b
nk4a: probe dm va=0x0xffff808000200000 -> pa=0x0x0000000000200000 fl=0x0x0000000000000413
nk4a: cr3-done-0x0x000000001dfde000
nk4a: sa1-after cr3=0x0x000000001dfde000
nk4a: pre-restore- rip=0x00000000002014ad rsp=0x00007fffffffc0b8 rbx=0x0000000000010001
nk4a: vm-pf recv
nk4a: vm-pf bytes 0000000000000000
nk4a: pick->0x0000000000000002
nk4a: sa0-0x0000000000000002 root=0x0x00000000034c1000 cur=0x0x000000001dfde000
nk4a: gs2 gsbase=0x0x000000001dd31d50
nk4a: probe text va=0x0x000000001dbf2000 -> pa=0x0x000000001dbf2000 fl=0x0x000000000000001b
nk4a: probe stk va=0x0xffff8000003ff000 -> pa=0x0x00000000003ff000 fl=0x0x0000000000000013
nk4a: probe dm va=0x0xffff808000200000 -> pa=0x0x0000000000200000 fl=0x0x0000000000000013
nk4a: cr3-done-0x0x00000000034c1000
nk4a: sa1-after cr3=0x0x00000000034c1000
nk4a: pre-restore- rip=0x0000000000227b29 rsp=0x00007fffffff8d68 rbx=0x000000000026e000
nk4a: pick->0x0000000000000008
nk4a: sa0-0x0000000000000008 root=0x0x000000001dfde000 cur=0x0x00000000034c1000
nk4a: gs2 gsbase=0x0x000000001dd31d50
nk4a: probe text va=0x0x000000001dbf2000 -> pa=0x0x000000001dbf2000 fl=0x0x000000000000041b
nk4a: probe stk va=0x0xffff8000003ff000 -> pa=0x0x00000000003ff000 fl=0x0x000000000000041b
nk4a: probe dm va=0x0xffff808000200000 -> pa=0x0x0000000000200000 fl=0x0x0000000000000413
nk4a: cr3-done-0x0x000000001dfde000
nk4a: sa1-after cr3=0x0x000000001dfde000
nk4a: pre-restore- rip=0x00000000002014ad rsp=0x00007fffffffc0b8 rbx=0x0000000000010001
nk4a: vm-pf recv
nk4a: vm-pf bytes 0000000000000000
nk4a: pick->0x0000000000000002
nk4a: sa0-0x0000000000000002 root=0x0x00000000034c1000 cur=0x0x000000001dfde000
nk4a: gs2 gsbase=0x0x000000001dd31d50
nk4a: probe text va=0x0x000000001dbf2000 -> pa=0x0x000000001dbf2000 fl=0x0x000000000000001b
nk4a: probe stk va=0x0xffff8000003ff000 -> pa=0x0x00000000003ff000 fl=0x0x0000000000000013
nk4a: probe dm va=0x0xffff808000200000 -> pa=0x0x0000000000200000 fl=0x0x0000000000000013
nk4a: cr3-done-0x0x00000000034c1000
nk4a: sa1-after cr3=0x0x00000000034c1000
nk4a: pre-restore- rip=0x0000000000227b29 rsp=0x00007fffffff8d68 rbx=0x000000000026e000
nk4a: pick->0x0000000000000008
nk4a: sa0-0x0000000000000008 root=0x0x000000001dfde000 cur=0x0x00000000034c1000
nk4a: gs2 gsbase=0x0x000000001dd31d50
nk4a: probe text va=0x0x000000001dbf2000 -> pa=0x0x000000001dbf2000 fl=0x0x000000000000041b
nk4a: probe stk va=0x0xffff8000003ff000 -> pa=0x0x00000000003ff000 fl=0x0x000000000000041b
nk4a: probe dm va=0x0xffff808000200000 -> pa=0x0x0000000000200000 fl=0x0x0000000000000413
nk4a: cr3-done-0x0x000000001dfde000
nk4a: sa1-after cr3=0x0x000000001dfde000
nk4a: pre-restore- rip=0x00000000002014ad rsp=0x00007fffffffc0b8 rbx=0x0000000000010001
nk4a: vm-pf recv
nk4a: vm-pf bytes 0000000000000000
nk4a: pick->0x0000000000000002
nk4a: sa0-0x0000000000000002 root=0x0x00000000034c1000 cur=0x0x000000001dfde000
nk4a: gs2 gsbase=0x0x000000001dd31d50
nk4a: probe text va=0x0x000000001dbf2000 -> pa=0x0x000000001dbf2000 fl=0x0x000000000000001b
nk4a: probe stk va=0x0xffff8000003ff000 -> pa=0x0x00000000003ff000 fl=0x0x0000000000000013
nk4a: probe dm va=0x0xffff808000200000 -> pa=0x0x0000000000200000 fl=0x0x0000000000000013
nk4a: cr3-done-0x0x00000000034c1000
nk4a: sa1-after cr3=0x0x00000000034c1000
nk4a: pre-restore- rip=0x0000000000227b29 rsp=0x00007fffffff8d68 rbx=0x000000000026e000
nk4a: pick->0x0000000000000008
nk4a: sa0-0x0000000000000008 root=0x0x000000001dfde000 cur=0x0x00000000034c1000
nk4a: gs2 gsbase=0x0x000000001dd31d50
nk4a: probe text va=0x0x000000001dbf2000 -> pa=0x0x000000001dbf2000 fl=0x0x000000000000041b
nk4a: probe stk va=0x0xffff8000003ff000 -> pa=0x0x00000000003ff000 fl=0x0x000000000000041b
nk4a: probe dm va=0x0xffff808000200000 -> pa=0x0x0000000000200000 fl=0x0x0000000000000413
nk4a: cr3-done-0x0x000000001dfde000
nk4a: sa1-after cr3=0x0x000000001dfde000
nk4a: pre-restore- rip=0x00000000002014ad rsp=0x00007fffffffc0b8 rbx=0x0000000000010001
nk4a: vm-pf recv
nk4a: vm-pf bytes 0000000000000000
nk4a: pick->0x0000000000000002
nk4a: sa0-0x0000000000000002 root=0x0x00000000034c1000 cur=0x0x000000001dfde000
nk4a: gs2 gsbase=0x0x000000001dd31d50
nk4a: probe text va=0x0x000000001dbf2000 -> pa=0x0x000000001dbf2000 fl=0x0x000000000000001b
nk4a: probe stk va=0x0xffff8000003ff000 -> pa=0x0x00000000003ff000 fl=0x0x0000000000000013
nk4a: probe dm va=0x0xffff808000200000 -> pa=0x0x0000000000200000 fl=0x0x0000000000000013
nk4a: cr3-done-0x0x00000000034c1000
nk4a: sa1-after cr3=0x0x00000000034c1000
nk4a: pre-restore- rip=0x0000000000227b29 rsp=0x00007fffffff8d68 rbx=0x000000000026e000
nk4a: pick->0x0000000000000008
nk4a: sa0-0x0000000000000008 root=0x0x000000001dfde000 cur=0x0x00000000034c1000
nk4a: gs2 gsbase=0x0x000000001dd31d50
nk4a: probe text va=0x0x000000001dbf2000 -> pa=0x0x000000001dbf2000 fl=0x0x000000000000041b
nk4a: probe stk va=0x0xffff8000003ff000 -> pa=0x0x00000000003ff000 fl=0x0x000000000000041b
nk4a: probe dm va=0x0xffff808000200000 -> pa=0x0x0000000000200000 fl=0x0x0000000000000413
nk4a: cr3-done-0x0x000000001dfde000
nk4a: sa1-after cr3=0x0x000000001dfde000
nk4a: pre-restore- rip=0x00000000002014ad rsp=0x00007fffffffc0b8 rbx=0x0000000000010001
nk4a: vm-pf recv
nk4a: vm-pf bytes 0000000000000000
nk4a: rbxw irq-save ep=0x0000000000000008 rbx=0x0000000000000000 rip=0x000000000022b42d
nk4a: pick->0x0000000000000002
nk4a: sa0-0x0000000000000002 root=0x0x00000000034c1000 cur=0x0x000000001dfde000
nk4a: gs2 gsbase=0x0x000000001dd31d50
nk4a: probe text va=0x0x000000001dbf2000 -> pa=0x0x000000001dbf2000 fl=0x0x000000000000001b
nk4a: probe stk va=0x0xffff8000003ff000 -> pa=0x0x00000000003ff000 fl=0x0x0000000000000013
nk4a: probe dm va=0x0xffff808000200000 -> pa=0x0x0000000000200000 fl=0x0x0000000000000013
nk4a: cr3-done-0x0x00000000034c1000
nk4a: sa1-after cr3=0x0x00000000034c1000
nk4a: pre-restore- rip=0x0000000000227b29 rsp=0x00007fffffff8d68 rbx=0x000000000026e000
nk4a: pick->0x0000000000000008
nk4a: sa0-0x0000000000000008 root=0x0x000000001dfde000 cur=0x0x00000000034c1000
nk4a: gs2 gsbase=0x0x000000001dd31d50
nk4a: probe text va=0x0x000000001dbf2000 -> pa=0x0x000000001dbf2000 fl=0x0x000000000000041b
nk4a: probe stk va=0x0xffff8000003ff000 -> pa=0x0x00000000003ff000 fl=0x0x000000000000041b
nk4a: probe dm va=0x0xffff808000200000 -> pa=0x0x0000000000200000 fl=0x0x0000000000000413
nk4a: cr3-done-0x0x000000001dfde000
nk4a: sa1-after cr3=0x0x000000001dfde000
nk4a: pre-restore- rip=0x00000000002014ad rsp=0x00007fffffffc0b8 rbx=0x0000000000010001
nk4a: vm-pf recv
nk4a: vm-pf bytes 0000000000000000
nk4a: pick->0x0000000000000002
nk4a: sa0-0x0000000000000002 root=0x0x00000000034c1000 cur=0x0x000000001dfde000
nk4a: gs2 gsbase=0x0x000000001dd31d50
nk4a: probe text va=0x0x000000001dbf2000 -> pa=0x0x000000001dbf2000 fl=0x0x000000000000001b
nk4a: probe stk va=0x0xffff8000003ff000 -> pa=0x0x00000000003ff000 fl=0x0x0000000000000013
nk4a: probe dm va=0x0xffff808000200000 -> pa=0x0x0000000000200000 fl=0x0x0000000000000013
nk4a: cr3-done-0x0x00000000034c1000
nk4a: sa1-after cr3=0x0x00000000034c1000
nk4a: pre-restore- rip=0x0000000000227b29 rsp=0x00007fffffff8d68 rbx=0x000000000026e000
nk4a: pick->0x0000000000000008
nk4a: sa0-0x0000000000000008 root=0x0x000000001dfde000 cur=0x0x00000000034c1000
nk4a: gs2 gsbase=0x0x000000001dd31d50
nk4a: probe text va=0x0x000000001dbf2000 -> pa=0x0x000000001dbf2000 fl=0x0x000000000000041b
nk4a: probe stk va=0x0xffff8000003ff000 -> pa=0x0x00000000003ff000 fl=0x0x000000000000041b
nk4a: probe dm va=0x0xffff808000200000 -> pa=0x0x0000000000200000 fl=0x0x0000000000000413
nk4a: cr3-done-0x0x000000001dfde000
nk4a: sa1-after cr3=0x0x000000001dfde000
nk4a: pre-restore- rip=0x00000000002014ad rsp=0x00007fffffffc0b8 rbx=0x0000000000010001
nk4a: vm-pf recv
nk4a: vm-pf bytes 0000000000000000
nk4a: pick->0x0000000000000002
nk4a: sa0-0x0000000000000002 root=0x0x00000000034c1000 cur=0x0x000000001dfde000
nk4a: gs2 gsbase=0x0x000000001dd31d50
nk4a: probe text va=0x0x000000001dbf2000 -> pa=0x0x000000001dbf2000 fl=0x0x000000000000001b
nk4a: probe stk va=0x0xffff8000003ff000 -> pa=0x0x00000000003ff000 fl=0x0x0000000000000013
nk4a: probe dm va=0x0xffff808000200000 -> pa=0x0x0000000000200000 fl=0x0x0000000000000013
nk4a: cr3-done-0x0x00000000034c1000
nk4a: sa1-after cr3=0x0x00000000034c1000
nk4a: pre-restore- rip=0x0000000000227b29 rsp=0x00007fffffff8d68 rbx=0x000000000026e000
nk4a: pick->0x0000000000000008
nk4a: sa0-0x0000000000000008 root=0x0x000000001dfde000 cur=0x0x00000000034c1000
nk4a: gs2 gsbase=0x0x000000001dd31d50
nk4a: probe text va=0x0x000000001dbf2000 -> pa=0x0x000000001dbf2000 fl=0x0x000000000000041b
nk4a: probe stk va=0x0xffff8000003ff000 -> pa=0x0x00000000003ff000 fl=0x0x000000000000041b
nk4a: probe dm va=0x0xffff808000200000 -> pa=0x0x0000000000200000 fl=0x0x0000000000000413
nk4a: cr3-done-0x0x000000001dfde000
nk4a: sa1-after cr3=0x0x000000001dfde000
nk4a: pre-restore- rip=0x00000000002014ad rsp=0x00007fffffffc0b8 rbx=0x0000000000010001
nk4a: vm-pf recv
nk4a: vm-pf bytes 0000000000000000
nk4a: pick->0x0000000000000002
nk4a: sa0-0x0000000000000002 root=0x0x00000000034c1000 cur=0x0x000000001dfde000
nk4a: gs2 gsbase=0x0x000000001dd31d50
nk4a: probe text va=0x0x000000001dbf2000 -> pa=0x0x000000001dbf2000 fl=0x0x000000000000001b
nk4a: probe stk va=0x0xffff8000003ff000 -> pa=0x0x00000000003ff000 fl=0x0x0000000000000013
nk4a: probe dm va=0x0xffff808000200000 -> pa=0x0x0000000000200000 fl=0x0x0000000000000013
nk4a: cr3-done-0x0x00000000034c1000
nk4a: sa1-after cr3=0x0x00000000034c1000
nk4a: pre-restore- rip=0x0000000000227b29 rsp=0x00007fffffff8d68 rbx=0x000000000026e000
nk4a: pick->0x0000000000000008
nk4a: sa0-0x0000000000000008 root=0x0x000000001dfde000 cur=0x0x00000000034c1000
nk4a: gs2 gsbase=0x0x000000001dd31d50
nk4a: probe text va=0x0x000000001dbf2000 -> pa=0x0x000000001dbf2000 fl=0x0x000000000000041b
nk4a: probe stk va=0x0xffff8000003ff000 -> pa=0x0x00000000003ff000 fl=0x0x000000000000041b
nk4a: probe dm va=0x0xffff808000200000 -> pa=0x0x0000000000200000 fl=0x0x0000000000000413
nk4a: cr3-done-0x0x000000001dfde000
nk4a: sa1-after cr3=0x0x000000001dfde000
nk4a: pre-restore- rip=0x00000000002014ad rsp=0x00007fffffffc0b8 rbx=0x0000000000010001
nk4a: vm-pf recv
nk4a: vm-pf bytes 0000000000000000
nk4a: pick->0x0000000000000002
nk4a: sa0-0x0000000000000002 root=0x0x00000000034c1000 cur=0x0x000000001dfde000
nk4a: gs2 gsbase=0x0x000000001dd31d50
nk4a: probe text va=0x0x000000001dbf2000 -> pa=0x0x000000001dbf2000 fl=0x0x000000000000001b
nk4a: probe stk va=0x0xffff8000003ff000 -> pa=0x0x00000000003ff000 fl=0x0x0000000000000013
nk4a: probe dm va=0x0xffff808000200000 -> pa=0x0x0000000000200000 fl=0x0x0000000000000013
nk4a: cr3-done-0x0x00000000034c1000
nk4a: sa1-after cr3=0x0x00000000034c1000
nk4a: pre-restore- rip=0x0000000000227b29 rsp=0x00007fffffff8d68 rbx=0x000000000026e000
nk4a: pick->0x0000000000000008
nk4a: sa0-0x0000000000000008 root=0x0x000000001dfde000 cur=0x0x00000000034c1000
nk4a: gs2 gsbase=0x0x000000001dd31d50
nk4a: probe text va=0x0x000000001dbf2000 -> pa=0x0x000000001dbf2000 fl=0x0x000000000000041b
nk4a: probe stk va=0x0xffff8000003ff000 -> pa=0x0x00000000003ff000 fl=0x0x000000000000041b
nk4a: probe dm va=0x0xffff808000200000 -> pa=0x0x0000000000200000 fl=0x0x0000000000000413
nk4a: cr3-done-0x0x000000001dfde000
nk4a: sa1-after cr3=0x0x000000001dfde000
nk4a: pre-restore- rip=0x00000000002014ad rsp=0x00007fffffffc0b8 rbx=0x0000000000010001
nk4a: vm-pf recv
nk4a: vm-pf bytes 0000000000000000
nk4a: pick->0x0000000000000002
nk4a: sa0-0x0000000000000002 root=0x0x00000000034c1000 cur=0x0x000000001dfde000
nk4a: gs2 gsbase=0x0x000000001dd31d50
nk4a: probe text va=0x0x000000001dbf2000 -> pa=0x0x000000001dbf2000 fl=0x0x000000000000001b
nk4a: probe stk va=0x0xffff8000003ff000 -> pa=0x0x00000000003ff000 fl=0x0x0000000000000013
nk4a: probe dm va=0x0xffff808000200000 -> pa=0x0x0000000000200000 fl=0x0x0000000000000013
nk4a: cr3-done-0x0x00000000034c1000
nk4a: sa1-after cr3=0x0x00000000034c1000
nk4a: pre-restore- rip=0x0000000000227b29 rsp=0x00007fffffff8d68 rbx=0x000000000026e000
nk4a: pick->0x0000000000000008
nk4a: sa0-0x0000000000000008 root=0x0x000000001dfde000 cur=0x0x00000000034c1000
nk4a: gs2 gsbase=0x0x000000001dd31d50
nk4a: probe text va=0x0x000000001dbf2000 -> pa=0x0x000000001dbf2000 fl=0x0x000000000000041b
nk4a: probe stk va=0x0xffff8000003ff000 -> pa=0x0x00000000003ff000 fl=0x0x000000000000041b
nk4a: probe dm va=0x0xffff808000200000 -> pa=0x0x0000000000200000 fl=0x0x0000000000000413
nk4a: cr3-done-0x0x000000001dfde000
nk4a: sa1-after cr3=0x0x000000001dfde000
nk4a: pre-restore- rip=0x00000000002014ad rsp=0x00007fffffffc0b8 rbx=0x0000000000010001
nk4a: vm-pf recv
nk4a: vm-pf bytes 0000000000000000
nk4a: pick->0x0000000000000002
nk4a: sa0-0x0000000000000002 root=0x0x00000000034c1000 cur=0x0x000000001dfde000
nk4a: gs2 gsbase=0x0x000000001dd31d50
nk4a: probe text va=0x0x000000001dbf2000 -> pa=0x0x000000001dbf2000 fl=0x0x000000000000001b
nk4a: probe stk va=0x0xffff8000003ff000 -> pa=0x0x00000000003ff000 fl=0x0x0000000000000013
nk4a: probe dm va=0x0xffff808000200000 -> pa=0x0x0000000000200000 fl=0x0x0000000000000013
nk4a: cr3-done-0x0x00000000034c1000
nk4a: sa1-after cr3=0x0x00000000034c1000
nk4a: pre-restore- rip=0x0000000000227b29 rsp=0x00007fffffff8d68 rbx=0x00000000002ad000
nk4a: pick->0x0000000000000008
nk4a: sa0-0x0000000000000008 root=0x0x000000001dfde000 cur=0x0x00000000034c1000
nk4a: gs2 gsbase=0x0x000000001dd31d50
nk4a: probe text va=0x0x000000001dbf2000 -> pa=0x0x000000001dbf2000 fl=0x0x000000000000041b
nk4a: probe stk va=0x0xffff8000003ff000 -> pa=0x0x00000000003ff000 fl=0x0x000000000000041b
nk4a: probe dm va=0x0xffff808000200000 -> pa=0x0x0000000000200000 fl=0x0x0000000000000413
nk4a: cr3-done-0x0x000000001dfde000
nk4a: sa1-after cr3=0x0x000000001dfde000
nk4a: pre-restore- rip=0x00000000002014ad rsp=0x00007fffffffc0b8 rbx=0x0000000000010001
nk4a: vm-pf recv
nk4a: vm-pf bytes d84c39f1750e49c7
nk4a: pick->0x0000000000000002
nk4a: sa0-0x0000000000000002 root=0x0x00000000034c1000 cur=0x0x000000001dfde000
nk4a: gs2 gsbase=0x0x000000001dd31d50
nk4a: probe text va=0x0x000000001dbf2000 -> pa=0x0x000000001dbf2000 fl=0x0x000000000000001b
nk4a: probe stk va=0x0xffff8000003ff000 -> pa=0x0x00000000003ff000 fl=0x0x0000000000000013
nk4a: probe dm va=0x0xffff808000200000 -> pa=0x0x0000000000200000 fl=0x0x0000000000000013
nk4a: cr3-done-0x0x00000000034c1000
nk4a: sa1-after cr3=0x0x00000000034c1000
nk4a: pre-restore- rip=0x0000000000211c90 rsp=0x00007fffffff9de8 rbx=0x00007fffffffc800
nk4a: rs-anom pf2 n=0x0000000000000005 rbx=0x0000000000000001 rip=0x000000000021f310
nk4a: rs-leak pf2 n=0x0000000000000002 from_site=rst prev_rbx=0x00007fffffffc800 prev_rip=0x0000000000211c90 rbx=0x0000000000000001 rip=0x000000000021f310
nk4a: pick->0x0000000000000008
nk4a: sa0-0x0000000000000008 root=0x0x000000001dfde000 cur=0x0x00000000034c1000
nk4a: gs2 gsbase=0x0x000000001dd31d50
nk4a: probe text va=0x0x000000001dbf2000 -> pa=0x0x000000001dbf2000 fl=0x0x000000000000041b
nk4a: probe stk va=0x0xffff8000003ff000 -> pa=0x0x00000000003ff000 fl=0x0x000000000000041b
nk4a: probe dm va=0x0xffff808000200000 -> pa=0x0x0000000000200000 fl=0x0x0000000000000413
nk4a: cr3-done-0x0x000000001dfde000
nk4a: sa1-after cr3=0x0x000000001dfde000
nk4a: pre-restore- rip=0x00000000002014ad rsp=0x00007fffffffc0b8 rbx=0x0000000000010001
nk4a: vm-pf recv
nk4a: vm-pf bytes 241848898424a800
nk4a: pick->0x0000000000000002
nk4a: sa0-0x0000000000000002 root=0x0x00000000034c1000 cur=0x0x000000001dfde000
nk4a: gs2 gsbase=0x0x000000001dd31d50
nk4a: probe text va=0x0x000000001dbf2000 -> pa=0x0x000000001dbf2000 fl=0x0x000000000000001b
nk4a: probe stk va=0x0xffff8000003ff000 -> pa=0x0x00000000003ff000 fl=0x0x0000000000000013
nk4a: probe dm va=0x0xffff808000200000 -> pa=0x0x0000000000200000 fl=0x0x0000000000000013
nk4a: cr3-done-0x0x00000000034c1000
nk4a: sa1-after cr3=0x0x00000000034c1000
nk4a: pre-restore- rip=0x000000000021f310 rsp=0x00007fffffff9d38 rbx=0x0000000000000001
nk4a: rs-anom rst n=0x0000000000000006 rbx=0x0000000000000001 rip=0x000000000021f310
nk4a: kc0x0000000000000009 caller=0x0000000000000002 call=0x0000000000000022
nk4a: pick->0x0000000000000008
nk4a: sa0-0x0000000000000008 root=0x0x000000001dfde000 cur=0x0x00000000034c1000
nk4a: gs2 gsbase=0x0x000000001dd31d50
nk4a: probe text va=0x0x000000001dbf2000 -> pa=0x0x000000001dbf2000 fl=0x0x000000000000041b
nk4a: probe stk va=0x0xffff8000003ff000 -> pa=0x0x00000000003ff000 fl=0x0x000000000000041b
nk4a: probe dm va=0x0xffff808000200000 -> pa=0x0x0000000000200000 fl=0x0x0000000000000413
nk4a: cr3-done-0x0x000000001dfde000
nk4a: sa1-after cr3=0x0x000000001dfde000
nk4a: pre-restore- rip=0x00000000002014ad rsp=0x00007fffffffc0b8 rbx=0x0000000000010001
nk4a: vm-pf recv
nk4a: vm-pf bytes 0000000000000000
nk4a: pick->0x0000000000000002
nk4a: sa0-0x0000000000000002 root=0x0x00000000034c1000 cur=0x0x000000001dfde000
nk4a: gs2 gsbase=0x0x000000001dd31d50
nk4a: probe text va=0x0x000000001dbf2000 -> pa=0x0x000000001dbf2000 fl=0x0x000000000000001b
nk4a: probe stk va=0x0xffff8000003ff000 -> pa=0x0x00000000003ff000 fl=0x0x0000000000000013
nk4a: probe dm va=0x0xffff808000200000 -> pa=0x0x0000000000200000 fl=0x0x0000000000000013
nk4a: cr3-done-0x0x00000000034c1000
nk4a: sa1-after cr3=0x0x00000000034c1000
nk4a: pre-restore- rip=0x000000000020cd8d rsp=0x00007fffffff9e00 rbx=0x00007fffffffc800
nk4a: kc0x000000000000000a caller=0x0000000000000002 call=0x000000000000001a
nk4a: kc0x000000000000000b caller=0x0000000000000002 call=0x0000000000000019
nk4a: pick->0x0000000000000008
nk4a: sa0-0x0000000000000008 root=0x0x000000001dfde000 cur=0x0x00000000034c1000
nk4a: gs2 gsbase=0x0x000000001dd31d50
nk4a: probe text va=0x0x000000001dbf2000 -> pa=0x0x000000001dbf2000 fl=0x0x000000000000041b
nk4a: probe stk va=0x0xffff8000003ff000 -> pa=0x0x00000000003ff000 fl=0x0x000000000000041b
nk4a: probe dm va=0x0xffff808000200000 -> pa=0x0x0000000000200000 fl=0x0x0000000000000413
nk4a: cr3-done-0x0x000000001dfde000
nk4a: sa1-after cr3=0x0x000000001dfde000
nk4a: pre-restore- rip=0x00000000002014ad rsp=0x00007fffffffc0b8 rbx=0x0000000000010001
nk4a: vm-pf recv
nk4a: vm-pf bytes 8944242048b8f05d
nk4a: pick->0x0000000000000002
nk4a: sa0-0x0000000000000002 root=0x0x00000000034c1000 cur=0x0x000000001dfde000
nk4a: gs2 gsbase=0x0x000000001dd31d50
nk4a: probe text va=0x0x000000001dbf2000 -> pa=0x0x000000001dbf2000 fl=0x0x000000000000001b
nk4a: probe stk va=0x0xffff8000003ff000 -> pa=0x0x00000000003ff000 fl=0x0x0000000000000013
nk4a: probe dm va=0x0xffff808000200000 -> pa=0x0x0000000000200000 fl=0x0x0000000000000013
nk4a: cr3-done-0x0x00000000034c1000
nk4a: sa1-after cr3=0x0x00000000034c1000
nk4a: pre-restore- rip=0x000000000020f110 rsp=0x00007fffffff9d78 rbx=0x000000000026e000
nk4a: rs-anom pf2 n=0x0000000000000007 rbx=0x0000000000000007 rip=0x0000000000212650
nk4a: rs-leak pf2 n=0x0000000000000003 from_site=rst prev_rbx=0x000000000026e000 prev_rip=0x000000000020f110 rbx=0x0000000000000007 rip=0x0000000000212650
nk4a: pick->0x0000000000000008
nk4a: sa0-0x0000000000000008 root=0x0x000000001dfde000 cur=0x0x00000000034c1000
nk4a: gs2 gsbase=0x0x000000001dd31d50
nk4a: probe text va=0x0x000000001dbf2000 -> pa=0x0x000000001dbf2000 fl=0x0x000000000000041b
nk4a: probe stk va=0x0xffff8000003ff000 -> pa=0x0x00000000003ff000 fl=0x0x000000000000041b
nk4a: probe dm va=0x0xffff808000200000 -> pa=0x0x0000000000200000 fl=0x0x0000000000000413
nk4a: cr3-done-0x0x000000001dfde000
nk4a: sa1-after cr3=0x0x000000001dfde000
nk4a: pre-restore- rip=0x00000000002014ad rsp=0x00007fffffffc0b8 rbx=0x0000000000010001
nk4a: vm-pf recv
nk4a: vm-pf bytes ce4d01db4c39d90f
nk4a: pick->0x0000000000000002
nk4a: sa0-0x0000000000000002 root=0x0x00000000034c1000 cur=0x0x000000001dfde000
nk4a: gs2 gsbase=0x0x000000001dd31d50
nk4a: probe text va=0x0x000000001dbf2000 -> pa=0x0x000000001dbf2000 fl=0x0x000000000000001b
nk4a: probe stk va=0x0xffff8000003ff000 -> pa=0x0x00000000003ff000 fl=0x0x0000000000000013
nk4a: probe dm va=0x0xffff808000200000 -> pa=0x0x0000000000200000 fl=0x0x0000000000000013
nk4a: cr3-done-0x0x00000000034c1000
nk4a: sa1-after cr3=0x0x00000000034c1000
nk4a: pre-restore- rip=0x0000000000212650 rsp=0x00007fffffff9ca8 rbx=0x0000000000000007
nk4a: rs-anom rst n=0x0000000000000008 rbx=0x0000000000000007 rip=0x0000000000212650
nk4a: kc0x000000000000000c caller=0x0000000000000002 call=0x000000000000001a
nk4a: kc0x000000000000000d caller=0x0000000000000002 call=0x0000000000000019
nk4a: kc0x000000000000000e caller=0x0000000000000002 call=0x0000000000000004
nk4a: kc0x000000000000000f caller=0x0000000000000002 call=0x000000000000001a
nk4a: kc0x0000000000000010 caller=0x0000000000000002 call=0x0000000000000019
nk4a: kc0x0000000000000011 caller=0x0000000000000002 call=0x0000000000000004
nk4a: kc0x0000000000000012 caller=0x0000000000000002 call=0x000000000000001a
nk4a: kc0x0000000000000013 caller=0x0000000000000002 call=0x0000000000000019
nk4a: kc0x0000000000000014 caller=0x0000000000000002 call=0x0000000000000004
nk4a: kc0x0000000000000015 caller=0x0000000000000002 call=0x000000000000001a
nk4a: kc0x0000000000000016 caller=0x0000000000000002 call=0x0000000000000019
nk4a: kc0x0000000000000017 caller=0x0000000000000002 call=0x0000000000000004
nk4a: kc0x0000000000000018 caller=0x0000000000000002 call=0x000000000000001a
nk4a: kc0x0000000000000019 caller=0x0000000000000002 call=0x0000000000000019
nk4a: kc0x000000000000001a caller=0x0000000000000002 call=0x0000000000000004
nk4a: kc0x000000000000001b caller=0x0000000000000002 call=0x000000000000001a
nk4a: kc0x000000000000001c caller=0x0000000000000002 call=0x0000000000000019
nk4a: kc0x000000000000001d caller=0x0000000000000002 call=0x0000000000000004
nk4a: kc0x000000000000001e caller=0x0000000000000002 call=0x000000000000001a
nk4a: kc0x000000000000001f caller=0x0000000000000002 call=0x0000000000000019
nk4a: kc0x0000000000000020 caller=0x0000000000000002 call=0x0000000000000004
nk4a: kc0x0000000000000021 caller=0x0000000000000002 call=0x000000000000001a
nk4a: kc0x0000000000000022 caller=0x0000000000000002 call=0x0000000000000019
nk4a: kc0x0000000000000023 caller=0x0000000000000002 call=0x0000000000000004
nk4a: kc0x0000000000000024 caller=0x0000000000000002 call=0x000000000000001a
nk4a: kc0x0000000000000025 caller=0x0000000000000002 call=0x0000000000000019
nk4a: kc0x0000000000000026 caller=0x0000000000000002 call=0x0000000000000004
nk4a: kc0x0000000000000027 caller=0x0000000000000002 call=0x000000000000001a
nk4a: kc0x0000000000000028 caller=0x0000000000000002 call=0x0000000000000019
nk4a: kc0x0000000000000029 caller=0x0000000000000002 call=0x0000000000000004
nk4a: kc0x000000000000002a caller=0x0000000000000002 call=0x000000000000001a
nk4a: kc0x000000000000002b caller=0x0000000000000002 call=0x0000000000000019
nk4a: pick->0x0000000000000008
nk4a: sa0-0x0000000000000008 root=0x0x000000001dfde000 cur=0x0x00000000034c1000
nk4a: gs2 gsbase=0x0x000000001dd31d50
nk4a: probe text va=0x0x000000001dbf2000 -> pa=0x0x000000001dbf2000 fl=0x0x000000000000041b
nk4a: probe stk va=0x0xffff8000003ff000 -> pa=0x0x00000000003ff000 fl=0x0x000000000000041b
nk4a: probe dm va=0x0xffff808000200000 -> pa=0x0x0000000000200000 fl=0x0x0000000000000413
nk4a: cr3-done-0x0x000000001dfde000
nk4a: sa1-after cr3=0x0x000000001dfde000
nk4a: pre-restore- rip=0x00000000002014ad rsp=0x00007fffffffc0b8 rbx=0x0000000000010001
nk4a: vm-pf recv
nk4a: vm-pf bytes 0f0000014889c174
nk4a: pick->0x0000000000000002
nk4a: sa0-0x0000000000000002 root=0x0x00000000034c1000 cur=0x0x000000001dfde000
nk4a: gs2 gsbase=0x0x000000001dd31d50
nk4a: probe text va=0x0x000000001dbf2000 -> pa=0x0x000000001dbf2000 fl=0x0x000000000000001b
nk4a: probe stk va=0x0xffff8000003ff000 -> pa=0x0x00000000003ff000 fl=0x0x0000000000000013
nk4a: probe dm va=0x0xffff808000200000 -> pa=0x0x0000000000200000 fl=0x0x0000000000000013
nk4a: cr3-done-0x0x00000000034c1000
nk4a: sa1-after cr3=0x0x00000000034c1000
nk4a: pre-restore- rip=0x0000000000216aa0 rsp=0x00007fffffff9df8 rbx=0x00007fffffffc800
nk4a: pick->0x0000000000000008
nk4a: sa0-0x0000000000000008 root=0x0x000000001dfde000 cur=0x0x00000000034c1000
nk4a: gs2 gsbase=0x0x000000001dd31d50
nk4a: probe text va=0x0x000000001dbf2000 -> pa=0x0x000000001dbf2000 fl=0x0x000000000000041b
nk4a: probe stk va=0x0xffff8000003ff000 -> pa=0x0x00000000003ff000 fl=0x0x000000000000041b
nk4a: probe dm va=0x0xffff808000200000 -> pa=0x0x0000000000200000 fl=0x0x0000000000000413
nk4a: cr3-done-0x0x000000001dfde000
nk4a: sa1-after cr3=0x0x000000001dfde000
nk4a: pre-restore- rip=0x00000000002014ad rsp=0x00007fffffffc0b8 rbx=0x0000000000010001
nk4a: vm-pf recv
nk4a: vm-pf bytes 0000000000000000
nk4a: pick->0x0000000000000002
nk4a: sa0-0x0000000000000002 root=0x0x00000000034c1000 cur=0x0x000000001dfde000
nk4a: gs2 gsbase=0x0x000000001dd31d50
nk4a: probe text va=0x0x000000001dbf2000 -> pa=0x0x000000001dbf2000 fl=0x0x000000000000001b
nk4a: probe stk va=0x0xffff8000003ff000 -> pa=0x0x00000000003ff000 fl=0x0x0000000000000013
nk4a: probe dm va=0x0xffff808000200000 -> pa=0x0x0000000000200000 fl=0x0x0000000000000013
nk4a: cr3-done-0x0x00000000034c1000
nk4a: sa1-after cr3=0x0x00000000034c1000
nk4a: pre-restore- rip=0x000000000020cfe9 rsp=0x00007fffffff9e00 rbx=0x00007fffffffc800
nk4a: pick->0x0000000000000008
nk4a: sa0-0x0000000000000008 root=0x0x000000001dfde000 cur=0x0x00000000034c1000
nk4a: gs2 gsbase=0x0x000000001dd31d50
nk4a: probe text va=0x0x000000001dbf2000 -> pa=0x0x000000001dbf2000 fl=0x0x000000000000041b
nk4a: probe stk va=0x0xffff8000003ff000 -> pa=0x0x00000000003ff000 fl=0x0x000000000000041b
nk4a: probe dm va=0x0xffff808000200000 -> pa=0x0x0000000000200000 fl=0x0x0000000000000413
nk4a: cr3-done-0x0x000000001dfde000
nk4a: sa1-after cr3=0x0x000000001dfde000
nk4a: pre-restore- rip=0x00000000002014ad rsp=0x00007fffffffc0b8 rbx=0x0000000000010001
nk4a: vm-pf recv
nk4a: vm-pf bytes 4c89b42480000000
nk4a: pick->0x0000000000000002
nk4a: sa0-0x0000000000000002 root=0x0x00000000034c1000 cur=0x0x000000001dfde000
nk4a: gs2 gsbase=0x0x000000001dd31d50
nk4a: probe text va=0x0x000000001dbf2000 -> pa=0x0x000000001dbf2000 fl=0x0x000000000000001b
nk4a: probe stk va=0x0xffff8000003ff000 -> pa=0x0x00000000003ff000 fl=0x0x0000000000000013
nk4a: probe dm va=0x0xffff808000200000 -> pa=0x0x0000000000200000 fl=0x0x0000000000000013
nk4a: cr3-done-0x0x00000000034c1000
nk4a: sa1-after cr3=0x0x00000000034c1000
nk4a: pre-restore- rip=0x000000000020d000 rsp=0x00007fffffff9e00 rbx=0x00007fffffffc800
nk4a: pick->0x0000000000000008
nk4a: sa0-0x0000000000000008 root=0x0x000000001dfde000 cur=0x0x00000000034c1000
nk4a: gs2 gsbase=0x0x000000001dd31d50
nk4a: probe text va=0x0x000000001dbf2000 -> pa=0x0x000000001dbf2000 fl=0x0x000000000000041b
nk4a: probe stk va=0x0xffff8000003ff000 -> pa=0x0x00000000003ff000 fl=0x0x000000000000041b
nk4a: probe dm va=0x0xffff808000200000 -> pa=0x0x0000000000200000 fl=0x0x0000000000000413
nk4a: cr3-done-0x0x000000001dfde000
nk4a: sa1-after cr3=0x0x000000001dfde000
nk4a: pre-restore- rip=0x00000000002014ad rsp=0x00007fffffffc0b8 rbx=0x0000000000010001
nk4a: vm-pf recv
nk4a: vm-pf bytes 0000000000000000
nk4a: pick->0x0000000000000002
nk4a: sa0-0x0000000000000002 root=0x0x00000000034c1000 cur=0x0x000000001dfde000
nk4a: gs2 gsbase=0x0x000000001dd31d50
nk4a: probe text va=0x0x000000001dbf2000 -> pa=0x0x000000001dbf2000 fl=0x0x000000000000001b
nk4a: probe stk va=0x0xffff8000003ff000 -> pa=0x0x00000000003ff000 fl=0x0x0000000000000013
nk4a: probe dm va=0x0xffff808000200000 -> pa=0x0x0000000000200000 fl=0x0x0000000000000013
nk4a: cr3-done-0x0x00000000034c1000
nk4a: sa1-after cr3=0x0x00000000034c1000
nk4a: pre-restore- rip=0x0000000000225572 rsp=0x00007fffffff9da0 rbx=0x00007fffffff9ea8
nk4a: pick->0x0000000000000008
nk4a: sa0-0x0000000000000008 root=0x0x000000001dfde000 cur=0x0x00000000034c1000
nk4a: gs2 gsbase=0x0x000000001dd31d50
nk4a: probe text va=0x0x000000001dbf2000 -> pa=0x0x000000001dbf2000 fl=0x0x000000000000041b
nk4a: probe stk va=0x0xffff8000003ff000 -> pa=0x0x00000000003ff000 fl=0x0x000000000000041b
nk4a: probe dm va=0x0xffff808000200000 -> pa=0x0x0000000000200000 fl=0x0x0000000000000413
nk4a: cr3-done-0x0x000000001dfde000
nk4a: sa1-after cr3=0x0x000000001dfde000
nk4a: pre-restore- rip=0x00000000002014ad rsp=0x00007fffffffc0b8 rbx=0x0000000000010001
nk4a: vm-pf recv
nk4a: vm-pf bytes 83c4105dc3cccccc
nk4a: pick->0x0000000000000002
nk4a: sa0-0x0000000000000002 root=0x0x00000000034c1000 cur=0x0x000000001dfde000
nk4a: gs2 gsbase=0x0x000000001dd31d50
nk4a: probe text va=0x0x000000001dbf2000 -> pa=0x0x000000001dbf2000 fl=0x0x000000000000001b
nk4a: probe stk va=0x0xffff8000003ff000 -> pa=0x0x00000000003ff000 fl=0x0x0000000000000013
nk4a: probe dm va=0x0xffff808000200000 -> pa=0x0x0000000000200000 fl=0x0x0000000000000013
nk4a: cr3-done-0x0x00000000034c1000
nk4a: sa1-after cr3=0x0x00000000034c1000
nk4a: pre-restore- rip=0x0000000000226030 rsp=0x00007fffffff9d98 rbx=0x00007fffffff9ea8
nk4a: pick->0x0000000000000008
nk4a: sa0-0x0000000000000008 root=0x0x000000001dfde000 cur=0x0x00000000034c1000
nk4a: gs2 gsbase=0x0x000000001dd31d50
nk4a: probe text va=0x0x000000001dbf2000 -> pa=0x0x000000001dbf2000 fl=0x0x000000000000041b
nk4a: probe stk va=0x0xffff8000003ff000 -> pa=0x0x00000000003ff000 fl=0x0x000000000000041b
nk4a: probe dm va=0x0xffff808000200000 -> pa=0x0x0000000000200000 fl=0x0x0000000000000413
nk4a: cr3-done-0x0x000000001dfde000
nk4a: sa1-after cr3=0x0x000000001dfde000
nk4a: pre-restore- rip=0x00000000002014ad rsp=0x00007fffffffc0b8 rbx=0x0000000000010001
nk4a: vm-pf recv
nk4a: vm-pf bytes 3538353936303631
nk4a: pick->0x0000000000000002
nk4a: sa0-0x0000000000000002 root=0x0x00000000034c1000 cur=0x0x000000001dfde000
nk4a: gs2 gsbase=0x0x000000001dd31d50
nk4a: probe text va=0x0x000000001dbf2000 -> pa=0x0x000000001dbf2000 fl=0x0x000000000000001b
nk4a: probe stk va=0x0xffff8000003ff000 -> pa=0x0x00000000003ff000 fl=0x0x0000000000000013
nk4a: probe dm va=0x0xffff808000200000 -> pa=0x0x0000000000200000 fl=0x0x0000000000000013
nk4a: cr3-done-0x0x00000000034c1000
nk4a: sa1-after cr3=0x0x00000000034c1000
nk4a: pre-restore- rip=0x0000000000225979 rsp=0x00007fffffff9d00 rbx=0x00007fffffff9d48
nk4a: kc0x000000000000002c caller=0x0000000000000002 call=0x000000000000002c
nk4a: rs-step2 pt=0x223148 len=12 tbl=0x7fffffffc800
nk4a: kc0x000000000000002d caller=0x0000000000000002 call=0x000000000000002c
nk4a: rs-step2 ep=0x2 slot=2
nk4a: kc0x000000000000002e caller=0x0000000000000002 call=0x000000000000002c
nk4a: rs-epslot self=0x7fffffffc800 bep=0x7fffffffc800 slot=2
nk4a: kc0x000000000000002f caller=0x0000000000000002 call=0x0000000000000019
nk4a: kc0x0000000000000030 caller=0x0000000000000002 call=0x000000000000002c
nk4a: rs-step2 ep=0x8 slot=8
nk4a: rs-epslot self=0x7fffffffc800 bep=0x7fffffffc800 slot=8
nk4a: rs-anom pf2 n=0x0000000000000009 rbx=0x0000000000000000 rip=0x0000000000203bf0
nk4a: rs-leak pf2 n=0x0000000000000004 from_site=rst prev_rbx=0x00007fffffff9d48 prev_rip=0x0000000000225979 rbx=0x0000000000000000 rip=0x0000000000203bf0
nk4a: pick->0x0000000000000008
nk4a: sa0-0x0000000000000008 root=0x0x000000001dfde000 cur=0x0x00000000034c1000
nk4a: gs2 gsbase=0x0x000000001dd31d50
nk4a: probe text va=0x0x000000001dbf2000 -> pa=0x0x000000001dbf2000 fl=0x0x000000000000041b
nk4a: probe stk va=0x0xffff8000003ff000 -> pa=0x0x00000000003ff000 fl=0x0x000000000000041b
nk4a: probe dm va=0x0xffff808000200000 -> pa=0x0x0000000000200000 fl=0x0x0000000000000413
nk4a: cr3-done-0x0x000000001dfde000
nk4a: sa1-after cr3=0x0x000000001dfde000
nk4a: pre-restore- rip=0x00000000002014ad rsp=0x00007fffffffc0b8 rbx=0x0000000000010001
nk4a: vm-pf recv
nk4a: vm-pf bytes 000000000048c783
nk4a: pick->0x0000000000000002
nk4a: sa0-0x0000000000000002 root=0x0x00000000034c1000 cur=0x0x000000001dfde000
nk4a: gs2 gsbase=0x0x000000001dd31d50
nk4a: probe text va=0x0x000000001dbf2000 -> pa=0x0x000000001dbf2000 fl=0x0x000000000000001b
nk4a: probe stk va=0x0xffff8000003ff000 -> pa=0x0x00000000003ff000 fl=0x0x0000000000000013
nk4a: probe dm va=0x0xffff808000200000 -> pa=0x0x0000000000200000 fl=0x0x0000000000000013
nk4a: cr3-done-0x0x00000000034c1000
nk4a: sa1-after cr3=0x0x00000000034c1000
nk4a: pre-restore- rip=0x0000000000203bf0 rsp=0x00007fffffff9d88 rbx=0x0000000000000000
nk4a: rs-anom rst n=0x000000000000000a rbx=0x0000000000000000 rip=0x0000000000203bf0
nk4a: rs-step2 ep=0x0 slot=0
nk4a: rbxw irq-save ep=0x0000000000000002 rbx=0x0000000000000000 rip=0x000000000020d280
nk4a: rs-anom irq n=0x000000000000000b rbx=0x0000000000000000 rip=0x000000000020d280
nk4a: rs-leak irq n=0x0000000000000005 from_site=x33 prev_rbx=0x00007fffffff9d28 prev_rip=0x0000000000203c2d rbx=0x0000000000000000 rip=0x000000000020d280
nk4a: rs-epslot self=0x0 bep=0x0 slot=0
nk4a: rs-anom pf2 n=0x000000000000000c rbx=0x0000000000000000 rip=0x0000000000216a76
nk4a: pick->0x0000000000000008
nk4a: sa0-0x0000000000000008 root=0x0x000000001dfde000 cur=0x0x00000000034c1000
nk4a: gs2 gsbase=0x0x000000001dd31d50
nk4a: probe text va=0x0x000000001dbf2000 -> pa=0x0x000000001dbf2000 fl=0x0x000000000000041b
nk4a: probe stk va=0x0xffff8000003ff000 -> pa=0x0x00000000003ff000 fl=0x0x000000000000041b
nk4a: probe dm va=0x0xffff808000200000 -> pa=0x0x0000000000200000 fl=0x0x0000000000000413
nk4a: cr3-done-0x0x000000001dfde000
nk4a: sa1-after cr3=0x0x000000001dfde000
nk4a: pre-restore- rip=0x00000000002014ad rsp=0x00007fffffffc0b8 rbx=0x0000000000010001
nk4a: vm-pf recv
nk4a: pf-exit noaddr cr2=0x0
<unset> 0x0000000000000002 0x0000000000216a76 
boot-shim panic: panicked at kernel/src/syscall_signal.rs:300:13:
cause_sig: sig manager 2 gets lethal signal 11 for itselfkernel panic: panicked at kernel/src/syscall_signal.rs:300:13:
cause_sig: sig manager 2 gets lethal signal 11 for itselfkernel on CPU 0x0000000000000000: trap: vector 0x000000000000000d err 0x0000000000000000 rip 0x000000001dc115e9 cs 0x0000000000000008 rflags 0x0000000000000097 rsp 0xffff8000003ff980 ss 0x0000000000000010
nk4a: pfm5-dump
boot-shim panic: panicked at kernel/src/trap_dispatch.rs:718:13:
kernel exception vector 13 at rip 0x1dc115e9 errcode 0x0 [dispatch_body @ 0x1dc07d00]kernel panic: panicked at kernel/src/trap_dispatch.rs:718:13:
kernel exception vector 13 at rip 0x1dc115e9 errcode 0x0 [dispatch_body @ 0x1dc07d00]kernel on CPU 0x0000000000000000: (stacktrace skipped: recursive panic)
