[2J[01;01H[=3h[2J[01;01H[2J[01;01H[=3h[2J[01;01H[2J[01;01H[=3h[2J[01;01HBdsDxe: loading Boot0002 "EFI Internal Shell" from Fv(7CB8BDC9-F8EB-4F34-AAEA-3EE4AF6516A1)/FvFile(7C04A583-9E3E-4F1C-AD65-E05268D0B4D1)
BdsDxe: starting Boot0002 "EFI Internal Shell" from Fv(7CB8BDC9-F8EB-4F34-AAEA-3EE4AF6516A1)/FvFile(7C04A583-9E3E-4F1C-AD65-E05268D0B4D1)
[2J[01;01H[01;01HUEFI Interactive Shell v2.2
EDK II
UEFI v2.70 (Ubuntu distribution of EDK II, 0x00010000)
[1m[33m[40mMapping table[0m[37m[40m
[1m[33m[40m      FS0:[0m[37m[40m [1m[37m[40mAlias(s):[0m[37m[40mF0a65535a:;BLK0:
          PciRoot(0x0)/Pci(0x1F,0x2)/Sata(0x0,0xFFFF,0x0)
[1m[33m[40m     BLK1:[0m[37m[40m [1m[37m[40mAlias(s):[0m[37m[40m
          PciRoot(0x0)/Pci(0x1F,0x2)/Sata(0x2,0xFFFF,0x0)
[09;01HPress [1m[37m[40mESC[0m[37m[40m in 5 seconds to skip [1m[33m[40mstartup.nsh[0m[37m[40m or any other key to continue.[09;01HPress [1m[37m[40mESC[0m[37m[40m in 4 seconds to skip [1m[33m[40mstartup.nsh[0m[37m[40m or any other key to continue.[09;01HPress [1m[37m[40mESC[0m[37m[40m in 3 seconds to skip [1m[33m[40mstartup.nsh[0m[37m[40m or any other key to continue.[09;01HPress [1m[37m[40mESC[0m[37m[40m in 2 seconds to skip [1m[33m[40mstartup.nsh[0m[37m[40m or any other key to continue.[09;01HPress [1m[37m[40mESC[0m[37m[40m in 1 seconds to skip [1m[33m[40mstartup.nsh[0m[37m[40m or any other key to continue.
[1m[33m[40mShell> [0m[37m[40mecho -off
boot-shim: prepare_boot enter
boot-shim: root+bump allocated
boot-shim: loading kernel.elf from ESP…
boot-shim: kernel loaded (entry staged)
boot-shim: 12 boot modules loaded
boot-shim: locating platform sources…
boot-shim: reserved-big ty=BOOT_SERVICES_DATA base=900000 pages=e80
boot-shim: reserved-big ty=BOOT_SERVICES_DATA base=1dfdf000 pages=693
boot-shim: reserved-big ty=BOOT_SERVICES_DATA base=1ed19000 pages=412
boot-shim: reserved-big ty=BOOT_SERVICES_DATA base=1f7ff000 pages=601
boot-shim: memmaps conv=12 reserved=118
boot-shim: memmap ok (final pre-EBS snapshot)
boot-shim: building KernelInfo…
boot-shim: exiting boot services…
boot-shim: [raw] boot services exited
boot-shim: [raw] pt_alloc registered, entering kernel arch_boot
kernel: arch_boot arg=0x000000001fe962b8 blen=0x0000000000000000
kernel: arch_boot reslen=0x0000000000000076 r0=0x0000000000000000+0x0000000000001000
kernel: arch_boot entered
kernel: entering validate
kernel: v0 enter
kernel: v1 asserts ok
kernel: v2 fallback region ok
kernel: v3 pt_alloc ok
kernel: step0 validate ok
kernel: step1+2 mappings ok
kernel: step4 DM coverage ok
kernel: arch_boot_impl done, jumping to kmain
kernel: preA rdi=0x000000001dc34120 kinfo=0x000000001dc34120 rsp=0xffff8000003cef18 blen=0x0000000000000000
kernel: kmain Phase A enter
kernel: kmain A.1 validate ok
kernel: kmain A.1b console+kinfo ok
kernel: kmain A.2a memmap copy ok
kernel: kmain A.2b module cuts ok
kernel: kmain A/A.2 memmap+modules ok
kernel: kmain A.5 platform ok
nk4a: gs0 gsbase=0x0x0000000000000000 kgsbase=0x0x0000000000000000
kernel: kmain B clock+intr ok
nk4a: gs1 gsbase=0x0x000000001dd340c0
kernel: kmain B.5 kerninfo page ok
kernel: diag pc=0x000000000023b500 pa=0x000000001fe3b000 flags=0x000000000000000d
kernel: vm_handoff free n=0x0000000000000007 deducted=0x0000000000000015
  base=0x0000000000001000 size=0x000000000009f000
  base=0x0000000000100000 size=0x0000000000100000
  base=0x0000000000808000 size=0x0000000000003000
  base=0x000000000080c000 size=0x0000000000004000
  base=0x0000000001780000 size=0x000000001a3f5000
  base=0x000000001bb95000 size=0x0000000001de4000
  base=0x0000000000400000 size=0x0000000000400000
nk4a: ident-windows res=0x0000000000000076 zero=0x0000000000000000 low=0x0000000000000001 maxend=0x00000000fee01000 n=0x000000000000000c
kernel: kmain C proc_init ok
kernel: kmain D memory_init ok

MINIX-RS 0.1.0 (rust rewrite) — scheduling live
entering scheduler
nk4a: pick->0x0000000000000008
nk4a: sa0-0x0000000000000008 root=0x0x000000001dfde000 cur=0x0x000000001dfde000
nk4a: gs2 gsbase=0x0x000000001dd340c0
nk4a: probe text va=0x0x000000001dbf5000 -> pa=0x0x000000001dbf5000 fl=0x0x000000000000041b
nk4a: probe stk va=0x0xffff8000003ce000 -> pa=0x0x00000000003ce000 fl=0x0x000000000000041b
nk4a: probe dm va=0x0xffff808000200000 -> pa=0x0x0000000000200000 fl=0x0x0000000000000413
nk4a: sa1-after cr3=0x0x000000001dfde000
nk4a: pre-restore- rip=0x000000000023b500 rsp=0x00007fffffffefcc
nk4a: birth enternk4a: birth s3 runtime oknk4a: birth s5 -> mainnk4a: vm enternk4a: vs0x0000000000000000 rip=0x0x00000000002335a1
nk4a: params read oknk4a: server new oknk4a: vs0x0000000000000001 rip=0x0x00000000002082b0
nk4a: relocate oknk4a: vs0x0000000000000002 rip=0x0x0000000000230a78
nk4a: vs0x0000000000000003 rip=0x0x0000000000230c8e
nk4a: vs0x0000000000000004 rip=0x0x0000000000230ba5
nk4a: vm slot oknk4a: vs0x0000000000000005 rip=0x0x000000000020e465
nk4a: vs0x0000000000000006 rip=0x0x0000000000230ae1
nk4a: setaddr nr=0x0000000000000006 flags=0x0x0000000000018080 runnable=no queued=no
nk4a: vmq entry MISSING
nk4a: vs0x0000000000000007 rip=0x0x00000000002331b8
nk4a: exec endpt=0x0000000000000006 ip=0x000000000020ae20 stack=0x00007fffffffea78 ps_str=0x00007fffffffefe0
nk4a: exec-store nr=0x0000000000000006 rip=0x000000000020ae20 rsp=0x00007fffffffea78
nk4a: bootinh-clear nr=0x0000000000000006 flags=0x0x0000000000008080 runnable=no queued=no
nk4a: exec ds oknk4a: vs0x0000000000000008 rip=0x0x000000000020e465
nk4a: vs0x0000000000000009 rip=0x0x000000000023ef99
nk4a: setaddr nr=0x0000000000000002 flags=0x0x0000000000010000 runnable=no queued=no
nk4a: vmq entry MISSING
nk4a: exec endpt=0x0000000000000002 ip=0x0000000000225010 stack=0x00007fffffffea78 ps_str=0x00007fffffffefe0
nk4a: exec-store nr=0x0000000000000002 rip=0x0000000000225010 rsp=0x00007fffffffea78
nk4a: bootinh-clear nr=0x0000000000000002 flags=0x0x0000000000000000 runnable=yes queued=yes
nk4a: vs0x000000000000000a rip=0x0x000000000022249c
nk4a: exec rs oknk4a: vs0x000000000000000b rip=0x0x0000000000230c8e
nk4a: vs0x000000000000000c rip=0x0x000000000020e465
nk4a: setaddr nr=0x0000000000000000 flags=0x0x0000000000018080 runnable=no queued=no
nk4a: vmq entry MISSING
nk4a: exec endpt=0x0000000000000000 ip=0x0000000000222e00 stack=0x00007fffffffea78 ps_str=0x00007fffffffefe0
nk4a: exec-store nr=0x0000000000000000 rip=0x0000000000222e00 rsp=0x00007fffffffea78
nk4a: bootinh-clear nr=0x0000000000000000 flags=0x0x0000000000008080 runnable=no queued=no
nk4a: exec pm oknk4a: vs0x000000000000000d rip=0x0x000000000023ef99
nk4a: vs0x000000000000000e rip=0x0x000000000020e465
nk4a: setaddr nr=0x0000000000000004 flags=0x0x0000000000018080 runnable=no queued=no
nk4a: vs0x000000000000000f rip=0x0x0000000000222384
nk4a: vmq entry MISSING
nk4a: exec endpt=0x0000000000000004 ip=0x0000000000205fe0 stack=0x00007fffffffea78 ps_str=0x00007fffffffefe0
nk4a: exec-store nr=0x0000000000000004 rip=0x0000000000205fe0 rsp=0x00007fffffffea78
nk4a: bootinh-clear nr=0x0000000000000004 flags=0x0x0000000000008080 runnable=no queued=no
nk4a: exec sched oknk4a: vs0x0000000000000010 rip=0x0x000000000020e465
nk4a: vs0x0000000000000011 rip=0x0x0000000000230c8e
nk4a: setaddr nr=0x0000000000000001 flags=0x0x0000000000018080 runnable=no queued=no
nk4a: vmq entry MISSING
nk4a: exec endpt=0x0000000000000001 ip=0x000000000023b1c0 stack=0x00007fffffffea78 ps_str=0x00007fffffffefe0
nk4a: exec-store nr=0x0000000000000001 rip=0x000000000023b1c0 rsp=0x00007fffffffea78
nk4a: bootinh-clear nr=0x0000000000000001 flags=0x0x0000000000008080 runnable=no queued=no
nk4a: exec vfs oknk4a: vs0x0000000000000012 rip=0x0x0000000000230ba5
nk4a: vs0x0000000000000013 rip=0x0x000000000020e456
nk4a: vs0x0000000000000014 rip=0x0x000000000020e4df
nk4a: setaddr nr=0x0000000000000003 flags=0x0x0000000000018080 runnable=no queued=no
nk4a: vmq entry MISSING
nk4a: exec endpt=0x0000000000000003 ip=0x00000000002072f0 stack=0x00007fffffffea78 ps_str=0x00007fffffffefe0
nk4a: exec-store nr=0x0000000000000003 rip=0x00000000002072f0 rsp=0x00007fffffffea78
nk4a: bootinh-clear nr=0x0000000000000003 flags=0x0x0000000000008080 runnable=no queued=no
nk4a: exec memory oknk4a: vs0x0000000000000015 rip=0x0x0000000000231070
nk4a: vs0x0000000000000016 rip=0x0x000000000020e465
nk4a: setaddr nr=0x0000000000000005 flags=0x0x0000000000018080 runnable=no queued=no
nk4a: vmq entry MISSING
nk4a: exec endpt=0x0000000000000005 ip=0x0000000000207840 stack=0x00007fffffffea78 ps_str=0x00007fffffffefe0
nk4a: exec-store nr=0x0000000000000005 rip=0x0000000000207840 rsp=0x00007fffffffea78
nk4a: bootinh-clear nr=0x0000000000000005 flags=0x0x0000000000008080 runnable=no queued=no
nk4a: exec tty oknk4a: vs0x0000000000000017 rip=0x0x000000000020e465
nk4a: vs0x0000000000000018 rip=0x0x0000000000230c8e
nk4a: vs0x0000000000000019 rip=0x0x0000000000230c8e
nk4a: setaddr nr=0x0000000000000007 flags=0x0x0000000000018080 runnable=no queued=no
nk4a: vmq entry MISSING
nk4a: exec endpt=0x0000000000000007 ip=0x00000000002100a0 stack=0x00007fffffffea78 ps_str=0x00007fffffffefe0
nk4a: exec-store nr=0x0000000000000007 rip=0x00000000002100a0 rsp=0x00007fffffffea78
nk4a: bootinh-clear nr=0x0000000000000007 flags=0x0x0000000000008080 runnable=no queued=no
nk4a: exec mib oknk4a: vs0x000000000000001a rip=0x0x0000000000230bec
nk4a: vs0x000000000000001b rip=0x0x000000000020e465
nk4a: setaddr nr=0x0000000000000009 flags=0x0x0000000000018080 runnable=no queued=no
nk4a: vmq entry MISSING
nk4a: exec endpt=0x0000000000000009 ip=0x0000000000209c90 stack=0x00007fffffffea78 ps_str=0x00007fffffffefe0
nk4a: exec-store nr=0x0000000000000009 rip=0x0000000000209c90 rsp=0x00007fffffffea78
nk4a: bootinh-clear nr=0x0000000000000009 flags=0x0x0000000000008080 runnable=no queued=no
nk4a: exec pfs oknk4a: vs0x000000000000001c rip=0x0x000000000020e465
nk4a: vs0x000000000000001d rip=0x0x000000000020e465
nk4a: vs0x000000000000001e rip=0x0x0000000000230ba5
nk4a: setaddr nr=0x000000000000000a flags=0x0x0000000000018080 runnable=no queued=no
nk4a: vmq entry MISSING
nk4a: exec endpt=0x000000000000000a ip=0x0000000000226590 stack=0x00007fffffffea78 ps_str=0x00007fffffffefe0
nk4a: exec-store nr=0x000000000000000a rip=0x0000000000226590 rsp=0x00007fffffffea78
nk4a: bootinh-clear nr=0x000000000000000a flags=0x0x0000000000008080 runnable=no queued=no
nk4a: exec mfs oknk4a: vs0x000000000000001f rip=0x0x000000000020e465
nk4a: vs0x0000000000000020 rip=0x0x000000000020e456
nk4a: setaddr nr=0x000000000000000b flags=0x0x0000000000018080 runnable=no queued=no
nk4a: vmq entry MISSING
nk4a: vs0x0000000000000021 rip=0x0x0000000000209900
nk4a: exec endpt=0x000000000000000b ip=0x000000000022248c stack=0x00007fffffffea78 ps_str=0x00007fffffffefe0
nk4a: exec-store nr=0x000000000000000b rip=0x000000000022248c rsp=0x00007fffffffea78
nk4a: bootinh-clear nr=0x000000000000000b flags=0x0x0000000000008080 runnable=no queued=no
nk4a: exec init oknk4a: init donenk4a: run enternk4a: ipc-entry nr=0x0000000000000002 caller=0x0000000000000008
nk4a: rcv-eng
nk4a: rcv-p4
nk4a: pick->0x0000000000000002
nk4a: sa0-0x0000000000000002 root=0x0x00000000034c1000 cur=0x0x000000001dfde000
nk4a: gs2 gsbase=0x0x000000001dd340c0
nk4a: probe text va=0x0x000000001dbf5000 -> pa=0x0x000000001dbf5000 fl=0x0x000000000000001b
nk4a: probe stk va=0x0xffff8000003ff000 -> pa=0x0x00000000003ff000 fl=0x0x0000000000000013
nk4a: probe dm va=0x0xffff808000200000 -> pa=0x0x0000000000200000 fl=0x0x0000000000000013
nk4a: cr3-done-0x0x00000000034c1000
nk4a: sa1-after cr3=0x0x00000000034c1000
nk4a: pre-restore- rip=0x0000000000225010 rsp=0x00007fffffffea78
nk4a: vs0x0000000000000023 rip=0x0x0000000000225010
nk4a: pf#0x0000000000000000 rip=0x0000000000225010 err=0x0000000000000014 cr2=0x0000000000225010 rsp=0x00007fffffffea78 walk=NP
nk4a: pfm1-gate
nk4a: pfm2-smp
nk4a: pfm3-tbl
nk4a: pfm4-hand
nk4a: anchor fwd=0x0x000000001dc1f580 finish=0x0x000000001dbf43a0 sched=0x0x000000001dbf11f0
nk4a: pick->0x0000000000000008
nk4a: sa0-0x0000000000000008 root=0x0x000000001dfde000 cur=0x0x00000000034c1000
nk4a: gs2 gsbase=0x0x000000001dd340c0
nk4a: probe text va=0x0x000000001dbf5000 -> pa=0x0x000000001dbf5000 fl=0x0x000000000000041b
nk4a: probe stk va=0x0xffff8000003ff000 -> pa=0x0x00000000003ff000 fl=0x0x000000000000041b
nk4a: probe dm va=0x0xffff808000200000 -> pa=0x0x0000000000200000 fl=0x0x0000000000000413
nk4a: cr3-done-0x0x000000001dfde000
nk4a: sa1-after cr3=0x0x000000001dfde000
nk4a: pre-restore- rip=0x00000000002014ad rsp=0x00007fffffffc0b8
nk4a: vs0x0000000000000025 rip=0x0x00000000002014ad
nk4a: rcv0 src=2 type=0xcff
nk4a: vm-pf recv
nk4a: vm-pf bytes 0000000000000000
nk4a: ipc-entry nr=0x0000000000000002 caller=0x0000000000000008
nk4a: rcv-eng
nk4a: rcv-p4
nk4a: pick->0x0000000000000002
nk4a: sa0-0x0000000000000002 root=0x0x00000000034c1000 cur=0x0x000000001dfde000
nk4a: gs2 gsbase=0x0x000000001dd340c0
nk4a: probe text va=0x0x000000001dbf5000 -> pa=0x0x000000001dbf5000 fl=0x0x000000000000001b
nk4a: probe stk va=0x0xffff8000003ff000 -> pa=0x0x00000000003ff000 fl=0x0x0000000000000013
nk4a: probe dm va=0x0xffff808000200000 -> pa=0x0x0000000000200000 fl=0x0x0000000000000013
nk4a: cr3-done-0x0x00000000034c1000
nk4a: sa1-after cr3=0x0x00000000034c1000
nk4a: pre-restore- rip=0x0000000000225010 rsp=0x00007fffffffea78
nk4a: vs0x0000000000000027 rip=0x0x0000000000225010
nk4a: pf#0x0000000000000001 rip=0x0000000000225017 err=0x0000000000000006 cr2=0x00007fffffffea68 rsp=0x00007fffffffea70 walk=NP
nk4a: pfm1-gate
nk4a: pfm2-smp
nk4a: pfm3-tbl
nk4a: pfm4-hand
nk4a: pick->0x0000000000000008
nk4a: sa0-0x0000000000000008 root=0x0x000000001dfde000 cur=0x0x00000000034c1000
nk4a: gs2 gsbase=0x0x000000001dd340c0
nk4a: probe text va=0x0x000000001dbf5000 -> pa=0x0x000000001dbf5000 fl=0x0x000000000000041b
nk4a: probe stk va=0x0xffff8000003ff000 -> pa=0x0x00000000003ff000 fl=0x0x000000000000041b
nk4a: probe dm va=0x0xffff808000200000 -> pa=0x0x0000000000200000 fl=0x0x0000000000000413
nk4a: cr3-done-0x0x000000001dfde000
nk4a: sa1-after cr3=0x0x000000001dfde000
nk4a: pre-restore- rip=0x00000000002014ad rsp=0x00007fffffffc0b8
nk4a: rcv1 src=2 type=0xcff
nk4a: vm-pf recv
nk4a: vm-pf bytes 0000000000000000
nk4a: ipc-entry nr=0x0000000000000002 caller=0x0000000000000008
nk4a: rcv-eng
nk4a: rcv-p4
nk4a: pick->0x0000000000000002
nk4a: sa0-0x0000000000000002 root=0x0x00000000034c1000 cur=0x0x000000001dfde000
nk4a: gs2 gsbase=0x0x000000001dd340c0
nk4a: probe text va=0x0x000000001dbf5000 -> pa=0x0x000000001dbf5000 fl=0x0x000000000000001b
nk4a: probe stk va=0x0xffff8000003ff000 -> pa=0x0x00000000003ff000 fl=0x0x0000000000000013
nk4a: probe dm va=0x0xffff808000200000 -> pa=0x0x0000000000200000 fl=0x0x0000000000000013
nk4a: cr3-done-0x0x00000000034c1000
nk4a: sa1-after cr3=0x0x00000000034c1000
nk4a: pre-restore- rip=0x0000000000225017 rsp=0x00007fffffffea70
nk4a: vs0x000000000000002a rip=0x0x0000000000225017
nk4a: pf#0x0000000000000002 rip=0x000000000021d690 err=0x0000000000000014 cr2=0x000000000021d690 rsp=0x00007fffffffea68 walk=NP
nk4a: pfm1-gate
nk4a: pfm2-smp
nk4a: pfm3-tbl
nk4a: pfm4-hand
nk4a: pick->0x0000000000000008
nk4a: sa0-0x0000000000000008 root=0x0x000000001dfde000 cur=0x0x00000000034c1000
nk4a: gs2 gsbase=0x0x000000001dd340c0
nk4a: probe text va=0x0x000000001dbf5000 -> pa=0x0x000000001dbf5000 fl=0x0x000000000000041b
nk4a: probe stk va=0x0xffff8000003ff000 -> pa=0x0x00000000003ff000 fl=0x0x000000000000041b
nk4a: probe dm va=0x0xffff808000200000 -> pa=0x0x0000000000200000 fl=0x0x0000000000000413
nk4a: cr3-done-0x0x000000001dfde000
nk4a: sa1-after cr3=0x0x000000001dfde000
nk4a: pre-restore- rip=0x00000000002014ad rsp=0x00007fffffffc0b8
nk4a: rcv2 src=2 type=0xcff
nk4a: vm-pf recv
nk4a: vm-pf bytes c7000000000048b8
nk4a: ipc-entry nr=0x0000000000000002 caller=0x0000000000000008
nk4a: rcv-eng
nk4a: rcv-p4
nk4a: pick->0x0000000000000002
nk4a: sa0-0x0000000000000002 root=0x0x00000000034c1000 cur=0x0x000000001dfde000
nk4a: gs2 gsbase=0x0x000000001dd340c0
nk4a: probe text va=0x0x000000001dbf5000 -> pa=0x0x000000001dbf5000 fl=0x0x000000000000001b
nk4a: probe stk va=0x0xffff8000003ff000 -> pa=0x0x00000000003ff000 fl=0x0x0000000000000013
nk4a: probe dm va=0x0xffff808000200000 -> pa=0x0x0000000000200000 fl=0x0x0000000000000013
nk4a: cr3-done-0x0x00000000034c1000
nk4a: sa1-after cr3=0x0x00000000034c1000
nk4a: pre-restore- rip=0x000000000021d690 rsp=0x00007fffffffea68
nk4a: kc0x0000000000000001 caller=0x0000000000000002 call=0x000000000000002c
nk4a: memreq-notify o=0x0000000000000001
nk4a: sys-susp vmreq=y pending=y
nk4a: pick->0x0000000000000008
nk4a: sa0-0x0000000000000008 root=0x0x000000001dfde000 cur=0x0x00000000034c1000
nk4a: gs2 gsbase=0x0x000000001dd340c0
nk4a: probe text va=0x0x000000001dbf5000 -> pa=0x0x000000001dbf5000 fl=0x0x000000000000041b
nk4a: probe stk va=0x0xffff8000003ff000 -> pa=0x0x00000000003ff000 fl=0x0x000000000000041b
nk4a: probe dm va=0x0xffff808000200000 -> pa=0x0x0000000000200000 fl=0x0x0000000000000413
nk4a: cr3-done-0x0x000000001dfde000
nk4a: sa1-after cr3=0x0x000000001dfde000
nk4a: pre-restore- rip=0x00000000002014ad rsp=0x00007fffffffc0b8
nk4a: vs0x000000000000002d rip=0x0x00000000002014ad
nk4a: rcv3 src=-2 type=0x1000
nk4a: do-memory enter
nk4a: memreq target=2 start=0x223700 len=0x11 ok=1
nk4a: do-memory done
nk4a: ipc-entry nr=0x0000000000000002 caller=0x0000000000000008
nk4a: pick->0x0000000000000002
nk4a: sa0-0x0000000000000002 root=0x0x00000000034c1000 cur=0x0x000000001dfde000
nk4a: gs2 gsbase=0x0x000000001dd340c0
nk4a: probe text va=0x0x000000001dbf5000 -> pa=0x0x000000001dbf5000 fl=0x0x000000000000001b
nk4a: probe stk va=0x0xffff8000003ff000 -> pa=0x0x00000000003ff000 fl=0x0x0000000000000013
nk4a: probe dm va=0x0xffff808000200000 -> pa=0x0x0000000000200000 fl=0x0x0000000000000013
nk4a: cr3-done-0x0x00000000034c1000
nk4a: sa1-after cr3=0x0x00000000034c1000
nk4a: kc0x0000000000000002 caller=0x0000000000000002 call=0x000000000000002c
nk4a: birth enternk4a: pre-restore- rip=0x000000000021d711 rsp=0x00007fffffffe9f0
nk4a: vs0x000000000000002f rip=0x0x000000000021d711
nk4a: pf#0x0000000000000003 rip=0x000000000021cea0 err=0x0000000000000014 cr2=0x000000000021cea0 rsp=0x00007fffffffe9e8 walk=NP
nk4a: pfm1-gate
nk4a: pfm2-smp
nk4a: pfm3-tbl
nk4a: pfm4-hand
nk4a: pick->0x0000000000000008
nk4a: sa0-0x0000000000000008 root=0x0x000000001dfde000 cur=0x0x00000000034c1000
nk4a: gs2 gsbase=0x0x000000001dd340c0
nk4a: probe text va=0x0x000000001dbf5000 -> pa=0x0x000000001dbf5000 fl=0x0x000000000000041b
nk4a: probe stk va=0x0xffff8000003ff000 -> pa=0x0x00000000003ff000 fl=0x0x000000000000041b
nk4a: probe dm va=0x0xffff808000200000 -> pa=0x0x0000000000200000 fl=0x0x0000000000000413
nk4a: cr3-done-0x0x000000001dfde000
nk4a: sa1-after cr3=0x0x000000001dfde000
nk4a: pre-restore- rip=0x00000000002014ad rsp=0x00007fffffffc0b8
nk4a: rcv4 src=2 type=0xcff
nk4a: vm-pf recv
nk4a: vm-pf bytes bf12000000be1200
nk4a: ipc-entry nr=0x0000000000000002 caller=0x0000000000000008
nk4a: pick->0x0000000000000002
nk4a: sa0-0x0000000000000002 root=0x0x00000000034c1000 cur=0x0x000000001dfde000
nk4a: gs2 gsbase=0x0x000000001dd340c0
nk4a: probe text va=0x0x000000001dbf5000 -> pa=0x0x000000001dbf5000 fl=0x0x000000000000001b
nk4a: probe stk va=0x0xffff8000003ff000 -> pa=0x0x00000000003ff000 fl=0x0x0000000000000013
nk4a: probe dm va=0x0xffff808000200000 -> pa=0x0x0000000000200000 fl=0x0x0000000000000013
nk4a: cr3-done-0x0x00000000034c1000
nk4a: sa1-after cr3=0x0x00000000034c1000
nk4a: pre-restore- rip=0x000000000021cea0 rsp=0x00007fffffffe9e8
nk4a: vs0x0000000000000032 rip=0x0x000000000021cea0
nk4a: pf#0x0000000000000004 rip=0x000000000021ceac err=0x0000000000000004 cr2=0x000000000022a9e0 rsp=0x00007fffffffe9e8 walk=NP
nk4a: pick->0x0000000000000008
nk4a: sa0-0x0000000000000008 root=0x0x000000001dfde000 cur=0x0x00000000034c1000
nk4a: gs2 gsbase=0x0x000000001dd340c0
nk4a: probe text va=0x0x000000001dbf5000 -> pa=0x0x000000001dbf5000 fl=0x0x000000000000041b
nk4a: probe stk va=0x0xffff8000003ff000 -> pa=0x0x00000000003ff000 fl=0x0x000000000000041b
nk4a: probe dm va=0x0xffff808000200000 -> pa=0x0x0000000000200000 fl=0x0x0000000000000413
nk4a: cr3-done-0x0x000000001dfde000
nk4a: sa1-after cr3=0x0x000000001dfde000
nk4a: pre-restore- rip=0x00000000002014ad rsp=0x00007fffffffc0b8
nk4a: rcv5 src=2 type=0xcff
nk4a: vm-pf recv
nk4a: vm-pf bytes 0000000000000000
nk4a: ipc-entry nr=0x0000000000000002 caller=0x0000000000000008
nk4a: pick->0x0000000000000002
nk4a: sa0-0x0000000000000002 root=0x0x00000000034c1000 cur=0x0x000000001dfde000
nk4a: gs2 gsbase=0x0x000000001dd340c0
nk4a: probe text va=0x0x000000001dbf5000 -> pa=0x0x000000001dbf5000 fl=0x0x000000000000001b
nk4a: probe stk va=0x0xffff8000003ff000 -> pa=0x0x00000000003ff000 fl=0x0x0000000000000013
nk4a: probe dm va=0x0xffff808000200000 -> pa=0x0x0000000000200000 fl=0x0x0000000000000013
nk4a: cr3-done-0x0x00000000034c1000
nk4a: sa1-after cr3=0x0x00000000034c1000
nk4a: pre-restore- rip=0x000000000021ceac rsp=0x00007fffffffe9e8
nk4a: pf#0x0000000000000005 rip=0x0000000000227880 err=0x0000000000000014 cr2=0x0000000000227880 rsp=0x00007fffffffe7d8 walk=NP
nk4a: pick->0x0000000000000008
nk4a: sa0-0x0000000000000008 root=0x0x000000001dfde000 cur=0x0x00000000034c1000
nk4a: gs2 gsbase=0x0x000000001dd340c0
nk4a: probe text va=0x0x000000001dbf5000 -> pa=0x0x000000001dbf5000 fl=0x0x000000000000041b
nk4a: probe stk va=0x0xffff8000003ff000 -> pa=0x0x00000000003ff000 fl=0x0x000000000000041b
nk4a: probe dm va=0x0xffff808000200000 -> pa=0x0x0000000000200000 fl=0x0x0000000000000413
nk4a: cr3-done-0x0x000000001dfde000
nk4a: sa1-after cr3=0x0x000000001dfde000
nk4a: pre-restore- rip=0x00000000002014ad rsp=0x00007fffffffc0b8
nk4a: vs0x0000000000000036 rip=0x0x00000000002014ad
nk4a: rcv6 src=2 type=0xcff
nk4a: vm-pf recv
nk4a: vm-pf bytes e348f7d348c1eb07
nk4a: ipc-entry nr=0x0000000000000002 caller=0x0000000000000008
nk4a: pick->0x0000000000000002
nk4a: sa0-0x0000000000000002 root=0x0x00000000034c1000 cur=0x0x000000001dfde000
nk4a: gs2 gsbase=0x0x000000001dd340c0
nk4a: probe text va=0x0x000000001dbf5000 -> pa=0x0x000000001dbf5000 fl=0x0x000000000000001b
nk4a: probe stk va=0x0xffff8000003ff000 -> pa=0x0x00000000003ff000 fl=0x0x0000000000000013
nk4a: probe dm va=0x0xffff808000200000 -> pa=0x0x0000000000200000 fl=0x0x0000000000000013
nk4a: cr3-done-0x0x00000000034c1000
nk4a: sa1-after cr3=0x0x00000000034c1000
nk4a: pre-restore- rip=0x0000000000227880 rsp=0x00007fffffffe7d8
nk4a: pf#0x0000000000000006 rip=0x000000000021cede err=0x0000000000000006 cr2=0x0000000000229cb0 rsp=0x00007fffffffe7e0 walk=NP
nk4a: pick->0x0000000000000008
nk4a: sa0-0x0000000000000008 root=0x0x000000001dfde000 cur=0x0x00000000034c1000
nk4a: gs2 gsbase=0x0x000000001dd340c0
nk4a: probe text va=0x0x000000001dbf5000 -> pa=0x0x000000001dbf5000 fl=0x0x000000000000041b
nk4a: probe stk va=0x0xffff8000003ff000 -> pa=0x0x00000000003ff000 fl=0x0x000000000000041b
nk4a: probe dm va=0x0xffff808000200000 -> pa=0x0x0000000000200000 fl=0x0x0000000000000413
nk4a: cr3-done-0x0x000000001dfde000
nk4a: sa1-after cr3=0x0x000000001dfde000
nk4a: pre-restore- rip=0x00000000002014ad rsp=0x00007fffffffc0b8
nk4a: rcv7 src=2 type=0xcff
nk4a: vs0x0000000000000039 rip=0x0x0000000000205747
nk4a: vm-pf recv
nk4a: vm-pf bytes 0000000000000000
nk4a: ipc-entry nr=0x0000000000000002 caller=0x0000000000000008
nk4a: pick->0x0000000000000002
nk4a: sa0-0x0000000000000002 root=0x0x00000000034c1000 cur=0x0x000000001dfde000
nk4a: gs2 gsbase=0x0x000000001dd340c0
nk4a: probe text va=0x0x000000001dbf5000 -> pa=0x0x000000001dbf5000 fl=0x0x000000000000001b
nk4a: probe stk va=0x0xffff8000003ff000 -> pa=0x0x00000000003ff000 fl=0x0x0000000000000013
nk4a: probe dm va=0x0xffff808000200000 -> pa=0x0x0000000000200000 fl=0x0x0000000000000013
nk4a: cr3-done-0x0x00000000034c1000
nk4a: sa1-after cr3=0x0x00000000034c1000
nk4a: pre-restore- rip=0x000000000021cede rsp=0x00007fffffffe7e0
nk4a: kc0x0000000000000003 caller=0x0000000000000002 call=0x000000000000002c
nk4a: birth s3 runtime oknk4a: kc0x0000000000000004 caller=0x0000000000000002 call=0x000000000000002c
nk4a: birth s5 -> mainnk4a: pf#0x0000000000000007 rip=0x0000000000201670 err=0x0000000000000014 cr2=0x0000000000201670 rsp=0x00007fffffffe9e8 walk=NP
nk4a: pick->0x0000000000000008
nk4a: sa0-0x0000000000000008 root=0x0x000000001dfde000 cur=0x0x00000000034c1000
nk4a: gs2 gsbase=0x0x000000001dd340c0
nk4a: probe text va=0x0x000000001dbf5000 -> pa=0x0x000000001dbf5000 fl=0x0x000000000000041b
nk4a: probe stk va=0x0xffff8000003ff000 -> pa=0x0x00000000003ff000 fl=0x0x000000000000041b
nk4a: probe dm va=0x0xffff808000200000 -> pa=0x0x0000000000200000 fl=0x0x0000000000000413
nk4a: cr3-done-0x0x000000001dfde000
nk4a: sa1-after cr3=0x0x000000001dfde000
nk4a: pre-restore- rip=0x00000000002014ad rsp=0x00007fffffffc0b8
nk4a: rcv8 src=2 type=0xcff
nk4a: vm-pf recv
nk4a: vm-pf bytes 0000000000000000
nk4a: vs0x000000000000003c rip=0x0x000000000022b42d
nk4a: ipc-entry nr=0x0000000000000002 caller=0x0000000000000008
nk4a: pick->0x0000000000000002
nk4a: sa0-0x0000000000000002 root=0x0x00000000034c1000 cur=0x0x000000001dfde000
nk4a: gs2 gsbase=0x0x000000001dd340c0
nk4a: probe text va=0x0x000000001dbf5000 -> pa=0x0x000000001dbf5000 fl=0x0x000000000000001b
nk4a: probe stk va=0x0xffff8000003ff000 -> pa=0x0x00000000003ff000 fl=0x0x0000000000000013
nk4a: probe dm va=0x0xffff808000200000 -> pa=0x0x0000000000200000 fl=0x0x0000000000000013
nk4a: cr3-done-0x0x00000000034c1000
nk4a: sa1-after cr3=0x0x00000000034c1000
nk4a: pre-restore- rip=0x0000000000201670 rsp=0x00007fffffffe9e8
nk4a: pf#0x0000000000000008 rip=0x000000000020167e err=0x0000000000000006 cr2=0x00007fffffffd9c8 rsp=0x00007fffffffd9c8 walk=NP
nk4a: pick->0x0000000000000008
nk4a: sa0-0x0000000000000008 root=0x0x000000001dfde000 cur=0x0x00000000034c1000
nk4a: gs2 gsbase=0x0x000000001dd340c0
nk4a: probe text va=0x0x000000001dbf5000 -> pa=0x0x000000001dbf5000 fl=0x0x000000000000041b
nk4a: probe stk va=0x0xffff8000003ff000 -> pa=0x0x00000000003ff000 fl=0x0x000000000000041b
nk4a: probe dm va=0x0xffff808000200000 -> pa=0x0x0000000000200000 fl=0x0x0000000000000413
nk4a: cr3-done-0x0x000000001dfde000
nk4a: sa1-after cr3=0x0x000000001dfde000
nk4a: pre-restore- rip=0x00000000002014ad rsp=0x00007fffffffc0b8
nk4a: rcv9 src=2 type=0xcff
nk4a: vm-pf recv
nk4a: vm-pf bytes 0000000000000000
nk4a: ipc-entry nr=0x0000000000000002 caller=0x0000000000000008
nk4a: pick->0x0000000000000002
nk4a: sa0-0x0000000000000002 root=0x0x00000000034c1000 cur=0x0x000000001dfde000
nk4a: gs2 gsbase=0x0x000000001dd340c0
nk4a: probe text va=0x0x000000001dbf5000 -> pa=0x0x000000001dbf5000 fl=0x0x000000000000001b
nk4a: probe stk va=0x0xffff8000003ff000 -> pa=0x0x00000000003ff000 fl=0x0x0000000000000013
nk4a: probe dm va=0x0xffff808000200000 -> pa=0x0x0000000000200000 fl=0x0x0000000000000013
nk4a: cr3-done-0x0x00000000034c1000
nk4a: sa1-after cr3=0x0x00000000034c1000
nk4a: pre-restore- rip=0x000000000020167e rsp=0x00007fffffffd9c8
nk4a: vs0x0000000000000040 rip=0x0x000000000020167e
nk4a: pf#0x0000000000000009 rip=0x000000000020168d err=0x0000000000000006 cr2=0x00007fffffffc9c8 rsp=0x00007fffffffc9c8 walk=NP
nk4a: pick->0x0000000000000008
nk4a: sa0-0x0000000000000008 root=0x0x000000001dfde000 cur=0x0x00000000034c1000
nk4a: gs2 gsbase=0x0x000000001dd340c0
nk4a: probe text va=0x0x000000001dbf5000 -> pa=0x0x000000001dbf5000 fl=0x0x000000000000041b
nk4a: probe stk va=0x0xffff8000003ff000 -> pa=0x0x00000000003ff000 fl=0x0x000000000000041b
nk4a: probe dm va=0x0xffff808000200000 -> pa=0x0x0000000000200000 fl=0x0x0000000000000413
nk4a: cr3-done-0x0x000000001dfde000
nk4a: sa1-after cr3=0x0x000000001dfde000
nk4a: pre-restore- rip=0x00000000002014ad rsp=0x00007fffffffc0b8
nk4a: rcv10 src=2 type=0xcff
nk4a: vm-pf recv
nk4a: vm-pf bytes 0000000000000000
nk4a: ipc-entry nr=0x0000000000000002 caller=0x0000000000000008
nk4a: pick->0x0000000000000002
nk4a: sa0-0x0000000000000002 root=0x0x00000000034c1000 cur=0x0x000000001dfde000
nk4a: gs2 gsbase=0x0x000000001dd340c0
nk4a: probe text va=0x0x000000001dbf5000 -> pa=0x0x000000001dbf5000 fl=0x0x000000000000001b
nk4a: probe stk va=0x0xffff8000003ff000 -> pa=0x0x00000000003ff000 fl=0x0x0000000000000013
nk4a: probe dm va=0x0xffff808000200000 -> pa=0x0x0000000000200000 fl=0x0x0000000000000013
nk4a: cr3-done-0x0x00000000034c1000
nk4a: sa1-after cr3=0x0x00000000034c1000
nk4a: pre-restore- rip=0x000000000020168d rsp=0x00007fffffffc9c8
nk4a: kc0x0000000000000005 caller=0x0000000000000002 call=0x000000000000001a
nk4a: pf#0x000000000000000a rip=0x00000000002021b0 err=0x0000000000000014 cr2=0x00000000002021b0 rsp=0x00007fffffffc388 walk=NP
nk4a: pick->0x0000000000000008
nk4a: sa0-0x0000000000000008 root=0x0x000000001dfde000 cur=0x0x00000000034c1000
nk4a: gs2 gsbase=0x0x000000001dd340c0
nk4a: probe text va=0x0x000000001dbf5000 -> pa=0x0x000000001dbf5000 fl=0x0x000000000000041b
nk4a: probe stk va=0x0xffff8000003ff000 -> pa=0x0x00000000003ff000 fl=0x0x000000000000041b
nk4a: probe dm va=0x0xffff808000200000 -> pa=0x0x0000000000200000 fl=0x0x0000000000000413
nk4a: cr3-done-0x0x000000001dfde000
nk4a: sa1-after cr3=0x0x000000001dfde000
nk4a: pre-restore- rip=0x00000000002014ad rsp=0x00007fffffffc0b8
nk4a: vs0x0000000000000044 rip=0x0x00000000002014ad
nk4a: rcv11 src=2 type=0xcff
nk4a: vm-pf recv
nk4a: vm-pf bytes 8b3c24ba01000000
nk4a: ipc-entry nr=0x0000000000000002 caller=0x0000000000000008
nk4a: pick->0x0000000000000002
nk4a: sa0-0x0000000000000002 root=0x0x00000000034c1000 cur=0x0x000000001dfde000
nk4a: gs2 gsbase=0x0x000000001dd340c0
nk4a: probe text va=0x0x000000001dbf5000 -> pa=0x0x000000001dbf5000 fl=0x0x000000000000001b
nk4a: probe stk va=0x0xffff8000003ff000 -> pa=0x0x00000000003ff000 fl=0x0x0000000000000013
nk4a: probe dm va=0x0xffff808000200000 -> pa=0x0x0000000000200000 fl=0x0x0000000000000013
nk4a: cr3-done-0x0x00000000034c1000
nk4a: sa1-after cr3=0x0x00000000034c1000
nk4a: pre-restore- rip=0x00000000002021b0 rsp=0x00007fffffffc388
nk4a: pf#0x000000000000000b rip=0x000000000021e0a0 err=0x0000000000000014 cr2=0x000000000021e0a0 rsp=0x00007fffffffc388 walk=NP
nk4a: pick->0x0000000000000008
nk4a: sa0-0x0000000000000008 root=0x0x000000001dfde000 cur=0x0x00000000034c1000
nk4a: gs2 gsbase=0x0x000000001dd340c0
nk4a: probe text va=0x0x000000001dbf5000 -> pa=0x0x000000001dbf5000 fl=0x0x000000000000041b
nk4a: probe stk va=0x0xffff8000003ff000 -> pa=0x0x00000000003ff000 fl=0x0x000000000000041b
nk4a: probe dm va=0x0xffff808000200000 -> pa=0x0x0000000000200000 fl=0x0x0000000000000413
nk4a: cr3-done-0x0x000000001dfde000
nk4a: sa1-after cr3=0x0x000000001dfde000
nk4a: pre-restore- rip=0x00000000002014ad rsp=0x00007fffffffc0b8
nk4a: rcv12 src=2 type=0xcff
nk4a: vm-pf recv
nk4a: vm-pf bytes 3248ffc6488932eb
nk4a: ipc-entry nr=0x0000000000000002 caller=0x0000000000000008
nk4a: pick->0x0000000000000002
nk4a: sa0-0x0000000000000002 root=0x0x00000000034c1000 cur=0x0x000000001dfde000
nk4a: gs2 gsbase=0x0x000000001dd340c0
nk4a: probe text va=0x0x000000001dbf5000 -> pa=0x0x000000001dbf5000 fl=0x0x000000000000001b
nk4a: probe stk va=0x0xffff8000003ff000 -> pa=0x0x00000000003ff000 fl=0x0x0000000000000013
nk4a: probe dm va=0x0xffff808000200000 -> pa=0x0x0000000000200000 fl=0x0x0000000000000013
nk4a: cr3-done-0x0x00000000034c1000
nk4a: sa1-after cr3=0x0x00000000034c1000
nk4a: pre-restore- rip=0x000000000021e0a0 rsp=0x00007fffffffc388
nk4a: vs0x0000000000000048 rip=0x0x000000000021e0a0
nk4a: pf#0x000000000000000c rip=0x00000000002278b9 err=0x0000000000000006 cr2=0x000000000022c000 rsp=0x00007fffffffc348 walk=NP
nk4a: pick->0x0000000000000008
nk4a: sa0-0x0000000000000008 root=0x0x000000001dfde000 cur=0x0x00000000034c1000
nk4a: gs2 gsbase=0x0x000000001dd340c0
nk4a: probe text va=0x0x000000001dbf5000 -> pa=0x0x000000001dbf5000 fl=0x0x000000000000041b
nk4a: probe stk va=0x0xffff8000003ff000 -> pa=0x0x00000000003ff000 fl=0x0x000000000000041b
nk4a: probe dm va=0x0xffff808000200000 -> pa=0x0x0000000000200000 fl=0x0x0000000000000413
nk4a: cr3-done-0x0x000000001dfde000
nk4a: sa1-after cr3=0x0x000000001dfde000
nk4a: pre-restore- rip=0x00000000002014ad rsp=0x00007fffffffc0b8
nk4a: rcv13 src=2 type=0xcff
nk4a: vm-pf recv
nk4a: vm-pf bytes 0000000000000000
nk4a: ipc-entry nr=0x0000000000000002 caller=0x0000000000000008
nk4a: pick->0x0000000000000002
nk4a: sa0-0x0000000000000002 root=0x0x00000000034c1000 cur=0x0x000000001dfde000
nk4a: gs2 gsbase=0x0x000000001dd340c0
nk4a: probe text va=0x0x000000001dbf5000 -> pa=0x0x000000001dbf5000 fl=0x0x000000000000001b
nk4a: probe stk va=0x0xffff8000003ff000 -> pa=0x0x00000000003ff000 fl=0x0x0000000000000013
nk4a: probe dm va=0x0xffff808000200000 -> pa=0x0x0000000000200000 fl=0x0x0000000000000013
nk4a: cr3-done-0x0x00000000034c1000
nk4a: sa1-after cr3=0x0x00000000034c1000
nk4a: pre-restore- rip=0x00000000002278b9 rsp=0x00007fffffffc348
nk4a: vs0x000000000000004b rip=0x0x00000000002278b9
nk4a: pf#0x000000000000000d rip=0x0000000000201d01 err=0x0000000000000004 cr2=0x0000000000222eb8 rsp=0x00007fffffffc390 walk=NP
nk4a: pick->0x0000000000000008
nk4a: sa0-0x0000000000000008 root=0x0x000000001dfde000 cur=0x0x00000000034c1000
nk4a: gs2 gsbase=0x0x000000001dd340c0
nk4a: probe text va=0x0x000000001dbf5000 -> pa=0x0x000000001dbf5000 fl=0x0x000000000000041b
nk4a: probe stk va=0x0xffff8000003ff000 -> pa=0x0x00000000003ff000 fl=0x0x000000000000041b
nk4a: probe dm va=0x0xffff808000200000 -> pa=0x0x0000000000200000 fl=0x0x0000000000000413
nk4a: cr3-done-0x0x000000001dfde000
nk4a: sa1-after cr3=0x0x000000001dfde000
nk4a: pre-restore- rip=0x00000000002014ad rsp=0x00007fffffffc0b8
nk4a: rcv14 src=2 type=0xcff
nk4a: vm-pf recv
nk4a: vm-pf bytes 502a200000000000
nk4a: ipc-entry nr=0x0000000000000002 caller=0x0000000000000008
nk4a: pick->0x0000000000000002
nk4a: sa0-0x0000000000000002 root=0x0x00000000034c1000 cur=0x0x000000001dfde000
nk4a: gs2 gsbase=0x0x000000001dd340c0
nk4a: probe text va=0x0x000000001dbf5000 -> pa=0x0x000000001dbf5000 fl=0x0x000000000000001b
nk4a: probe stk va=0x0xffff8000003ff000 -> pa=0x0x00000000003ff000 fl=0x0x0000000000000013
nk4a: probe dm va=0x0xffff808000200000 -> pa=0x0x0000000000200000 fl=0x0x0000000000000013
nk4a: cr3-done-0x0x00000000034c1000
nk4a: sa1-after cr3=0x0x00000000034c1000
nk4a: pre-restore- rip=0x0000000000201d01 rsp=0x00007fffffffc390
nk4a: kc0x0000000000000006 caller=0x0000000000000002 call=0x000000000000001a
nk4a: vs0x000000000000004e rip=0x0x0000000000201de1
nk4a: pf#0x000000000000000e rip=0x000000000020c6a0 err=0x0000000000000014 cr2=0x000000000020c6a0 rsp=0x00007fffffffc388 walk=NP
nk4a: pick->0x0000000000000008
nk4a: sa0-0x0000000000000008 root=0x0x000000001dfde000 cur=0x0x00000000034c1000
nk4a: gs2 gsbase=0x0x000000001dd340c0
nk4a: probe text va=0x0x000000001dbf5000 -> pa=0x0x000000001dbf5000 fl=0x0x000000000000041b
nk4a: probe stk va=0x0xffff8000003ff000 -> pa=0x0x00000000003ff000 fl=0x0x000000000000041b
nk4a: probe dm va=0x0xffff808000200000 -> pa=0x0x0000000000200000 fl=0x0x0000000000000413
nk4a: cr3-done-0x0x000000001dfde000
nk4a: sa1-after cr3=0x0x000000001dfde000
nk4a: pre-restore- rip=0x00000000002014ad rsp=0x00007fffffffc0b8
nk4a: rcv15 src=2 type=0xcff
nk4a: vm-pf recv
nk4a: vm-pf bytes 000000ff50204889
nk4a: pick->0x0000000000000002
nk4a: sa0-0x0000000000000002 root=0x0x00000000034c1000 cur=0x0x000000001dfde000
nk4a: gs2 gsbase=0x0x000000001dd340c0
nk4a: probe text va=0x0x000000001dbf5000 -> pa=0x0x000000001dbf5000 fl=0x0x000000000000001b
nk4a: probe stk va=0x0xffff8000003ff000 -> pa=0x0x00000000003ff000 fl=0x0x0000000000000013
nk4a: probe dm va=0x0xffff808000200000 -> pa=0x0x0000000000200000 fl=0x0x0000000000000013
nk4a: cr3-done-0x0x00000000034c1000
nk4a: sa1-after cr3=0x0x00000000034c1000
nk4a: pre-restore- rip=0x000000000020c6a0 rsp=0x00007fffffffc388
nk4a: pf#0x000000000000000f rip=0x0000000000208a90 err=0x0000000000000014 cr2=0x0000000000208a90 rsp=0x00007fffffffc388 walk=NP
nk4a: pick->0x0000000000000008
nk4a: sa0-0x0000000000000008 root=0x0x000000001dfde000 cur=0x0x00000000034c1000
nk4a: gs2 gsbase=0x0x000000001dd340c0
nk4a: probe text va=0x0x000000001dbf5000 -> pa=0x0x000000001dbf5000 fl=0x0x000000000000041b
nk4a: probe stk va=0x0xffff8000003ff000 -> pa=0x0x00000000003ff000 fl=0x0x000000000000041b
nk4a: probe dm va=0x0xffff808000200000 -> pa=0x0x0000000000200000 fl=0x0x0000000000000413
nk4a: cr3-done-0x0x000000001dfde000
nk4a: sa1-after cr3=0x0x000000001dfde000
nk4a: pre-restore- rip=0x00000000002014ad rsp=0x00007fffffffc0b8
nk4a: vm-pf recv
nk4a: vs0x0000000000000052 rip=0x0x000000000020718e
nk4a: vm-pf bytes f0e9bfdfffff48b8
nk4a: pick->0x0000000000000002
nk4a: sa0-0x0000000000000002 root=0x0x00000000034c1000 cur=0x0x000000001dfde000
nk4a: gs2 gsbase=0x0x000000001dd340c0
nk4a: probe text va=0x0x000000001dbf5000 -> pa=0x0x000000001dbf5000 fl=0x0x000000000000001b
nk4a: probe stk va=0x0xffff8000003ff000 -> pa=0x0x00000000003ff000 fl=0x0x0000000000000013
nk4a: probe dm va=0x0xffff808000200000 -> pa=0x0x0000000000200000 fl=0x0x0000000000000013
nk4a: cr3-done-0x0x00000000034c1000
nk4a: sa1-after cr3=0x0x00000000034c1000
nk4a: pre-restore- rip=0x0000000000208a90 rsp=0x00007fffffffc388
nk4a: pf#0x0000000000000010 rip=0x00000000002278b9 err=0x0000000000000006 cr2=0x000000000022d000 rsp=0x00007fffffffc1c8 walk=NP
nk4a: pick->0x0000000000000008
nk4a: sa0-0x0000000000000008 root=0x0x000000001dfde000 cur=0x0x00000000034c1000
nk4a: gs2 gsbase=0x0x000000001dd340c0
nk4a: probe text va=0x0x000000001dbf5000 -> pa=0x0x000000001dbf5000 fl=0x0x000000000000041b
nk4a: probe stk va=0x0xffff8000003ff000 -> pa=0x0x00000000003ff000 fl=0x0x000000000000041b
nk4a: probe dm va=0x0xffff808000200000 -> pa=0x0x0000000000200000 fl=0x0x0000000000000413
nk4a: cr3-done-0x0x000000001dfde000
nk4a: sa1-after cr3=0x0x000000001dfde000
nk4a: pre-restore- rip=0x00000000002014ad rsp=0x00007fffffffc0b8
nk4a: vm-pf recv
nk4a: vm-pf bytes 0000000000000000
nk4a: pick->0x0000000000000002
nk4a: sa0-0x0000000000000002 root=0x0x00000000034c1000 cur=0x0x000000001dfde000
nk4a: gs2 gsbase=0x0x000000001dd340c0
nk4a: probe text va=0x0x000000001dbf5000 -> pa=0x0x000000001dbf5000 fl=0x0x000000000000001b
nk4a: probe stk va=0x0xffff8000003ff000 -> pa=0x0x00000000003ff000 fl=0x0x0000000000000013
nk4a: probe dm va=0x0xffff808000200000 -> pa=0x0x0000000000200000 fl=0x0x0000000000000013
nk4a: cr3-done-0x0x00000000034c1000
nk4a: sa1-after cr3=0x0x00000000034c1000
nk4a: pre-restore- rip=0x00000000002278b9 rsp=0x00007fffffffc1c8
nk4a: vs0x0000000000000056 rip=0x0x00000000002278b9
nk4a: pf#0x0000000000000011 rip=0x0000000000211a10 err=0x0000000000000014 cr2=0x0000000000211a10 rsp=0x00007fffffffc208 walk=NP
nk4a: pick->0x0000000000000008
nk4a: sa0-0x0000000000000008 root=0x0x000000001dfde000 cur=0x0x00000000034c1000
nk4a: gs2 gsbase=0x0x000000001dd340c0
nk4a: probe text va=0x0x000000001dbf5000 -> pa=0x0x000000001dbf5000 fl=0x0x000000000000041b
nk4a: probe stk va=0x0xffff8000003ff000 -> pa=0x0x00000000003ff000 fl=0x0x000000000000041b
nk4a: probe dm va=0x0xffff808000200000 -> pa=0x0x0000000000200000 fl=0x0x0000000000000413
nk4a: cr3-done-0x0x000000001dfde000
nk4a: sa1-after cr3=0x0x000000001dfde000
nk4a: pre-restore- rip=0x00000000002014ad rsp=0x00007fffffffc0b8
nk4a: vm-pf recv
nk4a: vm-pf bytes fb4d0f45d1490f45
nk4a: pick->0x0000000000000002
nk4a: sa0-0x0000000000000002 root=0x0x00000000034c1000 cur=0x0x000000001dfde000
nk4a: gs2 gsbase=0x0x000000001dd340c0
nk4a: probe text va=0x0x000000001dbf5000 -> pa=0x0x000000001dbf5000 fl=0x0x000000000000001b
nk4a: probe stk va=0x0xffff8000003ff000 -> pa=0x0x00000000003ff000 fl=0x0x0000000000000013
nk4a: probe dm va=0x0xffff808000200000 -> pa=0x0x0000000000200000 fl=0x0x0000000000000013
nk4a: cr3-done-0x0x00000000034c1000
nk4a: sa1-after cr3=0x0x00000000034c1000
nk4a: pre-restore- rip=0x0000000000211a10 rsp=0x00007fffffffc208
nk4a: pf#0x0000000000000012 rip=0x0000000000211a1c err=0x0000000000000006 cr2=0x00007fffffffb1f0 rsp=0x00007fffffffb1f0 walk=NP
nk4a: pick->0x0000000000000008
nk4a: sa0-0x0000000000000008 root=0x0x000000001dfde000 cur=0x0x00000000034c1000
nk4a: gs2 gsbase=0x0x000000001dd340c0
nk4a: probe text va=0x0x000000001dbf5000 -> pa=0x0x000000001dbf5000 fl=0x0x000000000000041b
nk4a: probe stk va=0x0xffff8000003ff000 -> pa=0x0x00000000003ff000 fl=0x0x000000000000041b
nk4a: probe dm va=0x0xffff808000200000 -> pa=0x0x0000000000200000 fl=0x0x0000000000000413
nk4a: cr3-done-0x0x000000001dfde000
nk4a: sa1-after cr3=0x0x000000001dfde000
nk4a: pre-restore- rip=0x00000000002014ad rsp=0x00007fffffffc0b8
nk4a: vs0x000000000000005a rip=0x0x00000000002014ad
nk4a: vm-pf recv
nk4a: vm-pf bytes 0000000000000000
nk4a: pick->0x0000000000000002
nk4a: sa0-0x0000000000000002 root=0x0x00000000034c1000 cur=0x0x000000001dfde000
nk4a: gs2 gsbase=0x0x000000001dd340c0
nk4a: probe text va=0x0x000000001dbf5000 -> pa=0x0x000000001dbf5000 fl=0x0x000000000000001b
nk4a: probe stk va=0x0xffff8000003ff000 -> pa=0x0x00000000003ff000 fl=0x0x0000000000000013
nk4a: probe dm va=0x0xffff808000200000 -> pa=0x0x0000000000200000 fl=0x0x0000000000000013
nk4a: cr3-done-0x0x00000000034c1000
nk4a: sa1-after cr3=0x0x00000000034c1000
nk4a: pre-restore- rip=0x0000000000211a1c rsp=0x00007fffffffb1f0
nk4a: pf#0x0000000000000013 rip=0x00000000002278b9 err=0x0000000000000006 cr2=0x000000000022e000 rsp=0x00007fffffffb178 walk=NP
nk4a: pick->0x0000000000000008
nk4a: sa0-0x0000000000000008 root=0x0x000000001dfde000 cur=0x0x00000000034c1000
nk4a: gs2 gsbase=0x0x000000001dd340c0
nk4a: probe text va=0x0x000000001dbf5000 -> pa=0x0x000000001dbf5000 fl=0x0x000000000000041b
nk4a: probe stk va=0x0xffff8000003ff000 -> pa=0x0x00000000003ff000 fl=0x0x000000000000041b
nk4a: probe dm va=0x0xffff808000200000 -> pa=0x0x0000000000200000 fl=0x0x0000000000000413
nk4a: cr3-done-0x0x000000001dfde000
nk4a: sa1-after cr3=0x0x000000001dfde000
nk4a: pre-restore- rip=0x00000000002014ad rsp=0x00007fffffffc0b8
nk4a: vm-pf recv
nk4a: vm-pf bytes 0000000000000000
nk4a: pick->0x0000000000000002
nk4a: sa0-0x0000000000000002 root=0x0x00000000034c1000 cur=0x0x000000001dfde000
nk4a: gs2 gsbase=0x0x000000001dd340c0
nk4a: probe text va=0x0x000000001dbf5000 -> pa=0x0x000000001dbf5000 fl=0x0x000000000000001b
nk4a: probe stk va=0x0xffff8000003ff000 -> pa=0x0x00000000003ff000 fl=0x0x0000000000000013
nk4a: probe dm va=0x0xffff808000200000 -> pa=0x0x0000000000200000 fl=0x0x0000000000000013
nk4a: cr3-done-0x0x00000000034c1000
nk4a: sa1-after cr3=0x0x00000000034c1000
nk4a: pre-restore- rip=0x00000000002278b9 rsp=0x00007fffffffb178
nk4a: vs0x000000000000005e rip=0x0x00000000002278b9
nk4a: pick->0x0000000000000008
nk4a: sa0-0x0000000000000008 root=0x0x000000001dfde000 cur=0x0x00000000034c1000
nk4a: gs2 gsbase=0x0x000000001dd340c0
nk4a: probe text va=0x0x000000001dbf5000 -> pa=0x0x000000001dbf5000 fl=0x0x000000000000041b
nk4a: probe stk va=0x0xffff8000003ff000 -> pa=0x0x00000000003ff000 fl=0x0x000000000000041b
nk4a: probe dm va=0x0xffff808000200000 -> pa=0x0x0000000000200000 fl=0x0x0000000000000413
nk4a: cr3-done-0x0x000000001dfde000
nk4a: sa1-after cr3=0x0x000000001dfde000
nk4a: pre-restore- rip=0x00000000002014ad rsp=0x00007fffffffc0b8
nk4a: vm-pf recv
nk4a: vm-pf bytes 0000000000000000
nk4a: pick->0x0000000000000002
nk4a: sa0-0x0000000000000002 root=0x0x00000000034c1000 cur=0x0x000000001dfde000
nk4a: gs2 gsbase=0x0x000000001dd340c0
nk4a: probe text va=0x0x000000001dbf5000 -> pa=0x0x000000001dbf5000 fl=0x0x000000000000001b
nk4a: probe stk va=0x0xffff8000003ff000 -> pa=0x0x00000000003ff000 fl=0x0x0000000000000013
nk4a: probe dm va=0x0xffff808000200000 -> pa=0x0x0000000000200000 fl=0x0x0000000000000013
nk4a: cr3-done-0x0x00000000034c1000
nk4a: sa1-after cr3=0x0x00000000034c1000
nk4a: pre-restore- rip=0x00000000002278b9 rsp=0x00007fffffffb178
nk4a: pick->0x0000000000000008
nk4a: sa0-0x0000000000000008 root=0x0x000000001dfde000 cur=0x0x00000000034c1000
nk4a: gs2 gsbase=0x0x000000001dd340c0
nk4a: probe text va=0x0x000000001dbf5000 -> pa=0x0x000000001dbf5000 fl=0x0x000000000000041b
nk4a: probe stk va=0x0xffff8000003ff000 -> pa=0x0x00000000003ff000 fl=0x0x000000000000041b
nk4a: probe dm va=0x0xffff808000200000 -> pa=0x0x0000000000200000 fl=0x0x0000000000000413
nk4a: cr3-done-0x0x000000001dfde000
nk4a: sa1-after cr3=0x0x000000001dfde000
nk4a: pre-restore- rip=0x00000000002014ad rsp=0x00007fffffffc0b8
nk4a: vs0x0000000000000062 rip=0x0x00000000002014ad
nk4a: vm-pf recv
nk4a: vm-pf bytes 0000000000000000
nk4a: pick->0x0000000000000002
nk4a: sa0-0x0000000000000002 root=0x0x00000000034c1000 cur=0x0x000000001dfde000
nk4a: gs2 gsbase=0x0x000000001dd340c0
nk4a: probe text va=0x0x000000001dbf5000 -> pa=0x0x000000001dbf5000 fl=0x0x000000000000001b
nk4a: probe stk va=0x0xffff8000003ff000 -> pa=0x0x00000000003ff000 fl=0x0x0000000000000013
nk4a: probe dm va=0x0xffff808000200000 -> pa=0x0x0000000000200000 fl=0x0x0000000000000013
nk4a: cr3-done-0x0x00000000034c1000
nk4a: sa1-after cr3=0x0x00000000034c1000
nk4a: pre-restore- rip=0x00000000002278b9 rsp=0x00007fffffffb178
nk4a: pick->0x0000000000000008
nk4a: sa0-0x0000000000000008 root=0x0x000000001dfde000 cur=0x0x00000000034c1000
nk4a: gs2 gsbase=0x0x000000001dd340c0
nk4a: probe text va=0x0x000000001dbf5000 -> pa=0x0x000000001dbf5000 fl=0x0x000000000000041b
nk4a: probe stk va=0x0xffff8000003ff000 -> pa=0x0x00000000003ff000 fl=0x0x000000000000041b
nk4a: probe dm va=0x0xffff808000200000 -> pa=0x0x0000000000200000 fl=0x0x0000000000000413
nk4a: cr3-done-0x0x000000001dfde000
nk4a: sa1-after cr3=0x0x000000001dfde000
nk4a: pre-restore- rip=0x00000000002014ad rsp=0x00007fffffffc0b8
nk4a: vm-pf recv
nk4a: vm-pf bytes 0000000000000000
nk4a: pick->0x0000000000000002
nk4a: sa0-0x0000000000000002 root=0x0x00000000034c1000 cur=0x0x000000001dfde000
nk4a: gs2 gsbase=0x0x000000001dd340c0
nk4a: probe text va=0x0x000000001dbf5000 -> pa=0x0x000000001dbf5000 fl=0x0x000000000000001b
nk4a: probe stk va=0x0xffff8000003ff000 -> pa=0x0x00000000003ff000 fl=0x0x0000000000000013
nk4a: probe dm va=0x0xffff808000200000 -> pa=0x0x0000000000200000 fl=0x0x0000000000000013
nk4a: cr3-done-0x0x00000000034c1000
nk4a: sa1-after cr3=0x0x00000000034c1000
nk4a: pre-restore- rip=0x00000000002278b9 rsp=0x00007fffffffb178
nk4a: vs0x0000000000000066 rip=0x0x00000000002278b9
nk4a: pick->0x0000000000000008
nk4a: sa0-0x0000000000000008 root=0x0x000000001dfde000 cur=0x0x00000000034c1000
nk4a: gs2 gsbase=0x0x000000001dd340c0
nk4a: probe text va=0x0x000000001dbf5000 -> pa=0x0x000000001dbf5000 fl=0x0x000000000000041b
nk4a: probe stk va=0x0xffff8000003ff000 -> pa=0x0x00000000003ff000 fl=0x0x000000000000041b
nk4a: probe dm va=0x0xffff808000200000 -> pa=0x0x0000000000200000 fl=0x0x0000000000000413
nk4a: cr3-done-0x0x000000001dfde000
nk4a: sa1-after cr3=0x0x000000001dfde000
nk4a: pre-restore- rip=0x00000000002014ad rsp=0x00007fffffffc0b8
nk4a: vm-pf recv
nk4a: vm-pf bytes 0000000000000000
nk4a: pick->0x0000000000000002
nk4a: sa0-0x0000000000000002 root=0x0x00000000034c1000 cur=0x0x000000001dfde000
nk4a: gs2 gsbase=0x0x000000001dd340c0
nk4a: probe text va=0x0x000000001dbf5000 -> pa=0x0x000000001dbf5000 fl=0x0x000000000000001b
nk4a: probe stk va=0x0xffff8000003ff000 -> pa=0x0x00000000003ff000 fl=0x0x0000000000000013
nk4a: probe dm va=0x0xffff808000200000 -> pa=0x0x0000000000200000 fl=0x0x0000000000000013
nk4a: cr3-done-0x0x00000000034c1000
nk4a: sa1-after cr3=0x0x00000000034c1000
nk4a: pre-restore- rip=0x00000000002278b9 rsp=0x00007fffffffb178
nk4a: pick->0x0000000000000008
nk4a: sa0-0x0000000000000008 root=0x0x000000001dfde000 cur=0x0x00000000034c1000
nk4a: gs2 gsbase=0x0x000000001dd340c0
nk4a: probe text va=0x0x000000001dbf5000 -> pa=0x0x000000001dbf5000 fl=0x0x000000000000041b
nk4a: probe stk va=0x0xffff8000003ff000 -> pa=0x0x00000000003ff000 fl=0x0x000000000000041b
nk4a: probe dm va=0x0xffff808000200000 -> pa=0x0x0000000000200000 fl=0x0x0000000000000413
nk4a: cr3-done-0x0x000000001dfde000
nk4a: sa1-after cr3=0x0x000000001dfde000
nk4a: pre-restore- rip=0x00000000002014ad rsp=0x00007fffffffc0b8
nk4a: vs0x000000000000006a rip=0x0x00000000002014ad
nk4a: vm-pf recv
nk4a: vm-pf bytes 0000000000000000
nk4a: pick->0x0000000000000002
nk4a: sa0-0x0000000000000002 root=0x0x00000000034c1000 cur=0x0x000000001dfde000
nk4a: gs2 gsbase=0x0x000000001dd340c0
nk4a: probe text va=0x0x000000001dbf5000 -> pa=0x0x000000001dbf5000 fl=0x0x000000000000001b
nk4a: probe stk va=0x0xffff8000003ff000 -> pa=0x0x00000000003ff000 fl=0x0x0000000000000013
nk4a: probe dm va=0x0xffff808000200000 -> pa=0x0x0000000000200000 fl=0x0x0000000000000013
nk4a: cr3-done-0x0x00000000034c1000
nk4a: sa1-after cr3=0x0x00000000034c1000
nk4a: pre-restore- rip=0x00000000002278b9 rsp=0x00007fffffffb178
nk4a: pick->0x0000000000000008
nk4a: sa0-0x0000000000000008 root=0x0x000000001dfde000 cur=0x0x00000000034c1000
nk4a: gs2 gsbase=0x0x000000001dd340c0
nk4a: probe text va=0x0x000000001dbf5000 -> pa=0x0x000000001dbf5000 fl=0x0x000000000000041b
nk4a: probe stk va=0x0xffff8000003ff000 -> pa=0x0x00000000003ff000 fl=0x0x000000000000041b
nk4a: probe dm va=0x0xffff808000200000 -> pa=0x0x0000000000200000 fl=0x0x0000000000000413
nk4a: cr3-done-0x0x000000001dfde000
nk4a: sa1-after cr3=0x0x000000001dfde000
nk4a: pre-restore- rip=0x00000000002014ad rsp=0x00007fffffffc0b8
nk4a: vm-pf recv
nk4a: vm-pf bytes 0000000000000000
nk4a: pick->0x0000000000000002
nk4a: sa0-0x0000000000000002 root=0x0x00000000034c1000 cur=0x0x000000001dfde000
nk4a: gs2 gsbase=0x0x000000001dd340c0
nk4a: probe text va=0x0x000000001dbf5000 -> pa=0x0x000000001dbf5000 fl=0x0x000000000000001b
nk4a: probe stk va=0x0xffff8000003ff000 -> pa=0x0x00000000003ff000 fl=0x0x0000000000000013
nk4a: probe dm va=0x0xffff808000200000 -> pa=0x0x0000000000200000 fl=0x0x0000000000000013
nk4a: cr3-done-0x0x00000000034c1000
nk4a: sa1-after cr3=0x0x00000000034c1000
nk4a: pre-restore- rip=0x00000000002278b9 rsp=0x00007fffffffb178
nk4a: pick->0x0000000000000008
nk4a: sa0-0x0000000000000008 root=0x0x000000001dfde000 cur=0x0x00000000034c1000
nk4a: gs2 gsbase=0x0x000000001dd340c0
nk4a: probe text va=0x0x000000001dbf5000 -> pa=0x0x000000001dbf5000 fl=0x0x000000000000041b
nk4a: probe stk va=0x0xffff8000003ff000 -> pa=0x0x00000000003ff000 fl=0x0x000000000000041b
nk4a: probe dm va=0x0xffff808000200000 -> pa=0x0x0000000000200000 fl=0x0x0000000000000413
nk4a: cr3-done-0x0x000000001dfde000
nk4a: sa1-after cr3=0x0x000000001dfde000
nk4a: pre-restore- rip=0x00000000002014ad rsp=0x00007fffffffc0b8
nk4a: vs0x000000000000006f rip=0x0x00000000002014ad
nk4a: vm-pf recv
nk4a: vm-pf bytes 0000000000000000
nk4a: pick->0x0000000000000002
nk4a: sa0-0x0000000000000002 root=0x0x00000000034c1000 cur=0x0x000000001dfde000
nk4a: gs2 gsbase=0x0x000000001dd340c0
nk4a: probe text va=0x0x000000001dbf5000 -> pa=0x0x000000001dbf5000 fl=0x0x000000000000001b
nk4a: probe stk va=0x0xffff8000003ff000 -> pa=0x0x00000000003ff000 fl=0x0x0000000000000013
nk4a: probe dm va=0x0xffff808000200000 -> pa=0x0x0000000000200000 fl=0x0x0000000000000013
nk4a: cr3-done-0x0x00000000034c1000
nk4a: sa1-after cr3=0x0x00000000034c1000
nk4a: pre-restore- rip=0x00000000002278b9 rsp=0x00007fffffffb178
nk4a: pick->0x0000000000000008
nk4a: sa0-0x0000000000000008 root=0x0x000000001dfde000 cur=0x0x00000000034c1000
nk4a: gs2 gsbase=0x0x000000001dd340c0
nk4a: probe text va=0x0x000000001dbf5000 -> pa=0x0x000000001dbf5000 fl=0x0x000000000000041b
nk4a: probe stk va=0x0xffff8000003ff000 -> pa=0x0x00000000003ff000 fl=0x0x000000000000041b
nk4a: probe dm va=0x0xffff808000200000 -> pa=0x0x0000000000200000 fl=0x0x0000000000000413
nk4a: cr3-done-0x0x000000001dfde000
nk4a: sa1-after cr3=0x0x000000001dfde000
nk4a: pre-restore- rip=0x00000000002014ad rsp=0x00007fffffffc0b8
nk4a: vm-pf recv
nk4a: vm-pf bytes 0000000000000000
nk4a: pick->0x0000000000000002
nk4a: sa0-0x0000000000000002 root=0x0x00000000034c1000 cur=0x0x000000001dfde000
nk4a: gs2 gsbase=0x0x000000001dd340c0
nk4a: probe text va=0x0x000000001dbf5000 -> pa=0x0x000000001dbf5000 fl=0x0x000000000000001b
nk4a: probe stk va=0x0xffff8000003ff000 -> pa=0x0x00000000003ff000 fl=0x0x0000000000000013
nk4a: probe dm va=0x0xffff808000200000 -> pa=0x0x0000000000200000 fl=0x0x0000000000000013
nk4a: cr3-done-0x0x00000000034c1000
nk4a: sa1-after cr3=0x0x00000000034c1000
nk4a: pre-restore- rip=0x00000000002278b9 rsp=0x00007fffffffb178
nk4a: vs0x0000000000000073 rip=0x0x00000000002278b9
nk4a: pick->0x0000000000000008
nk4a: sa0-0x0000000000000008 root=0x0x000000001dfde000 cur=0x0x00000000034c1000
nk4a: gs2 gsbase=0x0x000000001dd340c0
nk4a: probe text va=0x0x000000001dbf5000 -> pa=0x0x000000001dbf5000 fl=0x0x000000000000041b
nk4a: probe stk va=0x0xffff8000003ff000 -> pa=0x0x00000000003ff000 fl=0x0x000000000000041b
nk4a: probe dm va=0x0xffff808000200000 -> pa=0x0x0000000000200000 fl=0x0x0000000000000413
nk4a: cr3-done-0x0x000000001dfde000
nk4a: sa1-after cr3=0x0x000000001dfde000
nk4a: pre-restore- rip=0x00000000002014ad rsp=0x00007fffffffc0b8
nk4a: vm-pf recv
nk4a: vm-pf bytes 0000000000000000
nk4a: pick->0x0000000000000002
nk4a: sa0-0x0000000000000002 root=0x0x00000000034c1000 cur=0x0x000000001dfde000
nk4a: gs2 gsbase=0x0x000000001dd340c0
nk4a: probe text va=0x0x000000001dbf5000 -> pa=0x0x000000001dbf5000 fl=0x0x000000000000001b
nk4a: probe stk va=0x0xffff8000003ff000 -> pa=0x0x00000000003ff000 fl=0x0x0000000000000013
nk4a: probe dm va=0x0xffff808000200000 -> pa=0x0x0000000000200000 fl=0x0x0000000000000013
nk4a: cr3-done-0x0x00000000034c1000
nk4a: sa1-after cr3=0x0x00000000034c1000
nk4a: pre-restore- rip=0x00000000002278b9 rsp=0x00007fffffffb178
nk4a: pick->0x0000000000000008
nk4a: sa0-0x0000000000000008 root=0x0x000000001dfde000 cur=0x0x00000000034c1000
nk4a: gs2 gsbase=0x0x000000001dd340c0
nk4a: probe text va=0x0x000000001dbf5000 -> pa=0x0x000000001dbf5000 fl=0x0x000000000000041b
nk4a: probe stk va=0x0xffff8000003ff000 -> pa=0x0x00000000003ff000 fl=0x0x000000000000041b
nk4a: probe dm va=0x0xffff808000200000 -> pa=0x0x0000000000200000 fl=0x0x0000000000000413
nk4a: cr3-done-0x0x000000001dfde000
nk4a: sa1-after cr3=0x0x000000001dfde000
nk4a: pre-restore- rip=0x00000000002014ad rsp=0x00007fffffffc0b8
nk4a: vm-pf recv
nk4a: vm-pf bytes 0000000000000000
nk4a: pick->0x0000000000000002
nk4a: sa0-0x0000000000000002 root=0x0x00000000034c1000 cur=0x0x000000001dfde000
nk4a: gs2 gsbase=0x0x000000001dd340c0
nk4a: probe text va=0x0x000000001dbf5000 -> pa=0x0x000000001dbf5000 fl=0x0x000000000000001b
nk4a: probe stk va=0x0xffff8000003ff000 -> pa=0x0x00000000003ff000 fl=0x0x0000000000000013
nk4a: probe dm va=0x0xffff808000200000 -> pa=0x0x0000000000200000 fl=0x0x0000000000000013
nk4a: cr3-done-0x0x00000000034c1000
nk4a: sa1-after cr3=0x0x00000000034c1000
nk4a: pre-restore- rip=0x00000000002278b9 rsp=0x00007fffffffb178
nk4a: vs0x0000000000000078 rip=0x0x00000000002278b9
nk4a: pick->0x0000000000000008
nk4a: sa0-0x0000000000000008 root=0x0x000000001dfde000 cur=0x0x00000000034c1000
nk4a: gs2 gsbase=0x0x000000001dd340c0
nk4a: probe text va=0x0x000000001dbf5000 -> pa=0x0x000000001dbf5000 fl=0x0x000000000000041b
nk4a: probe stk va=0x0xffff8000003ff000 -> pa=0x0x00000000003ff000 fl=0x0x000000000000041b
nk4a: probe dm va=0x0xffff808000200000 -> pa=0x0x0000000000200000 fl=0x0x0000000000000413
nk4a: cr3-done-0x0x000000001dfde000
nk4a: sa1-after cr3=0x0x000000001dfde000
nk4a: pre-restore- rip=0x00000000002014ad rsp=0x00007fffffffc0b8
nk4a: vm-pf recv
nk4a: vm-pf bytes 0000000000000000
nk4a: pick->0x0000000000000002
nk4a: sa0-0x0000000000000002 root=0x0x00000000034c1000 cur=0x0x000000001dfde000
nk4a: gs2 gsbase=0x0x000000001dd340c0
nk4a: probe text va=0x0x000000001dbf5000 -> pa=0x0x000000001dbf5000 fl=0x0x000000000000001b
nk4a: probe stk va=0x0xffff8000003ff000 -> pa=0x0x00000000003ff000 fl=0x0x0000000000000013
nk4a: probe dm va=0x0xffff808000200000 -> pa=0x0x0000000000200000 fl=0x0x0000000000000013
nk4a: cr3-done-0x0x00000000034c1000
nk4a: sa1-after cr3=0x0x00000000034c1000
nk4a: pre-restore- rip=0x00000000002278b9 rsp=0x00007fffffffb178
nk4a: pick->0x0000000000000008
nk4a: sa0-0x0000000000000008 root=0x0x000000001dfde000 cur=0x0x00000000034c1000
nk4a: gs2 gsbase=0x0x000000001dd340c0
nk4a: probe text va=0x0x000000001dbf5000 -> pa=0x0x000000001dbf5000 fl=0x0x000000000000041b
nk4a: probe stk va=0x0xffff8000003ff000 -> pa=0x0x00000000003ff000 fl=0x0x000000000000041b
nk4a: probe dm va=0x0xffff808000200000 -> pa=0x0x0000000000200000 fl=0x0x0000000000000413
nk4a: cr3-done-0x0x000000001dfde000
nk4a: sa1-after cr3=0x0x000000001dfde000
nk4a: pre-restore- rip=0x00000000002014ad rsp=0x00007fffffffc0b8
nk4a: vs0x000000000000007c rip=0x0x00000000002014ad
nk4a: vm-pf recv
nk4a: vm-pf bytes 0000000000000000
nk4a: pick->0x0000000000000002
nk4a: sa0-0x0000000000000002 root=0x0x00000000034c1000 cur=0x0x000000001dfde000
nk4a: gs2 gsbase=0x0x000000001dd340c0
nk4a: probe text va=0x0x000000001dbf5000 -> pa=0x0x000000001dbf5000 fl=0x0x000000000000001b
nk4a: probe stk va=0x0xffff8000003ff000 -> pa=0x0x00000000003ff000 fl=0x0x0000000000000013
nk4a: probe dm va=0x0xffff808000200000 -> pa=0x0x0000000000200000 fl=0x0x0000000000000013
nk4a: cr3-done-0x0x00000000034c1000
nk4a: sa1-after cr3=0x0x00000000034c1000
nk4a: pre-restore- rip=0x00000000002278b9 rsp=0x00007fffffffb178
nk4a: pick->0x0000000000000008
nk4a: sa0-0x0000000000000008 root=0x0x000000001dfde000 cur=0x0x00000000034c1000
nk4a: gs2 gsbase=0x0x000000001dd340c0
nk4a: probe text va=0x0x000000001dbf5000 -> pa=0x0x000000001dbf5000 fl=0x0x000000000000041b
nk4a: probe stk va=0x0xffff8000003ff000 -> pa=0x0x00000000003ff000 fl=0x0x000000000000041b
nk4a: probe dm va=0x0xffff808000200000 -> pa=0x0x0000000000200000 fl=0x0x0000000000000413
nk4a: cr3-done-0x0x000000001dfde000
nk4a: sa1-after cr3=0x0x000000001dfde000
nk4a: pre-restore- rip=0x00000000002014ad rsp=0x00007fffffffc0b8
nk4a: vm-pf recv
nk4a: vm-pf bytes 0000000000000000
nk4a: pick->0x0000000000000002
nk4a: sa0-0x0000000000000002 root=0x0x00000000034c1000 cur=0x0x000000001dfde000
nk4a: gs2 gsbase=0x0x000000001dd340c0
nk4a: probe text va=0x0x000000001dbf5000 -> pa=0x0x000000001dbf5000 fl=0x0x000000000000001b
nk4a: probe stk va=0x0xffff8000003ff000 -> pa=0x0x00000000003ff000 fl=0x0x0000000000000013
nk4a: probe dm va=0x0xffff808000200000 -> pa=0x0x0000000000200000 fl=0x0x0000000000000013
nk4a: cr3-done-0x0x00000000034c1000
nk4a: sa1-after cr3=0x0x00000000034c1000
nk4a: pre-restore- rip=0x00000000002278b9 rsp=0x00007fffffffb178
nk4a: vs0x0000000000000080 rip=0x0x00000000002278b9
nk4a: pick->0x0000000000000008
nk4a: sa0-0x0000000000000008 root=0x0x000000001dfde000 cur=0x0x00000000034c1000
nk4a: gs2 gsbase=0x0x000000001dd340c0
nk4a: probe text va=0x0x000000001dbf5000 -> pa=0x0x000000001dbf5000 fl=0x0x000000000000041b
nk4a: probe stk va=0x0xffff8000003ff000 -> pa=0x0x00000000003ff000 fl=0x0x000000000000041b
nk4a: probe dm va=0x0xffff808000200000 -> pa=0x0x0000000000200000 fl=0x0x0000000000000413
nk4a: cr3-done-0x0x000000001dfde000
nk4a: sa1-after cr3=0x0x000000001dfde000
nk4a: pre-restore- rip=0x00000000002014ad rsp=0x00007fffffffc0b8
nk4a: vm-pf recv
nk4a: vm-pf bytes 0000000000000000
nk4a: pick->0x0000000000000002
nk4a: sa0-0x0000000000000002 root=0x0x00000000034c1000 cur=0x0x000000001dfde000
nk4a: gs2 gsbase=0x0x000000001dd340c0
nk4a: probe text va=0x0x000000001dbf5000 -> pa=0x0x000000001dbf5000 fl=0x0x000000000000001b
nk4a: probe stk va=0x0xffff8000003ff000 -> pa=0x0x00000000003ff000 fl=0x0x0000000000000013
nk4a: probe dm va=0x0xffff808000200000 -> pa=0x0x0000000000200000 fl=0x0x0000000000000013
nk4a: cr3-done-0x0x00000000034c1000
nk4a: sa1-after cr3=0x0x00000000034c1000
nk4a: pre-restore- rip=0x00000000002278b9 rsp=0x00007fffffffb178
nk4a: pick->0x0000000000000008
nk4a: sa0-0x0000000000000008 root=0x0x000000001dfde000 cur=0x0x00000000034c1000
nk4a: gs2 gsbase=0x0x000000001dd340c0
nk4a: probe text va=0x0x000000001dbf5000 -> pa=0x0x000000001dbf5000 fl=0x0x000000000000041b
nk4a: probe stk va=0x0xffff8000003ff000 -> pa=0x0x00000000003ff000 fl=0x0x000000000000041b
nk4a: probe dm va=0x0xffff808000200000 -> pa=0x0x0000000000200000 fl=0x0x0000000000000413
nk4a: cr3-done-0x0x000000001dfde000
nk4a: sa1-after cr3=0x0x000000001dfde000
nk4a: pre-restore- rip=0x00000000002014ad rsp=0x00007fffffffc0b8
nk4a: vs0x0000000000000084 rip=0x0x00000000002014ad
nk4a: vm-pf recv
nk4a: vm-pf bytes 0000000000000000
nk4a: pick->0x0000000000000002
nk4a: sa0-0x0000000000000002 root=0x0x00000000034c1000 cur=0x0x000000001dfde000
nk4a: gs2 gsbase=0x0x000000001dd340c0
nk4a: probe text va=0x0x000000001dbf5000 -> pa=0x0x000000001dbf5000 fl=0x0x000000000000001b
nk4a: probe stk va=0x0xffff8000003ff000 -> pa=0x0x00000000003ff000 fl=0x0x0000000000000013
nk4a: probe dm va=0x0xffff808000200000 -> pa=0x0x0000000000200000 fl=0x0x0000000000000013
nk4a: cr3-done-0x0x00000000034c1000
nk4a: sa1-after cr3=0x0x00000000034c1000
nk4a: pre-restore- rip=0x00000000002278b9 rsp=0x00007fffffffb178
nk4a: pick->0x0000000000000008
nk4a: sa0-0x0000000000000008 root=0x0x000000001dfde000 cur=0x0x00000000034c1000
nk4a: gs2 gsbase=0x0x000000001dd340c0
nk4a: probe text va=0x0x000000001dbf5000 -> pa=0x0x000000001dbf5000 fl=0x0x000000000000041b
nk4a: probe stk va=0x0xffff8000003ff000 -> pa=0x0x00000000003ff000 fl=0x0x000000000000041b
nk4a: probe dm va=0x0xffff808000200000 -> pa=0x0x0000000000200000 fl=0x0x0000000000000413
nk4a: cr3-done-0x0x000000001dfde000
nk4a: sa1-after cr3=0x0x000000001dfde000
nk4a: pre-restore- rip=0x00000000002014ad rsp=0x00007fffffffc0b8
nk4a: vm-pf recv
nk4a: vm-pf bytes 0000000000000000
nk4a: pick->0x0000000000000002
nk4a: sa0-0x0000000000000002 root=0x0x00000000034c1000 cur=0x0x000000001dfde000
nk4a: gs2 gsbase=0x0x000000001dd340c0
nk4a: probe text va=0x0x000000001dbf5000 -> pa=0x0x000000001dbf5000 fl=0x0x000000000000001b
nk4a: probe stk va=0x0xffff8000003ff000 -> pa=0x0x00000000003ff000 fl=0x0x0000000000000013
nk4a: probe dm va=0x0xffff808000200000 -> pa=0x0x0000000000200000 fl=0x0x0000000000000013
nk4a: cr3-done-0x0x00000000034c1000
nk4a: sa1-after cr3=0x0x00000000034c1000
nk4a: pre-restore- rip=0x00000000002278b9 rsp=0x00007fffffffb178
nk4a: vs0x0000000000000088 rip=0x0x00000000002278b9
nk4a: pick->0x0000000000000008
nk4a: sa0-0x0000000000000008 root=0x0x000000001dfde000 cur=0x0x00000000034c1000
nk4a: gs2 gsbase=0x0x000000001dd340c0
nk4a: probe text va=0x0x000000001dbf5000 -> pa=0x0x000000001dbf5000 fl=0x0x000000000000041b
nk4a: probe stk va=0x0xffff8000003ff000 -> pa=0x0x00000000003ff000 fl=0x0x000000000000041b
nk4a: probe dm va=0x0xffff808000200000 -> pa=0x0x0000000000200000 fl=0x0x0000000000000413
nk4a: cr3-done-0x0x000000001dfde000
nk4a: sa1-after cr3=0x0x000000001dfde000
nk4a: pre-restore- rip=0x00000000002014ad rsp=0x00007fffffffc0b8
nk4a: vm-pf recv
nk4a: vm-pf bytes 0000000000000000
nk4a: pick->0x0000000000000002
nk4a: sa0-0x0000000000000002 root=0x0x00000000034c1000 cur=0x0x000000001dfde000
nk4a: gs2 gsbase=0x0x000000001dd340c0
nk4a: probe text va=0x0x000000001dbf5000 -> pa=0x0x000000001dbf5000 fl=0x0x000000000000001b
nk4a: probe stk va=0x0xffff8000003ff000 -> pa=0x0x00000000003ff000 fl=0x0x0000000000000013
nk4a: probe dm va=0x0xffff808000200000 -> pa=0x0x0000000000200000 fl=0x0x0000000000000013
nk4a: cr3-done-0x0x00000000034c1000
nk4a: sa1-after cr3=0x0x00000000034c1000
nk4a: pre-restore- rip=0x00000000002278b9 rsp=0x00007fffffffb178
nk4a: pick->0x0000000000000008
nk4a: sa0-0x0000000000000008 root=0x0x000000001dfde000 cur=0x0x00000000034c1000
nk4a: gs2 gsbase=0x0x000000001dd340c0
nk4a: probe text va=0x0x000000001dbf5000 -> pa=0x0x000000001dbf5000 fl=0x0x000000000000041b
nk4a: probe stk va=0x0xffff8000003ff000 -> pa=0x0x00000000003ff000 fl=0x0x000000000000041b
nk4a: probe dm va=0x0xffff808000200000 -> pa=0x0x0000000000200000 fl=0x0x0000000000000413
nk4a: cr3-done-0x0x000000001dfde000
nk4a: sa1-after cr3=0x0x000000001dfde000
nk4a: pre-restore- rip=0x00000000002014ad rsp=0x00007fffffffc0b8
nk4a: vm-pf recv
nk4a: vm-pf bytes 0000000000000000
nk4a: pick->0x0000000000000002
nk4a: sa0-0x0000000000000002 root=0x0x00000000034c1000 cur=0x0x000000001dfde000
nk4a: gs2 gsbase=0x0x000000001dd340c0
nk4a: probe text va=0x0x000000001dbf5000 -> pa=0x0x000000001dbf5000 fl=0x0x000000000000001b
nk4a: probe stk va=0x0xffff8000003ff000 -> pa=0x0x00000000003ff000 fl=0x0x0000000000000013
nk4a: probe dm va=0x0xffff808000200000 -> pa=0x0x0000000000200000 fl=0x0x0000000000000013
nk4a: cr3-done-0x0x00000000034c1000
nk4a: sa1-after cr3=0x0x00000000034c1000
nk4a: pre-restore- rip=0x00000000002278b9 rsp=0x00007fffffffb178
nk4a: vs0x000000000000008d rip=0x0x00000000002278b9
nk4a: pick->0x0000000000000008
nk4a: sa0-0x0000000000000008 root=0x0x000000001dfde000 cur=0x0x00000000034c1000
nk4a: gs2 gsbase=0x0x000000001dd340c0
nk4a: probe text va=0x0x000000001dbf5000 -> pa=0x0x000000001dbf5000 fl=0x0x000000000000041b
nk4a: probe stk va=0x0xffff8000003ff000 -> pa=0x0x00000000003ff000 fl=0x0x000000000000041b
nk4a: probe dm va=0x0xffff808000200000 -> pa=0x0x0000000000200000 fl=0x0x0000000000000413
nk4a: cr3-done-0x0x000000001dfde000
nk4a: sa1-after cr3=0x0x000000001dfde000
nk4a: pre-restore- rip=0x00000000002014ad rsp=0x00007fffffffc0b8
nk4a: vm-pf recv
nk4a: vm-pf bytes 0000000000000000
nk4a: pick->0x0000000000000002
nk4a: sa0-0x0000000000000002 root=0x0x00000000034c1000 cur=0x0x000000001dfde000
nk4a: gs2 gsbase=0x0x000000001dd340c0
nk4a: probe text va=0x0x000000001dbf5000 -> pa=0x0x000000001dbf5000 fl=0x0x000000000000001b
nk4a: probe stk va=0x0xffff8000003ff000 -> pa=0x0x00000000003ff000 fl=0x0x0000000000000013
nk4a: probe dm va=0x0xffff808000200000 -> pa=0x0x0000000000200000 fl=0x0x0000000000000013
nk4a: cr3-done-0x0x00000000034c1000
nk4a: sa1-after cr3=0x0x00000000034c1000
nk4a: pre-restore- rip=0x00000000002278b9 rsp=0x00007fffffffb178
nk4a: pick->0x0000000000000008
nk4a: sa0-0x0000000000000008 root=0x0x000000001dfde000 cur=0x0x00000000034c1000
nk4a: gs2 gsbase=0x0x000000001dd340c0
nk4a: probe text va=0x0x000000001dbf5000 -> pa=0x0x000000001dbf5000 fl=0x0x000000000000041b
nk4a: probe stk va=0x0xffff8000003ff000 -> pa=0x0x00000000003ff000 fl=0x0x000000000000041b
nk4a: probe dm va=0x0xffff808000200000 -> pa=0x0x0000000000200000 fl=0x0x0000000000000413
nk4a: cr3-done-0x0x000000001dfde000
nk4a: sa1-after cr3=0x0x000000001dfde000
nk4a: pre-restore- rip=0x00000000002014ad rsp=0x00007fffffffc0b8
nk4a: vs0x0000000000000091 rip=0x0x00000000002014ad
nk4a: vm-pf recv
nk4a: vm-pf bytes 0000000000000000
nk4a: pick->0x0000000000000002
nk4a: sa0-0x0000000000000002 root=0x0x00000000034c1000 cur=0x0x000000001dfde000
nk4a: gs2 gsbase=0x0x000000001dd340c0
nk4a: probe text va=0x0x000000001dbf5000 -> pa=0x0x000000001dbf5000 fl=0x0x000000000000001b
nk4a: probe stk va=0x0xffff8000003ff000 -> pa=0x0x00000000003ff000 fl=0x0x0000000000000013
nk4a: probe dm va=0x0xffff808000200000 -> pa=0x0x0000000000200000 fl=0x0x0000000000000013
nk4a: cr3-done-0x0x00000000034c1000
nk4a: sa1-after cr3=0x0x00000000034c1000
nk4a: pre-restore- rip=0x00000000002278b9 rsp=0x00007fffffffb178
nk4a: pick->0x0000000000000008
nk4a: sa0-0x0000000000000008 root=0x0x000000001dfde000 cur=0x0x00000000034c1000
nk4a: gs2 gsbase=0x0x000000001dd340c0
nk4a: probe text va=0x0x000000001dbf5000 -> pa=0x0x000000001dbf5000 fl=0x0x000000000000041b
nk4a: probe stk va=0x0xffff8000003ff000 -> pa=0x0x00000000003ff000 fl=0x0x000000000000041b
nk4a: probe dm va=0x0xffff808000200000 -> pa=0x0x0000000000200000 fl=0x0x0000000000000413
nk4a: cr3-done-0x0x000000001dfde000
nk4a: sa1-after cr3=0x0x000000001dfde000
nk4a: pre-restore- rip=0x00000000002014ad rsp=0x00007fffffffc0b8
nk4a: vm-pf recv
nk4a: vm-pf bytes 0000000000000000
nk4a: pick->0x0000000000000002
nk4a: sa0-0x0000000000000002 root=0x0x00000000034c1000 cur=0x0x000000001dfde000
nk4a: gs2 gsbase=0x0x000000001dd340c0
nk4a: probe text va=0x0x000000001dbf5000 -> pa=0x0x000000001dbf5000 fl=0x0x000000000000001b
nk4a: probe stk va=0x0xffff8000003ff000 -> pa=0x0x00000000003ff000 fl=0x0x0000000000000013
nk4a: probe dm va=0x0xffff808000200000 -> pa=0x0x0000000000200000 fl=0x0x0000000000000013
nk4a: cr3-done-0x0x00000000034c1000
nk4a: sa1-after cr3=0x0x00000000034c1000
nk4a: pre-restore- rip=0x00000000002278b9 rsp=0x00007fffffffb178
nk4a: pick->0x0000000000000008
nk4a: sa0-0x0000000000000008 root=0x0x000000001dfde000 cur=0x0x00000000034c1000
nk4a: gs2 gsbase=0x0x000000001dd340c0
nk4a: probe text va=0x0x000000001dbf5000 -> pa=0x0x000000001dbf5000 fl=0x0x000000000000041b
nk4a: probe stk va=0x0xffff8000003ff000 -> pa=0x0x00000000003ff000 fl=0x0x000000000000041b
nk4a: probe dm va=0x0xffff808000200000 -> pa=0x0x0000000000200000 fl=0x0x0000000000000413
nk4a: cr3-done-0x0x000000001dfde000
nk4a: sa1-after cr3=0x0x000000001dfde000
nk4a: pre-restore- rip=0x00000000002014ad rsp=0x00007fffffffc0b8
nk4a: vs0x0000000000000096 rip=0x0x00000000002014ad
nk4a: vm-pf recv
nk4a: vm-pf bytes 0000000000000000
nk4a: pick->0x0000000000000002
nk4a: sa0-0x0000000000000002 root=0x0x00000000034c1000 cur=0x0x000000001dfde000
nk4a: gs2 gsbase=0x0x000000001dd340c0
nk4a: probe text va=0x0x000000001dbf5000 -> pa=0x0x000000001dbf5000 fl=0x0x000000000000001b
nk4a: probe stk va=0x0xffff8000003ff000 -> pa=0x0x00000000003ff000 fl=0x0x0000000000000013
nk4a: probe dm va=0x0xffff808000200000 -> pa=0x0x0000000000200000 fl=0x0x0000000000000013
nk4a: cr3-done-0x0x00000000034c1000
nk4a: sa1-after cr3=0x0x00000000034c1000
nk4a: pre-restore- rip=0x00000000002278b9 rsp=0x00007fffffffb178
nk4a: pick->0x0000000000000008
nk4a: sa0-0x0000000000000008 root=0x0x000000001dfde000 cur=0x0x00000000034c1000
nk4a: gs2 gsbase=0x0x000000001dd340c0
nk4a: probe text va=0x0x000000001dbf5000 -> pa=0x0x000000001dbf5000 fl=0x0x000000000000041b
nk4a: probe stk va=0x0xffff8000003ff000 -> pa=0x0x00000000003ff000 fl=0x0x000000000000041b
nk4a: probe dm va=0x0xffff808000200000 -> pa=0x0x0000000000200000 fl=0x0x0000000000000413
nk4a: cr3-done-0x0x000000001dfde000
nk4a: sa1-after cr3=0x0x000000001dfde000
nk4a: pre-restore- rip=0x00000000002014ad rsp=0x00007fffffffc0b8
nk4a: vs0x0000000000000099 rip=0x0x00000000002014ad
nk4a: vm-pf recv
nk4a: vm-pf bytes 0000000000000000
nk4a: pick->0x0000000000000002
nk4a: sa0-0x0000000000000002 root=0x0x00000000034c1000 cur=0x0x000000001dfde000
nk4a: gs2 gsbase=0x0x000000001dd340c0
nk4a: probe text va=0x0x000000001dbf5000 -> pa=0x0x000000001dbf5000 fl=0x0x000000000000001b
nk4a: probe stk va=0x0xffff8000003ff000 -> pa=0x0x00000000003ff000 fl=0x0x0000000000000013
nk4a: probe dm va=0x0xffff808000200000 -> pa=0x0x0000000000200000 fl=0x0x0000000000000013
nk4a: cr3-done-0x0x00000000034c1000
nk4a: sa1-after cr3=0x0x00000000034c1000
nk4a: pre-restore- rip=0x00000000002278b9 rsp=0x00007fffffffb178
nk4a: pick->0x0000000000000008
nk4a: sa0-0x0000000000000008 root=0x0x000000001dfde000 cur=0x0x00000000034c1000
nk4a: gs2 gsbase=0x0x000000001dd340c0
nk4a: probe text va=0x0x000000001dbf5000 -> pa=0x0x000000001dbf5000 fl=0x0x000000000000041b
nk4a: probe stk va=0x0xffff8000003ff000 -> pa=0x0x00000000003ff000 fl=0x0x000000000000041b
nk4a: probe dm va=0x0xffff808000200000 -> pa=0x0x0000000000200000 fl=0x0x0000000000000413
nk4a: cr3-done-0x0x000000001dfde000
nk4a: sa1-after cr3=0x0x000000001dfde000
nk4a: pre-restore- rip=0x00000000002014ad rsp=0x00007fffffffc0b8
nk4a: vm-pf recv
nk4a: vm-pf bytes 0000000000000000
nk4a: pick->0x0000000000000002
nk4a: sa0-0x0000000000000002 root=0x0x00000000034c1000 cur=0x0x000000001dfde000
nk4a: gs2 gsbase=0x0x000000001dd340c0
nk4a: probe text va=0x0x000000001dbf5000 -> pa=0x0x000000001dbf5000 fl=0x0x000000000000001b
nk4a: probe stk va=0x0xffff8000003ff000 -> pa=0x0x00000000003ff000 fl=0x0x0000000000000013
nk4a: probe dm va=0x0xffff808000200000 -> pa=0x0x0000000000200000 fl=0x0x0000000000000013
nk4a: cr3-done-0x0x00000000034c1000
nk4a: sa1-after cr3=0x0x00000000034c1000
nk4a: pre-restore- rip=0x00000000002278b9 rsp=0x00007fffffffb178
nk4a: pick->0x0000000000000008
nk4a: sa0-0x0000000000000008 root=0x0x000000001dfde000 cur=0x0x00000000034c1000
nk4a: gs2 gsbase=0x0x000000001dd340c0
nk4a: probe text va=0x0x000000001dbf5000 -> pa=0x0x000000001dbf5000 fl=0x0x000000000000041b
nk4a: probe stk va=0x0xffff8000003ff000 -> pa=0x0x00000000003ff000 fl=0x0x000000000000041b
nk4a: probe dm va=0x0xffff808000200000 -> pa=0x0x0000000000200000 fl=0x0x0000000000000413
nk4a: cr3-done-0x0x000000001dfde000
nk4a: sa1-after cr3=0x0x000000001dfde000
nk4a: pre-restore- rip=0x00000000002014ad rsp=0x00007fffffffc0b8
nk4a: vs0x000000000000009e rip=0x0x00000000002014ad
nk4a: vm-pf recv
nk4a: vm-pf bytes 0000000000000000
nk4a: pick->0x0000000000000002
nk4a: sa0-0x0000000000000002 root=0x0x00000000034c1000 cur=0x0x000000001dfde000
nk4a: gs2 gsbase=0x0x000000001dd340c0
nk4a: probe text va=0x0x000000001dbf5000 -> pa=0x0x000000001dbf5000 fl=0x0x000000000000001b
nk4a: probe stk va=0x0xffff8000003ff000 -> pa=0x0x00000000003ff000 fl=0x0x0000000000000013
nk4a: probe dm va=0x0xffff808000200000 -> pa=0x0x0000000000200000 fl=0x0x0000000000000013
nk4a: cr3-done-0x0x00000000034c1000
nk4a: sa1-after cr3=0x0x00000000034c1000
nk4a: pre-restore- rip=0x00000000002278b9 rsp=0x00007fffffffb178
nk4a: pick->0x0000000000000008
nk4a: sa0-0x0000000000000008 root=0x0x000000001dfde000 cur=0x0x00000000034c1000
nk4a: gs2 gsbase=0x0x000000001dd340c0
nk4a: probe text va=0x0x000000001dbf5000 -> pa=0x0x000000001dbf5000 fl=0x0x000000000000041b
nk4a: probe stk va=0x0xffff8000003ff000 -> pa=0x0x00000000003ff000 fl=0x0x000000000000041b
nk4a: probe dm va=0x0xffff808000200000 -> pa=0x0x0000000000200000 fl=0x0x0000000000000413
nk4a: cr3-done-0x0x000000001dfde000
nk4a: sa1-after cr3=0x0x000000001dfde000
nk4a: pre-restore- rip=0x00000000002014ad rsp=0x00007fffffffc0b8
nk4a: vm-pf recv
nk4a: vm-pf bytes 0000000000000000
nk4a: pick->0x0000000000000002
nk4a: sa0-0x0000000000000002 root=0x0x00000000034c1000 cur=0x0x000000001dfde000
nk4a: gs2 gsbase=0x0x000000001dd340c0
nk4a: probe text va=0x0x000000001dbf5000 -> pa=0x0x000000001dbf5000 fl=0x0x000000000000001b
nk4a: probe stk va=0x0xffff8000003ff000 -> pa=0x0x00000000003ff000 fl=0x0x0000000000000013
nk4a: probe dm va=0x0xffff808000200000 -> pa=0x0x0000000000200000 fl=0x0x0000000000000013
nk4a: cr3-done-0x0x00000000034c1000
nk4a: sa1-after cr3=0x0x00000000034c1000
nk4a: pre-restore- rip=0x00000000002278b9 rsp=0x00007fffffffb178
nk4a: vs0x00000000000000a2 rip=0x0x00000000002278b9
nk4a: pick->0x0000000000000008
nk4a: sa0-0x0000000000000008 root=0x0x000000001dfde000 cur=0x0x00000000034c1000
nk4a: gs2 gsbase=0x0x000000001dd340c0
nk4a: probe text va=0x0x000000001dbf5000 -> pa=0x0x000000001dbf5000 fl=0x0x000000000000041b
nk4a: probe stk va=0x0xffff8000003ff000 -> pa=0x0x00000000003ff000 fl=0x0x000000000000041b
nk4a: probe dm va=0x0xffff808000200000 -> pa=0x0x0000000000200000 fl=0x0x0000000000000413
nk4a: cr3-done-0x0x000000001dfde000
nk4a: sa1-after cr3=0x0x000000001dfde000
nk4a: pre-restore- rip=0x00000000002014ad rsp=0x00007fffffffc0b8
nk4a: vm-pf recv
nk4a: vm-pf bytes 0000000000000000
nk4a: pick->0x0000000000000002
nk4a: sa0-0x0000000000000002 root=0x0x00000000034c1000 cur=0x0x000000001dfde000
nk4a: gs2 gsbase=0x0x000000001dd340c0
nk4a: probe text va=0x0x000000001dbf5000 -> pa=0x0x000000001dbf5000 fl=0x0x000000000000001b
nk4a: probe stk va=0x0xffff8000003ff000 -> pa=0x0x00000000003ff000 fl=0x0x0000000000000013
nk4a: probe dm va=0x0xffff808000200000 -> pa=0x0x0000000000200000 fl=0x0x0000000000000013
nk4a: cr3-done-0x0x00000000034c1000
nk4a: sa1-after cr3=0x0x00000000034c1000
nk4a: pre-restore- rip=0x00000000002278b9 rsp=0x00007fffffffb178
nk4a: pick->0x0000000000000008
nk4a: sa0-0x0000000000000008 root=0x0x000000001dfde000 cur=0x0x00000000034c1000
nk4a: gs2 gsbase=0x0x000000001dd340c0
nk4a: probe text va=0x0x000000001dbf5000 -> pa=0x0x000000001dbf5000 fl=0x0x000000000000041b
nk4a: probe stk va=0x0xffff8000003ff000 -> pa=0x0x00000000003ff000 fl=0x0x000000000000041b
nk4a: probe dm va=0x0xffff808000200000 -> pa=0x0x0000000000200000 fl=0x0x0000000000000413
nk4a: cr3-done-0x0x000000001dfde000
nk4a: sa1-after cr3=0x0x000000001dfde000
nk4a: pre-restore- rip=0x00000000002014ad rsp=0x00007fffffffc0b8
nk4a: vm-pf recv
nk4a: vm-pf bytes 0000000000000000
nk4a: vs0x00000000000000a6 rip=0x0x000000000022b42d
nk4a: pick->0x0000000000000002
nk4a: sa0-0x0000000000000002 root=0x0x00000000034c1000 cur=0x0x000000001dfde000
nk4a: gs2 gsbase=0x0x000000001dd340c0
nk4a: probe text va=0x0x000000001dbf5000 -> pa=0x0x000000001dbf5000 fl=0x0x000000000000001b
nk4a: probe stk va=0x0xffff8000003ff000 -> pa=0x0x00000000003ff000 fl=0x0x0000000000000013
nk4a: probe dm va=0x0xffff808000200000 -> pa=0x0x0000000000200000 fl=0x0x0000000000000013
nk4a: cr3-done-0x0x00000000034c1000
nk4a: sa1-after cr3=0x0x00000000034c1000
nk4a: pre-restore- rip=0x00000000002278b9 rsp=0x00007fffffffb178
nk4a: pick->0x0000000000000008
nk4a: sa0-0x0000000000000008 root=0x0x000000001dfde000 cur=0x0x00000000034c1000
nk4a: gs2 gsbase=0x0x000000001dd340c0
nk4a: probe text va=0x0x000000001dbf5000 -> pa=0x0x000000001dbf5000 fl=0x0x000000000000041b
nk4a: probe stk va=0x0xffff8000003ff000 -> pa=0x0x00000000003ff000 fl=0x0x000000000000041b
nk4a: probe dm va=0x0xffff808000200000 -> pa=0x0x0000000000200000 fl=0x0x0000000000000413
nk4a: cr3-done-0x0x000000001dfde000
nk4a: sa1-after cr3=0x0x000000001dfde000
nk4a: pre-restore- rip=0x00000000002014ad rsp=0x00007fffffffc0b8
nk4a: vm-pf recv
nk4a: vm-pf bytes 0000000000000000
nk4a: pick->0x0000000000000002
nk4a: sa0-0x0000000000000002 root=0x0x00000000034c1000 cur=0x0x000000001dfde000
nk4a: gs2 gsbase=0x0x000000001dd340c0
nk4a: probe text va=0x0x000000001dbf5000 -> pa=0x0x000000001dbf5000 fl=0x0x000000000000001b
nk4a: probe stk va=0x0xffff8000003ff000 -> pa=0x0x00000000003ff000 fl=0x0x0000000000000013
nk4a: probe dm va=0x0xffff808000200000 -> pa=0x0x0000000000200000 fl=0x0x0000000000000013
nk4a: cr3-done-0x0x00000000034c1000
nk4a: sa1-after cr3=0x0x00000000034c1000
nk4a: pre-restore- rip=0x00000000002278b9 rsp=0x00007fffffffb178
nk4a: pick->0x0000000000000008
nk4a: sa0-0x0000000000000008 root=0x0x000000001dfde000 cur=0x0x00000000034c1000
nk4a: gs2 gsbase=0x0x000000001dd340c0
nk4a: probe text va=0x0x000000001dbf5000 -> pa=0x0x000000001dbf5000 fl=0x0x000000000000041b
nk4a: probe stk va=0x0xffff8000003ff000 -> pa=0x0x00000000003ff000 fl=0x0x000000000000041b
nk4a: probe dm va=0x0xffff808000200000 -> pa=0x0x0000000000200000 fl=0x0x0000000000000413
nk4a: cr3-done-0x0x000000001dfde000
nk4a: sa1-after cr3=0x0x000000001dfde000
nk4a: pre-restore- rip=0x00000000002014ad rsp=0x00007fffffffc0b8
nk4a: vs0x00000000000000ab rip=0x0x00000000002014ad
nk4a: vm-pf recv
nk4a: vm-pf bytes 0000000000000000
nk4a: pick->0x0000000000000002
nk4a: sa0-0x0000000000000002 root=0x0x00000000034c1000 cur=0x0x000000001dfde000
nk4a: gs2 gsbase=0x0x000000001dd340c0
nk4a: probe text va=0x0x000000001dbf5000 -> pa=0x0x000000001dbf5000 fl=0x0x000000000000001b
nk4a: probe stk va=0x0xffff8000003ff000 -> pa=0x0x00000000003ff000 fl=0x0x0000000000000013
nk4a: probe dm va=0x0xffff808000200000 -> pa=0x0x0000000000200000 fl=0x0x0000000000000013
nk4a: cr3-done-0x0x00000000034c1000
nk4a: sa1-after cr3=0x0x00000000034c1000
nk4a: pre-restore- rip=0x00000000002278b9 rsp=0x00007fffffffb178
nk4a: pick->0x0000000000000008
nk4a: sa0-0x0000000000000008 root=0x0x000000001dfde000 cur=0x0x00000000034c1000
nk4a: gs2 gsbase=0x0x000000001dd340c0
nk4a: probe text va=0x0x000000001dbf5000 -> pa=0x0x000000001dbf5000 fl=0x0x000000000000041b
nk4a: probe stk va=0x0xffff8000003ff000 -> pa=0x0x00000000003ff000 fl=0x0x000000000000041b
nk4a: probe dm va=0x0xffff808000200000 -> pa=0x0x0000000000200000 fl=0x0x0000000000000413
nk4a: cr3-done-0x0x000000001dfde000
nk4a: sa1-after cr3=0x0x000000001dfde000
nk4a: pre-restore- rip=0x00000000002014ad rsp=0x00007fffffffc0b8
nk4a: vm-pf recv
nk4a: vm-pf bytes 0000000000000000
nk4a: pick->0x0000000000000002
nk4a: sa0-0x0000000000000002 root=0x0x00000000034c1000 cur=0x0x000000001dfde000
nk4a: gs2 gsbase=0x0x000000001dd340c0
nk4a: probe text va=0x0x000000001dbf5000 -> pa=0x0x000000001dbf5000 fl=0x0x000000000000001b
nk4a: probe stk va=0x0xffff8000003ff000 -> pa=0x0x00000000003ff000 fl=0x0x0000000000000013
nk4a: probe dm va=0x0xffff808000200000 -> pa=0x0x0000000000200000 fl=0x0x0000000000000013
nk4a: cr3-done-0x0x00000000034c1000
nk4a: sa1-after cr3=0x0x00000000034c1000
nk4a: pre-restore- rip=0x00000000002278b9 rsp=0x00007fffffffb178
nk4a: vs0x00000000000000af rip=0x0x00000000002278b9
nk4a: pick->0x0000000000000008
nk4a: sa0-0x0000000000000008 root=0x0x000000001dfde000 cur=0x0x00000000034c1000
nk4a: gs2 gsbase=0x0x000000001dd340c0
nk4a: probe text va=0x0x000000001dbf5000 -> pa=0x0x000000001dbf5000 fl=0x0x000000000000041b
nk4a: probe stk va=0x0xffff8000003ff000 -> pa=0x0x00000000003ff000 fl=0x0x000000000000041b
nk4a: probe dm va=0x0xffff808000200000 -> pa=0x0x0000000000200000 fl=0x0x0000000000000413
nk4a: cr3-done-0x0x000000001dfde000
nk4a: sa1-after cr3=0x0x000000001dfde000
nk4a: pre-restore- rip=0x00000000002014ad rsp=0x00007fffffffc0b8
nk4a: vm-pf recv
nk4a: vm-pf bytes 0000000000000000
nk4a: pick->0x0000000000000002
nk4a: sa0-0x0000000000000002 root=0x0x00000000034c1000 cur=0x0x000000001dfde000
nk4a: gs2 gsbase=0x0x000000001dd340c0
nk4a: probe text va=0x0x000000001dbf5000 -> pa=0x0x000000001dbf5000 fl=0x0x000000000000001b
nk4a: probe stk va=0x0xffff8000003ff000 -> pa=0x0x00000000003ff000 fl=0x0x0000000000000013
nk4a: probe dm va=0x0xffff808000200000 -> pa=0x0x0000000000200000 fl=0x0x0000000000000013
nk4a: cr3-done-0x0x00000000034c1000
nk4a: sa1-after cr3=0x0x00000000034c1000
nk4a: pre-restore- rip=0x00000000002278b9 rsp=0x00007fffffffb178
nk4a: pick->0x0000000000000008
nk4a: sa0-0x0000000000000008 root=0x0x000000001dfde000 cur=0x0x00000000034c1000
nk4a: gs2 gsbase=0x0x000000001dd340c0
nk4a: probe text va=0x0x000000001dbf5000 -> pa=0x0x000000001dbf5000 fl=0x0x000000000000041b
nk4a: probe stk va=0x0xffff8000003ff000 -> pa=0x0x00000000003ff000 fl=0x0x000000000000041b
nk4a: probe dm va=0x0xffff808000200000 -> pa=0x0x0000000000200000 fl=0x0x0000000000000413
nk4a: cr3-done-0x0x000000001dfde000
nk4a: sa1-after cr3=0x0x000000001dfde000
nk4a: pre-restore- rip=0x00000000002014ad rsp=0x00007fffffffc0b8
nk4a: vs0x00000000000000b3 rip=0x0x00000000002014ad
nk4a: vm-pf recv
nk4a: vm-pf bytes 0000000000000000
nk4a: pick->0x0000000000000002
nk4a: sa0-0x0000000000000002 root=0x0x00000000034c1000 cur=0x0x000000001dfde000
nk4a: gs2 gsbase=0x0x000000001dd340c0
nk4a: probe text va=0x0x000000001dbf5000 -> pa=0x0x000000001dbf5000 fl=0x0x000000000000001b
nk4a: probe stk va=0x0xffff8000003ff000 -> pa=0x0x00000000003ff000 fl=0x0x0000000000000013
nk4a: probe dm va=0x0xffff808000200000 -> pa=0x0x0000000000200000 fl=0x0x0000000000000013
nk4a: cr3-done-0x0x00000000034c1000
nk4a: sa1-after cr3=0x0x00000000034c1000
nk4a: pre-restore- rip=0x00000000002278b9 rsp=0x00007fffffffb178
nk4a: pick->0x0000000000000008
nk4a: sa0-0x0000000000000008 root=0x0x000000001dfde000 cur=0x0x00000000034c1000
nk4a: gs2 gsbase=0x0x000000001dd340c0
nk4a: probe text va=0x0x000000001dbf5000 -> pa=0x0x000000001dbf5000 fl=0x0x000000000000041b
nk4a: probe stk va=0x0xffff8000003ff000 -> pa=0x0x00000000003ff000 fl=0x0x000000000000041b
nk4a: probe dm va=0x0xffff808000200000 -> pa=0x0x0000000000200000 fl=0x0x0000000000000413
nk4a: cr3-done-0x0x000000001dfde000
nk4a: sa1-after cr3=0x0x000000001dfde000
nk4a: pre-restore- rip=0x00000000002014ad rsp=0x00007fffffffc0b8
nk4a: vm-pf recv
nk4a: vm-pf bytes 0000000000000000
nk4a: pick->0x0000000000000002
nk4a: sa0-0x0000000000000002 root=0x0x00000000034c1000 cur=0x0x000000001dfde000
nk4a: gs2 gsbase=0x0x000000001dd340c0
nk4a: probe text va=0x0x000000001dbf5000 -> pa=0x0x000000001dbf5000 fl=0x0x000000000000001b
nk4a: probe stk va=0x0xffff8000003ff000 -> pa=0x0x00000000003ff000 fl=0x0x0000000000000013
nk4a: probe dm va=0x0xffff808000200000 -> pa=0x0x0000000000200000 fl=0x0x0000000000000013
nk4a: cr3-done-0x0x00000000034c1000
nk4a: sa1-after cr3=0x0x00000000034c1000
nk4a: pre-restore- rip=0x00000000002278b9 rsp=0x00007fffffffb178
nk4a: vs0x00000000000000b7 rip=0x0x00000000002278b9
nk4a: pick->0x0000000000000008
nk4a: sa0-0x0000000000000008 root=0x0x000000001dfde000 cur=0x0x00000000034c1000
nk4a: gs2 gsbase=0x0x000000001dd340c0
nk4a: probe text va=0x0x000000001dbf5000 -> pa=0x0x000000001dbf5000 fl=0x0x000000000000041b
nk4a: probe stk va=0x0xffff8000003ff000 -> pa=0x0x00000000003ff000 fl=0x0x000000000000041b
nk4a: probe dm va=0x0xffff808000200000 -> pa=0x0x0000000000200000 fl=0x0x0000000000000413
nk4a: cr3-done-0x0x000000001dfde000
nk4a: sa1-after cr3=0x0x000000001dfde000
nk4a: pre-restore- rip=0x00000000002014ad rsp=0x00007fffffffc0b8
nk4a: vm-pf recv
nk4a: vm-pf bytes 0000000000000000
nk4a: pick->0x0000000000000002
nk4a: sa0-0x0000000000000002 root=0x0x00000000034c1000 cur=0x0x000000001dfde000
nk4a: gs2 gsbase=0x0x000000001dd340c0
nk4a: probe text va=0x0x000000001dbf5000 -> pa=0x0x000000001dbf5000 fl=0x0x000000000000001b
nk4a: probe stk va=0x0xffff8000003ff000 -> pa=0x0x00000000003ff000 fl=0x0x0000000000000013
nk4a: probe dm va=0x0xffff808000200000 -> pa=0x0x0000000000200000 fl=0x0x0000000000000013
nk4a: cr3-done-0x0x00000000034c1000
nk4a: sa1-after cr3=0x0x00000000034c1000
nk4a: pre-restore- rip=0x00000000002278b9 rsp=0x00007fffffffb178
nk4a: pick->0x0000000000000008
nk4a: sa0-0x0000000000000008 root=0x0x000000001dfde000 cur=0x0x00000000034c1000
nk4a: gs2 gsbase=0x0x000000001dd340c0
nk4a: probe text va=0x0x000000001dbf5000 -> pa=0x0x000000001dbf5000 fl=0x0x000000000000041b
nk4a: probe stk va=0x0xffff8000003ff000 -> pa=0x0x00000000003ff000 fl=0x0x000000000000041b
nk4a: probe dm va=0x0xffff808000200000 -> pa=0x0x0000000000200000 fl=0x0x0000000000000413
nk4a: cr3-done-0x0x000000001dfde000
nk4a: sa1-after cr3=0x0x000000001dfde000
nk4a: pre-restore- rip=0x00000000002014ad rsp=0x00007fffffffc0b8
nk4a: vm-pf recv
nk4a: vm-pf bytes 0000000000000000
nk4a: pick->0x0000000000000002
nk4a: sa0-0x0000000000000002 root=0x0x00000000034c1000 cur=0x0x000000001dfde000
nk4a: gs2 gsbase=0x0x000000001dd340c0
nk4a: probe text va=0x0x000000001dbf5000 -> pa=0x0x000000001dbf5000 fl=0x0x000000000000001b
nk4a: probe stk va=0x0xffff8000003ff000 -> pa=0x0x00000000003ff000 fl=0x0x0000000000000013
nk4a: probe dm va=0x0xffff808000200000 -> pa=0x0x0000000000200000 fl=0x0x0000000000000013
nk4a: cr3-done-0x0x00000000034c1000
nk4a: sa1-after cr3=0x0x00000000034c1000
nk4a: pre-restore- rip=0x00000000002278b9 rsp=0x00007fffffffb178
nk4a: vs0x00000000000000bc rip=0x0x00000000002278b9
nk4a: pick->0x0000000000000008
nk4a: sa0-0x0000000000000008 root=0x0x000000001dfde000 cur=0x0x00000000034c1000
nk4a: gs2 gsbase=0x0x000000001dd340c0
nk4a: probe text va=0x0x000000001dbf5000 -> pa=0x0x000000001dbf5000 fl=0x0x000000000000041b
nk4a: probe stk va=0x0xffff8000003ff000 -> pa=0x0x00000000003ff000 fl=0x0x000000000000041b
nk4a: probe dm va=0x0xffff808000200000 -> pa=0x0x0000000000200000 fl=0x0x0000000000000413
nk4a: cr3-done-0x0x000000001dfde000
nk4a: sa1-after cr3=0x0x000000001dfde000
nk4a: pre-restore- rip=0x00000000002014ad rsp=0x00007fffffffc0b8
nk4a: vm-pf recv
nk4a: vm-pf bytes 0000000000000000
nk4a: pick->0x0000000000000002
nk4a: sa0-0x0000000000000002 root=0x0x00000000034c1000 cur=0x0x000000001dfde000
nk4a: gs2 gsbase=0x0x000000001dd340c0
nk4a: probe text va=0x0x000000001dbf5000 -> pa=0x0x000000001dbf5000 fl=0x0x000000000000001b
nk4a: probe stk va=0x0xffff8000003ff000 -> pa=0x0x00000000003ff000 fl=0x0x0000000000000013
nk4a: probe dm va=0x0xffff808000200000 -> pa=0x0x0000000000200000 fl=0x0x0000000000000013
nk4a: cr3-done-0x0x00000000034c1000
nk4a: sa1-after cr3=0x0x00000000034c1000
nk4a: pre-restore- rip=0x00000000002278b9 rsp=0x00007fffffffb178
nk4a: pick->0x0000000000000008
nk4a: sa0-0x0000000000000008 root=0x0x000000001dfde000 cur=0x0x00000000034c1000
nk4a: gs2 gsbase=0x0x000000001dd340c0
nk4a: probe text va=0x0x000000001dbf5000 -> pa=0x0x000000001dbf5000 fl=0x0x000000000000041b
nk4a: probe stk va=0x0xffff8000003ff000 -> pa=0x0x00000000003ff000 fl=0x0x000000000000041b
nk4a: probe dm va=0x0xffff808000200000 -> pa=0x0x0000000000200000 fl=0x0x0000000000000413
nk4a: cr3-done-0x0x000000001dfde000
nk4a: sa1-after cr3=0x0x000000001dfde000
nk4a: pre-restore- rip=0x00000000002014ad rsp=0x00007fffffffc0b8
nk4a: vs0x00000000000000c0 rip=0x0x00000000002014ad
nk4a: vm-pf recv
nk4a: vm-pf bytes 0000000000000000
nk4a: pick->0x0000000000000002
nk4a: sa0-0x0000000000000002 root=0x0x00000000034c1000 cur=0x0x000000001dfde000
nk4a: gs2 gsbase=0x0x000000001dd340c0
nk4a: probe text va=0x0x000000001dbf5000 -> pa=0x0x000000001dbf5000 fl=0x0x000000000000001b
nk4a: probe stk va=0x0xffff8000003ff000 -> pa=0x0x00000000003ff000 fl=0x0x0000000000000013
nk4a: probe dm va=0x0xffff808000200000 -> pa=0x0x0000000000200000 fl=0x0x0000000000000013
nk4a: cr3-done-0x0x00000000034c1000
nk4a: sa1-after cr3=0x0x00000000034c1000
nk4a: pre-restore- rip=0x00000000002278b9 rsp=0x00007fffffffb178
nk4a: pick->0x0000000000000008
nk4a: sa0-0x0000000000000008 root=0x0x000000001dfde000 cur=0x0x00000000034c1000
nk4a: gs2 gsbase=0x0x000000001dd340c0
nk4a: probe text va=0x0x000000001dbf5000 -> pa=0x0x000000001dbf5000 fl=0x0x000000000000041b
nk4a: probe stk va=0x0xffff8000003ff000 -> pa=0x0x00000000003ff000 fl=0x0x000000000000041b
nk4a: probe dm va=0x0xffff808000200000 -> pa=0x0x0000000000200000 fl=0x0x0000000000000413
nk4a: cr3-done-0x0x000000001dfde000
nk4a: sa1-after cr3=0x0x000000001dfde000
nk4a: pre-restore- rip=0x00000000002014ad rsp=0x00007fffffffc0b8
nk4a: vm-pf recv
nk4a: vm-pf bytes 0000000000000000
nk4a: pick->0x0000000000000002
nk4a: sa0-0x0000000000000002 root=0x0x00000000034c1000 cur=0x0x000000001dfde000
nk4a: gs2 gsbase=0x0x000000001dd340c0
nk4a: probe text va=0x0x000000001dbf5000 -> pa=0x0x000000001dbf5000 fl=0x0x000000000000001b
nk4a: probe stk va=0x0xffff8000003ff000 -> pa=0x0x00000000003ff000 fl=0x0x0000000000000013
nk4a: probe dm va=0x0xffff808000200000 -> pa=0x0x0000000000200000 fl=0x0x0000000000000013
nk4a: cr3-done-0x0x00000000034c1000
nk4a: sa1-after cr3=0x0x00000000034c1000
nk4a: pre-restore- rip=0x00000000002278b9 rsp=0x00007fffffffb178
nk4a: vs0x00000000000000c4 rip=0x0x00000000002278b9
nk4a: pick->0x0000000000000008
nk4a: sa0-0x0000000000000008 root=0x0x000000001dfde000 cur=0x0x00000000034c1000
nk4a: gs2 gsbase=0x0x000000001dd340c0
nk4a: probe text va=0x0x000000001dbf5000 -> pa=0x0x000000001dbf5000 fl=0x0x000000000000041b
nk4a: probe stk va=0x0xffff8000003ff000 -> pa=0x0x00000000003ff000 fl=0x0x000000000000041b
nk4a: probe dm va=0x0xffff808000200000 -> pa=0x0x0000000000200000 fl=0x0x0000000000000413
nk4a: cr3-done-0x0x000000001dfde000
nk4a: sa1-after cr3=0x0x000000001dfde000
nk4a: pre-restore- rip=0x00000000002014ad rsp=0x00007fffffffc0b8
nk4a: vm-pf recv
nk4a: vm-pf bytes 0000000000000000
nk4a: pick->0x0000000000000002
nk4a: sa0-0x0000000000000002 root=0x0x00000000034c1000 cur=0x0x000000001dfde000
nk4a: gs2 gsbase=0x0x000000001dd340c0
nk4a: probe text va=0x0x000000001dbf5000 -> pa=0x0x000000001dbf5000 fl=0x0x000000000000001b
nk4a: probe stk va=0x0xffff8000003ff000 -> pa=0x0x00000000003ff000 fl=0x0x0000000000000013
nk4a: probe dm va=0x0xffff808000200000 -> pa=0x0x0000000000200000 fl=0x0x0000000000000013
nk4a: cr3-done-0x0x00000000034c1000
nk4a: sa1-after cr3=0x0x00000000034c1000
nk4a: pre-restore- rip=0x00000000002278b9 rsp=0x00007fffffffb178
nk4a: pick->0x0000000000000008
nk4a: sa0-0x0000000000000008 root=0x0x000000001dfde000 cur=0x0x00000000034c1000
nk4a: gs2 gsbase=0x0x000000001dd340c0
nk4a: probe text va=0x0x000000001dbf5000 -> pa=0x0x000000001dbf5000 fl=0x0x000000000000041b
nk4a: probe stk va=0x0xffff8000003ff000 -> pa=0x0x00000000003ff000 fl=0x0x000000000000041b
nk4a: probe dm va=0x0xffff808000200000 -> pa=0x0x0000000000200000 fl=0x0x0000000000000413
nk4a: cr3-done-0x0x000000001dfde000
nk4a: sa1-after cr3=0x0x000000001dfde000
nk4a: pre-restore- rip=0x00000000002014ad rsp=0x00007fffffffc0b8
nk4a: vs0x00000000000000c8 rip=0x0x00000000002014ad
nk4a: vm-pf recv
nk4a: vm-pf bytes 0000000000000000
nk4a: pick->0x0000000000000002
nk4a: sa0-0x0000000000000002 root=0x0x00000000034c1000 cur=0x0x000000001dfde000
nk4a: gs2 gsbase=0x0x000000001dd340c0
nk4a: probe text va=0x0x000000001dbf5000 -> pa=0x0x000000001dbf5000 fl=0x0x000000000000001b
nk4a: probe stk va=0x0xffff8000003ff000 -> pa=0x0x00000000003ff000 fl=0x0x0000000000000013
nk4a: probe dm va=0x0xffff808000200000 -> pa=0x0x0000000000200000 fl=0x0x0000000000000013
nk4a: cr3-done-0x0x00000000034c1000
nk4a: sa1-after cr3=0x0x00000000034c1000
nk4a: pre-restore- rip=0x00000000002278b9 rsp=0x00007fffffffb178
nk4a: pick->0x0000000000000008
nk4a: sa0-0x0000000000000008 root=0x0x000000001dfde000 cur=0x0x00000000034c1000
nk4a: gs2 gsbase=0x0x000000001dd340c0
nk4a: probe text va=0x0x000000001dbf5000 -> pa=0x0x000000001dbf5000 fl=0x0x000000000000041b
nk4a: probe stk va=0x0xffff8000003ff000 -> pa=0x0x00000000003ff000 fl=0x0x000000000000041b
nk4a: probe dm va=0x0xffff808000200000 -> pa=0x0x0000000000200000 fl=0x0x0000000000000413
nk4a: cr3-done-0x0x000000001dfde000
nk4a: sa1-after cr3=0x0x000000001dfde000
nk4a: pre-restore- rip=0x00000000002014ad rsp=0x00007fffffffc0b8
nk4a: vm-pf recv
nk4a: vm-pf bytes 0000000000000000
nk4a: pick->0x0000000000000002
nk4a: sa0-0x0000000000000002 root=0x0x00000000034c1000 cur=0x0x000000001dfde000
nk4a: gs2 gsbase=0x0x000000001dd340c0
nk4a: probe text va=0x0x000000001dbf5000 -> pa=0x0x000000001dbf5000 fl=0x0x000000000000001b
nk4a: probe stk va=0x0xffff8000003ff000 -> pa=0x0x00000000003ff000 fl=0x0x0000000000000013
nk4a: probe dm va=0x0xffff808000200000 -> pa=0x0x0000000000200000 fl=0x0x0000000000000013
nk4a: cr3-done-0x0x00000000034c1000
nk4a: sa1-after cr3=0x0x00000000034c1000
nk4a: pre-restore- rip=0x00000000002278b9 rsp=0x00007fffffffb178
nk4a: vs0x00000000000000cc rip=0x0x00000000002278b9
nk4a: pick->0x0000000000000008
nk4a: sa0-0x0000000000000008 root=0x0x000000001dfde000 cur=0x0x00000000034c1000
nk4a: gs2 gsbase=0x0x000000001dd340c0
nk4a: probe text va=0x0x000000001dbf5000 -> pa=0x0x000000001dbf5000 fl=0x0x000000000000041b
nk4a: probe stk va=0x0xffff8000003ff000 -> pa=0x0x00000000003ff000 fl=0x0x000000000000041b
nk4a: probe dm va=0x0xffff808000200000 -> pa=0x0x0000000000200000 fl=0x0x0000000000000413
nk4a: cr3-done-0x0x000000001dfde000
nk4a: sa1-after cr3=0x0x000000001dfde000
nk4a: pre-restore- rip=0x00000000002014ad rsp=0x00007fffffffc0b8
nk4a: vm-pf recv
nk4a: vm-pf bytes 0000000000000000
nk4a: pick->0x0000000000000002
nk4a: sa0-0x0000000000000002 root=0x0x00000000034c1000 cur=0x0x000000001dfde000
nk4a: gs2 gsbase=0x0x000000001dd340c0
nk4a: probe text va=0x0x000000001dbf5000 -> pa=0x0x000000001dbf5000 fl=0x0x000000000000001b
nk4a: probe stk va=0x0xffff8000003ff000 -> pa=0x0x00000000003ff000 fl=0x0x0000000000000013
nk4a: probe dm va=0x0xffff808000200000 -> pa=0x0x0000000000200000 fl=0x0x0000000000000013
nk4a: cr3-done-0x0x00000000034c1000
nk4a: sa1-after cr3=0x0x00000000034c1000
nk4a: pre-restore- rip=0x00000000002278b9 rsp=0x00007fffffffb178
nk4a: pick->0x0000000000000008
nk4a: sa0-0x0000000000000008 root=0x0x000000001dfde000 cur=0x0x00000000034c1000
nk4a: gs2 gsbase=0x0x000000001dd340c0
nk4a: probe text va=0x0x000000001dbf5000 -> pa=0x0x000000001dbf5000 fl=0x0x000000000000041b
nk4a: probe stk va=0x0xffff8000003ff000 -> pa=0x0x00000000003ff000 fl=0x0x000000000000041b
nk4a: probe dm va=0x0xffff808000200000 -> pa=0x0x0000000000200000 fl=0x0x0000000000000413
nk4a: cr3-done-0x0x000000001dfde000
nk4a: sa1-after cr3=0x0x000000001dfde000
nk4a: pre-restore- rip=0x00000000002014ad rsp=0x00007fffffffc0b8
nk4a: vm-pf recv
nk4a: vm-pf bytes 0000000000000000
nk4a: pick->0x0000000000000002
nk4a: sa0-0x0000000000000002 root=0x0x00000000034c1000 cur=0x0x000000001dfde000
nk4a: gs2 gsbase=0x0x000000001dd340c0
nk4a: probe text va=0x0x000000001dbf5000 -> pa=0x0x000000001dbf5000 fl=0x0x000000000000001b
nk4a: probe stk va=0x0xffff8000003ff000 -> pa=0x0x00000000003ff000 fl=0x0x0000000000000013
nk4a: probe dm va=0x0xffff808000200000 -> pa=0x0x0000000000200000 fl=0x0x0000000000000013
nk4a: cr3-done-0x0x00000000034c1000
nk4a: sa1-after cr3=0x0x00000000034c1000
nk4a: pre-restore- rip=0x00000000002278b9 rsp=0x00007fffffffb178
nk4a: vs0x00000000000000d1 rip=0x0x00000000002278b9
nk4a: pick->0x0000000000000008
nk4a: sa0-0x0000000000000008 root=0x0x000000001dfde000 cur=0x0x00000000034c1000
nk4a: gs2 gsbase=0x0x000000001dd340c0
nk4a: probe text va=0x0x000000001dbf5000 -> pa=0x0x000000001dbf5000 fl=0x0x000000000000041b
nk4a: probe stk va=0x0xffff8000003ff000 -> pa=0x0x00000000003ff000 fl=0x0x000000000000041b
nk4a: probe dm va=0x0xffff808000200000 -> pa=0x0x0000000000200000 fl=0x0x0000000000000413
nk4a: cr3-done-0x0x000000001dfde000
nk4a: sa1-after cr3=0x0x000000001dfde000
nk4a: pre-restore- rip=0x00000000002014ad rsp=0x00007fffffffc0b8
nk4a: vm-pf recv
nk4a: vm-pf bytes 0000000000000000
nk4a: pick->0x0000000000000002
nk4a: sa0-0x0000000000000002 root=0x0x00000000034c1000 cur=0x0x000000001dfde000
nk4a: gs2 gsbase=0x0x000000001dd340c0
nk4a: probe text va=0x0x000000001dbf5000 -> pa=0x0x000000001dbf5000 fl=0x0x000000000000001b
nk4a: probe stk va=0x0xffff8000003ff000 -> pa=0x0x00000000003ff000 fl=0x0x0000000000000013
nk4a: probe dm va=0x0xffff808000200000 -> pa=0x0x0000000000200000 fl=0x0x0000000000000013
nk4a: cr3-done-0x0x00000000034c1000
nk4a: sa1-after cr3=0x0x00000000034c1000
nk4a: pre-restore- rip=0x00000000002278b9 rsp=0x00007fffffffb178
nk4a: pick->0x0000000000000008
nk4a: sa0-0x0000000000000008 root=0x0x000000001dfde000 cur=0x0x00000000034c1000
nk4a: gs2 gsbase=0x0x000000001dd340c0
nk4a: probe text va=0x0x000000001dbf5000 -> pa=0x0x000000001dbf5000 fl=0x0x000000000000041b
nk4a: probe stk va=0x0xffff8000003ff000 -> pa=0x0x00000000003ff000 fl=0x0x000000000000041b
nk4a: probe dm va=0x0xffff808000200000 -> pa=0x0x0000000000200000 fl=0x0x0000000000000413
nk4a: cr3-done-0x0x000000001dfde000
nk4a: sa1-after cr3=0x0x000000001dfde000
nk4a: pre-restore- rip=0x00000000002014ad rsp=0x00007fffffffc0b8
nk4a: vs0x00000000000000d5 rip=0x0x00000000002014ad
nk4a: vm-pf recv
nk4a: vm-pf bytes 0000000000000000
nk4a: pick->0x0000000000000002
nk4a: sa0-0x0000000000000002 root=0x0x00000000034c1000 cur=0x0x000000001dfde000
nk4a: gs2 gsbase=0x0x000000001dd340c0
nk4a: probe text va=0x0x000000001dbf5000 -> pa=0x0x000000001dbf5000 fl=0x0x000000000000001b
nk4a: probe stk va=0x0xffff8000003ff000 -> pa=0x0x00000000003ff000 fl=0x0x0000000000000013
nk4a: probe dm va=0x0xffff808000200000 -> pa=0x0x0000000000200000 fl=0x0x0000000000000013
nk4a: cr3-done-0x0x00000000034c1000
nk4a: sa1-after cr3=0x0x00000000034c1000
nk4a: pre-restore- rip=0x00000000002278b9 rsp=0x00007fffffffb178
nk4a: pick->0x0000000000000008
nk4a: sa0-0x0000000000000008 root=0x0x000000001dfde000 cur=0x0x00000000034c1000
nk4a: gs2 gsbase=0x0x000000001dd340c0
nk4a: probe text va=0x0x000000001dbf5000 -> pa=0x0x000000001dbf5000 fl=0x0x000000000000041b
nk4a: probe stk va=0x0xffff8000003ff000 -> pa=0x0x00000000003ff000 fl=0x0x000000000000041b
nk4a: probe dm va=0x0xffff808000200000 -> pa=0x0x0000000000200000 fl=0x0x0000000000000413
nk4a: cr3-done-0x0x000000001dfde000
nk4a: sa1-after cr3=0x0x000000001dfde000
nk4a: pre-restore- rip=0x00000000002014ad rsp=0x00007fffffffc0b8
nk4a: vm-pf recv
nk4a: vm-pf bytes 0000000000000000
nk4a: pick->0x0000000000000002
nk4a: sa0-0x0000000000000002 root=0x0x00000000034c1000 cur=0x0x000000001dfde000
nk4a: gs2 gsbase=0x0x000000001dd340c0
nk4a: probe text va=0x0x000000001dbf5000 -> pa=0x0x000000001dbf5000 fl=0x0x000000000000001b
nk4a: probe stk va=0x0xffff8000003ff000 -> pa=0x0x00000000003ff000 fl=0x0x0000000000000013
nk4a: probe dm va=0x0xffff808000200000 -> pa=0x0x0000000000200000 fl=0x0x0000000000000013
nk4a: cr3-done-0x0x00000000034c1000
nk4a: sa1-after cr3=0x0x00000000034c1000
nk4a: pre-restore- rip=0x00000000002278b9 rsp=0x00007fffffffb178
nk4a: vs0x00000000000000d9 rip=0x0x00000000002278b9
nk4a: pick->0x0000000000000008
nk4a: sa0-0x0000000000000008 root=0x0x000000001dfde000 cur=0x0x00000000034c1000
nk4a: gs2 gsbase=0x0x000000001dd340c0
nk4a: probe text va=0x0x000000001dbf5000 -> pa=0x0x000000001dbf5000 fl=0x0x000000000000041b
nk4a: probe stk va=0x0xffff8000003ff000 -> pa=0x0x00000000003ff000 fl=0x0x000000000000041b
nk4a: probe dm va=0x0xffff808000200000 -> pa=0x0x0000000000200000 fl=0x0x0000000000000413
nk4a: cr3-done-0x0x000000001dfde000
nk4a: sa1-after cr3=0x0x000000001dfde000
nk4a: pre-restore- rip=0x00000000002014ad rsp=0x00007fffffffc0b8
nk4a: vm-pf recv
nk4a: vm-pf bytes 0000000000000000
nk4a: pick->0x0000000000000002
nk4a: sa0-0x0000000000000002 root=0x0x00000000034c1000 cur=0x0x000000001dfde000
nk4a: gs2 gsbase=0x0x000000001dd340c0
nk4a: probe text va=0x0x000000001dbf5000 -> pa=0x0x000000001dbf5000 fl=0x0x000000000000001b
nk4a: probe stk va=0x0xffff8000003ff000 -> pa=0x0x00000000003ff000 fl=0x0x0000000000000013
nk4a: probe dm va=0x0xffff808000200000 -> pa=0x0x0000000000200000 fl=0x0x0000000000000013
nk4a: cr3-done-0x0x00000000034c1000
nk4a: sa1-after cr3=0x0x00000000034c1000
nk4a: pre-restore- rip=0x00000000002278b9 rsp=0x00007fffffffb178
nk4a: pick->0x0000000000000008
nk4a: sa0-0x0000000000000008 root=0x0x000000001dfde000 cur=0x0x00000000034c1000
nk4a: gs2 gsbase=0x0x000000001dd340c0
nk4a: probe text va=0x0x000000001dbf5000 -> pa=0x0x000000001dbf5000 fl=0x0x000000000000041b
nk4a: probe stk va=0x0xffff8000003ff000 -> pa=0x0x00000000003ff000 fl=0x0x000000000000041b
nk4a: probe dm va=0x0xffff808000200000 -> pa=0x0x0000000000200000 fl=0x0x0000000000000413
nk4a: cr3-done-0x0x000000001dfde000
nk4a: sa1-after cr3=0x0x000000001dfde000
nk4a: pre-restore- rip=0x00000000002014ad rsp=0x00007fffffffc0b8
nk4a: vs0x00000000000000dd rip=0x0x00000000002014ad
nk4a: vm-pf recv
nk4a: vm-pf bytes 0000000000000000
nk4a: pick->0x0000000000000002
nk4a: sa0-0x0000000000000002 root=0x0x00000000034c1000 cur=0x0x000000001dfde000
nk4a: gs2 gsbase=0x0x000000001dd340c0
nk4a: probe text va=0x0x000000001dbf5000 -> pa=0x0x000000001dbf5000 fl=0x0x000000000000001b
nk4a: probe stk va=0x0xffff8000003ff000 -> pa=0x0x00000000003ff000 fl=0x0x0000000000000013
nk4a: probe dm va=0x0xffff808000200000 -> pa=0x0x0000000000200000 fl=0x0x0000000000000013
nk4a: cr3-done-0x0x00000000034c1000
nk4a: sa1-after cr3=0x0x00000000034c1000
nk4a: pre-restore- rip=0x00000000002278b9 rsp=0x00007fffffffb178
nk4a: pick->0x0000000000000008
nk4a: sa0-0x0000000000000008 root=0x0x000000001dfde000 cur=0x0x00000000034c1000
nk4a: gs2 gsbase=0x0x000000001dd340c0
nk4a: probe text va=0x0x000000001dbf5000 -> pa=0x0x000000001dbf5000 fl=0x0x000000000000041b
nk4a: probe stk va=0x0xffff8000003ff000 -> pa=0x0x00000000003ff000 fl=0x0x000000000000041b
nk4a: probe dm va=0x0xffff808000200000 -> pa=0x0x0000000000200000 fl=0x0x0000000000000413
nk4a: cr3-done-0x0x000000001dfde000
nk4a: sa1-after cr3=0x0x000000001dfde000
nk4a: pre-restore- rip=0x00000000002014ad rsp=0x00007fffffffc0b8
nk4a: vm-pf recv
nk4a: vm-pf bytes 0000000000000000
nk4a: pick->0x0000000000000002
nk4a: sa0-0x0000000000000002 root=0x0x00000000034c1000 cur=0x0x000000001dfde000
nk4a: gs2 gsbase=0x0x000000001dd340c0
nk4a: probe text va=0x0x000000001dbf5000 -> pa=0x0x000000001dbf5000 fl=0x0x000000000000001b
nk4a: probe stk va=0x0xffff8000003ff000 -> pa=0x0x00000000003ff000 fl=0x0x0000000000000013
nk4a: probe dm va=0x0xffff808000200000 -> pa=0x0x0000000000200000 fl=0x0x0000000000000013
nk4a: cr3-done-0x0x00000000034c1000
nk4a: sa1-after cr3=0x0x00000000034c1000
nk4a: pre-restore- rip=0x00000000002278b9 rsp=0x00007fffffffb178
nk4a: vs0x00000000000000e1 rip=0x0x00000000002278b9
nk4a: pick->0x0000000000000008
nk4a: sa0-0x0000000000000008 root=0x0x000000001dfde000 cur=0x0x00000000034c1000
nk4a: gs2 gsbase=0x0x000000001dd340c0
nk4a: probe text va=0x0x000000001dbf5000 -> pa=0x0x000000001dbf5000 fl=0x0x000000000000041b
nk4a: probe stk va=0x0xffff8000003ff000 -> pa=0x0x00000000003ff000 fl=0x0x000000000000041b
nk4a: probe dm va=0x0xffff808000200000 -> pa=0x0x0000000000200000 fl=0x0x0000000000000413
nk4a: cr3-done-0x0x000000001dfde000
nk4a: sa1-after cr3=0x0x000000001dfde000
nk4a: pre-restore- rip=0x00000000002014ad rsp=0x00007fffffffc0b8
nk4a: vm-pf recv
nk4a: vm-pf bytes 0000000000000000
nk4a: pick->0x0000000000000002
nk4a: sa0-0x0000000000000002 root=0x0x00000000034c1000 cur=0x0x000000001dfde000
nk4a: gs2 gsbase=0x0x000000001dd340c0
nk4a: probe text va=0x0x000000001dbf5000 -> pa=0x0x000000001dbf5000 fl=0x0x000000000000001b
nk4a: probe stk va=0x0xffff8000003ff000 -> pa=0x0x00000000003ff000 fl=0x0x0000000000000013
nk4a: probe dm va=0x0xffff808000200000 -> pa=0x0x0000000000200000 fl=0x0x0000000000000013
nk4a: cr3-done-0x0x00000000034c1000
nk4a: sa1-after cr3=0x0x00000000034c1000
nk4a: pre-restore- rip=0x00000000002278b9 rsp=0x00007fffffffb178
nk4a: pick->0x0000000000000008
nk4a: sa0-0x0000000000000008 root=0x0x000000001dfde000 cur=0x0x00000000034c1000
nk4a: gs2 gsbase=0x0x000000001dd340c0
nk4a: probe text va=0x0x000000001dbf5000 -> pa=0x0x000000001dbf5000 fl=0x0x000000000000041b
nk4a: probe stk va=0x0xffff8000003ff000 -> pa=0x0x00000000003ff000 fl=0x0x000000000000041b
nk4a: probe dm va=0x0xffff808000200000 -> pa=0x0x0000000000200000 fl=0x0x0000000000000413
nk4a: cr3-done-0x0x000000001dfde000
nk4a: sa1-after cr3=0x0x000000001dfde000
nk4a: pre-restore- rip=0x00000000002014ad rsp=0x00007fffffffc0b8
nk4a: vm-pf recv
nk4a: vm-pf bytes 0000000000000000
nk4a: pick->0x0000000000000002
nk4a: sa0-0x0000000000000002 root=0x0x00000000034c1000 cur=0x0x000000001dfde000
nk4a: gs2 gsbase=0x0x000000001dd340c0
nk4a: probe text va=0x0x000000001dbf5000 -> pa=0x0x000000001dbf5000 fl=0x0x000000000000001b
nk4a: probe stk va=0x0xffff8000003ff000 -> pa=0x0x00000000003ff000 fl=0x0x0000000000000013
nk4a: probe dm va=0x0xffff808000200000 -> pa=0x0x0000000000200000 fl=0x0x0000000000000013
nk4a: cr3-done-0x0x00000000034c1000
nk4a: sa1-after cr3=0x0x00000000034c1000
nk4a: pre-restore- rip=0x00000000002278b9 rsp=0x00007fffffffb178
nk4a: vs0x00000000000000e6 rip=0x0x00000000002278b9
nk4a: pick->0x0000000000000008
nk4a: sa0-0x0000000000000008 root=0x0x000000001dfde000 cur=0x0x00000000034c1000
nk4a: gs2 gsbase=0x0x000000001dd340c0
nk4a: probe text va=0x0x000000001dbf5000 -> pa=0x0x000000001dbf5000 fl=0x0x000000000000041b
nk4a: probe stk va=0x0xffff8000003ff000 -> pa=0x0x00000000003ff000 fl=0x0x000000000000041b
nk4a: probe dm va=0x0xffff808000200000 -> pa=0x0x0000000000200000 fl=0x0x0000000000000413
nk4a: cr3-done-0x0x000000001dfde000
nk4a: sa1-after cr3=0x0x000000001dfde000
nk4a: pre-restore- rip=0x00000000002014ad rsp=0x00007fffffffc0b8
nk4a: vm-pf recv
nk4a: vm-pf bytes 0000000000000000
nk4a: pick->0x0000000000000002
nk4a: sa0-0x0000000000000002 root=0x0x00000000034c1000 cur=0x0x000000001dfde000
nk4a: gs2 gsbase=0x0x000000001dd340c0
nk4a: probe text va=0x0x000000001dbf5000 -> pa=0x0x000000001dbf5000 fl=0x0x000000000000001b
nk4a: probe stk va=0x0xffff8000003ff000 -> pa=0x0x00000000003ff000 fl=0x0x0000000000000013
nk4a: probe dm va=0x0xffff808000200000 -> pa=0x0x0000000000200000 fl=0x0x0000000000000013
nk4a: cr3-done-0x0x00000000034c1000
nk4a: sa1-after cr3=0x0x00000000034c1000
nk4a: pre-restore- rip=0x00000000002278b9 rsp=0x00007fffffffb178
nk4a: pick->0x0000000000000008
nk4a: sa0-0x0000000000000008 root=0x0x000000001dfde000 cur=0x0x00000000034c1000
nk4a: gs2 gsbase=0x0x000000001dd340c0
nk4a: probe text va=0x0x000000001dbf5000 -> pa=0x0x000000001dbf5000 fl=0x0x000000000000041b
nk4a: probe stk va=0x0xffff8000003ff000 -> pa=0x0x00000000003ff000 fl=0x0x000000000000041b
nk4a: probe dm va=0x0xffff808000200000 -> pa=0x0x0000000000200000 fl=0x0x0000000000000413
nk4a: cr3-done-0x0x000000001dfde000
nk4a: sa1-after cr3=0x0x000000001dfde000
nk4a: pre-restore- rip=0x00000000002014ad rsp=0x00007fffffffc0b8
nk4a: vs0x00000000000000ea rip=0x0x00000000002014ad
nk4a: vm-pf recv
nk4a: vm-pf bytes 0000000000000000
nk4a: pick->0x0000000000000002
nk4a: sa0-0x0000000000000002 root=0x0x00000000034c1000 cur=0x0x000000001dfde000
nk4a: gs2 gsbase=0x0x000000001dd340c0
nk4a: probe text va=0x0x000000001dbf5000 -> pa=0x0x000000001dbf5000 fl=0x0x000000000000001b
nk4a: probe stk va=0x0xffff8000003ff000 -> pa=0x0x00000000003ff000 fl=0x0x0000000000000013
nk4a: probe dm va=0x0xffff808000200000 -> pa=0x0x0000000000200000 fl=0x0x0000000000000013
nk4a: cr3-done-0x0x00000000034c1000
nk4a: sa1-after cr3=0x0x00000000034c1000
nk4a: pre-restore- rip=0x00000000002278b9 rsp=0x00007fffffffb178
nk4a: pick->0x0000000000000008
nk4a: sa0-0x0000000000000008 root=0x0x000000001dfde000 cur=0x0x00000000034c1000
nk4a: gs2 gsbase=0x0x000000001dd340c0
nk4a: probe text va=0x0x000000001dbf5000 -> pa=0x0x000000001dbf5000 fl=0x0x000000000000041b
nk4a: probe stk va=0x0xffff8000003ff000 -> pa=0x0x00000000003ff000 fl=0x0x000000000000041b
nk4a: probe dm va=0x0xffff808000200000 -> pa=0x0x0000000000200000 fl=0x0x0000000000000413
nk4a: cr3-done-0x0x000000001dfde000
nk4a: sa1-after cr3=0x0x000000001dfde000
nk4a: pre-restore- rip=0x00000000002014ad rsp=0x00007fffffffc0b8
nk4a: vm-pf recv
nk4a: vm-pf bytes 0000000000000000
nk4a: pick->0x0000000000000002
nk4a: sa0-0x0000000000000002 root=0x0x00000000034c1000 cur=0x0x000000001dfde000
nk4a: gs2 gsbase=0x0x000000001dd340c0
nk4a: probe text va=0x0x000000001dbf5000 -> pa=0x0x000000001dbf5000 fl=0x0x000000000000001b
nk4a: probe stk va=0x0xffff8000003ff000 -> pa=0x0x00000000003ff000 fl=0x0x0000000000000013
nk4a: probe dm va=0x0xffff808000200000 -> pa=0x0x0000000000200000 fl=0x0x0000000000000013
nk4a: cr3-done-0x0x00000000034c1000
nk4a: sa1-after cr3=0x0x00000000034c1000
nk4a: pre-restore- rip=0x00000000002278b9 rsp=0x00007fffffffb178
nk4a: pick->0x0000000000000008
nk4a: sa0-0x0000000000000008 root=0x0x000000001dfde000 cur=0x0x00000000034c1000
nk4a: gs2 gsbase=0x0x000000001dd340c0
nk4a: probe text va=0x0x000000001dbf5000 -> pa=0x0x000000001dbf5000 fl=0x0x000000000000041b
nk4a: probe stk va=0x0xffff8000003ff000 -> pa=0x0x00000000003ff000 fl=0x0x000000000000041b
nk4a: probe dm va=0x0xffff808000200000 -> pa=0x0x0000000000200000 fl=0x0x0000000000000413
nk4a: cr3-done-0x0x000000001dfde000
nk4a: sa1-after cr3=0x0x000000001dfde000
nk4a: pre-restore- rip=0x00000000002014ad rsp=0x00007fffffffc0b8
nk4a: vs0x00000000000000ef rip=0x0x00000000002014ad
nk4a: vm-pf recv
nk4a: vm-pf bytes 0000000000000000
nk4a: pick->0x0000000000000002
nk4a: sa0-0x0000000000000002 root=0x0x00000000034c1000 cur=0x0x000000001dfde000
nk4a: gs2 gsbase=0x0x000000001dd340c0
nk4a: probe text va=0x0x000000001dbf5000 -> pa=0x0x000000001dbf5000 fl=0x0x000000000000001b
nk4a: probe stk va=0x0xffff8000003ff000 -> pa=0x0x00000000003ff000 fl=0x0x0000000000000013
nk4a: probe dm va=0x0xffff808000200000 -> pa=0x0x0000000000200000 fl=0x0x0000000000000013
nk4a: cr3-done-0x0x00000000034c1000
nk4a: sa1-after cr3=0x0x00000000034c1000
nk4a: pre-restore- rip=0x00000000002278b9 rsp=0x00007fffffffb178
nk4a: pick->0x0000000000000008
nk4a: sa0-0x0000000000000008 root=0x0x000000001dfde000 cur=0x0x00000000034c1000
nk4a: gs2 gsbase=0x0x000000001dd340c0
nk4a: probe text va=0x0x000000001dbf5000 -> pa=0x0x000000001dbf5000 fl=0x0x000000000000041b
nk4a: probe stk va=0x0xffff8000003ff000 -> pa=0x0x00000000003ff000 fl=0x0x000000000000041b
nk4a: probe dm va=0x0xffff808000200000 -> pa=0x0x0000000000200000 fl=0x0x0000000000000413
nk4a: cr3-done-0x0x000000001dfde000
nk4a: sa1-after cr3=0x0x000000001dfde000
nk4a: pre-restore- rip=0x00000000002014ad rsp=0x00007fffffffc0b8
nk4a: vm-pf recv
nk4a: vm-pf bytes 0000000000000000
nk4a: pick->0x0000000000000002
nk4a: sa0-0x0000000000000002 root=0x0x00000000034c1000 cur=0x0x000000001dfde000
nk4a: gs2 gsbase=0x0x000000001dd340c0
nk4a: probe text va=0x0x000000001dbf5000 -> pa=0x0x000000001dbf5000 fl=0x0x000000000000001b
nk4a: probe stk va=0x0xffff8000003ff000 -> pa=0x0x00000000003ff000 fl=0x0x0000000000000013
nk4a: probe dm va=0x0xffff808000200000 -> pa=0x0x0000000000200000 fl=0x0x0000000000000013
nk4a: cr3-done-0x0x00000000034c1000
nk4a: sa1-after cr3=0x0x00000000034c1000
nk4a: pre-restore- rip=0x00000000002278b9 rsp=0x00007fffffffb178
nk4a: vs0x00000000000000f3 rip=0x0x00000000002278b9
nk4a: pick->0x0000000000000008
nk4a: sa0-0x0000000000000008 root=0x0x000000001dfde000 cur=0x0x00000000034c1000
nk4a: gs2 gsbase=0x0x000000001dd340c0
nk4a: probe text va=0x0x000000001dbf5000 -> pa=0x0x000000001dbf5000 fl=0x0x000000000000041b
nk4a: probe stk va=0x0xffff8000003ff000 -> pa=0x0x00000000003ff000 fl=0x0x000000000000041b
nk4a: probe dm va=0x0xffff808000200000 -> pa=0x0x0000000000200000 fl=0x0x0000000000000413
nk4a: cr3-done-0x0x000000001dfde000
nk4a: sa1-after cr3=0x0x000000001dfde000
nk4a: pre-restore- rip=0x00000000002014ad rsp=0x00007fffffffc0b8
nk4a: vm-pf recv
nk4a: vm-pf bytes 0000000000000000
nk4a: pick->0x0000000000000002
nk4a: sa0-0x0000000000000002 root=0x0x00000000034c1000 cur=0x0x000000001dfde000
nk4a: gs2 gsbase=0x0x000000001dd340c0
nk4a: probe text va=0x0x000000001dbf5000 -> pa=0x0x000000001dbf5000 fl=0x0x000000000000001b
nk4a: probe stk va=0x0xffff8000003ff000 -> pa=0x0x00000000003ff000 fl=0x0x0000000000000013
nk4a: probe dm va=0x0xffff808000200000 -> pa=0x0x0000000000200000 fl=0x0x0000000000000013
nk4a: cr3-done-0x0x00000000034c1000
nk4a: sa1-after cr3=0x0x00000000034c1000
nk4a: pre-restore- rip=0x00000000002278b9 rsp=0x00007fffffffb178
nk4a: pick->0x0000000000000008
nk4a: sa0-0x0000000000000008 root=0x0x000000001dfde000 cur=0x0x00000000034c1000
nk4a: gs2 gsbase=0x0x000000001dd340c0
nk4a: probe text va=0x0x000000001dbf5000 -> pa=0x0x000000001dbf5000 fl=0x0x000000000000041b
nk4a: probe stk va=0x0xffff8000003ff000 -> pa=0x0x00000000003ff000 fl=0x0x000000000000041b
nk4a: probe dm va=0x0xffff808000200000 -> pa=0x0x0000000000200000 fl=0x0x0000000000000413
nk4a: cr3-done-0x0x000000001dfde000
nk4a: sa1-after cr3=0x0x000000001dfde000
nk4a: pre-restore- rip=0x00000000002014ad rsp=0x00007fffffffc0b8
nk4a: vs0x00000000000000f7 rip=0x0x00000000002014ad
nk4a: vm-pf recv
nk4a: vm-pf bytes 0000000000000000
nk4a: pick->0x0000000000000002
nk4a: sa0-0x0000000000000002 root=0x0x00000000034c1000 cur=0x0x000000001dfde000
nk4a: gs2 gsbase=0x0x000000001dd340c0
nk4a: probe text va=0x0x000000001dbf5000 -> pa=0x0x000000001dbf5000 fl=0x0x000000000000001b
nk4a: probe stk va=0x0xffff8000003ff000 -> pa=0x0x00000000003ff000 fl=0x0x0000000000000013
nk4a: probe dm va=0x0xffff808000200000 -> pa=0x0x0000000000200000 fl=0x0x0000000000000013
nk4a: cr3-done-0x0x00000000034c1000
nk4a: sa1-after cr3=0x0x00000000034c1000
nk4a: pre-restore- rip=0x00000000002278b9 rsp=0x00007fffffffb178
nk4a: pick->0x0000000000000008
nk4a: sa0-0x0000000000000008 root=0x0x000000001dfde000 cur=0x0x00000000034c1000
nk4a: gs2 gsbase=0x0x000000001dd340c0
nk4a: probe text va=0x0x000000001dbf5000 -> pa=0x0x000000001dbf5000 fl=0x0x000000000000041b
nk4a: probe stk va=0x0xffff8000003ff000 -> pa=0x0x00000000003ff000 fl=0x0x000000000000041b
nk4a: probe dm va=0x0xffff808000200000 -> pa=0x0x0000000000200000 fl=0x0x0000000000000413
nk4a: cr3-done-0x0x000000001dfde000
nk4a: sa1-after cr3=0x0x000000001dfde000
nk4a: pre-restore- rip=0x00000000002014ad rsp=0x00007fffffffc0b8
nk4a: vm-pf recv
nk4a: vm-pf bytes 0000000000000000
nk4a: pick->0x0000000000000002
nk4a: sa0-0x0000000000000002 root=0x0x00000000034c1000 cur=0x0x000000001dfde000
nk4a: gs2 gsbase=0x0x000000001dd340c0
nk4a: probe text va=0x0x000000001dbf5000 -> pa=0x0x000000001dbf5000 fl=0x0x000000000000001b
nk4a: probe stk va=0x0xffff8000003ff000 -> pa=0x0x00000000003ff000 fl=0x0x0000000000000013
nk4a: probe dm va=0x0xffff808000200000 -> pa=0x0x0000000000200000 fl=0x0x0000000000000013
nk4a: cr3-done-0x0x00000000034c1000
nk4a: sa1-after cr3=0x0x00000000034c1000
nk4a: pre-restore- rip=0x00000000002278b9 rsp=0x00007fffffffb178
nk4a: pick->0x0000000000000008
nk4a: sa0-0x0000000000000008 root=0x0x000000001dfde000 cur=0x0x00000000034c1000
nk4a: gs2 gsbase=0x0x000000001dd340c0
nk4a: probe text va=0x0x000000001dbf5000 -> pa=0x0x000000001dbf5000 fl=0x0x000000000000041b
nk4a: probe stk va=0x0xffff8000003ff000 -> pa=0x0x00000000003ff000 fl=0x0x000000000000041b
nk4a: probe dm va=0x0xffff808000200000 -> pa=0x0x0000000000200000 fl=0x0x0000000000000413
nk4a: cr3-done-0x0x000000001dfde000
nk4a: sa1-after cr3=0x0x000000001dfde000
nk4a: pre-restore- rip=0x00000000002014ad rsp=0x00007fffffffc0b8
nk4a: vs0x00000000000000fc rip=0x0x00000000002014ad
nk4a: vm-pf recv
nk4a: vm-pf bytes 0000000000000000
nk4a: pick->0x0000000000000002
nk4a: sa0-0x0000000000000002 root=0x0x00000000034c1000 cur=0x0x000000001dfde000
nk4a: gs2 gsbase=0x0x000000001dd340c0
nk4a: probe text va=0x0x000000001dbf5000 -> pa=0x0x000000001dbf5000 fl=0x0x000000000000001b
nk4a: probe stk va=0x0xffff8000003ff000 -> pa=0x0x00000000003ff000 fl=0x0x0000000000000013
nk4a: probe dm va=0x0xffff808000200000 -> pa=0x0x0000000000200000 fl=0x0x0000000000000013
nk4a: cr3-done-0x0x00000000034c1000
nk4a: sa1-after cr3=0x0x00000000034c1000
nk4a: pre-restore- rip=0x00000000002278b9 rsp=0x00007fffffffb178
nk4a: pick->0x0000000000000008
nk4a: sa0-0x0000000000000008 root=0x0x000000001dfde000 cur=0x0x00000000034c1000
nk4a: gs2 gsbase=0x0x000000001dd340c0
nk4a: probe text va=0x0x000000001dbf5000 -> pa=0x0x000000001dbf5000 fl=0x0x000000000000041b
nk4a: probe stk va=0x0xffff8000003ff000 -> pa=0x0x00000000003ff000 fl=0x0x000000000000041b
nk4a: probe dm va=0x0xffff808000200000 -> pa=0x0x0000000000200000 fl=0x0x0000000000000413
nk4a: cr3-done-0x0x000000001dfde000
nk4a: sa1-after cr3=0x0x000000001dfde000
nk4a: pre-restore- rip=0x00000000002014ad rsp=0x00007fffffffc0b8
nk4a: vm-pf recv
nk4a: vm-pf bytes 0000000000000000
nk4a: pick->0x0000000000000002
nk4a: sa0-0x0000000000000002 root=0x0x00000000034c1000 cur=0x0x000000001dfde000
nk4a: gs2 gsbase=0x0x000000001dd340c0
nk4a: probe text va=0x0x000000001dbf5000 -> pa=0x0x000000001dbf5000 fl=0x0x000000000000001b
nk4a: probe stk va=0x0xffff8000003ff000 -> pa=0x0x00000000003ff000 fl=0x0x0000000000000013
nk4a: probe dm va=0x0xffff808000200000 -> pa=0x0x0000000000200000 fl=0x0x0000000000000013
nk4a: cr3-done-0x0x00000000034c1000
nk4a: sa1-after cr3=0x0x00000000034c1000
nk4a: pre-restore- rip=0x00000000002278b9 rsp=0x00007fffffffb178
nk4a: vs0x0000000000000100 rip=0x0x00000000002278b9
nk4a: pick->0x0000000000000008
nk4a: sa0-0x0000000000000008 root=0x0x000000001dfde000 cur=0x0x00000000034c1000
nk4a: gs2 gsbase=0x0x000000001dd340c0
nk4a: probe text va=0x0x000000001dbf5000 -> pa=0x0x000000001dbf5000 fl=0x0x000000000000041b
nk4a: probe stk va=0x0xffff8000003ff000 -> pa=0x0x00000000003ff000 fl=0x0x000000000000041b
nk4a: probe dm va=0x0xffff808000200000 -> pa=0x0x0000000000200000 fl=0x0x0000000000000413
nk4a: cr3-done-0x0x000000001dfde000
nk4a: sa1-after cr3=0x0x000000001dfde000
nk4a: pre-restore- rip=0x00000000002014ad rsp=0x00007fffffffc0b8
nk4a: vm-pf recv
nk4a: vm-pf bytes bb780a0000ba1802
nk4a: pick->0x0000000000000002
nk4a: sa0-0x0000000000000002 root=0x0x00000000034c1000 cur=0x0x000000001dfde000
nk4a: gs2 gsbase=0x0x000000001dd340c0
nk4a: probe text va=0x0x000000001dbf5000 -> pa=0x0x000000001dbf5000 fl=0x0x000000000000001b
nk4a: probe stk va=0x0xffff8000003ff000 -> pa=0x0x00000000003ff000 fl=0x0x0000000000000013
nk4a: probe dm va=0x0xffff808000200000 -> pa=0x0x0000000000200000 fl=0x0x0000000000000013
nk4a: cr3-done-0x0x00000000034c1000
nk4a: sa1-after cr3=0x0x00000000034c1000
nk4a: pre-restore- rip=0x000000000021a920 rsp=0x00007fffffffb1b8
nk4a: vs0x0000000000000103 rip=0x0x000000000021a920
nk4a: pick->0x0000000000000008
nk4a: sa0-0x0000000000000008 root=0x0x000000001dfde000 cur=0x0x00000000034c1000
nk4a: gs2 gsbase=0x0x000000001dd340c0
nk4a: probe text va=0x0x000000001dbf5000 -> pa=0x0x000000001dbf5000 fl=0x0x000000000000041b
nk4a: probe stk va=0x0xffff8000003ff000 -> pa=0x0x00000000003ff000 fl=0x0x000000000000041b
nk4a: probe dm va=0x0xffff808000200000 -> pa=0x0x0000000000200000 fl=0x0x0000000000000413
nk4a: cr3-done-0x0x000000001dfde000
nk4a: sa1-after cr3=0x0x000000001dfde000
nk4a: pre-restore- rip=0x00000000002014ad rsp=0x00007fffffffc0b8
nk4a: vm-pf recv
nk4a: vm-pf bytes 0000000000000000
nk4a: pick->0x0000000000000002
nk4a: sa0-0x0000000000000002 root=0x0x00000000034c1000 cur=0x0x000000001dfde000
nk4a: gs2 gsbase=0x0x000000001dd340c0
nk4a: probe text va=0x0x000000001dbf5000 -> pa=0x0x000000001dbf5000 fl=0x0x000000000000001b
nk4a: probe stk va=0x0xffff8000003ff000 -> pa=0x0x00000000003ff000 fl=0x0x0000000000000013
nk4a: probe dm va=0x0xffff808000200000 -> pa=0x0x0000000000200000 fl=0x0x0000000000000013
nk4a: cr3-done-0x0x00000000034c1000
nk4a: sa1-after cr3=0x0x00000000034c1000
nk4a: pre-restore- rip=0x000000000021a944 rsp=0x00007fffffffad90
nk4a: pick->0x0000000000000008
nk4a: sa0-0x0000000000000008 root=0x0x000000001dfde000 cur=0x0x00000000034c1000
nk4a: gs2 gsbase=0x0x000000001dd340c0
nk4a: probe text va=0x0x000000001dbf5000 -> pa=0x0x000000001dbf5000 fl=0x0x000000000000041b
nk4a: probe stk va=0x0xffff8000003ff000 -> pa=0x0x00000000003ff000 fl=0x0x000000000000041b
nk4a: probe dm va=0x0xffff808000200000 -> pa=0x0x0000000000200000 fl=0x0x0000000000000413
nk4a: cr3-done-0x0x000000001dfde000
nk4a: sa1-after cr3=0x0x000000001dfde000
nk4a: pre-restore- rip=0x00000000002014ad rsp=0x00007fffffffc0b8
nk4a: vm-pf recv
nk4a: vm-pf bytes 0000000000000000
nk4a: vs0x0000000000000107 rip=0x0x000000000022b42d
nk4a: pick->0x0000000000000002
nk4a: sa0-0x0000000000000002 root=0x0x00000000034c1000 cur=0x0x000000001dfde000
nk4a: gs2 gsbase=0x0x000000001dd340c0
nk4a: probe text va=0x0x000000001dbf5000 -> pa=0x0x000000001dbf5000 fl=0x0x000000000000001b
nk4a: probe stk va=0x0xffff8000003ff000 -> pa=0x0x00000000003ff000 fl=0x0x0000000000000013
nk4a: probe dm va=0x0xffff808000200000 -> pa=0x0x0000000000200000 fl=0x0x0000000000000013
nk4a: cr3-done-0x0x00000000034c1000
nk4a: sa1-after cr3=0x0x00000000034c1000
nk4a: pre-restore- rip=0x00000000002278b9 rsp=0x00007fffffffb178
nk4a: pick->0x0000000000000008
nk4a: sa0-0x0000000000000008 root=0x0x000000001dfde000 cur=0x0x00000000034c1000
nk4a: gs2 gsbase=0x0x000000001dd340c0
nk4a: probe text va=0x0x000000001dbf5000 -> pa=0x0x000000001dbf5000 fl=0x0x000000000000041b
nk4a: probe stk va=0x0xffff8000003ff000 -> pa=0x0x00000000003ff000 fl=0x0x000000000000041b
nk4a: probe dm va=0x0xffff808000200000 -> pa=0x0x0000000000200000 fl=0x0x0000000000000413
nk4a: cr3-done-0x0x000000001dfde000
nk4a: sa1-after cr3=0x0x000000001dfde000
nk4a: pre-restore- rip=0x00000000002014ad rsp=0x00007fffffffc0b8
nk4a: vm-pf recv
nk4a: vm-pf bytes c780e00300000000
nk4a: pick->0x0000000000000002
nk4a: sa0-0x0000000000000002 root=0x0x00000000034c1000 cur=0x0x000000001dfde000
nk4a: gs2 gsbase=0x0x000000001dd340c0
nk4a: probe text va=0x0x000000001dbf5000 -> pa=0x0x000000001dbf5000 fl=0x0x000000000000001b
nk4a: probe stk va=0x0xffff8000003ff000 -> pa=0x0x00000000003ff000 fl=0x0x0000000000000013
nk4a: probe dm va=0x0xffff808000200000 -> pa=0x0x0000000000200000 fl=0x0x0000000000000013
nk4a: cr3-done-0x0x00000000034c1000
nk4a: sa1-after cr3=0x0x00000000034c1000
nk4a: pre-restore- rip=0x0000000000211fff rsp=0x00007fffffffb1c0
nk4a: pick->0x0000000000000008
nk4a: sa0-0x0000000000000008 root=0x0x000000001dfde000 cur=0x0x00000000034c1000
nk4a: gs2 gsbase=0x0x000000001dd340c0
nk4a: probe text va=0x0x000000001dbf5000 -> pa=0x0x000000001dbf5000 fl=0x0x000000000000041b
nk4a: probe stk va=0x0xffff8000003ff000 -> pa=0x0x00000000003ff000 fl=0x0x000000000000041b
nk4a: probe dm va=0x0xffff808000200000 -> pa=0x0x0000000000200000 fl=0x0x0000000000000413
nk4a: cr3-done-0x0x000000001dfde000
nk4a: sa1-after cr3=0x0x000000001dfde000
nk4a: pre-restore- rip=0x00000000002014ad rsp=0x00007fffffffc0b8
nk4a: vs0x000000000000010c rip=0x0x00000000002014ad
nk4a: vm-pf recv
nk4a: vm-pf bytes 488944245048b8f8
nk4a: pick->0x0000000000000002
nk4a: sa0-0x0000000000000002 root=0x0x00000000034c1000 cur=0x0x000000001dfde000
nk4a: gs2 gsbase=0x0x000000001dd340c0
nk4a: probe text va=0x0x000000001dbf5000 -> pa=0x0x000000001dbf5000 fl=0x0x000000000000001b
nk4a: probe stk va=0x0xffff8000003ff000 -> pa=0x0x00000000003ff000 fl=0x0x0000000000000013
nk4a: probe dm va=0x0xffff808000200000 -> pa=0x0x0000000000200000 fl=0x0x0000000000000013
nk4a: cr3-done-0x0x00000000034c1000
nk4a: sa1-after cr3=0x0x00000000034c1000
nk4a: pre-restore- rip=0x0000000000209560 rsp=0x00007fffffffc388
nk4a: pick->0x0000000000000008
nk4a: sa0-0x0000000000000008 root=0x0x000000001dfde000 cur=0x0x00000000034c1000
nk4a: gs2 gsbase=0x0x000000001dd340c0
nk4a: probe text va=0x0x000000001dbf5000 -> pa=0x0x000000001dbf5000 fl=0x0x000000000000041b
nk4a: probe stk va=0x0xffff8000003ff000 -> pa=0x0x00000000003ff000 fl=0x0x000000000000041b
nk4a: probe dm va=0x0xffff808000200000 -> pa=0x0x0000000000200000 fl=0x0x0000000000000413
nk4a: cr3-done-0x0x000000001dfde000
nk4a: sa1-after cr3=0x0x000000001dfde000
nk4a: pre-restore- rip=0x00000000002014ad rsp=0x00007fffffffc0b8
nk4a: vm-pf recv
nk4a: vm-pf bytes 0000000000000000
nk4a: pick->0x0000000000000002
nk4a: sa0-0x0000000000000002 root=0x0x00000000034c1000 cur=0x0x000000001dfde000
nk4a: gs2 gsbase=0x0x000000001dd340c0
nk4a: probe text va=0x0x000000001dbf5000 -> pa=0x0x000000001dbf5000 fl=0x0x000000000000001b
nk4a: probe stk va=0x0xffff8000003ff000 -> pa=0x0x00000000003ff000 fl=0x0x0000000000000013
nk4a: probe dm va=0x0xffff808000200000 -> pa=0x0x0000000000200000 fl=0x0x0000000000000013
nk4a: cr3-done-0x0x00000000034c1000
nk4a: sa1-after cr3=0x0x00000000034c1000
nk4a: pre-restore- rip=0x000000000020c791 rsp=0x00007fffffff9e00
nk4a: vs0x0000000000000110 rip=0x0x000000000020c791
nk4a: pick->0x0000000000000008
nk4a: sa0-0x0000000000000008 root=0x0x000000001dfde000 cur=0x0x00000000034c1000
nk4a: gs2 gsbase=0x0x000000001dd340c0
nk4a: probe text va=0x0x000000001dbf5000 -> pa=0x0x000000001dbf5000 fl=0x0x000000000000041b
nk4a: probe stk va=0x0xffff8000003ff000 -> pa=0x0x00000000003ff000 fl=0x0x000000000000041b
nk4a: probe dm va=0x0xffff808000200000 -> pa=0x0x0000000000200000 fl=0x0x0000000000000413
nk4a: cr3-done-0x0x000000001dfde000
nk4a: sa1-after cr3=0x0x000000001dfde000
nk4a: pre-restore- rip=0x00000000002014ad rsp=0x00007fffffffc0b8
nk4a: vm-pf recv
nk4a: vm-pf bytes 5dc3488b4c241848
nk4a: pick->0x0000000000000002
nk4a: sa0-0x0000000000000002 root=0x0x00000000034c1000 cur=0x0x000000001dfde000
nk4a: gs2 gsbase=0x0x000000001dd340c0
nk4a: probe text va=0x0x000000001dbf5000 -> pa=0x0x000000001dbf5000 fl=0x0x000000000000001b
nk4a: probe stk va=0x0xffff8000003ff000 -> pa=0x0x00000000003ff000 fl=0x0x0000000000000013
nk4a: probe dm va=0x0xffff808000200000 -> pa=0x0x0000000000200000 fl=0x0x0000000000000013
nk4a: cr3-done-0x0x00000000034c1000
nk4a: sa1-after cr3=0x0x00000000034c1000
nk4a: pre-restore- rip=0x0000000000214a00 rsp=0x00007fffffff9df8
nk4a: kc0x0000000000000007 caller=0x0000000000000002 call=0x000000000000001a
nk4a: kc0x0000000000000008 caller=0x0000000000000002 call=0x000000000000001a
nk4a: vs0x0000000000000113 rip=0x0x0000000000214be7
nk4a: pick->0x0000000000000008
nk4a: sa0-0x0000000000000008 root=0x0x000000001dfde000 cur=0x0x00000000034c1000
nk4a: gs2 gsbase=0x0x000000001dd340c0
nk4a: probe text va=0x0x000000001dbf5000 -> pa=0x0x000000001dbf5000 fl=0x0x000000000000041b
nk4a: probe stk va=0x0xffff8000003ff000 -> pa=0x0x00000000003ff000 fl=0x0x000000000000041b
nk4a: probe dm va=0x0xffff808000200000 -> pa=0x0x0000000000200000 fl=0x0x0000000000000413
nk4a: cr3-done-0x0x000000001dfde000
nk4a: sa1-after cr3=0x0x000000001dfde000
nk4a: pre-restore- rip=0x00000000002014ad rsp=0x00007fffffffc0b8
nk4a: vm-pf recv
nk4a: vm-pf bytes 0000000000000000
nk4a: pick->0x0000000000000002
nk4a: sa0-0x0000000000000002 root=0x0x00000000034c1000 cur=0x0x000000001dfde000
nk4a: gs2 gsbase=0x0x000000001dd340c0
nk4a: probe text va=0x0x000000001dbf5000 -> pa=0x0x000000001dbf5000 fl=0x0x000000000000001b
nk4a: probe stk va=0x0xffff8000003ff000 -> pa=0x0x00000000003ff000 fl=0x0x0000000000000013
nk4a: probe dm va=0x0xffff808000200000 -> pa=0x0x0000000000200000 fl=0x0x0000000000000013
nk4a: cr3-done-0x0x00000000034c1000
nk4a: sa1-after cr3=0x0x00000000034c1000
nk4a: pre-restore- rip=0x0000000000211a1c rsp=0x00007fffffff8de0
nk4a: pick->0x0000000000000008
nk4a: sa0-0x0000000000000008 root=0x0x000000001dfde000 cur=0x0x00000000034c1000
nk4a: gs2 gsbase=0x0x000000001dd340c0
nk4a: probe text va=0x0x000000001dbf5000 -> pa=0x0x000000001dbf5000 fl=0x0x000000000000041b
nk4a: probe stk va=0x0xffff8000003ff000 -> pa=0x0x00000000003ff000 fl=0x0x000000000000041b
nk4a: probe dm va=0x0xffff808000200000 -> pa=0x0x0000000000200000 fl=0x0x0000000000000413
nk4a: cr3-done-0x0x000000001dfde000
nk4a: sa1-after cr3=0x0x000000001dfde000
nk4a: pre-restore- rip=0x00000000002014ad rsp=0x00007fffffffc0b8
nk4a: vm-pf recv
nk4a: vm-pf bytes 0000000000000000
nk4a: pick->0x0000000000000002
nk4a: sa0-0x0000000000000002 root=0x0x00000000034c1000 cur=0x0x000000001dfde000
nk4a: gs2 gsbase=0x0x000000001dd340c0
nk4a: probe text va=0x0x000000001dbf5000 -> pa=0x0x000000001dbf5000 fl=0x0x000000000000001b
nk4a: probe stk va=0x0xffff8000003ff000 -> pa=0x0x00000000003ff000 fl=0x0x0000000000000013
nk4a: probe dm va=0x0xffff808000200000 -> pa=0x0x0000000000200000 fl=0x0x0000000000000013
nk4a: cr3-done-0x0x00000000034c1000
nk4a: sa1-after cr3=0x0x00000000034c1000
nk4a: pre-restore- rip=0x00000000002278b9 rsp=0x00007fffffff8d68
nk4a: vs0x0000000000000118 rip=0x0x00000000002278b9
nk4a: pick->0x0000000000000008
nk4a: sa0-0x0000000000000008 root=0x0x000000001dfde000 cur=0x0x00000000034c1000
nk4a: gs2 gsbase=0x0x000000001dd340c0
nk4a: probe text va=0x0x000000001dbf5000 -> pa=0x0x000000001dbf5000 fl=0x0x000000000000041b
nk4a: probe stk va=0x0xffff8000003ff000 -> pa=0x0x00000000003ff000 fl=0x0x000000000000041b
nk4a: probe dm va=0x0xffff808000200000 -> pa=0x0x0000000000200000 fl=0x0x0000000000000413
nk4a: cr3-done-0x0x000000001dfde000
nk4a: sa1-after cr3=0x0x000000001dfde000
nk4a: pre-restore- rip=0x00000000002014ad rsp=0x00007fffffffc0b8
nk4a: vm-pf recv
nk4a: vm-pf bytes 0000000000000000
nk4a: pick->0x0000000000000002
nk4a: sa0-0x0000000000000002 root=0x0x00000000034c1000 cur=0x0x000000001dfde000
nk4a: gs2 gsbase=0x0x000000001dd340c0
nk4a: probe text va=0x0x000000001dbf5000 -> pa=0x0x000000001dbf5000 fl=0x0x000000000000001b
nk4a: probe stk va=0x0xffff8000003ff000 -> pa=0x0x00000000003ff000 fl=0x0x0000000000000013
nk4a: probe dm va=0x0xffff808000200000 -> pa=0x0x0000000000200000 fl=0x0x0000000000000013
nk4a: cr3-done-0x0x00000000034c1000
nk4a: sa1-after cr3=0x0x00000000034c1000
nk4a: pre-restore- rip=0x00000000002278b9 rsp=0x00007fffffff8d68
nk4a: pick->0x0000000000000008
nk4a: sa0-0x0000000000000008 root=0x0x000000001dfde000 cur=0x0x00000000034c1000
nk4a: gs2 gsbase=0x0x000000001dd340c0
nk4a: probe text va=0x0x000000001dbf5000 -> pa=0x0x000000001dbf5000 fl=0x0x000000000000041b
nk4a: probe stk va=0x0xffff8000003ff000 -> pa=0x0x00000000003ff000 fl=0x0x000000000000041b
nk4a: probe dm va=0x0xffff808000200000 -> pa=0x0x0000000000200000 fl=0x0x0000000000000413
nk4a: cr3-done-0x0x000000001dfde000
nk4a: sa1-after cr3=0x0x000000001dfde000
nk4a: pre-restore- rip=0x00000000002014ad rsp=0x00007fffffffc0b8
nk4a: vs0x000000000000011c rip=0x0x00000000002014ad
nk4a: vm-pf recv
nk4a: vm-pf bytes 0000000000000000
nk4a: pick->0x0000000000000002
nk4a: sa0-0x0000000000000002 root=0x0x00000000034c1000 cur=0x0x000000001dfde000
nk4a: gs2 gsbase=0x0x000000001dd340c0
nk4a: probe text va=0x0x000000001dbf5000 -> pa=0x0x000000001dbf5000 fl=0x0x000000000000001b
nk4a: probe stk va=0x0xffff8000003ff000 -> pa=0x0x00000000003ff000 fl=0x0x0000000000000013
nk4a: probe dm va=0x0xffff808000200000 -> pa=0x0x0000000000200000 fl=0x0x0000000000000013
nk4a: cr3-done-0x0x00000000034c1000
nk4a: sa1-after cr3=0x0x00000000034c1000
nk4a: pre-restore- rip=0x00000000002278b9 rsp=0x00007fffffff8d68
nk4a: pick->0x0000000000000008
nk4a: sa0-0x0000000000000008 root=0x0x000000001dfde000 cur=0x0x00000000034c1000
nk4a: gs2 gsbase=0x0x000000001dd340c0
nk4a: probe text va=0x0x000000001dbf5000 -> pa=0x0x000000001dbf5000 fl=0x0x000000000000041b
nk4a: probe stk va=0x0xffff8000003ff000 -> pa=0x0x00000000003ff000 fl=0x0x000000000000041b
nk4a: probe dm va=0x0xffff808000200000 -> pa=0x0x0000000000200000 fl=0x0x0000000000000413
nk4a: cr3-done-0x0x000000001dfde000
nk4a: sa1-after cr3=0x0x000000001dfde000
nk4a: pre-restore- rip=0x00000000002014ad rsp=0x00007fffffffc0b8
nk4a: vm-pf recv
nk4a: vm-pf bytes 0000000000000000
nk4a: pick->0x0000000000000002
nk4a: sa0-0x0000000000000002 root=0x0x00000000034c1000 cur=0x0x000000001dfde000
nk4a: gs2 gsbase=0x0x000000001dd340c0
nk4a: probe text va=0x0x000000001dbf5000 -> pa=0x0x000000001dbf5000 fl=0x0x000000000000001b
nk4a: probe stk va=0x0xffff8000003ff000 -> pa=0x0x00000000003ff000 fl=0x0x0000000000000013
nk4a: probe dm va=0x0xffff808000200000 -> pa=0x0x0000000000200000 fl=0x0x0000000000000013
nk4a: cr3-done-0x0x00000000034c1000
nk4a: sa1-after cr3=0x0x00000000034c1000
nk4a: pre-restore- rip=0x00000000002278b9 rsp=0x00007fffffff8d68
nk4a: vs0x0000000000000120 rip=0x0x00000000002278b9
nk4a: pick->0x0000000000000008
nk4a: sa0-0x0000000000000008 root=0x0x000000001dfde000 cur=0x0x00000000034c1000
nk4a: gs2 gsbase=0x0x000000001dd340c0
nk4a: probe text va=0x0x000000001dbf5000 -> pa=0x0x000000001dbf5000 fl=0x0x000000000000041b
nk4a: probe stk va=0x0xffff8000003ff000 -> pa=0x0x00000000003ff000 fl=0x0x000000000000041b
nk4a: probe dm va=0x0xffff808000200000 -> pa=0x0x0000000000200000 fl=0x0x0000000000000413
nk4a: cr3-done-0x0x000000001dfde000
nk4a: sa1-after cr3=0x0x000000001dfde000
nk4a: pre-restore- rip=0x00000000002014ad rsp=0x00007fffffffc0b8
nk4a: vm-pf recv
nk4a: vm-pf bytes 0000000000000000
nk4a: pick->0x0000000000000002
nk4a: sa0-0x0000000000000002 root=0x0x00000000034c1000 cur=0x0x000000001dfde000
nk4a: gs2 gsbase=0x0x000000001dd340c0
nk4a: probe text va=0x0x000000001dbf5000 -> pa=0x0x000000001dbf5000 fl=0x0x000000000000001b
nk4a: probe stk va=0x0xffff8000003ff000 -> pa=0x0x00000000003ff000 fl=0x0x0000000000000013
nk4a: probe dm va=0x0xffff808000200000 -> pa=0x0x0000000000200000 fl=0x0x0000000000000013
nk4a: cr3-done-0x0x00000000034c1000
nk4a: sa1-after cr3=0x0x00000000034c1000
nk4a: pre-restore- rip=0x00000000002278b9 rsp=0x00007fffffff8d68
nk4a: pick->0x0000000000000008
nk4a: sa0-0x0000000000000008 root=0x0x000000001dfde000 cur=0x0x00000000034c1000
nk4a: gs2 gsbase=0x0x000000001dd340c0
nk4a: probe text va=0x0x000000001dbf5000 -> pa=0x0x000000001dbf5000 fl=0x0x000000000000041b
nk4a: probe stk va=0x0xffff8000003ff000 -> pa=0x0x00000000003ff000 fl=0x0x000000000000041b
nk4a: probe dm va=0x0xffff808000200000 -> pa=0x0x0000000000200000 fl=0x0x0000000000000413
nk4a: cr3-done-0x0x000000001dfde000
nk4a: sa1-after cr3=0x0x000000001dfde000
nk4a: pre-restore- rip=0x00000000002014ad rsp=0x00007fffffffc0b8
nk4a: vs0x0000000000000124 rip=0x0x00000000002014ad
nk4a: vm-pf recv
nk4a: vm-pf bytes 0000000000000000
nk4a: pick->0x0000000000000002
nk4a: sa0-0x0000000000000002 root=0x0x00000000034c1000 cur=0x0x000000001dfde000
nk4a: gs2 gsbase=0x0x000000001dd340c0
nk4a: probe text va=0x0x000000001dbf5000 -> pa=0x0x000000001dbf5000 fl=0x0x000000000000001b
nk4a: probe stk va=0x0xffff8000003ff000 -> pa=0x0x00000000003ff000 fl=0x0x0000000000000013
nk4a: probe dm va=0x0xffff808000200000 -> pa=0x0x0000000000200000 fl=0x0x0000000000000013
nk4a: cr3-done-0x0x00000000034c1000
nk4a: sa1-after cr3=0x0x00000000034c1000
nk4a: pre-restore- rip=0x00000000002278b9 rsp=0x00007fffffff8d68
nk4a: pick->0x0000000000000008
nk4a: sa0-0x0000000000000008 root=0x0x000000001dfde000 cur=0x0x00000000034c1000
nk4a: gs2 gsbase=0x0x000000001dd340c0
nk4a: probe text va=0x0x000000001dbf5000 -> pa=0x0x000000001dbf5000 fl=0x0x000000000000041b
nk4a: probe stk va=0x0xffff8000003ff000 -> pa=0x0x00000000003ff000 fl=0x0x000000000000041b
nk4a: probe dm va=0x0xffff808000200000 -> pa=0x0x0000000000200000 fl=0x0x0000000000000413
nk4a: cr3-done-0x0x000000001dfde000
nk4a: sa1-after cr3=0x0x000000001dfde000
nk4a: pre-restore- rip=0x00000000002014ad rsp=0x00007fffffffc0b8
nk4a: vm-pf recv
nk4a: vm-pf bytes 0000000000000000
nk4a: pick->0x0000000000000002
nk4a: sa0-0x0000000000000002 root=0x0x00000000034c1000 cur=0x0x000000001dfde000
nk4a: gs2 gsbase=0x0x000000001dd340c0
nk4a: probe text va=0x0x000000001dbf5000 -> pa=0x0x000000001dbf5000 fl=0x0x000000000000001b
nk4a: probe stk va=0x0xffff8000003ff000 -> pa=0x0x00000000003ff000 fl=0x0x0000000000000013
nk4a: probe dm va=0x0xffff808000200000 -> pa=0x0x0000000000200000 fl=0x0x0000000000000013
nk4a: cr3-done-0x0x00000000034c1000
nk4a: sa1-after cr3=0x0x00000000034c1000
nk4a: pre-restore- rip=0x00000000002278b9 rsp=0x00007fffffff8d68
nk4a: vs0x0000000000000128 rip=0x0x00000000002278b9
nk4a: pick->0x0000000000000008
nk4a: sa0-0x0000000000000008 root=0x0x000000001dfde000 cur=0x0x00000000034c1000
nk4a: gs2 gsbase=0x0x000000001dd340c0
nk4a: probe text va=0x0x000000001dbf5000 -> pa=0x0x000000001dbf5000 fl=0x0x000000000000041b
nk4a: probe stk va=0x0xffff8000003ff000 -> pa=0x0x00000000003ff000 fl=0x0x000000000000041b
nk4a: probe dm va=0x0xffff808000200000 -> pa=0x0x0000000000200000 fl=0x0x0000000000000413
nk4a: cr3-done-0x0x000000001dfde000
nk4a: sa1-after cr3=0x0x000000001dfde000
nk4a: pre-restore- rip=0x00000000002014ad rsp=0x00007fffffffc0b8
nk4a: vm-pf recv
nk4a: vm-pf bytes 0000000000000000
nk4a: pick->0x0000000000000002
nk4a: sa0-0x0000000000000002 root=0x0x00000000034c1000 cur=0x0x000000001dfde000
nk4a: gs2 gsbase=0x0x000000001dd340c0
nk4a: probe text va=0x0x000000001dbf5000 -> pa=0x0x000000001dbf5000 fl=0x0x000000000000001b
nk4a: probe stk va=0x0xffff8000003ff000 -> pa=0x0x00000000003ff000 fl=0x0x0000000000000013
nk4a: probe dm va=0x0xffff808000200000 -> pa=0x0x0000000000200000 fl=0x0x0000000000000013
nk4a: cr3-done-0x0x00000000034c1000
nk4a: sa1-after cr3=0x0x00000000034c1000
nk4a: pre-restore- rip=0x00000000002278b9 rsp=0x00007fffffff8d68
nk4a: pick->0x0000000000000008
nk4a: sa0-0x0000000000000008 root=0x0x000000001dfde000 cur=0x0x00000000034c1000
nk4a: gs2 gsbase=0x0x000000001dd340c0
nk4a: probe text va=0x0x000000001dbf5000 -> pa=0x0x000000001dbf5000 fl=0x0x000000000000041b
nk4a: probe stk va=0x0xffff8000003ff000 -> pa=0x0x00000000003ff000 fl=0x0x000000000000041b
nk4a: probe dm va=0x0xffff808000200000 -> pa=0x0x0000000000200000 fl=0x0x0000000000000413
nk4a: cr3-done-0x0x000000001dfde000
nk4a: sa1-after cr3=0x0x000000001dfde000
nk4a: pre-restore- rip=0x00000000002014ad rsp=0x00007fffffffc0b8
nk4a: vm-pf recv
nk4a: vm-pf bytes 0000000000000000
nk4a: pick->0x0000000000000002
nk4a: sa0-0x0000000000000002 root=0x0x00000000034c1000 cur=0x0x000000001dfde000
nk4a: gs2 gsbase=0x0x000000001dd340c0
nk4a: probe text va=0x0x000000001dbf5000 -> pa=0x0x000000001dbf5000 fl=0x0x000000000000001b
nk4a: probe stk va=0x0xffff8000003ff000 -> pa=0x0x00000000003ff000 fl=0x0x0000000000000013
nk4a: probe dm va=0x0xffff808000200000 -> pa=0x0x0000000000200000 fl=0x0x0000000000000013
nk4a: cr3-done-0x0x00000000034c1000
nk4a: sa1-after cr3=0x0x00000000034c1000
nk4a: pre-restore- rip=0x00000000002278b9 rsp=0x00007fffffff8d68
nk4a: vs0x000000000000012d rip=0x0x00000000002278b9
nk4a: pick->0x0000000000000008
nk4a: sa0-0x0000000000000008 root=0x0x000000001dfde000 cur=0x0x00000000034c1000
nk4a: gs2 gsbase=0x0x000000001dd340c0
nk4a: probe text va=0x0x000000001dbf5000 -> pa=0x0x000000001dbf5000 fl=0x0x000000000000041b
nk4a: probe stk va=0x0xffff8000003ff000 -> pa=0x0x00000000003ff000 fl=0x0x000000000000041b
nk4a: probe dm va=0x0xffff808000200000 -> pa=0x0x0000000000200000 fl=0x0x0000000000000413
nk4a: cr3-done-0x0x000000001dfde000
nk4a: sa1-after cr3=0x0x000000001dfde000
nk4a: pre-restore- rip=0x00000000002014ad rsp=0x00007fffffffc0b8
nk4a: vm-pf recv
nk4a: vm-pf bytes 0000000000000000
nk4a: pick->0x0000000000000002
nk4a: sa0-0x0000000000000002 root=0x0x00000000034c1000 cur=0x0x000000001dfde000
nk4a: gs2 gsbase=0x0x000000001dd340c0
nk4a: probe text va=0x0x000000001dbf5000 -> pa=0x0x000000001dbf5000 fl=0x0x000000000000001b
nk4a: probe stk va=0x0xffff8000003ff000 -> pa=0x0x00000000003ff000 fl=0x0x0000000000000013
nk4a: probe dm va=0x0xffff808000200000 -> pa=0x0x0000000000200000 fl=0x0x0000000000000013
nk4a: cr3-done-0x0x00000000034c1000
nk4a: sa1-after cr3=0x0x00000000034c1000
nk4a: pre-restore- rip=0x00000000002278b9 rsp=0x00007fffffff8d68
nk4a: pick->0x0000000000000008
nk4a: sa0-0x0000000000000008 root=0x0x000000001dfde000 cur=0x0x00000000034c1000
nk4a: gs2 gsbase=0x0x000000001dd340c0
nk4a: probe text va=0x0x000000001dbf5000 -> pa=0x0x000000001dbf5000 fl=0x0x000000000000041b
nk4a: probe stk va=0x0xffff8000003ff000 -> pa=0x0x00000000003ff000 fl=0x0x000000000000041b
nk4a: probe dm va=0x0xffff808000200000 -> pa=0x0x0000000000200000 fl=0x0x0000000000000413
nk4a: cr3-done-0x0x000000001dfde000
nk4a: sa1-after cr3=0x0x000000001dfde000
nk4a: pre-restore- rip=0x00000000002014ad rsp=0x00007fffffffc0b8
nk4a: vs0x0000000000000131 rip=0x0x00000000002014ad
nk4a: vm-pf recv
nk4a: vm-pf bytes 0000000000000000
nk4a: pick->0x0000000000000002
nk4a: sa0-0x0000000000000002 root=0x0x00000000034c1000 cur=0x0x000000001dfde000
nk4a: gs2 gsbase=0x0x000000001dd340c0
nk4a: probe text va=0x0x000000001dbf5000 -> pa=0x0x000000001dbf5000 fl=0x0x000000000000001b
nk4a: probe stk va=0x0xffff8000003ff000 -> pa=0x0x00000000003ff000 fl=0x0x0000000000000013
nk4a: probe dm va=0x0xffff808000200000 -> pa=0x0x0000000000200000 fl=0x0x0000000000000013
nk4a: cr3-done-0x0x00000000034c1000
nk4a: sa1-after cr3=0x0x00000000034c1000
nk4a: pre-restore- rip=0x00000000002278b9 rsp=0x00007fffffff8d68
nk4a: pick->0x0000000000000008
nk4a: sa0-0x0000000000000008 root=0x0x000000001dfde000 cur=0x0x00000000034c1000
nk4a: gs2 gsbase=0x0x000000001dd340c0
nk4a: probe text va=0x0x000000001dbf5000 -> pa=0x0x000000001dbf5000 fl=0x0x000000000000041b
nk4a: probe stk va=0x0xffff8000003ff000 -> pa=0x0x00000000003ff000 fl=0x0x000000000000041b
nk4a: probe dm va=0x0xffff808000200000 -> pa=0x0x0000000000200000 fl=0x0x0000000000000413
nk4a: cr3-done-0x0x000000001dfde000
nk4a: sa1-after cr3=0x0x000000001dfde000
nk4a: pre-restore- rip=0x00000000002014ad rsp=0x00007fffffffc0b8
nk4a: vm-pf recv
nk4a: vm-pf bytes 0000000000000000
nk4a: pick->0x0000000000000002
nk4a: sa0-0x0000000000000002 root=0x0x00000000034c1000 cur=0x0x000000001dfde000
nk4a: gs2 gsbase=0x0x000000001dd340c0
nk4a: probe text va=0x0x000000001dbf5000 -> pa=0x0x000000001dbf5000 fl=0x0x000000000000001b
nk4a: probe stk va=0x0xffff8000003ff000 -> pa=0x0x00000000003ff000 fl=0x0x0000000000000013
nk4a: probe dm va=0x0xffff808000200000 -> pa=0x0x0000000000200000 fl=0x0x0000000000000013
nk4a: cr3-done-0x0x00000000034c1000
nk4a: sa1-after cr3=0x0x00000000034c1000
nk4a: pre-restore- rip=0x00000000002278b9 rsp=0x00007fffffff8d68
nk4a: vs0x0000000000000135 rip=0x0x00000000002278b9
nk4a: pick->0x0000000000000008
nk4a: sa0-0x0000000000000008 root=0x0x000000001dfde000 cur=0x0x00000000034c1000
nk4a: gs2 gsbase=0x0x000000001dd340c0
nk4a: probe text va=0x0x000000001dbf5000 -> pa=0x0x000000001dbf5000 fl=0x0x000000000000041b
nk4a: probe stk va=0x0xffff8000003ff000 -> pa=0x0x00000000003ff000 fl=0x0x000000000000041b
nk4a: probe dm va=0x0xffff808000200000 -> pa=0x0x0000000000200000 fl=0x0x0000000000000413
nk4a: cr3-done-0x0x000000001dfde000
nk4a: sa1-after cr3=0x0x000000001dfde000
nk4a: pre-restore- rip=0x00000000002014ad rsp=0x00007fffffffc0b8
nk4a: vm-pf recv
nk4a: vm-pf bytes 0000000000000000
nk4a: pick->0x0000000000000002
nk4a: sa0-0x0000000000000002 root=0x0x00000000034c1000 cur=0x0x000000001dfde000
nk4a: gs2 gsbase=0x0x000000001dd340c0
nk4a: probe text va=0x0x000000001dbf5000 -> pa=0x0x000000001dbf5000 fl=0x0x000000000000001b
nk4a: probe stk va=0x0xffff8000003ff000 -> pa=0x0x00000000003ff000 fl=0x0x0000000000000013
nk4a: probe dm va=0x0xffff808000200000 -> pa=0x0x0000000000200000 fl=0x0x0000000000000013
nk4a: cr3-done-0x0x00000000034c1000
nk4a: sa1-after cr3=0x0x00000000034c1000
nk4a: pre-restore- rip=0x00000000002278b9 rsp=0x00007fffffff8d68
nk4a: pick->0x0000000000000008
nk4a: sa0-0x0000000000000008 root=0x0x000000001dfde000 cur=0x0x00000000034c1000
nk4a: gs2 gsbase=0x0x000000001dd340c0
nk4a: probe text va=0x0x000000001dbf5000 -> pa=0x0x000000001dbf5000 fl=0x0x000000000000041b
nk4a: probe stk va=0x0xffff8000003ff000 -> pa=0x0x00000000003ff000 fl=0x0x000000000000041b
nk4a: probe dm va=0x0xffff808000200000 -> pa=0x0x0000000000200000 fl=0x0x0000000000000413
nk4a: cr3-done-0x0x000000001dfde000
nk4a: sa1-after cr3=0x0x000000001dfde000
nk4a: pre-restore- rip=0x00000000002014ad rsp=0x00007fffffffc0b8
nk4a: vm-pf recv
nk4a: vm-pf bytes 0000000000000000
nk4a: pick->0x0000000000000002
nk4a: sa0-0x0000000000000002 root=0x0x00000000034c1000 cur=0x0x000000001dfde000
nk4a: gs2 gsbase=0x0x000000001dd340c0
nk4a: probe text va=0x0x000000001dbf5000 -> pa=0x0x000000001dbf5000 fl=0x0x000000000000001b
nk4a: probe stk va=0x0xffff8000003ff000 -> pa=0x0x00000000003ff000 fl=0x0x0000000000000013
nk4a: probe dm va=0x0xffff808000200000 -> pa=0x0x0000000000200000 fl=0x0x0000000000000013
nk4a: cr3-done-0x0x00000000034c1000
nk4a: sa1-after cr3=0x0x00000000034c1000
nk4a: pre-restore- rip=0x00000000002278b9 rsp=0x00007fffffff8d68
nk4a: vs0x000000000000013a rip=0x0x00000000002278b9
nk4a: pick->0x0000000000000008
nk4a: sa0-0x0000000000000008 root=0x0x000000001dfde000 cur=0x0x00000000034c1000
nk4a: gs2 gsbase=0x0x000000001dd340c0
nk4a: probe text va=0x0x000000001dbf5000 -> pa=0x0x000000001dbf5000 fl=0x0x000000000000041b
nk4a: probe stk va=0x0xffff8000003ff000 -> pa=0x0x00000000003ff000 fl=0x0x000000000000041b
nk4a: probe dm va=0x0xffff808000200000 -> pa=0x0x0000000000200000 fl=0x0x0000000000000413
nk4a: cr3-done-0x0x000000001dfde000
nk4a: sa1-after cr3=0x0x000000001dfde000
nk4a: pre-restore- rip=0x00000000002014ad rsp=0x00007fffffffc0b8
nk4a: vm-pf recv
nk4a: vm-pf bytes 0000000000000000
nk4a: pick->0x0000000000000002
nk4a: sa0-0x0000000000000002 root=0x0x00000000034c1000 cur=0x0x000000001dfde000
nk4a: gs2 gsbase=0x0x000000001dd340c0
nk4a: probe text va=0x0x000000001dbf5000 -> pa=0x0x000000001dbf5000 fl=0x0x000000000000001b
nk4a: probe stk va=0x0xffff8000003ff000 -> pa=0x0x00000000003ff000 fl=0x0x0000000000000013
nk4a: probe dm va=0x0xffff808000200000 -> pa=0x0x0000000000200000 fl=0x0x0000000000000013
nk4a: cr3-done-0x0x00000000034c1000
nk4a: sa1-after cr3=0x0x00000000034c1000
nk4a: pre-restore- rip=0x00000000002278b9 rsp=0x00007fffffff8d68
nk4a: pick->0x0000000000000008
nk4a: sa0-0x0000000000000008 root=0x0x000000001dfde000 cur=0x0x00000000034c1000
nk4a: gs2 gsbase=0x0x000000001dd340c0
nk4a: probe text va=0x0x000000001dbf5000 -> pa=0x0x000000001dbf5000 fl=0x0x000000000000041b
nk4a: probe stk va=0x0xffff8000003ff000 -> pa=0x0x00000000003ff000 fl=0x0x000000000000041b
nk4a: probe dm va=0x0xffff808000200000 -> pa=0x0x0000000000200000 fl=0x0x0000000000000413
nk4a: cr3-done-0x0x000000001dfde000
nk4a: sa1-after cr3=0x0x000000001dfde000
nk4a: pre-restore- rip=0x00000000002014ad rsp=0x00007fffffffc0b8
nk4a: vs0x000000000000013e rip=0x0x00000000002014ad
nk4a: vm-pf recv
nk4a: vm-pf bytes 0000000000000000
nk4a: pick->0x0000000000000002
nk4a: sa0-0x0000000000000002 root=0x0x00000000034c1000 cur=0x0x000000001dfde000
nk4a: gs2 gsbase=0x0x000000001dd340c0
nk4a: probe text va=0x0x000000001dbf5000 -> pa=0x0x000000001dbf5000 fl=0x0x000000000000001b
nk4a: probe stk va=0x0xffff8000003ff000 -> pa=0x0x00000000003ff000 fl=0x0x0000000000000013
nk4a: probe dm va=0x0xffff808000200000 -> pa=0x0x0000000000200000 fl=0x0x0000000000000013
nk4a: cr3-done-0x0x00000000034c1000
nk4a: sa1-after cr3=0x0x00000000034c1000
nk4a: pre-restore- rip=0x00000000002278b9 rsp=0x00007fffffff8d68
nk4a: pick->0x0000000000000008
nk4a: sa0-0x0000000000000008 root=0x0x000000001dfde000 cur=0x0x00000000034c1000
nk4a: gs2 gsbase=0x0x000000001dd340c0
nk4a: probe text va=0x0x000000001dbf5000 -> pa=0x0x000000001dbf5000 fl=0x0x000000000000041b
nk4a: probe stk va=0x0xffff8000003ff000 -> pa=0x0x00000000003ff000 fl=0x0x000000000000041b
nk4a: probe dm va=0x0xffff808000200000 -> pa=0x0x0000000000200000 fl=0x0x0000000000000413
nk4a: cr3-done-0x0x000000001dfde000
nk4a: sa1-after cr3=0x0x000000001dfde000
nk4a: pre-restore- rip=0x00000000002014ad rsp=0x00007fffffffc0b8
nk4a: vm-pf recv
nk4a: vm-pf bytes 0000000000000000
nk4a: pick->0x0000000000000002
nk4a: sa0-0x0000000000000002 root=0x0x00000000034c1000 cur=0x0x000000001dfde000
nk4a: gs2 gsbase=0x0x000000001dd340c0
nk4a: probe text va=0x0x000000001dbf5000 -> pa=0x0x000000001dbf5000 fl=0x0x000000000000001b
nk4a: probe stk va=0x0xffff8000003ff000 -> pa=0x0x00000000003ff000 fl=0x0x0000000000000013
nk4a: probe dm va=0x0xffff808000200000 -> pa=0x0x0000000000200000 fl=0x0x0000000000000013
nk4a: cr3-done-0x0x00000000034c1000
nk4a: sa1-after cr3=0x0x00000000034c1000
nk4a: pre-restore- rip=0x00000000002278b9 rsp=0x00007fffffff8d68
nk4a: pick->0x0000000000000008
nk4a: sa0-0x0000000000000008 root=0x0x000000001dfde000 cur=0x0x00000000034c1000
nk4a: gs2 gsbase=0x0x000000001dd340c0
nk4a: probe text va=0x0x000000001dbf5000 -> pa=0x0x000000001dbf5000 fl=0x0x000000000000041b
nk4a: probe stk va=0x0xffff8000003ff000 -> pa=0x0x00000000003ff000 fl=0x0x000000000000041b
nk4a: probe dm va=0x0xffff808000200000 -> pa=0x0x0000000000200000 fl=0x0x0000000000000413
nk4a: cr3-done-0x0x000000001dfde000
nk4a: sa1-after cr3=0x0x000000001dfde000
nk4a: pre-restore- rip=0x00000000002014ad rsp=0x00007fffffffc0b8
nk4a: vs0x0000000000000143 rip=0x0x00000000002014ad
nk4a: vm-pf recv
nk4a: vm-pf bytes 0000000000000000
nk4a: pick->0x0000000000000002
nk4a: sa0-0x0000000000000002 root=0x0x00000000034c1000 cur=0x0x000000001dfde000
nk4a: gs2 gsbase=0x0x000000001dd340c0
nk4a: probe text va=0x0x000000001dbf5000 -> pa=0x0x000000001dbf5000 fl=0x0x000000000000001b
nk4a: probe stk va=0x0xffff8000003ff000 -> pa=0x0x00000000003ff000 fl=0x0x0000000000000013
nk4a: probe dm va=0x0xffff808000200000 -> pa=0x0x0000000000200000 fl=0x0x0000000000000013
nk4a: cr3-done-0x0x00000000034c1000
nk4a: sa1-after cr3=0x0x00000000034c1000
nk4a: pre-restore- rip=0x00000000002278b9 rsp=0x00007fffffff8d68
nk4a: pick->0x0000000000000008
nk4a: sa0-0x0000000000000008 root=0x0x000000001dfde000 cur=0x0x00000000034c1000
nk4a: gs2 gsbase=0x0x000000001dd340c0
nk4a: probe text va=0x0x000000001dbf5000 -> pa=0x0x000000001dbf5000 fl=0x0x000000000000041b
nk4a: probe stk va=0x0xffff8000003ff000 -> pa=0x0x00000000003ff000 fl=0x0x000000000000041b
nk4a: probe dm va=0x0xffff808000200000 -> pa=0x0x0000000000200000 fl=0x0x0000000000000413
nk4a: cr3-done-0x0x000000001dfde000
nk4a: sa1-after cr3=0x0x000000001dfde000
nk4a: pre-restore- rip=0x00000000002014ad rsp=0x00007fffffffc0b8
nk4a: vm-pf recv
nk4a: vm-pf bytes 0000000000000000
nk4a: pick->0x0000000000000002
nk4a: sa0-0x0000000000000002 root=0x0x00000000034c1000 cur=0x0x000000001dfde000
nk4a: gs2 gsbase=0x0x000000001dd340c0
nk4a: probe text va=0x0x000000001dbf5000 -> pa=0x0x000000001dbf5000 fl=0x0x000000000000001b
nk4a: probe stk va=0x0xffff8000003ff000 -> pa=0x0x00000000003ff000 fl=0x0x0000000000000013
nk4a: probe dm va=0x0xffff808000200000 -> pa=0x0x0000000000200000 fl=0x0x0000000000000013
nk4a: cr3-done-0x0x00000000034c1000
nk4a: sa1-after cr3=0x0x00000000034c1000
nk4a: pre-restore- rip=0x00000000002278b9 rsp=0x00007fffffff8d68
nk4a: vs0x0000000000000147 rip=0x0x00000000002278b9
nk4a: pick->0x0000000000000008
nk4a: sa0-0x0000000000000008 root=0x0x000000001dfde000 cur=0x0x00000000034c1000
nk4a: gs2 gsbase=0x0x000000001dd340c0
nk4a: probe text va=0x0x000000001dbf5000 -> pa=0x0x000000001dbf5000 fl=0x0x000000000000041b
nk4a: probe stk va=0x0xffff8000003ff000 -> pa=0x0x00000000003ff000 fl=0x0x000000000000041b
nk4a: probe dm va=0x0xffff808000200000 -> pa=0x0x0000000000200000 fl=0x0x0000000000000413
nk4a: cr3-done-0x0x000000001dfde000
nk4a: sa1-after cr3=0x0x000000001dfde000
nk4a: pre-restore- rip=0x00000000002014ad rsp=0x00007fffffffc0b8
nk4a: vm-pf recv
nk4a: vm-pf bytes 0000000000000000
nk4a: pick->0x0000000000000002
nk4a: sa0-0x0000000000000002 root=0x0x00000000034c1000 cur=0x0x000000001dfde000
nk4a: gs2 gsbase=0x0x000000001dd340c0
nk4a: probe text va=0x0x000000001dbf5000 -> pa=0x0x000000001dbf5000 fl=0x0x000000000000001b
nk4a: probe stk va=0x0xffff8000003ff000 -> pa=0x0x00000000003ff000 fl=0x0x0000000000000013
nk4a: probe dm va=0x0xffff808000200000 -> pa=0x0x0000000000200000 fl=0x0x0000000000000013
nk4a: cr3-done-0x0x00000000034c1000
nk4a: sa1-after cr3=0x0x00000000034c1000
nk4a: pre-restore- rip=0x00000000002278b9 rsp=0x00007fffffff8d68
nk4a: pick->0x0000000000000008
nk4a: sa0-0x0000000000000008 root=0x0x000000001dfde000 cur=0x0x00000000034c1000
nk4a: gs2 gsbase=0x0x000000001dd340c0
nk4a: probe text va=0x0x000000001dbf5000 -> pa=0x0x000000001dbf5000 fl=0x0x000000000000041b
nk4a: probe stk va=0x0xffff8000003ff000 -> pa=0x0x00000000003ff000 fl=0x0x000000000000041b
nk4a: probe dm va=0x0xffff808000200000 -> pa=0x0x0000000000200000 fl=0x0x0000000000000413
nk4a: cr3-done-0x0x000000001dfde000
nk4a: sa1-after cr3=0x0x000000001dfde000
nk4a: pre-restore- rip=0x00000000002014ad rsp=0x00007fffffffc0b8
nk4a: vm-pf recv
nk4a: vm-pf bytes 0000000000000000
nk4a: pick->0x0000000000000002
nk4a: sa0-0x0000000000000002 root=0x0x00000000034c1000 cur=0x0x000000001dfde000
nk4a: gs2 gsbase=0x0x000000001dd340c0
nk4a: probe text va=0x0x000000001dbf5000 -> pa=0x0x000000001dbf5000 fl=0x0x000000000000001b
nk4a: probe stk va=0x0xffff8000003ff000 -> pa=0x0x00000000003ff000 fl=0x0x0000000000000013
nk4a: probe dm va=0x0xffff808000200000 -> pa=0x0x0000000000200000 fl=0x0x0000000000000013
nk4a: cr3-done-0x0x00000000034c1000
nk4a: sa1-after cr3=0x0x00000000034c1000
nk4a: pre-restore- rip=0x00000000002278b9 rsp=0x00007fffffff8d68
nk4a: vs0x000000000000014c rip=0x0x00000000002278b9
nk4a: pick->0x0000000000000008
nk4a: sa0-0x0000000000000008 root=0x0x000000001dfde000 cur=0x0x00000000034c1000
nk4a: gs2 gsbase=0x0x000000001dd340c0
nk4a: probe text va=0x0x000000001dbf5000 -> pa=0x0x000000001dbf5000 fl=0x0x000000000000041b
nk4a: probe stk va=0x0xffff8000003ff000 -> pa=0x0x00000000003ff000 fl=0x0x000000000000041b
nk4a: probe dm va=0x0xffff808000200000 -> pa=0x0x0000000000200000 fl=0x0x0000000000000413
nk4a: cr3-done-0x0x000000001dfde000
nk4a: sa1-after cr3=0x0x000000001dfde000
nk4a: pre-restore- rip=0x00000000002014ad rsp=0x00007fffffffc0b8
nk4a: vm-pf recv
nk4a: vm-pf bytes 0000000000000000
nk4a: pick->0x0000000000000002
nk4a: sa0-0x0000000000000002 root=0x0x00000000034c1000 cur=0x0x000000001dfde000
nk4a: gs2 gsbase=0x0x000000001dd340c0
nk4a: probe text va=0x0x000000001dbf5000 -> pa=0x0x000000001dbf5000 fl=0x0x000000000000001b
nk4a: probe stk va=0x0xffff8000003ff000 -> pa=0x0x00000000003ff000 fl=0x0x0000000000000013
nk4a: probe dm va=0x0xffff808000200000 -> pa=0x0x0000000000200000 fl=0x0x0000000000000013
nk4a: cr3-done-0x0x00000000034c1000
nk4a: sa1-after cr3=0x0x00000000034c1000
nk4a: pre-restore- rip=0x00000000002278b9 rsp=0x00007fffffff8d68
nk4a: pick->0x0000000000000008
nk4a: sa0-0x0000000000000008 root=0x0x000000001dfde000 cur=0x0x00000000034c1000
nk4a: gs2 gsbase=0x0x000000001dd340c0
nk4a: probe text va=0x0x000000001dbf5000 -> pa=0x0x000000001dbf5000 fl=0x0x000000000000041b
nk4a: probe stk va=0x0xffff8000003ff000 -> pa=0x0x00000000003ff000 fl=0x0x000000000000041b
nk4a: probe dm va=0x0xffff808000200000 -> pa=0x0x0000000000200000 fl=0x0x0000000000000413
nk4a: cr3-done-0x0x000000001dfde000
nk4a: sa1-after cr3=0x0x000000001dfde000
nk4a: pre-restore- rip=0x00000000002014ad rsp=0x00007fffffffc0b8
nk4a: vs0x0000000000000150 rip=0x0x00000000002014ad
nk4a: vm-pf recv
nk4a: vm-pf bytes 0000000000000000
nk4a: pick->0x0000000000000002
nk4a: sa0-0x0000000000000002 root=0x0x00000000034c1000 cur=0x0x000000001dfde000
nk4a: gs2 gsbase=0x0x000000001dd340c0
nk4a: probe text va=0x0x000000001dbf5000 -> pa=0x0x000000001dbf5000 fl=0x0x000000000000001b
nk4a: probe stk va=0x0xffff8000003ff000 -> pa=0x0x00000000003ff000 fl=0x0x0000000000000013
nk4a: probe dm va=0x0xffff808000200000 -> pa=0x0x0000000000200000 fl=0x0x0000000000000013
nk4a: cr3-done-0x0x00000000034c1000
nk4a: sa1-after cr3=0x0x00000000034c1000
nk4a: pre-restore- rip=0x00000000002278b9 rsp=0x00007fffffff8d68
nk4a: pick->0x0000000000000008
nk4a: sa0-0x0000000000000008 root=0x0x000000001dfde000 cur=0x0x00000000034c1000
nk4a: gs2 gsbase=0x0x000000001dd340c0
nk4a: probe text va=0x0x000000001dbf5000 -> pa=0x0x000000001dbf5000 fl=0x0x000000000000041b
nk4a: probe stk va=0x0xffff8000003ff000 -> pa=0x0x00000000003ff000 fl=0x0x000000000000041b
nk4a: probe dm va=0x0xffff808000200000 -> pa=0x0x0000000000200000 fl=0x0x0000000000000413
nk4a: cr3-done-0x0x000000001dfde000
nk4a: sa1-after cr3=0x0x000000001dfde000
nk4a: pre-restore- rip=0x00000000002014ad rsp=0x00007fffffffc0b8
nk4a: vm-pf recv
nk4a: vm-pf bytes 0000000000000000
nk4a: pick->0x0000000000000002
nk4a: sa0-0x0000000000000002 root=0x0x00000000034c1000 cur=0x0x000000001dfde000
nk4a: gs2 gsbase=0x0x000000001dd340c0
nk4a: probe text va=0x0x000000001dbf5000 -> pa=0x0x000000001dbf5000 fl=0x0x000000000000001b
nk4a: probe stk va=0x0xffff8000003ff000 -> pa=0x0x00000000003ff000 fl=0x0x0000000000000013
nk4a: probe dm va=0x0xffff808000200000 -> pa=0x0x0000000000200000 fl=0x0x0000000000000013
nk4a: cr3-done-0x0x00000000034c1000
nk4a: sa1-after cr3=0x0x00000000034c1000
nk4a: pre-restore- rip=0x00000000002278b9 rsp=0x00007fffffff8d68
nk4a: vs0x0000000000000154 rip=0x0x00000000002278b9
nk4a: pick->0x0000000000000008
nk4a: sa0-0x0000000000000008 root=0x0x000000001dfde000 cur=0x0x00000000034c1000
nk4a: gs2 gsbase=0x0x000000001dd340c0
nk4a: probe text va=0x0x000000001dbf5000 -> pa=0x0x000000001dbf5000 fl=0x0x000000000000041b
nk4a: probe stk va=0x0xffff8000003ff000 -> pa=0x0x00000000003ff000 fl=0x0x000000000000041b
nk4a: probe dm va=0x0xffff808000200000 -> pa=0x0x0000000000200000 fl=0x0x0000000000000413
nk4a: cr3-done-0x0x000000001dfde000
nk4a: sa1-after cr3=0x0x000000001dfde000
nk4a: pre-restore- rip=0x00000000002014ad rsp=0x00007fffffffc0b8
nk4a: vm-pf recv
nk4a: vm-pf bytes 0000000000000000
nk4a: pick->0x0000000000000002
nk4a: sa0-0x0000000000000002 root=0x0x00000000034c1000 cur=0x0x000000001dfde000
nk4a: gs2 gsbase=0x0x000000001dd340c0
nk4a: probe text va=0x0x000000001dbf5000 -> pa=0x0x000000001dbf5000 fl=0x0x000000000000001b
nk4a: probe stk va=0x0xffff8000003ff000 -> pa=0x0x00000000003ff000 fl=0x0x0000000000000013
nk4a: probe dm va=0x0xffff808000200000 -> pa=0x0x0000000000200000 fl=0x0x0000000000000013
nk4a: cr3-done-0x0x00000000034c1000
nk4a: sa1-after cr3=0x0x00000000034c1000
nk4a: pre-restore- rip=0x00000000002278b9 rsp=0x00007fffffff8d68
nk4a: pick->0x0000000000000008
nk4a: sa0-0x0000000000000008 root=0x0x000000001dfde000 cur=0x0x00000000034c1000
nk4a: gs2 gsbase=0x0x000000001dd340c0
nk4a: probe text va=0x0x000000001dbf5000 -> pa=0x0x000000001dbf5000 fl=0x0x000000000000041b
nk4a: probe stk va=0x0xffff8000003ff000 -> pa=0x0x00000000003ff000 fl=0x0x000000000000041b
nk4a: probe dm va=0x0xffff808000200000 -> pa=0x0x0000000000200000 fl=0x0x0000000000000413
nk4a: cr3-done-0x0x000000001dfde000
nk4a: sa1-after cr3=0x0x000000001dfde000
nk4a: pre-restore- rip=0x00000000002014ad rsp=0x00007fffffffc0b8
nk4a: vs0x0000000000000158 rip=0x0x00000000002014ad
nk4a: vm-pf recv
nk4a: vm-pf bytes 0000000000000000
nk4a: pick->0x0000000000000002
nk4a: sa0-0x0000000000000002 root=0x0x00000000034c1000 cur=0x0x000000001dfde000
nk4a: gs2 gsbase=0x0x000000001dd340c0
nk4a: probe text va=0x0x000000001dbf5000 -> pa=0x0x000000001dbf5000 fl=0x0x000000000000001b
nk4a: probe stk va=0x0xffff8000003ff000 -> pa=0x0x00000000003ff000 fl=0x0x0000000000000013
nk4a: probe dm va=0x0xffff808000200000 -> pa=0x0x0000000000200000 fl=0x0x0000000000000013
nk4a: cr3-done-0x0x00000000034c1000
nk4a: sa1-after cr3=0x0x00000000034c1000
nk4a: pre-restore- rip=0x00000000002278b9 rsp=0x00007fffffff8d68
nk4a: pick->0x0000000000000008
nk4a: sa0-0x0000000000000008 root=0x0x000000001dfde000 cur=0x0x00000000034c1000
nk4a: gs2 gsbase=0x0x000000001dd340c0
nk4a: probe text va=0x0x000000001dbf5000 -> pa=0x0x000000001dbf5000 fl=0x0x000000000000041b
nk4a: probe stk va=0x0xffff8000003ff000 -> pa=0x0x00000000003ff000 fl=0x0x000000000000041b
nk4a: probe dm va=0x0xffff808000200000 -> pa=0x0x0000000000200000 fl=0x0x0000000000000413
nk4a: cr3-done-0x0x000000001dfde000
nk4a: sa1-after cr3=0x0x000000001dfde000
nk4a: pre-restore- rip=0x00000000002014ad rsp=0x00007fffffffc0b8
nk4a: vm-pf recv
nk4a: vm-pf bytes 0000000000000000
nk4a: pick->0x0000000000000002
nk4a: sa0-0x0000000000000002 root=0x0x00000000034c1000 cur=0x0x000000001dfde000
nk4a: gs2 gsbase=0x0x000000001dd340c0
nk4a: probe text va=0x0x000000001dbf5000 -> pa=0x0x000000001dbf5000 fl=0x0x000000000000001b
nk4a: probe stk va=0x0xffff8000003ff000 -> pa=0x0x00000000003ff000 fl=0x0x0000000000000013
nk4a: probe dm va=0x0xffff808000200000 -> pa=0x0x0000000000200000 fl=0x0x0000000000000013
nk4a: cr3-done-0x0x00000000034c1000
nk4a: sa1-after cr3=0x0x00000000034c1000
nk4a: pre-restore- rip=0x00000000002278b9 rsp=0x00007fffffff8d68
nk4a: pick->0x0000000000000008
nk4a: sa0-0x0000000000000008 root=0x0x000000001dfde000 cur=0x0x00000000034c1000
nk4a: gs2 gsbase=0x0x000000001dd340c0
nk4a: probe text va=0x0x000000001dbf5000 -> pa=0x0x000000001dbf5000 fl=0x0x000000000000041b
nk4a: probe stk va=0x0xffff8000003ff000 -> pa=0x0x00000000003ff000 fl=0x0x000000000000041b
nk4a: probe dm va=0x0xffff808000200000 -> pa=0x0x0000000000200000 fl=0x0x0000000000000413
nk4a: cr3-done-0x0x000000001dfde000
nk4a: sa1-after cr3=0x0x000000001dfde000
nk4a: pre-restore- rip=0x00000000002014ad rsp=0x00007fffffffc0b8
nk4a: vs0x000000000000015d rip=0x0x00000000002014ad
nk4a: vm-pf recv
nk4a: vm-pf bytes 0000000000000000
nk4a: pick->0x0000000000000002
nk4a: sa0-0x0000000000000002 root=0x0x00000000034c1000 cur=0x0x000000001dfde000
nk4a: gs2 gsbase=0x0x000000001dd340c0
nk4a: probe text va=0x0x000000001dbf5000 -> pa=0x0x000000001dbf5000 fl=0x0x000000000000001b
nk4a: probe stk va=0x0xffff8000003ff000 -> pa=0x0x00000000003ff000 fl=0x0x0000000000000013
nk4a: probe dm va=0x0xffff808000200000 -> pa=0x0x0000000000200000 fl=0x0x0000000000000013
nk4a: cr3-done-0x0x00000000034c1000
nk4a: sa1-after cr3=0x0x00000000034c1000
nk4a: pre-restore- rip=0x00000000002278b9 rsp=0x00007fffffff8d68
nk4a: pick->0x0000000000000008
nk4a: sa0-0x0000000000000008 root=0x0x000000001dfde000 cur=0x0x00000000034c1000
nk4a: gs2 gsbase=0x0x000000001dd340c0
nk4a: probe text va=0x0x000000001dbf5000 -> pa=0x0x000000001dbf5000 fl=0x0x000000000000041b
nk4a: probe stk va=0x0xffff8000003ff000 -> pa=0x0x00000000003ff000 fl=0x0x000000000000041b
nk4a: probe dm va=0x0xffff808000200000 -> pa=0x0x0000000000200000 fl=0x0x0000000000000413
nk4a: cr3-done-0x0x000000001dfde000
nk4a: sa1-after cr3=0x0x000000001dfde000
nk4a: pre-restore- rip=0x00000000002014ad rsp=0x00007fffffffc0b8
nk4a: vm-pf recv
nk4a: vm-pf bytes 0000000000000000
nk4a: pick->0x0000000000000002
nk4a: sa0-0x0000000000000002 root=0x0x00000000034c1000 cur=0x0x000000001dfde000
nk4a: gs2 gsbase=0x0x000000001dd340c0
nk4a: probe text va=0x0x000000001dbf5000 -> pa=0x0x000000001dbf5000 fl=0x0x000000000000001b
nk4a: probe stk va=0x0xffff8000003ff000 -> pa=0x0x00000000003ff000 fl=0x0x0000000000000013
nk4a: probe dm va=0x0xffff808000200000 -> pa=0x0x0000000000200000 fl=0x0x0000000000000013
nk4a: cr3-done-0x0x00000000034c1000
nk4a: sa1-after cr3=0x0x00000000034c1000
nk4a: pre-restore- rip=0x00000000002278b9 rsp=0x00007fffffff8d68
nk4a: vs0x0000000000000161 rip=0x0x00000000002278b9
nk4a: pick->0x0000000000000008
nk4a: sa0-0x0000000000000008 root=0x0x000000001dfde000 cur=0x0x00000000034c1000
nk4a: gs2 gsbase=0x0x000000001dd340c0
nk4a: probe text va=0x0x000000001dbf5000 -> pa=0x0x000000001dbf5000 fl=0x0x000000000000041b
nk4a: probe stk va=0x0xffff8000003ff000 -> pa=0x0x00000000003ff000 fl=0x0x000000000000041b
nk4a: probe dm va=0x0xffff808000200000 -> pa=0x0x0000000000200000 fl=0x0x0000000000000413
nk4a: cr3-done-0x0x000000001dfde000
nk4a: sa1-after cr3=0x0x000000001dfde000
nk4a: pre-restore- rip=0x00000000002014ad rsp=0x00007fffffffc0b8
nk4a: vm-pf recv
nk4a: vm-pf bytes 0000000000000000
nk4a: pick->0x0000000000000002
nk4a: sa0-0x0000000000000002 root=0x0x00000000034c1000 cur=0x0x000000001dfde000
nk4a: gs2 gsbase=0x0x000000001dd340c0
nk4a: probe text va=0x0x000000001dbf5000 -> pa=0x0x000000001dbf5000 fl=0x0x000000000000001b
nk4a: probe stk va=0x0xffff8000003ff000 -> pa=0x0x00000000003ff000 fl=0x0x0000000000000013
nk4a: probe dm va=0x0xffff808000200000 -> pa=0x0x0000000000200000 fl=0x0x0000000000000013
nk4a: cr3-done-0x0x00000000034c1000
nk4a: sa1-after cr3=0x0x00000000034c1000
nk4a: pre-restore- rip=0x00000000002278b9 rsp=0x00007fffffff8d68
nk4a: pick->0x0000000000000008
nk4a: sa0-0x0000000000000008 root=0x0x000000001dfde000 cur=0x0x00000000034c1000
nk4a: gs2 gsbase=0x0x000000001dd340c0
nk4a: probe text va=0x0x000000001dbf5000 -> pa=0x0x000000001dbf5000 fl=0x0x000000000000041b
nk4a: probe stk va=0x0xffff8000003ff000 -> pa=0x0x00000000003ff000 fl=0x0x000000000000041b
nk4a: probe dm va=0x0xffff808000200000 -> pa=0x0x0000000000200000 fl=0x0x0000000000000413
nk4a: cr3-done-0x0x000000001dfde000
nk4a: sa1-after cr3=0x0x000000001dfde000
nk4a: pre-restore- rip=0x00000000002014ad rsp=0x00007fffffffc0b8
nk4a: vm-pf recv
nk4a: vm-pf bytes 0000000000000000
nk4a: pick->0x0000000000000002
nk4a: sa0-0x0000000000000002 root=0x0x00000000034c1000 cur=0x0x000000001dfde000
nk4a: gs2 gsbase=0x0x000000001dd340c0
nk4a: probe text va=0x0x000000001dbf5000 -> pa=0x0x000000001dbf5000 fl=0x0x000000000000001b
nk4a: probe stk va=0x0xffff8000003ff000 -> pa=0x0x00000000003ff000 fl=0x0x0000000000000013
nk4a: probe dm va=0x0xffff808000200000 -> pa=0x0x0000000000200000 fl=0x0x0000000000000013
nk4a: cr3-done-0x0x00000000034c1000
nk4a: sa1-after cr3=0x0x00000000034c1000
nk4a: pre-restore- rip=0x00000000002278b9 rsp=0x00007fffffff8d68
nk4a: vs0x0000000000000166 rip=0x0x00000000002278b9
nk4a: pick->0x0000000000000008
nk4a: sa0-0x0000000000000008 root=0x0x000000001dfde000 cur=0x0x00000000034c1000
nk4a: gs2 gsbase=0x0x000000001dd340c0
nk4a: probe text va=0x0x000000001dbf5000 -> pa=0x0x000000001dbf5000 fl=0x0x000000000000041b
nk4a: probe stk va=0x0xffff8000003ff000 -> pa=0x0x00000000003ff000 fl=0x0x000000000000041b
nk4a: probe dm va=0x0xffff808000200000 -> pa=0x0x0000000000200000 fl=0x0x0000000000000413
nk4a: cr3-done-0x0x000000001dfde000
nk4a: sa1-after cr3=0x0x000000001dfde000
nk4a: pre-restore- rip=0x00000000002014ad rsp=0x00007fffffffc0b8
nk4a: vm-pf recv
nk4a: vm-pf bytes 0000000000000000
nk4a: pick->0x0000000000000002
nk4a: sa0-0x0000000000000002 root=0x0x00000000034c1000 cur=0x0x000000001dfde000
nk4a: gs2 gsbase=0x0x000000001dd340c0
nk4a: probe text va=0x0x000000001dbf5000 -> pa=0x0x000000001dbf5000 fl=0x0x000000000000001b
nk4a: probe stk va=0x0xffff8000003ff000 -> pa=0x0x00000000003ff000 fl=0x0x0000000000000013
nk4a: probe dm va=0x0xffff808000200000 -> pa=0x0x0000000000200000 fl=0x0x0000000000000013
nk4a: cr3-done-0x0x00000000034c1000
nk4a: sa1-after cr3=0x0x00000000034c1000
nk4a: pre-restore- rip=0x00000000002278b9 rsp=0x00007fffffff8d68
nk4a: pick->0x0000000000000008
nk4a: sa0-0x0000000000000008 root=0x0x000000001dfde000 cur=0x0x00000000034c1000
nk4a: gs2 gsbase=0x0x000000001dd340c0
nk4a: probe text va=0x0x000000001dbf5000 -> pa=0x0x000000001dbf5000 fl=0x0x000000000000041b
nk4a: probe stk va=0x0xffff8000003ff000 -> pa=0x0x00000000003ff000 fl=0x0x000000000000041b
nk4a: probe dm va=0x0xffff808000200000 -> pa=0x0x0000000000200000 fl=0x0x0000000000000413
nk4a: cr3-done-0x0x000000001dfde000
nk4a: sa1-after cr3=0x0x000000001dfde000
nk4a: pre-restore- rip=0x00000000002014ad rsp=0x00007fffffffc0b8
nk4a: vs0x000000000000016a rip=0x0x00000000002014ad
nk4a: vm-pf recv
nk4a: vm-pf bytes 0000000000000000
nk4a: pick->0x0000000000000002
nk4a: sa0-0x0000000000000002 root=0x0x00000000034c1000 cur=0x0x000000001dfde000
nk4a: gs2 gsbase=0x0x000000001dd340c0
nk4a: probe text va=0x0x000000001dbf5000 -> pa=0x0x000000001dbf5000 fl=0x0x000000000000001b
nk4a: probe stk va=0x0xffff8000003ff000 -> pa=0x0x00000000003ff000 fl=0x0x0000000000000013
nk4a: probe dm va=0x0xffff808000200000 -> pa=0x0x0000000000200000 fl=0x0x0000000000000013
nk4a: cr3-done-0x0x00000000034c1000
nk4a: sa1-after cr3=0x0x00000000034c1000
nk4a: pre-restore- rip=0x00000000002278b9 rsp=0x00007fffffff8d68
nk4a: pick->0x0000000000000008
nk4a: sa0-0x0000000000000008 root=0x0x000000001dfde000 cur=0x0x00000000034c1000
nk4a: gs2 gsbase=0x0x000000001dd340c0
nk4a: probe text va=0x0x000000001dbf5000 -> pa=0x0x000000001dbf5000 fl=0x0x000000000000041b
nk4a: probe stk va=0x0xffff8000003ff000 -> pa=0x0x00000000003ff000 fl=0x0x000000000000041b
nk4a: probe dm va=0x0xffff808000200000 -> pa=0x0x0000000000200000 fl=0x0x0000000000000413
nk4a: cr3-done-0x0x000000001dfde000
nk4a: sa1-after cr3=0x0x000000001dfde000
nk4a: pre-restore- rip=0x00000000002014ad rsp=0x00007fffffffc0b8
nk4a: vm-pf recv
nk4a: vm-pf bytes 0000000000000000
nk4a: pick->0x0000000000000002
nk4a: sa0-0x0000000000000002 root=0x0x00000000034c1000 cur=0x0x000000001dfde000
nk4a: gs2 gsbase=0x0x000000001dd340c0
nk4a: probe text va=0x0x000000001dbf5000 -> pa=0x0x000000001dbf5000 fl=0x0x000000000000001b
nk4a: probe stk va=0x0xffff8000003ff000 -> pa=0x0x00000000003ff000 fl=0x0x0000000000000013
nk4a: probe dm va=0x0xffff808000200000 -> pa=0x0x0000000000200000 fl=0x0x0000000000000013
nk4a: cr3-done-0x0x00000000034c1000
nk4a: sa1-after cr3=0x0x00000000034c1000
nk4a: pre-restore- rip=0x00000000002278b9 rsp=0x00007fffffff8d68
nk4a: vs0x000000000000016e rip=0x0x00000000002278b9
nk4a: pick->0x0000000000000008
nk4a: sa0-0x0000000000000008 root=0x0x000000001dfde000 cur=0x0x00000000034c1000
nk4a: gs2 gsbase=0x0x000000001dd340c0
nk4a: probe text va=0x0x000000001dbf5000 -> pa=0x0x000000001dbf5000 fl=0x0x000000000000041b
nk4a: probe stk va=0x0xffff8000003ff000 -> pa=0x0x00000000003ff000 fl=0x0x000000000000041b
nk4a: probe dm va=0x0xffff808000200000 -> pa=0x0x0000000000200000 fl=0x0x0000000000000413
nk4a: cr3-done-0x0x000000001dfde000
nk4a: sa1-after cr3=0x0x000000001dfde000
nk4a: pre-restore- rip=0x00000000002014ad rsp=0x00007fffffffc0b8
nk4a: vm-pf recv
nk4a: vm-pf bytes 0000000000000000
nk4a: pick->0x0000000000000002
nk4a: sa0-0x0000000000000002 root=0x0x00000000034c1000 cur=0x0x000000001dfde000
nk4a: gs2 gsbase=0x0x000000001dd340c0
nk4a: probe text va=0x0x000000001dbf5000 -> pa=0x0x000000001dbf5000 fl=0x0x000000000000001b
nk4a: probe stk va=0x0xffff8000003ff000 -> pa=0x0x00000000003ff000 fl=0x0x0000000000000013
nk4a: probe dm va=0x0xffff808000200000 -> pa=0x0x0000000000200000 fl=0x0x0000000000000013
nk4a: cr3-done-0x0x00000000034c1000
nk4a: sa1-after cr3=0x0x00000000034c1000
nk4a: pre-restore- rip=0x00000000002278b9 rsp=0x00007fffffff8d68
nk4a: pick->0x0000000000000008
nk4a: sa0-0x0000000000000008 root=0x0x000000001dfde000 cur=0x0x00000000034c1000
nk4a: gs2 gsbase=0x0x000000001dd340c0
nk4a: probe text va=0x0x000000001dbf5000 -> pa=0x0x000000001dbf5000 fl=0x0x000000000000041b
nk4a: probe stk va=0x0xffff8000003ff000 -> pa=0x0x00000000003ff000 fl=0x0x000000000000041b
nk4a: probe dm va=0x0xffff808000200000 -> pa=0x0x0000000000200000 fl=0x0x0000000000000413
nk4a: cr3-done-0x0x000000001dfde000
nk4a: sa1-after cr3=0x0x000000001dfde000
nk4a: pre-restore- rip=0x00000000002014ad rsp=0x00007fffffffc0b8
nk4a: vm-pf recv
nk4a: vs0x0000000000000172 rip=0x0x000000000023cec0
nk4a: vm-pf bytes 0000000000000000
nk4a: pick->0x0000000000000002
nk4a: sa0-0x0000000000000002 root=0x0x00000000034c1000 cur=0x0x000000001dfde000
nk4a: gs2 gsbase=0x0x000000001dd340c0
nk4a: probe text va=0x0x000000001dbf5000 -> pa=0x0x000000001dbf5000 fl=0x0x000000000000001b
nk4a: probe stk va=0x0xffff8000003ff000 -> pa=0x0x00000000003ff000 fl=0x0x0000000000000013
nk4a: probe dm va=0x0xffff808000200000 -> pa=0x0x0000000000200000 fl=0x0x0000000000000013
nk4a: cr3-done-0x0x00000000034c1000
nk4a: sa1-after cr3=0x0x00000000034c1000
nk4a: pre-restore- rip=0x00000000002278b9 rsp=0x00007fffffff8d68
nk4a: pick->0x0000000000000008
nk4a: sa0-0x0000000000000008 root=0x0x000000001dfde000 cur=0x0x00000000034c1000
nk4a: gs2 gsbase=0x0x000000001dd340c0
nk4a: probe text va=0x0x000000001dbf5000 -> pa=0x0x000000001dbf5000 fl=0x0x000000000000041b
nk4a: probe stk va=0x0xffff8000003ff000 -> pa=0x0x00000000003ff000 fl=0x0x000000000000041b
nk4a: probe dm va=0x0xffff808000200000 -> pa=0x0x0000000000200000 fl=0x0x0000000000000413
nk4a: cr3-done-0x0x000000001dfde000
nk4a: sa1-after cr3=0x0x000000001dfde000
nk4a: pre-restore- rip=0x00000000002014ad rsp=0x00007fffffffc0b8
nk4a: vm-pf recv
nk4a: vm-pf bytes 0000000000000000
nk4a: pick->0x0000000000000002
nk4a: sa0-0x0000000000000002 root=0x0x00000000034c1000 cur=0x0x000000001dfde000
nk4a: gs2 gsbase=0x0x000000001dd340c0
nk4a: probe text va=0x0x000000001dbf5000 -> pa=0x0x000000001dbf5000 fl=0x0x000000000000001b
nk4a: probe stk va=0x0xffff8000003ff000 -> pa=0x0x00000000003ff000 fl=0x0x0000000000000013
nk4a: probe dm va=0x0xffff808000200000 -> pa=0x0x0000000000200000 fl=0x0x0000000000000013
nk4a: cr3-done-0x0x00000000034c1000
nk4a: sa1-after cr3=0x0x00000000034c1000
nk4a: pre-restore- rip=0x00000000002278b9 rsp=0x00007fffffff8d68
nk4a: pick->0x0000000000000008
nk4a: sa0-0x0000000000000008 root=0x0x000000001dfde000 cur=0x0x00000000034c1000
nk4a: gs2 gsbase=0x0x000000001dd340c0
nk4a: probe text va=0x0x000000001dbf5000 -> pa=0x0x000000001dbf5000 fl=0x0x000000000000041b
nk4a: probe stk va=0x0xffff8000003ff000 -> pa=0x0x00000000003ff000 fl=0x0x000000000000041b
nk4a: probe dm va=0x0xffff808000200000 -> pa=0x0x0000000000200000 fl=0x0x0000000000000413
nk4a: cr3-done-0x0x000000001dfde000
nk4a: sa1-after cr3=0x0x000000001dfde000
nk4a: pre-restore- rip=0x00000000002014ad rsp=0x00007fffffffc0b8
nk4a: vs0x0000000000000177 rip=0x0x00000000002014ad
nk4a: vm-pf recv
nk4a: vm-pf bytes 0000000000000000
nk4a: pick->0x0000000000000002
nk4a: sa0-0x0000000000000002 root=0x0x00000000034c1000 cur=0x0x000000001dfde000
nk4a: gs2 gsbase=0x0x000000001dd340c0
nk4a: probe text va=0x0x000000001dbf5000 -> pa=0x0x000000001dbf5000 fl=0x0x000000000000001b
nk4a: probe stk va=0x0xffff8000003ff000 -> pa=0x0x00000000003ff000 fl=0x0x0000000000000013
nk4a: probe dm va=0x0xffff808000200000 -> pa=0x0x0000000000200000 fl=0x0x0000000000000013
nk4a: cr3-done-0x0x00000000034c1000
nk4a: sa1-after cr3=0x0x00000000034c1000
nk4a: pre-restore- rip=0x00000000002278b9 rsp=0x00007fffffff8d68
nk4a: pick->0x0000000000000008
nk4a: sa0-0x0000000000000008 root=0x0x000000001dfde000 cur=0x0x00000000034c1000
nk4a: gs2 gsbase=0x0x000000001dd340c0
nk4a: probe text va=0x0x000000001dbf5000 -> pa=0x0x000000001dbf5000 fl=0x0x000000000000041b
nk4a: probe stk va=0x0xffff8000003ff000 -> pa=0x0x00000000003ff000 fl=0x0x000000000000041b
nk4a: probe dm va=0x0xffff808000200000 -> pa=0x0x0000000000200000 fl=0x0x0000000000000413
nk4a: cr3-done-0x0x000000001dfde000
nk4a: sa1-after cr3=0x0x000000001dfde000
nk4a: pre-restore- rip=0x00000000002014ad rsp=0x00007fffffffc0b8
nk4a: vm-pf recv
nk4a: vm-pf bytes 0000000000000000
nk4a: pick->0x0000000000000002
nk4a: sa0-0x0000000000000002 root=0x0x00000000034c1000 cur=0x0x000000001dfde000
nk4a: gs2 gsbase=0x0x000000001dd340c0
nk4a: probe text va=0x0x000000001dbf5000 -> pa=0x0x000000001dbf5000 fl=0x0x000000000000001b
nk4a: probe stk va=0x0xffff8000003ff000 -> pa=0x0x00000000003ff000 fl=0x0x0000000000000013
nk4a: probe dm va=0x0xffff808000200000 -> pa=0x0x0000000000200000 fl=0x0x0000000000000013
nk4a: cr3-done-0x0x00000000034c1000
nk4a: sa1-after cr3=0x0x00000000034c1000
nk4a: pre-restore- rip=0x00000000002278b9 rsp=0x00007fffffff8d68
nk4a: vs0x000000000000017b rip=0x0x00000000002278b9
nk4a: pick->0x0000000000000008
nk4a: sa0-0x0000000000000008 root=0x0x000000001dfde000 cur=0x0x00000000034c1000
nk4a: gs2 gsbase=0x0x000000001dd340c0
nk4a: probe text va=0x0x000000001dbf5000 -> pa=0x0x000000001dbf5000 fl=0x0x000000000000041b
nk4a: probe stk va=0x0xffff8000003ff000 -> pa=0x0x00000000003ff000 fl=0x0x000000000000041b
nk4a: probe dm va=0x0xffff808000200000 -> pa=0x0x0000000000200000 fl=0x0x0000000000000413
nk4a: cr3-done-0x0x000000001dfde000
nk4a: sa1-after cr3=0x0x000000001dfde000
nk4a: pre-restore- rip=0x00000000002014ad rsp=0x00007fffffffc0b8
nk4a: vm-pf recv
nk4a: vm-pf bytes 0000000000000000
nk4a: pick->0x0000000000000002
nk4a: sa0-0x0000000000000002 root=0x0x00000000034c1000 cur=0x0x000000001dfde000
nk4a: gs2 gsbase=0x0x000000001dd340c0
nk4a: probe text va=0x0x000000001dbf5000 -> pa=0x0x000000001dbf5000 fl=0x0x000000000000001b
nk4a: probe stk va=0x0xffff8000003ff000 -> pa=0x0x00000000003ff000 fl=0x0x0000000000000013
nk4a: probe dm va=0x0xffff808000200000 -> pa=0x0x0000000000200000 fl=0x0x0000000000000013
nk4a: cr3-done-0x0x00000000034c1000
nk4a: sa1-after cr3=0x0x00000000034c1000
nk4a: pre-restore- rip=0x00000000002278b9 rsp=0x00007fffffff8d68
nk4a: pick->0x0000000000000008
nk4a: sa0-0x0000000000000008 root=0x0x000000001dfde000 cur=0x0x00000000034c1000
nk4a: gs2 gsbase=0x0x000000001dd340c0
nk4a: probe text va=0x0x000000001dbf5000 -> pa=0x0x000000001dbf5000 fl=0x0x000000000000041b
nk4a: probe stk va=0x0xffff8000003ff000 -> pa=0x0x00000000003ff000 fl=0x0x000000000000041b
nk4a: probe dm va=0x0xffff808000200000 -> pa=0x0x0000000000200000 fl=0x0x0000000000000413
nk4a: cr3-done-0x0x000000001dfde000
nk4a: sa1-after cr3=0x0x000000001dfde000
nk4a: pre-restore- rip=0x00000000002014ad rsp=0x00007fffffffc0b8
nk4a: vm-pf recv
nk4a: vm-pf bytes 0000000000000000
nk4a: pick->0x0000000000000002
nk4a: sa0-0x0000000000000002 root=0x0x00000000034c1000 cur=0x0x000000001dfde000
nk4a: gs2 gsbase=0x0x000000001dd340c0
nk4a: probe text va=0x0x000000001dbf5000 -> pa=0x0x000000001dbf5000 fl=0x0x000000000000001b
nk4a: probe stk va=0x0xffff8000003ff000 -> pa=0x0x00000000003ff000 fl=0x0x0000000000000013
nk4a: probe dm va=0x0xffff808000200000 -> pa=0x0x0000000000200000 fl=0x0x0000000000000013
nk4a: cr3-done-0x0x00000000034c1000
nk4a: sa1-after cr3=0x0x00000000034c1000
nk4a: pre-restore- rip=0x00000000002278b9 rsp=0x00007fffffff8d68
nk4a: vs0x0000000000000180 rip=0x0x00000000002278b9
nk4a: pick->0x0000000000000008
nk4a: sa0-0x0000000000000008 root=0x0x000000001dfde000 cur=0x0x00000000034c1000
nk4a: gs2 gsbase=0x0x000000001dd340c0
nk4a: probe text va=0x0x000000001dbf5000 -> pa=0x0x000000001dbf5000 fl=0x0x000000000000041b
nk4a: probe stk va=0x0xffff8000003ff000 -> pa=0x0x00000000003ff000 fl=0x0x000000000000041b
nk4a: probe dm va=0x0xffff808000200000 -> pa=0x0x0000000000200000 fl=0x0x0000000000000413
nk4a: cr3-done-0x0x000000001dfde000
nk4a: sa1-after cr3=0x0x000000001dfde000
nk4a: pre-restore- rip=0x00000000002014ad rsp=0x00007fffffffc0b8
nk4a: vm-pf recv
nk4a: vm-pf bytes 0000000000000000
nk4a: pick->0x0000000000000002
nk4a: sa0-0x0000000000000002 root=0x0x00000000034c1000 cur=0x0x000000001dfde000
nk4a: gs2 gsbase=0x0x000000001dd340c0
nk4a: probe text va=0x0x000000001dbf5000 -> pa=0x0x000000001dbf5000 fl=0x0x000000000000001b
nk4a: probe stk va=0x0xffff8000003ff000 -> pa=0x0x00000000003ff000 fl=0x0x0000000000000013
nk4a: probe dm va=0x0xffff808000200000 -> pa=0x0x0000000000200000 fl=0x0x0000000000000013
nk4a: cr3-done-0x0x00000000034c1000
nk4a: sa1-after cr3=0x0x00000000034c1000
nk4a: pre-restore- rip=0x00000000002278b9 rsp=0x00007fffffff8d68
nk4a: pick->0x0000000000000008
nk4a: sa0-0x0000000000000008 root=0x0x000000001dfde000 cur=0x0x00000000034c1000
nk4a: gs2 gsbase=0x0x000000001dd340c0
nk4a: probe text va=0x0x000000001dbf5000 -> pa=0x0x000000001dbf5000 fl=0x0x000000000000041b
nk4a: probe stk va=0x0xffff8000003ff000 -> pa=0x0x00000000003ff000 fl=0x0x000000000000041b
nk4a: probe dm va=0x0xffff808000200000 -> pa=0x0x0000000000200000 fl=0x0x0000000000000413
nk4a: cr3-done-0x0x000000001dfde000
nk4a: sa1-after cr3=0x0x000000001dfde000
nk4a: pre-restore- rip=0x00000000002014ad rsp=0x00007fffffffc0b8
nk4a: vs0x0000000000000184 rip=0x0x00000000002014ad
nk4a: vm-pf recv
nk4a: vm-pf bytes 0000000000000000
nk4a: pick->0x0000000000000002
nk4a: sa0-0x0000000000000002 root=0x0x00000000034c1000 cur=0x0x000000001dfde000
nk4a: gs2 gsbase=0x0x000000001dd340c0
nk4a: probe text va=0x0x000000001dbf5000 -> pa=0x0x000000001dbf5000 fl=0x0x000000000000001b
nk4a: probe stk va=0x0xffff8000003ff000 -> pa=0x0x00000000003ff000 fl=0x0x0000000000000013
nk4a: probe dm va=0x0xffff808000200000 -> pa=0x0x0000000000200000 fl=0x0x0000000000000013
nk4a: cr3-done-0x0x00000000034c1000
nk4a: sa1-after cr3=0x0x00000000034c1000
nk4a: pre-restore- rip=0x00000000002278b9 rsp=0x00007fffffff8d68
nk4a: pick->0x0000000000000008
nk4a: sa0-0x0000000000000008 root=0x0x000000001dfde000 cur=0x0x00000000034c1000
nk4a: gs2 gsbase=0x0x000000001dd340c0
nk4a: probe text va=0x0x000000001dbf5000 -> pa=0x0x000000001dbf5000 fl=0x0x000000000000041b
nk4a: probe stk va=0x0xffff8000003ff000 -> pa=0x0x00000000003ff000 fl=0x0x000000000000041b
nk4a: probe dm va=0x0xffff808000200000 -> pa=0x0x0000000000200000 fl=0x0x0000000000000413
nk4a: cr3-done-0x0x000000001dfde000
nk4a: sa1-after cr3=0x0x000000001dfde000
nk4a: pre-restore- rip=0x00000000002014ad rsp=0x00007fffffffc0b8
nk4a: vm-pf recv
nk4a: vm-pf bytes 0000000000000000
nk4a: pick->0x0000000000000002
nk4a: sa0-0x0000000000000002 root=0x0x00000000034c1000 cur=0x0x000000001dfde000
nk4a: gs2 gsbase=0x0x000000001dd340c0
nk4a: probe text va=0x0x000000001dbf5000 -> pa=0x0x000000001dbf5000 fl=0x0x000000000000001b
nk4a: probe stk va=0x0xffff8000003ff000 -> pa=0x0x00000000003ff000 fl=0x0x0000000000000013
nk4a: probe dm va=0x0xffff808000200000 -> pa=0x0x0000000000200000 fl=0x0x0000000000000013
nk4a: cr3-done-0x0x00000000034c1000
nk4a: sa1-after cr3=0x0x00000000034c1000
nk4a: pre-restore- rip=0x00000000002278b9 rsp=0x00007fffffff8d68
nk4a: vs0x0000000000000188 rip=0x0x00000000002278b9
nk4a: pick->0x0000000000000008
nk4a: sa0-0x0000000000000008 root=0x0x000000001dfde000 cur=0x0x00000000034c1000
nk4a: gs2 gsbase=0x0x000000001dd340c0
nk4a: probe text va=0x0x000000001dbf5000 -> pa=0x0x000000001dbf5000 fl=0x0x000000000000041b
nk4a: probe stk va=0x0xffff8000003ff000 -> pa=0x0x00000000003ff000 fl=0x0x000000000000041b
nk4a: probe dm va=0x0xffff808000200000 -> pa=0x0x0000000000200000 fl=0x0x0000000000000413
nk4a: cr3-done-0x0x000000001dfde000
nk4a: sa1-after cr3=0x0x000000001dfde000
nk4a: pre-restore- rip=0x00000000002014ad rsp=0x00007fffffffc0b8
nk4a: vm-pf recv
nk4a: vm-pf bytes 0000000000000000
nk4a: pick->0x0000000000000002
nk4a: sa0-0x0000000000000002 root=0x0x00000000034c1000 cur=0x0x000000001dfde000
nk4a: gs2 gsbase=0x0x000000001dd340c0
nk4a: probe text va=0x0x000000001dbf5000 -> pa=0x0x000000001dbf5000 fl=0x0x000000000000001b
nk4a: probe stk va=0x0xffff8000003ff000 -> pa=0x0x00000000003ff000 fl=0x0x0000000000000013
nk4a: probe dm va=0x0xffff808000200000 -> pa=0x0x0000000000200000 fl=0x0x0000000000000013
nk4a: cr3-done-0x0x00000000034c1000
nk4a: sa1-after cr3=0x0x00000000034c1000
nk4a: pre-restore- rip=0x00000000002278b9 rsp=0x00007fffffff8d68
nk4a: pick->0x0000000000000008
nk4a: sa0-0x0000000000000008 root=0x0x000000001dfde000 cur=0x0x00000000034c1000
nk4a: gs2 gsbase=0x0x000000001dd340c0
nk4a: probe text va=0x0x000000001dbf5000 -> pa=0x0x000000001dbf5000 fl=0x0x000000000000041b
nk4a: probe stk va=0x0xffff8000003ff000 -> pa=0x0x00000000003ff000 fl=0x0x000000000000041b
nk4a: probe dm va=0x0xffff808000200000 -> pa=0x0x0000000000200000 fl=0x0x0000000000000413
nk4a: cr3-done-0x0x000000001dfde000
nk4a: sa1-after cr3=0x0x000000001dfde000
nk4a: pre-restore- rip=0x00000000002014ad rsp=0x00007fffffffc0b8
nk4a: vs0x000000000000018c rip=0x0x00000000002014ad
nk4a: vm-pf recv
nk4a: vm-pf bytes 0000000000000000
nk4a: pick->0x0000000000000002
nk4a: sa0-0x0000000000000002 root=0x0x00000000034c1000 cur=0x0x000000001dfde000
nk4a: gs2 gsbase=0x0x000000001dd340c0
nk4a: probe text va=0x0x000000001dbf5000 -> pa=0x0x000000001dbf5000 fl=0x0x000000000000001b
nk4a: probe stk va=0x0xffff8000003ff000 -> pa=0x0x00000000003ff000 fl=0x0x0000000000000013
nk4a: probe dm va=0x0xffff808000200000 -> pa=0x0x0000000000200000 fl=0x0x0000000000000013
nk4a: cr3-done-0x0x00000000034c1000
nk4a: sa1-after cr3=0x0x00000000034c1000
nk4a: pre-restore- rip=0x00000000002278b9 rsp=0x00007fffffff8d68
nk4a: pick->0x0000000000000008
nk4a: sa0-0x0000000000000008 root=0x0x000000001dfde000 cur=0x0x00000000034c1000
nk4a: gs2 gsbase=0x0x000000001dd340c0
nk4a: probe text va=0x0x000000001dbf5000 -> pa=0x0x000000001dbf5000 fl=0x0x000000000000041b
nk4a: probe stk va=0x0xffff8000003ff000 -> pa=0x0x00000000003ff000 fl=0x0x000000000000041b
nk4a: probe dm va=0x0xffff808000200000 -> pa=0x0x0000000000200000 fl=0x0x0000000000000413
nk4a: cr3-done-0x0x000000001dfde000
nk4a: sa1-after cr3=0x0x000000001dfde000
nk4a: pre-restore- rip=0x00000000002014ad rsp=0x00007fffffffc0b8
nk4a: vm-pf recv
nk4a: vm-pf bytes 0000000000000000
nk4a: pick->0x0000000000000002
nk4a: sa0-0x0000000000000002 root=0x0x00000000034c1000 cur=0x0x000000001dfde000
nk4a: gs2 gsbase=0x0x000000001dd340c0
nk4a: probe text va=0x0x000000001dbf5000 -> pa=0x0x000000001dbf5000 fl=0x0x000000000000001b
nk4a: probe stk va=0x0xffff8000003ff000 -> pa=0x0x00000000003ff000 fl=0x0x0000000000000013
nk4a: probe dm va=0x0xffff808000200000 -> pa=0x0x0000000000200000 fl=0x0x0000000000000013
nk4a: cr3-done-0x0x00000000034c1000
nk4a: sa1-after cr3=0x0x00000000034c1000
nk4a: pre-restore- rip=0x00000000002278b9 rsp=0x00007fffffff8d68
nk4a: pick->0x0000000000000008
nk4a: sa0-0x0000000000000008 root=0x0x000000001dfde000 cur=0x0x00000000034c1000
nk4a: gs2 gsbase=0x0x000000001dd340c0
nk4a: probe text va=0x0x000000001dbf5000 -> pa=0x0x000000001dbf5000 fl=0x0x000000000000041b
nk4a: probe stk va=0x0xffff8000003ff000 -> pa=0x0x00000000003ff000 fl=0x0x000000000000041b
nk4a: probe dm va=0x0xffff808000200000 -> pa=0x0x0000000000200000 fl=0x0x0000000000000413
nk4a: cr3-done-0x0x000000001dfde000
nk4a: sa1-after cr3=0x0x000000001dfde000
nk4a: pre-restore- rip=0x00000000002014ad rsp=0x00007fffffffc0b8
nk4a: vm-pf recv
nk4a: vm-pf bytes 0000000000000000
nk4a: pick->0x0000000000000002
nk4a: sa0-0x0000000000000002 root=0x0x00000000034c1000 cur=0x0x000000001dfde000
nk4a: gs2 gsbase=0x0x000000001dd340c0
nk4a: probe text va=0x0x000000001dbf5000 -> pa=0x0x000000001dbf5000 fl=0x0x000000000000001b
nk4a: probe stk va=0x0xffff8000003ff000 -> pa=0x0x00000000003ff000 fl=0x0x0000000000000013
nk4a: probe dm va=0x0xffff808000200000 -> pa=0x0x0000000000200000 fl=0x0x0000000000000013
nk4a: cr3-done-0x0x00000000034c1000
nk4a: sa1-after cr3=0x0x00000000034c1000
nk4a: pre-restore- rip=0x00000000002278b9 rsp=0x00007fffffff8d68
nk4a: pick->0x0000000000000008
nk4a: sa0-0x0000000000000008 root=0x0x000000001dfde000 cur=0x0x00000000034c1000
nk4a: gs2 gsbase=0x0x000000001dd340c0
nk4a: probe text va=0x0x000000001dbf5000 -> pa=0x0x000000001dbf5000 fl=0x0x000000000000041b
nk4a: probe stk va=0x0xffff8000003ff000 -> pa=0x0x00000000003ff000 fl=0x0x000000000000041b
nk4a: probe dm va=0x0xffff808000200000 -> pa=0x0x0000000000200000 fl=0x0x0000000000000413
nk4a: cr3-done-0x0x000000001dfde000
nk4a: sa1-after cr3=0x0x000000001dfde000
nk4a: pre-restore- rip=0x00000000002014ad rsp=0x00007fffffffc0b8
nk4a: vm-pf recv
nk4a: vm-pf bytes 0000000000000000
nk4a: pick->0x0000000000000002
nk4a: sa0-0x0000000000000002 root=0x0x00000000034c1000 cur=0x0x000000001dfde000
nk4a: gs2 gsbase=0x0x000000001dd340c0
nk4a: probe text va=0x0x000000001dbf5000 -> pa=0x0x000000001dbf5000 fl=0x0x000000000000001b
nk4a: probe stk va=0x0xffff8000003ff000 -> pa=0x0x00000000003ff000 fl=0x0x0000000000000013
nk4a: probe dm va=0x0xffff808000200000 -> pa=0x0x0000000000200000 fl=0x0x0000000000000013
nk4a: cr3-done-0x0x00000000034c1000
nk4a: sa1-after cr3=0x0x00000000034c1000
nk4a: pre-restore- rip=0x00000000002278b9 rsp=0x00007fffffff8d68
nk4a: pick->0x0000000000000008
nk4a: sa0-0x0000000000000008 root=0x0x000000001dfde000 cur=0x0x00000000034c1000
nk4a: gs2 gsbase=0x0x000000001dd340c0
nk4a: probe text va=0x0x000000001dbf5000 -> pa=0x0x000000001dbf5000 fl=0x0x000000000000041b
nk4a: probe stk va=0x0xffff8000003ff000 -> pa=0x0x00000000003ff000 fl=0x0x000000000000041b
nk4a: probe dm va=0x0xffff808000200000 -> pa=0x0x0000000000200000 fl=0x0x0000000000000413
nk4a: cr3-done-0x0x000000001dfde000
nk4a: sa1-after cr3=0x0x000000001dfde000
nk4a: pre-restore- rip=0x00000000002014ad rsp=0x00007fffffffc0b8
nk4a: vm-pf recv
nk4a: vm-pf bytes 0000000000000000
nk4a: pick->0x0000000000000002
nk4a: sa0-0x0000000000000002 root=0x0x00000000034c1000 cur=0x0x000000001dfde000
nk4a: gs2 gsbase=0x0x000000001dd340c0
nk4a: probe text va=0x0x000000001dbf5000 -> pa=0x0x000000001dbf5000 fl=0x0x000000000000001b
nk4a: probe stk va=0x0xffff8000003ff000 -> pa=0x0x00000000003ff000 fl=0x0x0000000000000013
nk4a: probe dm va=0x0xffff808000200000 -> pa=0x0x0000000000200000 fl=0x0x0000000000000013
nk4a: cr3-done-0x0x00000000034c1000
nk4a: sa1-after cr3=0x0x00000000034c1000
nk4a: pre-restore- rip=0x00000000002278b9 rsp=0x00007fffffff8d68
nk4a: pick->0x0000000000000008
nk4a: sa0-0x0000000000000008 root=0x0x000000001dfde000 cur=0x0x00000000034c1000
nk4a: gs2 gsbase=0x0x000000001dd340c0
nk4a: probe text va=0x0x000000001dbf5000 -> pa=0x0x000000001dbf5000 fl=0x0x000000000000041b
nk4a: probe stk va=0x0xffff8000003ff000 -> pa=0x0x00000000003ff000 fl=0x0x000000000000041b
nk4a: probe dm va=0x0xffff808000200000 -> pa=0x0x0000000000200000 fl=0x0x0000000000000413
nk4a: cr3-done-0x0x000000001dfde000
nk4a: sa1-after cr3=0x0x000000001dfde000
nk4a: pre-restore- rip=0x00000000002014ad rsp=0x00007fffffffc0b8
nk4a: vm-pf recv
nk4a: vm-pf bytes 0000000000000000
nk4a: pick->0x0000000000000002
nk4a: sa0-0x0000000000000002 root=0x0x00000000034c1000 cur=0x0x000000001dfde000
nk4a: gs2 gsbase=0x0x000000001dd340c0
nk4a: probe text va=0x0x000000001dbf5000 -> pa=0x0x000000001dbf5000 fl=0x0x000000000000001b
nk4a: probe stk va=0x0xffff8000003ff000 -> pa=0x0x00000000003ff000 fl=0x0x0000000000000013
nk4a: probe dm va=0x0xffff808000200000 -> pa=0x0x0000000000200000 fl=0x0x0000000000000013
nk4a: cr3-done-0x0x00000000034c1000
nk4a: sa1-after cr3=0x0x00000000034c1000
nk4a: pre-restore- rip=0x00000000002278b9 rsp=0x00007fffffff8d68
nk4a: pick->0x0000000000000008
nk4a: sa0-0x0000000000000008 root=0x0x000000001dfde000 cur=0x0x00000000034c1000
nk4a: gs2 gsbase=0x0x000000001dd340c0
nk4a: probe text va=0x0x000000001dbf5000 -> pa=0x0x000000001dbf5000 fl=0x0x000000000000041b
nk4a: probe stk va=0x0xffff8000003ff000 -> pa=0x0x00000000003ff000 fl=0x0x000000000000041b
nk4a: probe dm va=0x0xffff808000200000 -> pa=0x0x0000000000200000 fl=0x0x0000000000000413
nk4a: cr3-done-0x0x000000001dfde000
nk4a: sa1-after cr3=0x0x000000001dfde000
nk4a: pre-restore- rip=0x00000000002014ad rsp=0x00007fffffffc0b8
nk4a: vm-pf recv
nk4a: vm-pf bytes 0000000000000000
nk4a: pick->0x0000000000000002
nk4a: sa0-0x0000000000000002 root=0x0x00000000034c1000 cur=0x0x000000001dfde000
nk4a: gs2 gsbase=0x0x000000001dd340c0
nk4a: probe text va=0x0x000000001dbf5000 -> pa=0x0x000000001dbf5000 fl=0x0x000000000000001b
nk4a: probe stk va=0x0xffff8000003ff000 -> pa=0x0x00000000003ff000 fl=0x0x0000000000000013
nk4a: probe dm va=0x0xffff808000200000 -> pa=0x0x0000000000200000 fl=0x0x0000000000000013
nk4a: cr3-done-0x0x00000000034c1000
nk4a: sa1-after cr3=0x0x00000000034c1000
nk4a: pre-restore- rip=0x00000000002278b9 rsp=0x00007fffffff8d68
nk4a: pick->0x0000000000000008
nk4a: sa0-0x0000000000000008 root=0x0x000000001dfde000 cur=0x0x00000000034c1000
nk4a: gs2 gsbase=0x0x000000001dd340c0
nk4a: probe text va=0x0x000000001dbf5000 -> pa=0x0x000000001dbf5000 fl=0x0x000000000000041b
nk4a: probe stk va=0x0xffff8000003ff000 -> pa=0x0x00000000003ff000 fl=0x0x000000000000041b
nk4a: probe dm va=0x0xffff808000200000 -> pa=0x0x0000000000200000 fl=0x0x0000000000000413
nk4a: cr3-done-0x0x000000001dfde000
nk4a: sa1-after cr3=0x0x000000001dfde000
nk4a: pre-restore- rip=0x00000000002014ad rsp=0x00007fffffffc0b8
nk4a: vm-pf recv
nk4a: vm-pf bytes 0000000000000000
nk4a: pick->0x0000000000000002
nk4a: sa0-0x0000000000000002 root=0x0x00000000034c1000 cur=0x0x000000001dfde000
nk4a: gs2 gsbase=0x0x000000001dd340c0
nk4a: probe text va=0x0x000000001dbf5000 -> pa=0x0x000000001dbf5000 fl=0x0x000000000000001b
nk4a: probe stk va=0x0xffff8000003ff000 -> pa=0x0x00000000003ff000 fl=0x0x0000000000000013
nk4a: probe dm va=0x0xffff808000200000 -> pa=0x0x0000000000200000 fl=0x0x0000000000000013
nk4a: cr3-done-0x0x00000000034c1000
nk4a: sa1-after cr3=0x0x00000000034c1000
nk4a: pre-restore- rip=0x00000000002278b9 rsp=0x00007fffffff8d68
nk4a: pick->0x0000000000000008
nk4a: sa0-0x0000000000000008 root=0x0x000000001dfde000 cur=0x0x00000000034c1000
nk4a: gs2 gsbase=0x0x000000001dd340c0
nk4a: probe text va=0x0x000000001dbf5000 -> pa=0x0x000000001dbf5000 fl=0x0x000000000000041b
nk4a: probe stk va=0x0xffff8000003ff000 -> pa=0x0x00000000003ff000 fl=0x0x000000000000041b
nk4a: probe dm va=0x0xffff808000200000 -> pa=0x0x0000000000200000 fl=0x0x0000000000000413
nk4a: cr3-done-0x0x000000001dfde000
nk4a: sa1-after cr3=0x0x000000001dfde000
nk4a: pre-restore- rip=0x00000000002014ad rsp=0x00007fffffffc0b8
nk4a: vm-pf recv
nk4a: vm-pf bytes 0000000000000000
nk4a: pick->0x0000000000000002
nk4a: sa0-0x0000000000000002 root=0x0x00000000034c1000 cur=0x0x000000001dfde000
nk4a: gs2 gsbase=0x0x000000001dd340c0
nk4a: probe text va=0x0x000000001dbf5000 -> pa=0x0x000000001dbf5000 fl=0x0x000000000000001b
nk4a: probe stk va=0x0xffff8000003ff000 -> pa=0x0x00000000003ff000 fl=0x0x0000000000000013
nk4a: probe dm va=0x0xffff808000200000 -> pa=0x0x0000000000200000 fl=0x0x0000000000000013
nk4a: cr3-done-0x0x00000000034c1000
nk4a: sa1-after cr3=0x0x00000000034c1000
nk4a: pre-restore- rip=0x00000000002278b9 rsp=0x00007fffffff8d68
nk4a: pick->0x0000000000000008
nk4a: sa0-0x0000000000000008 root=0x0x000000001dfde000 cur=0x0x00000000034c1000
nk4a: gs2 gsbase=0x0x000000001dd340c0
nk4a: probe text va=0x0x000000001dbf5000 -> pa=0x0x000000001dbf5000 fl=0x0x000000000000041b
nk4a: probe stk va=0x0xffff8000003ff000 -> pa=0x0x00000000003ff000 fl=0x0x000000000000041b
nk4a: probe dm va=0x0xffff808000200000 -> pa=0x0x0000000000200000 fl=0x0x0000000000000413
nk4a: cr3-done-0x0x000000001dfde000
nk4a: sa1-after cr3=0x0x000000001dfde000
nk4a: pre-restore- rip=0x00000000002014ad rsp=0x00007fffffffc0b8
nk4a: vm-pf recv
nk4a: vm-pf bytes 0000000000000000
nk4a: pick->0x0000000000000002
nk4a: sa0-0x0000000000000002 root=0x0x00000000034c1000 cur=0x0x000000001dfde000
nk4a: gs2 gsbase=0x0x000000001dd340c0
nk4a: probe text va=0x0x000000001dbf5000 -> pa=0x0x000000001dbf5000 fl=0x0x000000000000001b
nk4a: probe stk va=0x0xffff8000003ff000 -> pa=0x0x00000000003ff000 fl=0x0x0000000000000013
nk4a: probe dm va=0x0xffff808000200000 -> pa=0x0x0000000000200000 fl=0x0x0000000000000013
nk4a: cr3-done-0x0x00000000034c1000
nk4a: sa1-after cr3=0x0x00000000034c1000
nk4a: pre-restore- rip=0x00000000002278b9 rsp=0x00007fffffff8d68
nk4a: pick->0x0000000000000008
nk4a: sa0-0x0000000000000008 root=0x0x000000001dfde000 cur=0x0x00000000034c1000
nk4a: gs2 gsbase=0x0x000000001dd340c0
nk4a: probe text va=0x0x000000001dbf5000 -> pa=0x0x000000001dbf5000 fl=0x0x000000000000041b
nk4a: probe stk va=0x0xffff8000003ff000 -> pa=0x0x00000000003ff000 fl=0x0x000000000000041b
nk4a: probe dm va=0x0xffff808000200000 -> pa=0x0x0000000000200000 fl=0x0x0000000000000413
nk4a: cr3-done-0x0x000000001dfde000
nk4a: sa1-after cr3=0x0x000000001dfde000
nk4a: pre-restore- rip=0x00000000002014ad rsp=0x00007fffffffc0b8
nk4a: vm-pf recv
nk4a: vm-pf bytes 0000000000000000
nk4a: pick->0x0000000000000002
nk4a: sa0-0x0000000000000002 root=0x0x00000000034c1000 cur=0x0x000000001dfde000
nk4a: gs2 gsbase=0x0x000000001dd340c0
nk4a: probe text va=0x0x000000001dbf5000 -> pa=0x0x000000001dbf5000 fl=0x0x000000000000001b
nk4a: probe stk va=0x0xffff8000003ff000 -> pa=0x0x00000000003ff000 fl=0x0x0000000000000013
nk4a: probe dm va=0x0xffff808000200000 -> pa=0x0x0000000000200000 fl=0x0x0000000000000013
nk4a: cr3-done-0x0x00000000034c1000
nk4a: sa1-after cr3=0x0x00000000034c1000
nk4a: pre-restore- rip=0x00000000002278b9 rsp=0x00007fffffff8d68
nk4a: pick->0x0000000000000008
nk4a: sa0-0x0000000000000008 root=0x0x000000001dfde000 cur=0x0x00000000034c1000
nk4a: gs2 gsbase=0x0x000000001dd340c0
nk4a: probe text va=0x0x000000001dbf5000 -> pa=0x0x000000001dbf5000 fl=0x0x000000000000041b
nk4a: probe stk va=0x0xffff8000003ff000 -> pa=0x0x00000000003ff000 fl=0x0x000000000000041b
nk4a: probe dm va=0x0xffff808000200000 -> pa=0x0x0000000000200000 fl=0x0x0000000000000413
nk4a: cr3-done-0x0x000000001dfde000
nk4a: sa1-after cr3=0x0x000000001dfde000
nk4a: pre-restore- rip=0x00000000002014ad rsp=0x00007fffffffc0b8
nk4a: vm-pf recv
nk4a: vm-pf bytes 0000000000000000
nk4a: pick->0x0000000000000002
nk4a: sa0-0x0000000000000002 root=0x0x00000000034c1000 cur=0x0x000000001dfde000
nk4a: gs2 gsbase=0x0x000000001dd340c0
nk4a: probe text va=0x0x000000001dbf5000 -> pa=0x0x000000001dbf5000 fl=0x0x000000000000001b
nk4a: probe stk va=0x0xffff8000003ff000 -> pa=0x0x00000000003ff000 fl=0x0x0000000000000013
nk4a: probe dm va=0x0xffff808000200000 -> pa=0x0x0000000000200000 fl=0x0x0000000000000013
nk4a: cr3-done-0x0x00000000034c1000
nk4a: sa1-after cr3=0x0x00000000034c1000
nk4a: pre-restore- rip=0x00000000002278b9 rsp=0x00007fffffff8d68
nk4a: pick->0x0000000000000008
nk4a: sa0-0x0000000000000008 root=0x0x000000001dfde000 cur=0x0x00000000034c1000
nk4a: gs2 gsbase=0x0x000000001dd340c0
nk4a: probe text va=0x0x000000001dbf5000 -> pa=0x0x000000001dbf5000 fl=0x0x000000000000041b
nk4a: probe stk va=0x0xffff8000003ff000 -> pa=0x0x00000000003ff000 fl=0x0x000000000000041b
nk4a: probe dm va=0x0xffff808000200000 -> pa=0x0x0000000000200000 fl=0x0x0000000000000413
nk4a: cr3-done-0x0x000000001dfde000
nk4a: sa1-after cr3=0x0x000000001dfde000
nk4a: pre-restore- rip=0x00000000002014ad rsp=0x00007fffffffc0b8
nk4a: vm-pf recv
nk4a: vm-pf bytes 0000000000000000
nk4a: pick->0x0000000000000002
nk4a: sa0-0x0000000000000002 root=0x0x00000000034c1000 cur=0x0x000000001dfde000
nk4a: gs2 gsbase=0x0x000000001dd340c0
nk4a: probe text va=0x0x000000001dbf5000 -> pa=0x0x000000001dbf5000 fl=0x0x000000000000001b
nk4a: probe stk va=0x0xffff8000003ff000 -> pa=0x0x00000000003ff000 fl=0x0x0000000000000013
nk4a: probe dm va=0x0xffff808000200000 -> pa=0x0x0000000000200000 fl=0x0x0000000000000013
nk4a: cr3-done-0x0x00000000034c1000
nk4a: sa1-after cr3=0x0x00000000034c1000
nk4a: pre-restore- rip=0x00000000002278b9 rsp=0x00007fffffff8d68
nk4a: pick->0x0000000000000008
nk4a: sa0-0x0000000000000008 root=0x0x000000001dfde000 cur=0x0x00000000034c1000
nk4a: gs2 gsbase=0x0x000000001dd340c0
nk4a: probe text va=0x0x000000001dbf5000 -> pa=0x0x000000001dbf5000 fl=0x0x000000000000041b
nk4a: probe stk va=0x0xffff8000003ff000 -> pa=0x0x00000000003ff000 fl=0x0x000000000000041b
nk4a: probe dm va=0x0xffff808000200000 -> pa=0x0x0000000000200000 fl=0x0x0000000000000413
nk4a: cr3-done-0x0x000000001dfde000
nk4a: sa1-after cr3=0x0x000000001dfde000
nk4a: pre-restore- rip=0x00000000002014ad rsp=0x00007fffffffc0b8
nk4a: vm-pf recv
nk4a: vm-pf bytes 0000000000000000
nk4a: pick->0x0000000000000002
nk4a: sa0-0x0000000000000002 root=0x0x00000000034c1000 cur=0x0x000000001dfde000
nk4a: gs2 gsbase=0x0x000000001dd340c0
nk4a: probe text va=0x0x000000001dbf5000 -> pa=0x0x000000001dbf5000 fl=0x0x000000000000001b
nk4a: probe stk va=0x0xffff8000003ff000 -> pa=0x0x00000000003ff000 fl=0x0x0000000000000013
nk4a: probe dm va=0x0xffff808000200000 -> pa=0x0x0000000000200000 fl=0x0x0000000000000013
nk4a: cr3-done-0x0x00000000034c1000
nk4a: sa1-after cr3=0x0x00000000034c1000
nk4a: pre-restore- rip=0x00000000002278b9 rsp=0x00007fffffff8d68
nk4a: pick->0x0000000000000008
nk4a: sa0-0x0000000000000008 root=0x0x000000001dfde000 cur=0x0x00000000034c1000
nk4a: gs2 gsbase=0x0x000000001dd340c0
nk4a: probe text va=0x0x000000001dbf5000 -> pa=0x0x000000001dbf5000 fl=0x0x000000000000041b
nk4a: probe stk va=0x0xffff8000003ff000 -> pa=0x0x00000000003ff000 fl=0x0x000000000000041b
nk4a: probe dm va=0x0xffff808000200000 -> pa=0x0x0000000000200000 fl=0x0x0000000000000413
nk4a: cr3-done-0x0x000000001dfde000
nk4a: sa1-after cr3=0x0x000000001dfde000
nk4a: pre-restore- rip=0x00000000002014ad rsp=0x00007fffffffc0b8
nk4a: vm-pf recv
nk4a: vm-pf bytes 0000000000000000
nk4a: pick->0x0000000000000002
nk4a: sa0-0x0000000000000002 root=0x0x00000000034c1000 cur=0x0x000000001dfde000
nk4a: gs2 gsbase=0x0x000000001dd340c0
nk4a: probe text va=0x0x000000001dbf5000 -> pa=0x0x000000001dbf5000 fl=0x0x000000000000001b
nk4a: probe stk va=0x0xffff8000003ff000 -> pa=0x0x00000000003ff000 fl=0x0x0000000000000013
nk4a: probe dm va=0x0xffff808000200000 -> pa=0x0x0000000000200000 fl=0x0x0000000000000013
nk4a: cr3-done-0x0x00000000034c1000
nk4a: sa1-after cr3=0x0x00000000034c1000
nk4a: pre-restore- rip=0x00000000002278b9 rsp=0x00007fffffff8d68
nk4a: pick->0x0000000000000008
nk4a: sa0-0x0000000000000008 root=0x0x000000001dfde000 cur=0x0x00000000034c1000
nk4a: gs2 gsbase=0x0x000000001dd340c0
nk4a: probe text va=0x0x000000001dbf5000 -> pa=0x0x000000001dbf5000 fl=0x0x000000000000041b
nk4a: probe stk va=0x0xffff8000003ff000 -> pa=0x0x00000000003ff000 fl=0x0x000000000000041b
nk4a: probe dm va=0x0xffff808000200000 -> pa=0x0x0000000000200000 fl=0x0x0000000000000413
nk4a: cr3-done-0x0x000000001dfde000
nk4a: sa1-after cr3=0x0x000000001dfde000
nk4a: pre-restore- rip=0x00000000002014ad rsp=0x00007fffffffc0b8
nk4a: vm-pf recv
nk4a: vm-pf bytes 0000000000000000
nk4a: pick->0x0000000000000002
nk4a: sa0-0x0000000000000002 root=0x0x00000000034c1000 cur=0x0x000000001dfde000
nk4a: gs2 gsbase=0x0x000000001dd340c0
nk4a: probe text va=0x0x000000001dbf5000 -> pa=0x0x000000001dbf5000 fl=0x0x000000000000001b
nk4a: probe stk va=0x0xffff8000003ff000 -> pa=0x0x00000000003ff000 fl=0x0x0000000000000013
nk4a: probe dm va=0x0xffff808000200000 -> pa=0x0x0000000000200000 fl=0x0x0000000000000013
nk4a: cr3-done-0x0x00000000034c1000
nk4a: sa1-after cr3=0x0x00000000034c1000
nk4a: pre-restore- rip=0x00000000002278b9 rsp=0x00007fffffff8d68
nk4a: pick->0x0000000000000008
nk4a: sa0-0x0000000000000008 root=0x0x000000001dfde000 cur=0x0x00000000034c1000
nk4a: gs2 gsbase=0x0x000000001dd340c0
nk4a: probe text va=0x0x000000001dbf5000 -> pa=0x0x000000001dbf5000 fl=0x0x000000000000041b
nk4a: probe stk va=0x0xffff8000003ff000 -> pa=0x0x00000000003ff000 fl=0x0x000000000000041b
nk4a: probe dm va=0x0xffff808000200000 -> pa=0x0x0000000000200000 fl=0x0x0000000000000413
nk4a: cr3-done-0x0x000000001dfde000
nk4a: sa1-after cr3=0x0x000000001dfde000
nk4a: pre-restore- rip=0x00000000002014ad rsp=0x00007fffffffc0b8
nk4a: vm-pf recv
nk4a: vm-pf bytes 0000000000000000
nk4a: pick->0x0000000000000002
nk4a: sa0-0x0000000000000002 root=0x0x00000000034c1000 cur=0x0x000000001dfde000
nk4a: gs2 gsbase=0x0x000000001dd340c0
nk4a: probe text va=0x0x000000001dbf5000 -> pa=0x0x000000001dbf5000 fl=0x0x000000000000001b
nk4a: probe stk va=0x0xffff8000003ff000 -> pa=0x0x00000000003ff000 fl=0x0x0000000000000013
nk4a: probe dm va=0x0xffff808000200000 -> pa=0x0x0000000000200000 fl=0x0x0000000000000013
nk4a: cr3-done-0x0x00000000034c1000
nk4a: sa1-after cr3=0x0x00000000034c1000
nk4a: pre-restore- rip=0x00000000002278b9 rsp=0x00007fffffff8d68
nk4a: pick->0x0000000000000008
nk4a: sa0-0x0000000000000008 root=0x0x000000001dfde000 cur=0x0x00000000034c1000
nk4a: gs2 gsbase=0x0x000000001dd340c0
nk4a: probe text va=0x0x000000001dbf5000 -> pa=0x0x000000001dbf5000 fl=0x0x000000000000041b
nk4a: probe stk va=0x0xffff8000003ff000 -> pa=0x0x00000000003ff000 fl=0x0x000000000000041b
nk4a: probe dm va=0x0xffff808000200000 -> pa=0x0x0000000000200000 fl=0x0x0000000000000413
nk4a: cr3-done-0x0x000000001dfde000
nk4a: sa1-after cr3=0x0x000000001dfde000
nk4a: pre-restore- rip=0x00000000002014ad rsp=0x00007fffffffc0b8
nk4a: vm-pf recv
nk4a: vm-pf bytes 0000000000000000
nk4a: pick->0x0000000000000002
nk4a: sa0-0x0000000000000002 root=0x0x00000000034c1000 cur=0x0x000000001dfde000
nk4a: gs2 gsbase=0x0x000000001dd340c0
nk4a: probe text va=0x0x000000001dbf5000 -> pa=0x0x000000001dbf5000 fl=0x0x000000000000001b
nk4a: probe stk va=0x0xffff8000003ff000 -> pa=0x0x00000000003ff000 fl=0x0x0000000000000013
nk4a: probe dm va=0x0xffff808000200000 -> pa=0x0x0000000000200000 fl=0x0x0000000000000013
nk4a: cr3-done-0x0x00000000034c1000
nk4a: sa1-after cr3=0x0x00000000034c1000
nk4a: pre-restore- rip=0x00000000002278b9 rsp=0x00007fffffff8d68
nk4a: pick->0x0000000000000008
nk4a: sa0-0x0000000000000008 root=0x0x000000001dfde000 cur=0x0x00000000034c1000
nk4a: gs2 gsbase=0x0x000000001dd340c0
nk4a: probe text va=0x0x000000001dbf5000 -> pa=0x0x000000001dbf5000 fl=0x0x000000000000041b
nk4a: probe stk va=0x0xffff8000003ff000 -> pa=0x0x00000000003ff000 fl=0x0x000000000000041b
nk4a: probe dm va=0x0xffff808000200000 -> pa=0x0x0000000000200000 fl=0x0x0000000000000413
nk4a: cr3-done-0x0x000000001dfde000
nk4a: sa1-after cr3=0x0x000000001dfde000
nk4a: pre-restore- rip=0x00000000002014ad rsp=0x00007fffffffc0b8
nk4a: vm-pf recv
nk4a: vm-pf bytes 0000000000000000
nk4a: pick->0x0000000000000002
nk4a: sa0-0x0000000000000002 root=0x0x00000000034c1000 cur=0x0x000000001dfde000
nk4a: gs2 gsbase=0x0x000000001dd340c0
nk4a: probe text va=0x0x000000001dbf5000 -> pa=0x0x000000001dbf5000 fl=0x0x000000000000001b
nk4a: probe stk va=0x0xffff8000003ff000 -> pa=0x0x00000000003ff000 fl=0x0x0000000000000013
nk4a: probe dm va=0x0xffff808000200000 -> pa=0x0x0000000000200000 fl=0x0x0000000000000013
nk4a: cr3-done-0x0x00000000034c1000
nk4a: sa1-after cr3=0x0x00000000034c1000
nk4a: pre-restore- rip=0x00000000002278b9 rsp=0x00007fffffff8d68
nk4a: pick->0x0000000000000008
nk4a: sa0-0x0000000000000008 root=0x0x000000001dfde000 cur=0x0x00000000034c1000
nk4a: gs2 gsbase=0x0x000000001dd340c0
nk4a: probe text va=0x0x000000001dbf5000 -> pa=0x0x000000001dbf5000 fl=0x0x000000000000041b
nk4a: probe stk va=0x0xffff8000003ff000 -> pa=0x0x00000000003ff000 fl=0x0x000000000000041b
nk4a: probe dm va=0x0xffff808000200000 -> pa=0x0x0000000000200000 fl=0x0x0000000000000413
nk4a: cr3-done-0x0x000000001dfde000
nk4a: sa1-after cr3=0x0x000000001dfde000
nk4a: pre-restore- rip=0x00000000002014ad rsp=0x00007fffffffc0b8
nk4a: vm-pf recv
nk4a: vm-pf bytes d0833c2401741448
nk4a: pick->0x0000000000000002
nk4a: sa0-0x0000000000000002 root=0x0x00000000034c1000 cur=0x0x000000001dfde000
nk4a: gs2 gsbase=0x0x000000001dd340c0
nk4a: probe text va=0x0x000000001dbf5000 -> pa=0x0x000000001dbf5000 fl=0x0x000000000000001b
nk4a: probe stk va=0x0xffff8000003ff000 -> pa=0x0x00000000003ff000 fl=0x0x0000000000000013
nk4a: probe dm va=0x0xffff808000200000 -> pa=0x0x0000000000200000 fl=0x0x0000000000000013
nk4a: cr3-done-0x0x00000000034c1000
nk4a: sa1-after cr3=0x0x00000000034c1000
nk4a: pre-restore- rip=0x00000000002136b0 rsp=0x00007fffffff9de8
nk4a: pick->0x0000000000000008
nk4a: sa0-0x0000000000000008 root=0x0x000000001dfde000 cur=0x0x00000000034c1000
nk4a: gs2 gsbase=0x0x000000001dd340c0
nk4a: probe text va=0x0x000000001dbf5000 -> pa=0x0x000000001dbf5000 fl=0x0x000000000000041b
nk4a: probe stk va=0x0xffff8000003ff000 -> pa=0x0x00000000003ff000 fl=0x0x000000000000041b
nk4a: probe dm va=0x0xffff808000200000 -> pa=0x0x0000000000200000 fl=0x0x0000000000000413
nk4a: cr3-done-0x0x000000001dfde000
nk4a: sa1-after cr3=0x0x000000001dfde000
nk4a: pre-restore- rip=0x00000000002014ad rsp=0x00007fffffffc0b8
nk4a: vm-pf recv
nk4a: vm-pf bytes 48c7442440000000
nk4a: pick->0x0000000000000002
nk4a: sa0-0x0000000000000002 root=0x0x00000000034c1000 cur=0x0x000000001dfde000
nk4a: gs2 gsbase=0x0x000000001dd340c0
nk4a: probe text va=0x0x000000001dbf5000 -> pa=0x0x000000001dbf5000 fl=0x0x000000000000001b
nk4a: probe stk va=0x0xffff8000003ff000 -> pa=0x0x00000000003ff000 fl=0x0x0000000000000013
nk4a: probe dm va=0x0xffff808000200000 -> pa=0x0x0000000000200000 fl=0x0x0000000000000013
nk4a: cr3-done-0x0x00000000034c1000
nk4a: sa1-after cr3=0x0x00000000034c1000
nk4a: pre-restore- rip=0x000000000021f0e0 rsp=0x00007fffffff9d38
nk4a: kc0x0000000000000009 caller=0x0000000000000002 call=0x0000000000000022
nk4a: pick->0x0000000000000008
nk4a: sa0-0x0000000000000008 root=0x0x000000001dfde000 cur=0x0x00000000034c1000
nk4a: gs2 gsbase=0x0x000000001dd340c0
nk4a: probe text va=0x0x000000001dbf5000 -> pa=0x0x000000001dbf5000 fl=0x0x000000000000041b
nk4a: probe stk va=0x0xffff8000003ff000 -> pa=0x0x00000000003ff000 fl=0x0x000000000000041b
nk4a: probe dm va=0x0xffff808000200000 -> pa=0x0x0000000000200000 fl=0x0x0000000000000413
nk4a: cr3-done-0x0x000000001dfde000
nk4a: sa1-after cr3=0x0x000000001dfde000
nk4a: pre-restore- rip=0x00000000002014ad rsp=0x00007fffffffc0b8
nk4a: vm-pf recv
nk4a: vm-pf bytes 6f696e744d69736d
nk4a: pick->0x0000000000000002
nk4a: sa0-0x0000000000000002 root=0x0x00000000034c1000 cur=0x0x000000001dfde000
nk4a: gs2 gsbase=0x0x000000001dd340c0
nk4a: probe text va=0x0x000000001dbf5000 -> pa=0x0x000000001dbf5000 fl=0x0x000000000000001b
nk4a: probe stk va=0x0xffff8000003ff000 -> pa=0x0x00000000003ff000 fl=0x0x0000000000000013
nk4a: probe dm va=0x0xffff808000200000 -> pa=0x0x0000000000200000 fl=0x0x0000000000000013
nk4a: cr3-done-0x0x00000000034c1000
nk4a: sa1-after cr3=0x0x00000000034c1000
nk4a: pre-restore- rip=0x000000000020ccad rsp=0x00007fffffff9e00
nk4a: kc0x000000000000000a caller=0x0000000000000002 call=0x000000000000001a
nk4a: pick->0x0000000000000008
nk4a: sa0-0x0000000000000008 root=0x0x000000001dfde000 cur=0x0x00000000034c1000
nk4a: gs2 gsbase=0x0x000000001dd340c0
nk4a: probe text va=0x0x000000001dbf5000 -> pa=0x0x000000001dbf5000 fl=0x0x000000000000041b
nk4a: probe stk va=0x0xffff8000003ff000 -> pa=0x0x00000000003ff000 fl=0x0x000000000000041b
nk4a: probe dm va=0x0xffff808000200000 -> pa=0x0x0000000000200000 fl=0x0x0000000000000413
nk4a: cr3-done-0x0x000000001dfde000
nk4a: sa1-after cr3=0x0x000000001dfde000
nk4a: pre-restore- rip=0x00000000002014ad rsp=0x00007fffffffc0b8
nk4a: vm-pf recv
nk4a: vm-pf bytes dd48899c24c00000
nk4a: pick->0x0000000000000002
nk4a: sa0-0x0000000000000002 root=0x0x00000000034c1000 cur=0x0x000000001dfde000
nk4a: gs2 gsbase=0x0x000000001dd340c0
nk4a: probe text va=0x0x000000001dbf5000 -> pa=0x0x000000001dbf5000 fl=0x0x000000000000001b
nk4a: probe stk va=0x0xffff8000003ff000 -> pa=0x0x00000000003ff000 fl=0x0x0000000000000013
nk4a: probe dm va=0x0xffff808000200000 -> pa=0x0x0000000000200000 fl=0x0x0000000000000013
nk4a: cr3-done-0x0x00000000034c1000
nk4a: sa1-after cr3=0x0x00000000034c1000
nk4a: pre-restore- rip=0x00000000002156a0 rsp=0x00007fffffff9df8
nk4a: kc0x000000000000000b caller=0x0000000000000002 call=0x0000000000000019
nk4a: pick->0x0000000000000008
nk4a: sa0-0x0000000000000008 root=0x0x000000001dfde000 cur=0x0x00000000034c1000
nk4a: gs2 gsbase=0x0x000000001dd340c0
nk4a: probe text va=0x0x000000001dbf5000 -> pa=0x0x000000001dbf5000 fl=0x0x000000000000041b
nk4a: probe stk va=0x0xffff8000003ff000 -> pa=0x0x00000000003ff000 fl=0x0x000000000000041b
nk4a: probe dm va=0x0xffff808000200000 -> pa=0x0x0000000000200000 fl=0x0x0000000000000413
nk4a: cr3-done-0x0x000000001dfde000
nk4a: sa1-after cr3=0x0x000000001dfde000
nk4a: pre-restore- rip=0x00000000002014ad rsp=0x00007fffffffc0b8
nk4a: vm-pf recv
nk4a: vm-pf bytes b656184c8b1e488b
nk4a: pick->0x0000000000000002
nk4a: sa0-0x0000000000000002 root=0x0x00000000034c1000 cur=0x0x000000001dfde000
nk4a: gs2 gsbase=0x0x000000001dd340c0
nk4a: probe text va=0x0x000000001dbf5000 -> pa=0x0x000000001dbf5000 fl=0x0x000000000000001b
nk4a: probe stk va=0x0xffff8000003ff000 -> pa=0x0x00000000003ff000 fl=0x0x0000000000000013
nk4a: probe dm va=0x0xffff808000200000 -> pa=0x0x0000000000200000 fl=0x0x0000000000000013
nk4a: cr3-done-0x0x00000000034c1000
nk4a: sa1-after cr3=0x0x00000000034c1000
nk4a: pre-restore- rip=0x000000000020f060 rsp=0x00007fffffff9d78
nk4a: kc0x000000000000000c caller=0x0000000000000002 call=0x000000000000001a
nk4a: kc0x000000000000000d caller=0x0000000000000002 call=0x0000000000000019
nk4a: kc0x000000000000000e caller=0x0000000000000002 call=0x0000000000000004
nk4a: kc0x000000000000000f caller=0x0000000000000002 call=0x000000000000001a
nk4a: kc0x0000000000000010 caller=0x0000000000000002 call=0x0000000000000019
nk4a: kc0x0000000000000011 caller=0x0000000000000002 call=0x0000000000000004
nk4a: kc0x0000000000000012 caller=0x0000000000000002 call=0x000000000000001a
nk4a: kc0x0000000000000013 caller=0x0000000000000002 call=0x0000000000000019
nk4a: kc0x0000000000000014 caller=0x0000000000000002 call=0x0000000000000004
nk4a: kc0x0000000000000015 caller=0x0000000000000002 call=0x000000000000001a
nk4a: kc0x0000000000000016 caller=0x0000000000000002 call=0x0000000000000019
nk4a: kc0x0000000000000017 caller=0x0000000000000002 call=0x0000000000000004
nk4a: kc0x0000000000000018 caller=0x0000000000000002 call=0x000000000000001a
nk4a: kc0x0000000000000019 caller=0x0000000000000002 call=0x0000000000000019
nk4a: kc0x000000000000001a caller=0x0000000000000002 call=0x0000000000000004
nk4a: kc0x000000000000001b caller=0x0000000000000002 call=0x000000000000001a
nk4a: kc0x000000000000001c caller=0x0000000000000002 call=0x0000000000000019
nk4a: kc0x000000000000001d caller=0x0000000000000002 call=0x0000000000000004
nk4a: kc0x000000000000001e caller=0x0000000000000002 call=0x000000000000001a
nk4a: kc0x000000000000001f caller=0x0000000000000002 call=0x0000000000000019
nk4a: kc0x0000000000000020 caller=0x0000000000000002 call=0x0000000000000004
nk4a: kc0x0000000000000021 caller=0x0000000000000002 call=0x000000000000001a
nk4a: kc0x0000000000000022 caller=0x0000000000000002 call=0x0000000000000019
nk4a: kc0x0000000000000023 caller=0x0000000000000002 call=0x0000000000000004
nk4a: kc0x0000000000000024 caller=0x0000000000000002 call=0x000000000000001a
nk4a: kc0x0000000000000025 caller=0x0000000000000002 call=0x0000000000000019
nk4a: kc0x0000000000000026 caller=0x0000000000000002 call=0x0000000000000004
nk4a: kc0x0000000000000027 caller=0x0000000000000002 call=0x000000000000001a
nk4a: kc0x0000000000000028 caller=0x0000000000000002 call=0x0000000000000019
nk4a: kc0x0000000000000029 caller=0x0000000000000002 call=0x0000000000000004
nk4a: kc0x000000000000002a caller=0x0000000000000002 call=0x000000000000001a
nk4a: kc0x000000000000002b caller=0x0000000000000002 call=0x0000000000000019
nk4a: pick->0x0000000000000008
nk4a: sa0-0x0000000000000008 root=0x0x000000001dfde000 cur=0x0x00000000034c1000
nk4a: gs2 gsbase=0x0x000000001dd340c0
nk4a: probe text va=0x0x000000001dbf5000 -> pa=0x0x000000001dbf5000 fl=0x0x000000000000041b
nk4a: probe stk va=0x0xffff8000003ff000 -> pa=0x0x00000000003ff000 fl=0x0x000000000000041b
nk4a: probe dm va=0x0xffff808000200000 -> pa=0x0x0000000000200000 fl=0x0x0000000000000413
nk4a: cr3-done-0x0x000000001dfde000
nk4a: sa1-after cr3=0x0x000000001dfde000
nk4a: pre-restore- rip=0x00000000002014ad rsp=0x00007fffffffc0b8
nk4a: vm-pf recv
nk4a: vm-pf bytes 0000000000000000
nk4a: pick->0x0000000000000002
nk4a: sa0-0x0000000000000002 root=0x0x00000000034c1000 cur=0x0x000000001dfde000
nk4a: gs2 gsbase=0x0x000000001dd340c0
nk4a: probe text va=0x0x000000001dbf5000 -> pa=0x0x000000001dbf5000 fl=0x0x000000000000001b
nk4a: probe stk va=0x0xffff8000003ff000 -> pa=0x0x00000000003ff000 fl=0x0x0000000000000013
nk4a: probe dm va=0x0xffff808000200000 -> pa=0x0x0000000000200000 fl=0x0x0000000000000013
nk4a: cr3-done-0x0x00000000034c1000
nk4a: sa1-after cr3=0x0x00000000034c1000
nk4a: pre-restore- rip=0x000000000020cf09 rsp=0x00007fffffff9e00
nk4a: pick->0x0000000000000008
nk4a: sa0-0x0000000000000008 root=0x0x000000001dfde000 cur=0x0x00000000034c1000
nk4a: gs2 gsbase=0x0x000000001dd340c0
nk4a: probe text va=0x0x000000001dbf5000 -> pa=0x0x000000001dbf5000 fl=0x0x000000000000041b
nk4a: probe stk va=0x0xffff8000003ff000 -> pa=0x0x00000000003ff000 fl=0x0x000000000000041b
nk4a: probe dm va=0x0xffff808000200000 -> pa=0x0x0000000000200000 fl=0x0x0000000000000413
nk4a: cr3-done-0x0x000000001dfde000
nk4a: sa1-after cr3=0x0x000000001dfde000
nk4a: pre-restore- rip=0x00000000002014ad rsp=0x00007fffffffc0b8
nk4a: vm-pf recv
nk4a: vm-pf bytes 0000000000000000
nk4a: pick->0x0000000000000002
nk4a: sa0-0x0000000000000002 root=0x0x00000000034c1000 cur=0x0x000000001dfde000
nk4a: gs2 gsbase=0x0x000000001dd340c0
nk4a: probe text va=0x0x000000001dbf5000 -> pa=0x0x000000001dbf5000 fl=0x0x000000000000001b
nk4a: probe stk va=0x0xffff8000003ff000 -> pa=0x0x00000000003ff000 fl=0x0x0000000000000013
nk4a: probe dm va=0x0xffff808000200000 -> pa=0x0x0000000000200000 fl=0x0x0000000000000013
nk4a: cr3-done-0x0x00000000034c1000
nk4a: sa1-after cr3=0x0x00000000034c1000
nk4a: pre-restore- rip=0x0000000000225302 rsp=0x00007fffffff9da0
nk4a: pick->0x0000000000000008
nk4a: sa0-0x0000000000000008 root=0x0x000000001dfde000 cur=0x0x00000000034c1000
nk4a: gs2 gsbase=0x0x000000001dd340c0
nk4a: probe text va=0x0x000000001dbf5000 -> pa=0x0x000000001dbf5000 fl=0x0x000000000000041b
nk4a: probe stk va=0x0xffff8000003ff000 -> pa=0x0x00000000003ff000 fl=0x0x000000000000041b
nk4a: probe dm va=0x0xffff808000200000 -> pa=0x0x0000000000200000 fl=0x0x0000000000000413
nk4a: cr3-done-0x0x000000001dfde000
nk4a: sa1-after cr3=0x0x000000001dfde000
nk4a: pre-restore- rip=0x00000000002014ad rsp=0x00007fffffffc0b8
nk4a: vm-pf recv
nk4a: vm-pf bytes bd0700000083f807
nk4a: pick->0x0000000000000002
nk4a: sa0-0x0000000000000002 root=0x0x00000000034c1000 cur=0x0x000000001dfde000
nk4a: gs2 gsbase=0x0x000000001dd340c0
nk4a: probe text va=0x0x000000001dbf5000 -> pa=0x0x000000001dbf5000 fl=0x0x000000000000001b
nk4a: probe stk va=0x0xffff8000003ff000 -> pa=0x0x00000000003ff000 fl=0x0x0000000000000013
nk4a: probe dm va=0x0xffff808000200000 -> pa=0x0x0000000000200000 fl=0x0x0000000000000013
nk4a: cr3-done-0x0x00000000034c1000
nk4a: sa1-after cr3=0x0x00000000034c1000
nk4a: pre-restore- rip=0x0000000000216990 rsp=0x00007fffffff9d28
nk4a: pick->0x0000000000000008
nk4a: sa0-0x0000000000000008 root=0x0x000000001dfde000 cur=0x0x00000000034c1000
nk4a: gs2 gsbase=0x0x000000001dd340c0
nk4a: probe text va=0x0x000000001dbf5000 -> pa=0x0x000000001dbf5000 fl=0x0x000000000000041b
nk4a: probe stk va=0x0xffff8000003ff000 -> pa=0x0x00000000003ff000 fl=0x0x000000000000041b
nk4a: probe dm va=0x0xffff808000200000 -> pa=0x0x0000000000200000 fl=0x0x0000000000000413
nk4a: cr3-done-0x0x000000001dfde000
nk4a: sa1-after cr3=0x0x000000001dfde000
nk4a: pre-restore- rip=0x00000000002014ad rsp=0x00007fffffffc0b8
nk4a: vm-pf recv
nk4a: vm-pf bytes 9e4c89e74c89f641
nk4a: pick->0x0000000000000002
nk4a: sa0-0x0000000000000002 root=0x0x00000000034c1000 cur=0x0x000000001dfde000
nk4a: gs2 gsbase=0x0x000000001dd340c0
nk4a: probe text va=0x0x000000001dbf5000 -> pa=0x0x000000001dbf5000 fl=0x0x000000000000001b
nk4a: probe stk va=0x0xffff8000003ff000 -> pa=0x0x00000000003ff000 fl=0x0x0000000000000013
nk4a: probe dm va=0x0xffff808000200000 -> pa=0x0x0000000000200000 fl=0x0x0000000000000013
nk4a: cr3-done-0x0x00000000034c1000
nk4a: sa1-after cr3=0x0x00000000034c1000
nk4a: pre-restore- rip=0x0000000000226520 rsp=0x00007fffffff9cf8
nk4a: kc0x000000000000002c caller=0x0000000000000002 call=0x000000000000002c
nk4a: rs-step2 pt=0x222ee8 len=12 tbl=0x7fffffffc800
nk4a: pick->0x0000000000000008
nk4a: sa0-0x0000000000000008 root=0x0x000000001dfde000 cur=0x0x00000000034c1000
nk4a: gs2 gsbase=0x0x000000001dd340c0
nk4a: probe text va=0x0x000000001dbf5000 -> pa=0x0x000000001dbf5000 fl=0x0x000000000000041b
nk4a: probe stk va=0x0xffff8000003ff000 -> pa=0x0x00000000003ff000 fl=0x0x000000000000041b
nk4a: probe dm va=0x0xffff808000200000 -> pa=0x0x0000000000200000 fl=0x0x0000000000000413
nk4a: cr3-done-0x0x000000001dfde000
nk4a: sa1-after cr3=0x0x000000001dfde000
nk4a: pre-restore- rip=0x00000000002014ad rsp=0x00007fffffffc0b8
nk4a: vm-pf recv
nk4a: vm-pf bytes ffd04d85f60f8471
nk4a: pick->0x0000000000000002
nk4a: sa0-0x0000000000000002 root=0x0x00000000034c1000 cur=0x0x000000001dfde000
nk4a: gs2 gsbase=0x0x000000001dd340c0
nk4a: probe text va=0x0x000000001dbf5000 -> pa=0x0x000000001dbf5000 fl=0x0x000000000000001b
nk4a: probe stk va=0x0xffff8000003ff000 -> pa=0x0x00000000003ff000 fl=0x0x0000000000000013
nk4a: probe dm va=0x0xffff808000200000 -> pa=0x0x0000000000200000 fl=0x0x0000000000000013
nk4a: cr3-done-0x0x00000000034c1000
nk4a: sa1-after cr3=0x0x00000000034c1000
nk4a: pre-restore- rip=0x000000000020d000 rsp=0x00007fffffff9e00
nk4a: kc0x000000000000002d caller=0x0000000000000002 call=0x000000000000002c
nk4a: rs-step2 ep=0x2 slot=2
nk4a: kc0x000000000000002e caller=0x0000000000000002 call=0x0000000000000019
nk4a: kc0x000000000000002f caller=0x0000000000000002 call=0x000000000000002c
nk4a: rs-step2 ep=0x8 slot=8
nk4a: kc0x0000000000000030 caller=0x0000000000000002 call=0x0000000000000019
nk4a: pick->0x0000000000000008
nk4a: sa0-0x0000000000000008 root=0x0x000000001dfde000 cur=0x0x00000000034c1000
nk4a: gs2 gsbase=0x0x000000001dd340c0
nk4a: probe text va=0x0x000000001dbf5000 -> pa=0x0x000000001dbf5000 fl=0x0x000000000000041b
nk4a: probe stk va=0x0xffff8000003ff000 -> pa=0x0x00000000003ff000 fl=0x0x000000000000041b
nk4a: probe dm va=0x0xffff808000200000 -> pa=0x0x0000000000200000 fl=0x0x0000000000000413
nk4a: cr3-done-0x0x000000001dfde000
nk4a: sa1-after cr3=0x0x000000001dfde000
nk4a: pre-restore- rip=0x00000000002014ad rsp=0x00007fffffffc0b8
nk4a: vm-pf recv
nk4a: vm-pf bytes 000000000048c783
nk4a: pick->0x0000000000000002
nk4a: sa0-0x0000000000000002 root=0x0x00000000034c1000 cur=0x0x000000001dfde000
nk4a: gs2 gsbase=0x0x000000001dd340c0
nk4a: probe text va=0x0x000000001dbf5000 -> pa=0x0x000000001dbf5000 fl=0x0x000000000000001b
nk4a: probe stk va=0x0xffff8000003ff000 -> pa=0x0x00000000003ff000 fl=0x0x0000000000000013
nk4a: probe dm va=0x0xffff808000200000 -> pa=0x0x0000000000200000 fl=0x0x0000000000000013
nk4a: cr3-done-0x0x00000000034c1000
nk4a: sa1-after cr3=0x0x00000000034c1000
nk4a: pre-restore- rip=0x0000000000203be0 rsp=0x00007fffffff9d88
nk4a: rs-step2 ep=0x0 slot=0
nk4a: pick->0x0000000000000008
nk4a: sa0-0x0000000000000008 root=0x0x000000001dfde000 cur=0x0x00000000034c1000
nk4a: gs2 gsbase=0x0x000000001dd340c0
nk4a: probe text va=0x0x000000001dbf5000 -> pa=0x0x000000001dbf5000 fl=0x0x000000000000041b
nk4a: probe stk va=0x0xffff8000003ff000 -> pa=0x0x00000000003ff000 fl=0x0x000000000000041b
nk4a: probe dm va=0x0xffff808000200000 -> pa=0x0x0000000000200000 fl=0x0x0000000000000413
nk4a: cr3-done-0x0x000000001dfde000
nk4a: sa1-after cr3=0x0x000000001dfde000
nk4a: pre-restore- rip=0x00000000002014ad rsp=0x00007fffffffc0b8
nk4a: vm-pf recv
nk4a: pf-exit noaddr cr2=0x0
<unset> 0x0000000000000002 0x000000000020d20e 
boot-shim panic: panicked at kernel/src/syscall_signal.rs:300:13:
cause_sig: sig manager 2 gets lethal signal 11 for itselfkernel panic: panicked at kernel/src/syscall_signal.rs:300:13:
cause_sig: sig manager 2 gets lethal signal 11 for itselfkernel on CPU 0x0000000000000000: trap: vector 0x000000000000000d err 0x0000000000000000 rip 0x000000001dc101d9 cs 0x0000000000000008 rflags 0x0000000000000093 rsp 0xffff8000003ff990 ss 0x0000000000000010
nk4a: pfm5-dump
boot-shim panic: panicked at kernel/src/trap_dispatch.rs:433:13:
kernel exception vector 13 at rip 0x1dc101d9 errcode 0x0 [dispatch_body @ 0x1dc1d560]kernel panic: panicked at kernel/src/trap_dispatch.rs:433:13:
kernel exception vector 13 at rip 0x1dc101d9 errcode 0x0 [dispatch_body @ 0x1dc1d560]kernel on CPU 0x0000000000000000: (stacktrace skipped: recursive panic)
