[2J[01;01H[=3h[2J[01;01H[2J[01;01H[=3h[2J[01;01H[2J[01;01H[=3h[2J[01;01HBdsDxe: loading Boot0002 "EFI Internal Shell" from Fv(7CB8BDC9-F8EB-4F34-AAEA-3EE4AF6516A1)/FvFile(7C04A583-9E3E-4F1C-AD65-E05268D0B4D1)
BdsDxe: starting Boot0002 "EFI Internal Shell" from Fv(7CB8BDC9-F8EB-4F34-AAEA-3EE4AF6516A1)/FvFile(7C04A583-9E3E-4F1C-AD65-E05268D0B4D1)
[2J[01;01H[01;01HUEFI Interactive Shell v2.2
EDK II
UEFI v2.70 (Ubuntu distribution of EDK II, 0x00010000)
[1m[33m[40mMapping table[0m[37m[40m
[1m[33m[40m      FS0:[0m[37m[40m [1m[37m[40mAlias(s):[0m[37m[40mF0a65535a:;BLK0:
          PciRoot(0x0)/Pci(0x1F,0x2)/Sata(0x0,0xFFFF,0x0)
[1m[33m[40m     BLK1:[0m[37m[40m [1m[37m[40mAlias(s):[0m[37m[40m
          PciRoot(0x0)/Pci(0x1F,0x2)/Sata(0x2,0xFFFF,0x0)
[09;01HPress [1m[37m[40mESC[0m[37m[40m in 5 seconds to skip [1m[33m[40mstartup.nsh[0m[37m[40m or any other key to continue.[09;01HPress [1m[37m[40mESC[0m[37m[40m in 4 seconds to skip [1m[33m[40mstartup.nsh[0m[37m[40m or any other key to continue.[09;01HPress [1m[37m[40mESC[0m[37m[40m in 3 seconds to skip [1m[33m[40mstartup.nsh[0m[37m[40m or any other key to continue.[09;01HPress [1m[37m[40mESC[0m[37m[40m in 2 seconds to skip [1m[33m[40mstartup.nsh[0m[37m[40m or any other key to continue.[09;01HPress [1m[37m[40mESC[0m[37m[40m in 1 seconds to skip [1m[33m[40mstartup.nsh[0m[37m[40m or any other key to continue.
[1m[33m[40mShell> [0m[37m[40mecho -off
boot-shim: prepare_boot enter
boot-shim: root+bump allocated
boot-shim: loading kernel.elf from ESP…
boot-shim: kernel loaded (entry staged)
boot-shim: 12 boot modules loaded
boot-shim: locating platform sources…
boot-shim: reserved-big ty=BOOT_SERVICES_DATA base=900000 pages=e80
boot-shim: reserved-big ty=BOOT_SERVICES_DATA base=1dfdf000 pages=693
boot-shim: reserved-big ty=BOOT_SERVICES_DATA base=1ed19000 pages=412
boot-shim: reserved-big ty=BOOT_SERVICES_DATA base=1f7ff000 pages=601
boot-shim: memmaps conv=12 reserved=118
boot-shim: memmap ok (final pre-EBS snapshot)
boot-shim: building KernelInfo…
boot-shim: exiting boot services…
boot-shim: [raw] boot services exited
boot-shim: [raw] pt_alloc registered, entering kernel arch_boot
kernel: arch_boot arg=0x000000001fe962b8 blen=0x0000000000000000
kernel: arch_boot reslen=0x0000000000000076 r0=0x0000000000000000+0x0000000000001000
kernel: arch_boot entered
kernel: entering validate
kernel: v0 enter
kernel: v1 asserts ok
kernel: v2 fallback region ok
kernel: v3 pt_alloc ok
kernel: step0 validate ok
kernel: step1+2 mappings ok
kernel: step4 DM coverage ok
kernel: arch_boot_impl done, jumping to kmain
kernel: preA rdi=0x000000001dc34120 kinfo=0x000000001dc34120 rsp=0xffff8000003cef18 blen=0x0000000000000000
kernel: kmain Phase A enter
kernel: kmain A.1 validate ok
kernel: kmain A.1b console+kinfo ok
kernel: kmain A.2a memmap copy ok
kernel: kmain A.2b module cuts ok
kernel: kmain A/A.2 memmap+modules ok
kernel: kmain A.5 platform ok
nk4a: gs0 gsbase=0x0x0000000000000000 kgsbase=0x0x0000000000000000
kernel: kmain B clock+intr ok
nk4a: gs1 gsbase=0x0x000000001dd340c0
kernel: kmain B.5 kerninfo page ok
kernel: diag pc=0x000000000023ac00 pa=0x000000001fe3c000 flags=0x000000000000000d
kernel: vm_handoff free n=0x0000000000000007 deducted=0x0000000000000015
  base=0x0000000000001000 size=0x000000000009f000
  base=0x0000000000100000 size=0x0000000000100000
  base=0x0000000000808000 size=0x0000000000003000
  base=0x000000000080c000 size=0x0000000000004000
  base=0x0000000001780000 size=0x000000001a3f5000
  base=0x000000001bb95000 size=0x0000000001de8000
  base=0x0000000000400000 size=0x0000000000400000
nk4a: ident-windows res=0x0000000000000076 zero=0x0000000000000000 low=0x0000000000000001 maxend=0x00000000fee01000 n=0x000000000000000c
kernel: kmain C proc_init ok
kernel: kmain D memory_init ok

MINIX-RS 0.1.0 (rust rewrite) — scheduling live
entering scheduler
nk4a: pick->0x0000000000000008
nk4a: sa0-0x0000000000000008 root=0x0x000000001dfde000 cur=0x0x000000001dfde000
nk4a: gs2 gsbase=0x0x000000001dd340c0
nk4a: probe text va=0x0x000000001dbf5000 -> pa=0x0x000000001dbf5000 fl=0x0x000000000000041b
nk4a: probe stk va=0x0xffff8000003ce000 -> pa=0x0x00000000003ce000 fl=0x0x000000000000041b
nk4a: probe dm va=0x0xffff808000200000 -> pa=0x0x0000000000200000 fl=0x0x0000000000000413
nk4a: sa1-after cr3=0x0x000000001dfde000
nk4a: pre-restore- rip=0x000000000023ac00 rsp=0x00007fffffffefcc
nk4a: birth enternk4a: birth s3 runtime oknk4a: birth s5 -> mainnk4a: vm enternk4a: params read oknk4a: vs0x0000000000000000 rip=0x0x0000000000227760
nk4a: server new oknk4a: vs0x0000000000000001 rip=0x0x000000000023e699
nk4a: relocate oknk4a: vs0x0000000000000002 rip=0x0x00000000002303b5
nk4a: vs0x0000000000000003 rip=0x0x000000000020dc75
nk4a: vm slot oknk4a: vs0x0000000000000004 rip=0x0x000000000023e699
nk4a: vs0x0000000000000005 rip=0x0x0000000000230180
nk4a: vs0x0000000000000006 rip=0x0x00000000002303b5
nk4a: setaddr nr=0x0000000000000006 flags=0x0x0000000000018080 runnable=no queued=no
nk4a: vmq entry MISSING
nk4a: vs0x0000000000000007 rip=0x0x0000000000201e5f
nk4a: exec endpt=0x0000000000000006 ip=0x000000000020ae20 stack=0x00007fffffffea78 ps_str=0x00007fffffffefe0
nk4a: exec-store nr=0x0000000000000006 rip=0x000000000020ae20 rsp=0x00007fffffffea78
nk4a: bootinh-clear nr=0x0000000000000006 flags=0x0x0000000000008080 runnable=no queued=no
nk4a: exec ds oknk4a: vs0x0000000000000008 rip=0x0x000000000020dc66
nk4a: vs0x0000000000000009 rip=0x0x000000000020dc75
nk4a: setaddr nr=0x0000000000000002 flags=0x0x0000000000010000 runnable=no queued=no
nk4a: vmq entry MISSING
nk4a: exec endpt=0x0000000000000002 ip=0x00000000002246c0 stack=0x00007fffffffea78 ps_str=0x00007fffffffefe0
nk4a: exec-store nr=0x0000000000000002 rip=0x00000000002246c0 rsp=0x00007fffffffea78
nk4a: bootinh-clear nr=0x0000000000000002 flags=0x0x0000000000000000 runnable=yes queued=yes
nk4a: exec rs oknk4a: vs0x000000000000000a rip=0x0x00000000002301ac
nk4a: vs0x000000000000000b rip=0x0x000000000020dc75
nk4a: vs0x000000000000000c rip=0x0x00000000002302f1
nk4a: setaddr nr=0x0000000000000000 flags=0x0x0000000000018080 runnable=no queued=no
nk4a: vmq entry MISSING
nk4a: exec endpt=0x0000000000000000 ip=0x0000000000222e00 stack=0x00007fffffffea78 ps_str=0x00007fffffffefe0
nk4a: exec-store nr=0x0000000000000000 rip=0x0000000000222e00 rsp=0x00007fffffffea78
nk4a: bootinh-clear nr=0x0000000000000000 flags=0x0x0000000000008080 runnable=no queued=no
nk4a: exec pm oknk4a: vs0x000000000000000d rip=0x0x000000000020dc75
nk4a: vs0x000000000000000e rip=0x0x0000000000230288
nk4a: vs0x000000000000000f rip=0x0x000000000020dc75
nk4a: setaddr nr=0x0000000000000004 flags=0x0x0000000000018080 runnable=no queued=no
nk4a: vmq entry MISSING
nk4a: exec endpt=0x0000000000000004 ip=0x0000000000205fe0 stack=0x00007fffffffea78 ps_str=0x00007fffffffefe0
nk4a: exec-store nr=0x0000000000000004 rip=0x0000000000205fe0 rsp=0x00007fffffffea78
nk4a: vs0x0000000000000010 rip=0x0x0000000000221d50
nk4a: bootinh-clear nr=0x0000000000000004 flags=0x0x0000000000008080 runnable=no queued=no
nk4a: exec sched oknk4a: vs0x0000000000000011 rip=0x0x00000000002303b5
nk4a: vs0x0000000000000012 rip=0x0x00000000002303b5
nk4a: setaddr nr=0x0000000000000001 flags=0x0x0000000000018080 runnable=no queued=no
nk4a: vmq entry MISSING
nk4a: exec endpt=0x0000000000000001 ip=0x000000000023b1c0 stack=0x00007fffffffea78 ps_str=0x00007fffffffefe0
nk4a: exec-store nr=0x0000000000000001 rip=0x000000000023b1c0 rsp=0x00007fffffffea78
nk4a: bootinh-clear nr=0x0000000000000001 flags=0x0x0000000000008080 runnable=no queued=no
nk4a: exec vfs oknk4a: vs0x0000000000000013 rip=0x0x00000000002303fc
nk4a: vs0x0000000000000014 rip=0x0x000000000023049e
nk4a: setaddr nr=0x0000000000000003 flags=0x0x0000000000018080 runnable=no queued=no
nk4a: vmq entry MISSING
nk4a: vs0x0000000000000015 rip=0x0x0000000000233006
nk4a: exec endpt=0x0000000000000003 ip=0x00000000002072f0 stack=0x00007fffffffea78 ps_str=0x00007fffffffefe0
nk4a: exec-store nr=0x0000000000000003 rip=0x00000000002072f0 rsp=0x00007fffffffea78
nk4a: bootinh-clear nr=0x0000000000000003 flags=0x0x0000000000008080 runnable=no queued=no
nk4a: exec memory oknk4a: vs0x0000000000000016 rip=0x0x000000000023e699
nk4a: vs0x0000000000000017 rip=0x0x000000000023047c
nk4a: setaddr nr=0x0000000000000005 flags=0x0x0000000000018080 runnable=no queued=no
nk4a: vmq entry MISSING
nk4a: exec endpt=0x0000000000000005 ip=0x0000000000207840 stack=0x00007fffffffea78 ps_str=0x00007fffffffefe0
nk4a: exec-store nr=0x0000000000000005 rip=0x0000000000207840 rsp=0x00007fffffffea78
nk4a: bootinh-clear nr=0x0000000000000005 flags=0x0x0000000000008080 runnable=no queued=no
nk4a: exec tty oknk4a: vs0x0000000000000018 rip=0x0x0000000000230880
nk4a: vs0x0000000000000019 rip=0x0x000000000020dc75
nk4a: vs0x000000000000001a rip=0x0x000000000020dcef
nk4a: setaddr nr=0x0000000000000007 flags=0x0x0000000000018080 runnable=no queued=no
nk4a: vmq entry MISSING
nk4a: exec endpt=0x0000000000000007 ip=0x00000000002100a0 stack=0x00007fffffffea78 ps_str=0x00007fffffffefe0
nk4a: exec-store nr=0x0000000000000007 rip=0x00000000002100a0 rsp=0x00007fffffffea78
nk4a: bootinh-clear nr=0x0000000000000007 flags=0x0x0000000000008080 runnable=no queued=no
nk4a: exec mib oknk4a: vs0x000000000000001b rip=0x0x000000000020dc75
nk4a: vs0x000000000000001c rip=0x0x000000000023047c
nk4a: setaddr nr=0x0000000000000009 flags=0x0x0000000000018080 runnable=no queued=no
nk4a: vmq entry MISSING
nk4a: exec endpt=0x0000000000000009 ip=0x0000000000209c90 stack=0x00007fffffffea78 ps_str=0x00007fffffffefe0
nk4a: exec-store nr=0x0000000000000009 rip=0x0000000000209c90 rsp=0x00007fffffffea78
nk4a: bootinh-clear nr=0x0000000000000009 flags=0x0x0000000000008080 runnable=no queued=no
nk4a: exec pfs oknk4a: vs0x000000000000001d rip=0x0x000000000020dc66
nk4a: vs0x000000000000001e rip=0x0x000000000020dc75
nk4a: vs0x000000000000001f rip=0x0x0000000000230180
nk4a: setaddr nr=0x000000000000000a flags=0x0x0000000000018080 runnable=no queued=no
nk4a: vmq entry MISSING
nk4a: exec endpt=0x000000000000000a ip=0x0000000000226590 stack=0x00007fffffffea78 ps_str=0x00007fffffffefe0
nk4a: exec-store nr=0x000000000000000a rip=0x0000000000226590 rsp=0x00007fffffffea78
nk4a: bootinh-clear nr=0x000000000000000a flags=0x0x0000000000008080 runnable=no queued=no
nk4a: exec mfs oknk4a: vs0x0000000000000020 rip=0x0x000000000020dc75
nk4a: vs0x0000000000000021 rip=0x0x000000000020dc75
nk4a: setaddr nr=0x000000000000000b flags=0x0x0000000000018080 runnable=no queued=no
nk4a: vmq entry MISSING
nk4a: vs0x0000000000000022 rip=0x0x0000000000209110
nk4a: exec endpt=0x000000000000000b ip=0x000000000022248c stack=0x00007fffffffea78 ps_str=0x00007fffffffefe0
nk4a: exec-store nr=0x000000000000000b rip=0x000000000022248c rsp=0x00007fffffffea78
nk4a: bootinh-clear nr=0x000000000000000b flags=0x0x0000000000008080 runnable=no queued=no
nk4a: exec init oknk4a: init donenk4a: run enternk4a: ipc-entry nr=0x0000000000000002 caller=0x0000000000000008
nk4a: rcv-eng
nk4a: rcv-p4
nk4a: pick->0x0000000000000002
nk4a: sa0-0x0000000000000002 root=0x0x00000000034c1000 cur=0x0x000000001dfde000
nk4a: gs2 gsbase=0x0x000000001dd340c0
nk4a: probe text va=0x0x000000001dbf5000 -> pa=0x0x000000001dbf5000 fl=0x0x000000000000001b
nk4a: probe stk va=0x0xffff8000003ff000 -> pa=0x0x00000000003ff000 fl=0x0x0000000000000013
nk4a: probe dm va=0x0xffff808000200000 -> pa=0x0x0000000000200000 fl=0x0x0000000000000013
nk4a: cr3-done-0x0x00000000034c1000
nk4a: sa1-after cr3=0x0x00000000034c1000
nk4a: pre-restore- rip=0x00000000002246c0 rsp=0x00007fffffffea78
nk4a: vs0x0000000000000024 rip=0x0x00000000002246c0
nk4a: pf#0x0000000000000000 rip=0x00000000002246c0 err=0x0000000000000014 cr2=0x00000000002246c0 rsp=0x00007fffffffea78 walk=NP
nk4a: pfm1-gate
nk4a: pfm2-smp
nk4a: pfm3-tbl
nk4a: pfm4-hand
nk4a: anchor fwd=0x0x000000001dc1f580 finish=0x0x000000001dbf43a0 sched=0x0x000000001dbf11f0
nk4a: pick->0x0000000000000008
nk4a: sa0-0x0000000000000008 root=0x0x000000001dfde000 cur=0x0x00000000034c1000
nk4a: gs2 gsbase=0x0x000000001dd340c0
nk4a: probe text va=0x0x000000001dbf5000 -> pa=0x0x000000001dbf5000 fl=0x0x000000000000041b
nk4a: probe stk va=0x0xffff8000003ff000 -> pa=0x0x00000000003ff000 fl=0x0x000000000000041b
nk4a: probe dm va=0x0xffff808000200000 -> pa=0x0x0000000000200000 fl=0x0x0000000000000413
nk4a: cr3-done-0x0x000000001dfde000
nk4a: sa1-after cr3=0x0x000000001dfde000
nk4a: pre-restore- rip=0x00000000002014ad rsp=0x00007fffffffc0b8
nk4a: vs0x0000000000000026 rip=0x0x000000000023b7f8
nk4a: rcv0 src=2 type=0xcff
nk4a: vm-pf recv
nk4a: vm-pf bytes 0000000000000000
nk4a: ipc-entry nr=0x0000000000000002 caller=0x0000000000000008
nk4a: rcv-eng
nk4a: rcv-p4
nk4a: pick->0x0000000000000002
nk4a: sa0-0x0000000000000002 root=0x0x00000000034c1000 cur=0x0x000000001dfde000
nk4a: gs2 gsbase=0x0x000000001dd340c0
nk4a: probe text va=0x0x000000001dbf5000 -> pa=0x0x000000001dbf5000 fl=0x0x000000000000001b
nk4a: probe stk va=0x0xffff8000003ff000 -> pa=0x0x00000000003ff000 fl=0x0x0000000000000013
nk4a: probe dm va=0x0xffff808000200000 -> pa=0x0x0000000000200000 fl=0x0x0000000000000013
nk4a: cr3-done-0x0x00000000034c1000
nk4a: sa1-after cr3=0x0x00000000034c1000
nk4a: pre-restore- rip=0x00000000002246c0 rsp=0x00007fffffffea78
nk4a: pf#0x0000000000000001 rip=0x00000000002246c7 err=0x0000000000000006 cr2=0x00007fffffffea68 rsp=0x00007fffffffea70 walk=NP
nk4a: pfm1-gate
nk4a: pfm2-smp
nk4a: pfm3-tbl
nk4a: pfm4-hand
nk4a: pick->0x0000000000000008
nk4a: sa0-0x0000000000000008 root=0x0x000000001dfde000 cur=0x0x00000000034c1000
nk4a: gs2 gsbase=0x0x000000001dd340c0
nk4a: probe text va=0x0x000000001dbf5000 -> pa=0x0x000000001dbf5000 fl=0x0x000000000000041b
nk4a: probe stk va=0x0xffff8000003ff000 -> pa=0x0x00000000003ff000 fl=0x0x000000000000041b
nk4a: probe dm va=0x0xffff808000200000 -> pa=0x0x0000000000200000 fl=0x0x0000000000000413
nk4a: cr3-done-0x0x000000001dfde000
nk4a: sa1-after cr3=0x0x000000001dfde000
nk4a: pre-restore- rip=0x00000000002014ad rsp=0x00007fffffffc0b8
nk4a: rcv1 src=2 type=0xcff
nk4a: vm-pf recv
nk4a: vm-pf bytes 0000000000000000
nk4a: ipc-entry nr=0x0000000000000002 caller=0x0000000000000008
nk4a: rcv-eng
nk4a: rcv-p4
nk4a: pick->0x0000000000000002
nk4a: sa0-0x0000000000000002 root=0x0x00000000034c1000 cur=0x0x000000001dfde000
nk4a: gs2 gsbase=0x0x000000001dd340c0
nk4a: probe text va=0x0x000000001dbf5000 -> pa=0x0x000000001dbf5000 fl=0x0x000000000000001b
nk4a: probe stk va=0x0xffff8000003ff000 -> pa=0x0x00000000003ff000 fl=0x0x0000000000000013
nk4a: probe dm va=0x0xffff808000200000 -> pa=0x0x0000000000200000 fl=0x0x0000000000000013
nk4a: cr3-done-0x0x00000000034c1000
nk4a: sa1-after cr3=0x0x00000000034c1000
nk4a: pre-restore- rip=0x00000000002246c7 rsp=0x00007fffffffea70
nk4a: pf#0x0000000000000002 rip=0x000000000021cf20 err=0x0000000000000014 cr2=0x000000000021cf20 rsp=0x00007fffffffea68 walk=NP
nk4a: pfm1-gate
nk4a: pfm2-smp
nk4a: pfm3-tbl
nk4a: pfm4-hand
nk4a: pick->0x0000000000000008
nk4a: sa0-0x0000000000000008 root=0x0x000000001dfde000 cur=0x0x00000000034c1000
nk4a: gs2 gsbase=0x0x000000001dd340c0
nk4a: probe text va=0x0x000000001dbf5000 -> pa=0x0x000000001dbf5000 fl=0x0x000000000000041b
nk4a: probe stk va=0x0xffff8000003ff000 -> pa=0x0x00000000003ff000 fl=0x0x000000000000041b
nk4a: probe dm va=0x0xffff808000200000 -> pa=0x0x0000000000200000 fl=0x0x0000000000000413
nk4a: cr3-done-0x0x000000001dfde000
nk4a: sa1-after cr3=0x0x000000001dfde000
nk4a: pre-restore- rip=0x00000000002014ad rsp=0x00007fffffffc0b8
nk4a: vs0x000000000000002b rip=0x0x00000000002014ad
nk4a: rcv2 src=2 type=0xcff
nk4a: vm-pf recv
nk4a: vm-pf bytes 48b8696222000000
nk4a: ipc-entry nr=0x0000000000000002 caller=0x0000000000000008
nk4a: rcv-eng
nk4a: rcv-p4
nk4a: pick->0x0000000000000002
nk4a: sa0-0x0000000000000002 root=0x0x00000000034c1000 cur=0x0x000000001dfde000
nk4a: gs2 gsbase=0x0x000000001dd340c0
nk4a: probe text va=0x0x000000001dbf5000 -> pa=0x0x000000001dbf5000 fl=0x0x000000000000001b
nk4a: probe stk va=0x0xffff8000003ff000 -> pa=0x0x00000000003ff000 fl=0x0x0000000000000013
nk4a: probe dm va=0x0xffff808000200000 -> pa=0x0x0000000000200000 fl=0x0x0000000000000013
nk4a: cr3-done-0x0x00000000034c1000
nk4a: sa1-after cr3=0x0x00000000034c1000
nk4a: pre-restore- rip=0x000000000021cf20 rsp=0x00007fffffffea68
nk4a: kc0x0000000000000001 caller=0x0000000000000002 call=0x000000000000002c
nk4a: memreq-notify o=0x0000000000000001
nk4a: sys-susp vmreq=y pending=y
nk4a: pick->0x0000000000000008
nk4a: sa0-0x0000000000000008 root=0x0x000000001dfde000 cur=0x0x00000000034c1000
nk4a: gs2 gsbase=0x0x000000001dd340c0
nk4a: probe text va=0x0x000000001dbf5000 -> pa=0x0x000000001dbf5000 fl=0x0x000000000000041b
nk4a: probe stk va=0x0xffff8000003ff000 -> pa=0x0x00000000003ff000 fl=0x0x000000000000041b
nk4a: probe dm va=0x0xffff808000200000 -> pa=0x0x0000000000200000 fl=0x0x0000000000000413
nk4a: cr3-done-0x0x000000001dfde000
nk4a: sa1-after cr3=0x0x000000001dfde000
nk4a: pre-restore- rip=0x00000000002014ad rsp=0x00007fffffffc0b8
nk4a: vs0x000000000000002d rip=0x0x00000000002014ad
nk4a: rcv3 src=-2 type=0x1000
nk4a: do-memory enter
nk4a: memreq target=2 start=0x222e58 len=0x11 ok=1
nk4a: do-memory done
nk4a: ipc-entry nr=0x0000000000000002 caller=0x0000000000000008
nk4a: pick->0x0000000000000002
nk4a: sa0-0x0000000000000002 root=0x0x00000000034c1000 cur=0x0x000000001dfde000
nk4a: gs2 gsbase=0x0x000000001dd340c0
nk4a: probe text va=0x0x000000001dbf5000 -> pa=0x0x000000001dbf5000 fl=0x0x000000000000001b
nk4a: probe stk va=0x0xffff8000003ff000 -> pa=0x0x00000000003ff000 fl=0x0x0000000000000013
nk4a: probe dm va=0x0xffff808000200000 -> pa=0x0x0000000000200000 fl=0x0x0000000000000013
nk4a: cr3-done-0x0x00000000034c1000
nk4a: sa1-after cr3=0x0x00000000034c1000
nk4a: kc0x0000000000000002 caller=0x0000000000000002 call=0x000000000000002c
nk4a: birth enternk4a: pre-restore- rip=0x000000000021cfa1 rsp=0x00007fffffffe9f0
nk4a: pf#0x0000000000000003 rip=0x000000000021c73c err=0x0000000000000004 cr2=0x0000000000229708 rsp=0x00007fffffffe9e8 walk=NP
nk4a: pfm1-gate
nk4a: pfm2-smp
nk4a: pfm3-tbl
nk4a: pfm4-hand
nk4a: pick->0x0000000000000008
nk4a: sa0-0x0000000000000008 root=0x0x000000001dfde000 cur=0x0x00000000034c1000
nk4a: gs2 gsbase=0x0x000000001dd340c0
nk4a: probe text va=0x0x000000001dbf5000 -> pa=0x0x000000001dbf5000 fl=0x0x000000000000041b
nk4a: probe stk va=0x0xffff8000003ff000 -> pa=0x0x00000000003ff000 fl=0x0x000000000000041b
nk4a: probe dm va=0x0xffff808000200000 -> pa=0x0x0000000000200000 fl=0x0x0000000000000413
nk4a: cr3-done-0x0x000000001dfde000
nk4a: sa1-after cr3=0x0x000000001dfde000
nk4a: pre-restore- rip=0x00000000002014ad rsp=0x00007fffffffc0b8
nk4a: vs0x0000000000000030 rip=0x0x00000000002014ad
nk4a: rcv4 src=2 type=0xcff
nk4a: vm-pf recv
nk4a: vm-pf bytes 0000000000000000
nk4a: ipc-entry nr=0x0000000000000002 caller=0x0000000000000008
nk4a: pick->0x0000000000000002
nk4a: sa0-0x0000000000000002 root=0x0x00000000034c1000 cur=0x0x000000001dfde000
nk4a: gs2 gsbase=0x0x000000001dd340c0
nk4a: probe text va=0x0x000000001dbf5000 -> pa=0x0x000000001dbf5000 fl=0x0x000000000000001b
nk4a: probe stk va=0x0xffff8000003ff000 -> pa=0x0x00000000003ff000 fl=0x0x0000000000000013
nk4a: probe dm va=0x0xffff808000200000 -> pa=0x0x0000000000200000 fl=0x0x0000000000000013
nk4a: cr3-done-0x0x00000000034c1000
nk4a: sa1-after cr3=0x0x00000000034c1000
nk4a: pre-restore- rip=0x000000000021c73c rsp=0x00007fffffffe9e8
nk4a: pf#0x0000000000000004 rip=0x0000000000226620 err=0x0000000000000014 cr2=0x0000000000226620 rsp=0x00007fffffffe7d8 walk=NP
nk4a: pick->0x0000000000000008
nk4a: sa0-0x0000000000000008 root=0x0x000000001dfde000 cur=0x0x00000000034c1000
nk4a: gs2 gsbase=0x0x000000001dd340c0
nk4a: probe text va=0x0x000000001dbf5000 -> pa=0x0x000000001dbf5000 fl=0x0x000000000000041b
nk4a: probe stk va=0x0xffff8000003ff000 -> pa=0x0x00000000003ff000 fl=0x0x000000000000041b
nk4a: probe dm va=0x0xffff808000200000 -> pa=0x0x0000000000200000 fl=0x0x0000000000000413
nk4a: cr3-done-0x0x000000001dfde000
nk4a: sa1-after cr3=0x0x000000001dfde000
nk4a: pre-restore- rip=0x00000000002014ad rsp=0x00007fffffffc0b8
nk4a: rcv5 src=2 type=0xcff
nk4a: vm-pf recv
nk4a: vm-pf bytes fe80fbee75624180
nk4a: ipc-entry nr=0x0000000000000002 caller=0x0000000000000008
nk4a: pick->0x0000000000000002
nk4a: sa0-0x0000000000000002 root=0x0x00000000034c1000 cur=0x0x000000001dfde000
nk4a: gs2 gsbase=0x0x000000001dd340c0
nk4a: probe text va=0x0x000000001dbf5000 -> pa=0x0x000000001dbf5000 fl=0x0x000000000000001b
nk4a: probe stk va=0x0xffff8000003ff000 -> pa=0x0x00000000003ff000 fl=0x0x0000000000000013
nk4a: probe dm va=0x0xffff808000200000 -> pa=0x0x0000000000200000 fl=0x0x0000000000000013
nk4a: cr3-done-0x0x00000000034c1000
nk4a: sa1-after cr3=0x0x00000000034c1000
nk4a: pre-restore- rip=0x0000000000226620 rsp=0x00007fffffffe7d8
nk4a: pf#0x0000000000000005 rip=0x000000000021c76e err=0x0000000000000006 cr2=0x00000000002289d8 rsp=0x00007fffffffe7e0 walk=NP
nk4a: pick->0x0000000000000008
nk4a: sa0-0x0000000000000008 root=0x0x000000001dfde000 cur=0x0x00000000034c1000
nk4a: gs2 gsbase=0x0x000000001dd340c0
nk4a: probe text va=0x0x000000001dbf5000 -> pa=0x0x000000001dbf5000 fl=0x0x000000000000041b
nk4a: probe stk va=0x0xffff8000003ff000 -> pa=0x0x00000000003ff000 fl=0x0x000000000000041b
nk4a: probe dm va=0x0xffff808000200000 -> pa=0x0x0000000000200000 fl=0x0x0000000000000413
nk4a: cr3-done-0x0x000000001dfde000
nk4a: sa1-after cr3=0x0x000000001dfde000
nk4a: pre-restore- rip=0x00000000002014ad rsp=0x00007fffffffc0b8
nk4a: vs0x0000000000000035 rip=0x0x00000000002014ad
nk4a: rcv6 src=2 type=0xcff
nk4a: vm-pf recv
nk4a: vm-pf bytes 0000000000000000
nk4a: ipc-entry nr=0x0000000000000002 caller=0x0000000000000008
nk4a: pick->0x0000000000000002
nk4a: sa0-0x0000000000000002 root=0x0x00000000034c1000 cur=0x0x000000001dfde000
nk4a: gs2 gsbase=0x0x000000001dd340c0
nk4a: probe text va=0x0x000000001dbf5000 -> pa=0x0x000000001dbf5000 fl=0x0x000000000000001b
nk4a: probe stk va=0x0xffff8000003ff000 -> pa=0x0x00000000003ff000 fl=0x0x0000000000000013
nk4a: probe dm va=0x0xffff808000200000 -> pa=0x0x0000000000200000 fl=0x0x0000000000000013
nk4a: cr3-done-0x0x00000000034c1000
nk4a: sa1-after cr3=0x0x00000000034c1000
nk4a: pre-restore- rip=0x000000000021c76e rsp=0x00007fffffffe7e0
nk4a: pf#0x0000000000000006 rip=0x000000000021cffa err=0x0000000000000014 cr2=0x000000000021d000 rsp=0x00007fffffffe9f0 walk=NP
nk4a: pick->0x0000000000000008
nk4a: sa0-0x0000000000000008 root=0x0x000000001dfde000 cur=0x0x00000000034c1000
nk4a: gs2 gsbase=0x0x000000001dd340c0
nk4a: probe text va=0x0x000000001dbf5000 -> pa=0x0x000000001dbf5000 fl=0x0x000000000000041b
nk4a: probe stk va=0x0xffff8000003ff000 -> pa=0x0x00000000003ff000 fl=0x0x000000000000041b
nk4a: probe dm va=0x0xffff808000200000 -> pa=0x0x0000000000200000 fl=0x0x0000000000000413
nk4a: cr3-done-0x0x000000001dfde000
nk4a: sa1-after cr3=0x0x000000001dfde000
nk4a: pre-restore- rip=0x00000000002014ad rsp=0x00007fffffffc0b8
nk4a: rcv7 src=2 type=0xcff
nk4a: vm-pf recv
nk4a: vm-pf bytes 00000048c744241c
nk4a: ipc-entry nr=0x0000000000000002 caller=0x0000000000000008
nk4a: pick->0x0000000000000002
nk4a: sa0-0x0000000000000002 root=0x0x00000000034c1000 cur=0x0x000000001dfde000
nk4a: gs2 gsbase=0x0x000000001dd340c0
nk4a: probe text va=0x0x000000001dbf5000 -> pa=0x0x000000001dbf5000 fl=0x0x000000000000001b
nk4a: probe stk va=0x0xffff8000003ff000 -> pa=0x0x00000000003ff000 fl=0x0x0000000000000013
nk4a: probe dm va=0x0xffff808000200000 -> pa=0x0x0000000000200000 fl=0x0x0000000000000013
nk4a: cr3-done-0x0x00000000034c1000
nk4a: sa1-after cr3=0x0x00000000034c1000
nk4a: pre-restore- rip=0x000000000021cffa rsp=0x00007fffffffe9f0
nk4a: kc0x0000000000000003 caller=0x0000000000000002 call=0x000000000000002c
nk4a: birth s3 runtime oknk4a: kc0x0000000000000004 caller=0x0000000000000002 call=0x000000000000002c
nk4a: birth s5 -> mainnk4a: vs0x0000000000000039 rip=0x0x000000000021cef8
nk4a: pf#0x0000000000000007 rip=0x0000000000201670 err=0x0000000000000014 cr2=0x0000000000201670 rsp=0x00007fffffffe9e8 walk=NP
nk4a: pick->0x0000000000000008
nk4a: sa0-0x0000000000000008 root=0x0x000000001dfde000 cur=0x0x00000000034c1000
nk4a: gs2 gsbase=0x0x000000001dd340c0
nk4a: probe text va=0x0x000000001dbf5000 -> pa=0x0x000000001dbf5000 fl=0x0x000000000000041b
nk4a: probe stk va=0x0xffff8000003ff000 -> pa=0x0x00000000003ff000 fl=0x0x000000000000041b
nk4a: probe dm va=0x0xffff808000200000 -> pa=0x0x0000000000200000 fl=0x0x0000000000000413
nk4a: cr3-done-0x0x000000001dfde000
nk4a: sa1-after cr3=0x0x000000001dfde000
nk4a: pre-restore- rip=0x00000000002014ad rsp=0x00007fffffffc0b8
nk4a: rcv8 src=2 type=0xcff
nk4a: vm-pf recv
nk4a: vm-pf bytes 0000000000000000
nk4a: ipc-entry nr=0x0000000000000002 caller=0x0000000000000008
nk4a: pick->0x0000000000000002
nk4a: sa0-0x0000000000000002 root=0x0x00000000034c1000 cur=0x0x000000001dfde000
nk4a: gs2 gsbase=0x0x000000001dd340c0
nk4a: probe text va=0x0x000000001dbf5000 -> pa=0x0x000000001dbf5000 fl=0x0x000000000000001b
nk4a: probe stk va=0x0xffff8000003ff000 -> pa=0x0x00000000003ff000 fl=0x0x0000000000000013
nk4a: probe dm va=0x0xffff808000200000 -> pa=0x0x0000000000200000 fl=0x0x0000000000000013
nk4a: cr3-done-0x0x00000000034c1000
nk4a: sa1-after cr3=0x0x00000000034c1000
nk4a: pre-restore- rip=0x0000000000201670 rsp=0x00007fffffffe9e8
nk4a: pf#0x0000000000000008 rip=0x000000000020167e err=0x0000000000000006 cr2=0x00007fffffffd9c8 rsp=0x00007fffffffd9c8 walk=NP
nk4a: pick->0x0000000000000008
nk4a: sa0-0x0000000000000008 root=0x0x000000001dfde000 cur=0x0x00000000034c1000
nk4a: gs2 gsbase=0x0x000000001dd340c0
nk4a: probe text va=0x0x000000001dbf5000 -> pa=0x0x000000001dbf5000 fl=0x0x000000000000041b
nk4a: probe stk va=0x0xffff8000003ff000 -> pa=0x0x00000000003ff000 fl=0x0x000000000000041b
nk4a: probe dm va=0x0xffff808000200000 -> pa=0x0x0000000000200000 fl=0x0x0000000000000413
nk4a: cr3-done-0x0x000000001dfde000
nk4a: sa1-after cr3=0x0x000000001dfde000
nk4a: pre-restore- rip=0x00000000002014ad rsp=0x00007fffffffc0b8
nk4a: rcv9 src=2 type=0xcff
nk4a: vm-pf recv
nk4a: vm-pf bytes 0000000000000000
nk4a: ipc-entry nr=0x0000000000000002 caller=0x0000000000000008
nk4a: pick->0x0000000000000002
nk4a: sa0-0x0000000000000002 root=0x0x00000000034c1000 cur=0x0x000000001dfde000
nk4a: gs2 gsbase=0x0x000000001dd340c0
nk4a: probe text va=0x0x000000001dbf5000 -> pa=0x0x000000001dbf5000 fl=0x0x000000000000001b
nk4a: probe stk va=0x0xffff8000003ff000 -> pa=0x0x00000000003ff000 fl=0x0x0000000000000013
nk4a: probe dm va=0x0xffff808000200000 -> pa=0x0x0000000000200000 fl=0x0x0000000000000013
nk4a: cr3-done-0x0x00000000034c1000
nk4a: sa1-after cr3=0x0x00000000034c1000
nk4a: pre-restore- rip=0x000000000020167e rsp=0x00007fffffffd9c8
nk4a: vs0x000000000000003e rip=0x0x000000000020167e
nk4a: pf#0x0000000000000009 rip=0x000000000020168d err=0x0000000000000006 cr2=0x00007fffffffc9c8 rsp=0x00007fffffffc9c8 walk=NP
nk4a: pick->0x0000000000000008
nk4a: sa0-0x0000000000000008 root=0x0x000000001dfde000 cur=0x0x00000000034c1000
nk4a: gs2 gsbase=0x0x000000001dd340c0
nk4a: probe text va=0x0x000000001dbf5000 -> pa=0x0x000000001dbf5000 fl=0x0x000000000000041b
nk4a: probe stk va=0x0xffff8000003ff000 -> pa=0x0x00000000003ff000 fl=0x0x000000000000041b
nk4a: probe dm va=0x0xffff808000200000 -> pa=0x0x0000000000200000 fl=0x0x0000000000000413
nk4a: cr3-done-0x0x000000001dfde000
nk4a: sa1-after cr3=0x0x000000001dfde000
nk4a: pre-restore- rip=0x00000000002014ad rsp=0x00007fffffffc0b8
nk4a: rcv10 src=2 type=0xcff
nk4a: vm-pf recv
nk4a: vm-pf bytes 0000000000000000
nk4a: ipc-entry nr=0x0000000000000002 caller=0x0000000000000008
nk4a: pick->0x0000000000000002
nk4a: sa0-0x0000000000000002 root=0x0x00000000034c1000 cur=0x0x000000001dfde000
nk4a: gs2 gsbase=0x0x000000001dd340c0
nk4a: probe text va=0x0x000000001dbf5000 -> pa=0x0x000000001dbf5000 fl=0x0x000000000000001b
nk4a: probe stk va=0x0xffff8000003ff000 -> pa=0x0x00000000003ff000 fl=0x0x0000000000000013
nk4a: probe dm va=0x0xffff808000200000 -> pa=0x0x0000000000200000 fl=0x0x0000000000000013
nk4a: cr3-done-0x0x00000000034c1000
nk4a: sa1-after cr3=0x0x00000000034c1000
nk4a: pre-restore- rip=0x000000000020168d rsp=0x00007fffffffc9c8
nk4a: kc0x0000000000000005 caller=0x0000000000000002 call=0x000000000000001a
nk4a: pf#0x000000000000000a rip=0x00000000002021b0 err=0x0000000000000014 cr2=0x00000000002021b0 rsp=0x00007fffffffc388 walk=NP
nk4a: pick->0x0000000000000008
nk4a: sa0-0x0000000000000008 root=0x0x000000001dfde000 cur=0x0x00000000034c1000
nk4a: gs2 gsbase=0x0x000000001dd340c0
nk4a: probe text va=0x0x000000001dbf5000 -> pa=0x0x000000001dbf5000 fl=0x0x000000000000041b
nk4a: probe stk va=0x0xffff8000003ff000 -> pa=0x0x00000000003ff000 fl=0x0x000000000000041b
nk4a: probe dm va=0x0xffff808000200000 -> pa=0x0x0000000000200000 fl=0x0x0000000000000413
nk4a: cr3-done-0x0x000000001dfde000
nk4a: sa1-after cr3=0x0x000000001dfde000
nk4a: pre-restore- rip=0x00000000002014ad rsp=0x00007fffffffc0b8
nk4a: rcv11 src=2 type=0xcff
nk4a: vm-pf recv
nk4a: vm-pf bytes 8b3c24ba01000000
nk4a: ipc-entry nr=0x0000000000000002 caller=0x0000000000000008
nk4a: pick->0x0000000000000002
nk4a: sa0-0x0000000000000002 root=0x0x00000000034c1000 cur=0x0x000000001dfde000
nk4a: gs2 gsbase=0x0x000000001dd340c0
nk4a: probe text va=0x0x000000001dbf5000 -> pa=0x0x000000001dbf5000 fl=0x0x000000000000001b
nk4a: probe stk va=0x0xffff8000003ff000 -> pa=0x0x00000000003ff000 fl=0x0x0000000000000013
nk4a: probe dm va=0x0xffff808000200000 -> pa=0x0x0000000000200000 fl=0x0x0000000000000013
nk4a: cr3-done-0x0x00000000034c1000
nk4a: sa1-after cr3=0x0x00000000034c1000
nk4a: pre-restore- rip=0x00000000002021b0 rsp=0x00007fffffffc388
nk4a: vs0x0000000000000043 rip=0x0x00000000002021b0
nk4a: pf#0x000000000000000b rip=0x0000000000226659 err=0x0000000000000006 cr2=0x000000000022a000 rsp=0x00007fffffffc348 walk=NP
nk4a: pick->0x0000000000000008
nk4a: sa0-0x0000000000000008 root=0x0x000000001dfde000 cur=0x0x00000000034c1000
nk4a: gs2 gsbase=0x0x000000001dd340c0
nk4a: probe text va=0x0x000000001dbf5000 -> pa=0x0x000000001dbf5000 fl=0x0x000000000000041b
nk4a: probe stk va=0x0xffff8000003ff000 -> pa=0x0x00000000003ff000 fl=0x0x000000000000041b
nk4a: probe dm va=0x0xffff808000200000 -> pa=0x0x0000000000200000 fl=0x0x0000000000000413
nk4a: cr3-done-0x0x000000001dfde000
nk4a: sa1-after cr3=0x0x000000001dfde000
nk4a: pre-restore- rip=0x00000000002014ad rsp=0x00007fffffffc0b8
nk4a: rcv12 src=2 type=0xcff
nk4a: vm-pf recv
nk4a: vm-pf bytes 0000000000000000
nk4a: ipc-entry nr=0x0000000000000002 caller=0x0000000000000008
nk4a: pick->0x0000000000000002
nk4a: sa0-0x0000000000000002 root=0x0x00000000034c1000 cur=0x0x000000001dfde000
nk4a: gs2 gsbase=0x0x000000001dd340c0
nk4a: probe text va=0x0x000000001dbf5000 -> pa=0x0x000000001dbf5000 fl=0x0x000000000000001b
nk4a: probe stk va=0x0xffff8000003ff000 -> pa=0x0x00000000003ff000 fl=0x0x0000000000000013
nk4a: probe dm va=0x0xffff808000200000 -> pa=0x0x0000000000200000 fl=0x0x0000000000000013
nk4a: cr3-done-0x0x00000000034c1000
nk4a: sa1-after cr3=0x0x00000000034c1000
nk4a: pre-restore- rip=0x0000000000226659 rsp=0x00007fffffffc348
nk4a: pf#0x000000000000000c rip=0x000000000021e004 err=0x0000000000000014 cr2=0x000000000021e004 rsp=0x00007fffffffc350 walk=NP
nk4a: pick->0x0000000000000008
nk4a: sa0-0x0000000000000008 root=0x0x000000001dfde000 cur=0x0x00000000034c1000
nk4a: gs2 gsbase=0x0x000000001dd340c0
nk4a: probe text va=0x0x000000001dbf5000 -> pa=0x0x000000001dbf5000 fl=0x0x000000000000041b
nk4a: probe stk va=0x0xffff8000003ff000 -> pa=0x0x00000000003ff000 fl=0x0x000000000000041b
nk4a: probe dm va=0x0xffff808000200000 -> pa=0x0x0000000000200000 fl=0x0x0000000000000413
nk4a: cr3-done-0x0x000000001dfde000
nk4a: sa1-after cr3=0x0x000000001dfde000
nk4a: pre-restore- rip=0x00000000002014ad rsp=0x00007fffffffc0b8
nk4a: rcv13 src=2 type=0xcff
nk4a: vm-pf recv
nk4a: vm-pf bytes ca4889d148c70101
nk4a: ipc-entry nr=0x0000000000000002 caller=0x0000000000000008
nk4a: pick->0x0000000000000002
nk4a: sa0-0x0000000000000002 root=0x0x00000000034c1000 cur=0x0x000000001dfde000
nk4a: gs2 gsbase=0x0x000000001dd340c0
nk4a: probe text va=0x0x000000001dbf5000 -> pa=0x0x000000001dbf5000 fl=0x0x000000000000001b
nk4a: probe stk va=0x0xffff8000003ff000 -> pa=0x0x00000000003ff000 fl=0x0x0000000000000013
nk4a: probe dm va=0x0xffff808000200000 -> pa=0x0x0000000000200000 fl=0x0x0000000000000013
nk4a: cr3-done-0x0x00000000034c1000
nk4a: sa1-after cr3=0x0x00000000034c1000
nk4a: pre-restore- rip=0x000000000021e004 rsp=0x00007fffffffc350
nk4a: vs0x0000000000000048 rip=0x0x000000000021e004
nk4a: kc0x0000000000000006 caller=0x0000000000000002 call=0x000000000000001a
nk4a: pf#0x000000000000000d rip=0x000000000020f990 err=0x0000000000000014 cr2=0x000000000020f990 rsp=0x00007fffffffc388 walk=NP
nk4a: pick->0x0000000000000008
nk4a: sa0-0x0000000000000008 root=0x0x000000001dfde000 cur=0x0x00000000034c1000
nk4a: gs2 gsbase=0x0x000000001dd340c0
nk4a: probe text va=0x0x000000001dbf5000 -> pa=0x0x000000001dbf5000 fl=0x0x000000000000041b
nk4a: probe stk va=0x0xffff8000003ff000 -> pa=0x0x00000000003ff000 fl=0x0x000000000000041b
nk4a: probe dm va=0x0xffff808000200000 -> pa=0x0x0000000000200000 fl=0x0x0000000000000413
nk4a: cr3-done-0x0x000000001dfde000
nk4a: sa1-after cr3=0x0x000000001dfde000
nk4a: pre-restore- rip=0x00000000002014ad rsp=0x00007fffffffc0b8
nk4a: rcv14 src=2 type=0xcff
nk4a: vm-pf recv
nk4a: vm-pf bytes ca4d89c54889cd41
nk4a: ipc-entry nr=0x0000000000000002 caller=0x0000000000000008
nk4a: pick->0x0000000000000002
nk4a: sa0-0x0000000000000002 root=0x0x00000000034c1000 cur=0x0x000000001dfde000
nk4a: gs2 gsbase=0x0x000000001dd340c0
nk4a: probe text va=0x0x000000001dbf5000 -> pa=0x0x000000001dbf5000 fl=0x0x000000000000001b
nk4a: probe stk va=0x0xffff8000003ff000 -> pa=0x0x00000000003ff000 fl=0x0x0000000000000013
nk4a: probe dm va=0x0xffff808000200000 -> pa=0x0x0000000000200000 fl=0x0x0000000000000013
nk4a: cr3-done-0x0x00000000034c1000
nk4a: sa1-after cr3=0x0x00000000034c1000
nk4a: pre-restore- rip=0x000000000020f990 rsp=0x00007fffffffc388
nk4a: pf#0x000000000000000e rip=0x0000000000208a90 err=0x0000000000000014 cr2=0x0000000000208a90 rsp=0x00007fffffffc388 walk=NP
nk4a: pick->0x0000000000000008
nk4a: sa0-0x0000000000000008 root=0x0x000000001dfde000 cur=0x0x00000000034c1000
nk4a: gs2 gsbase=0x0x000000001dd340c0
nk4a: probe text va=0x0x000000001dbf5000 -> pa=0x0x000000001dbf5000 fl=0x0x000000000000041b
nk4a: probe stk va=0x0xffff8000003ff000 -> pa=0x0x00000000003ff000 fl=0x0x000000000000041b
nk4a: probe dm va=0x0xffff808000200000 -> pa=0x0x0000000000200000 fl=0x0x0000000000000413
nk4a: cr3-done-0x0x000000001dfde000
nk4a: sa1-after cr3=0x0x000000001dfde000
nk4a: pre-restore- rip=0x00000000002014ad rsp=0x00007fffffffc0b8
nk4a: vs0x000000000000004c rip=0x0x00000000002014ad
nk4a: rcv15 src=2 type=0xcff
nk4a: vm-pf recv
nk4a: vm-pf bytes f0e9bfdfffff48b8
nk4a: pick->0x0000000000000002
nk4a: sa0-0x0000000000000002 root=0x0x00000000034c1000 cur=0x0x000000001dfde000
nk4a: gs2 gsbase=0x0x000000001dd340c0
nk4a: probe text va=0x0x000000001dbf5000 -> pa=0x0x000000001dbf5000 fl=0x0x000000000000001b
nk4a: probe stk va=0x0xffff8000003ff000 -> pa=0x0x00000000003ff000 fl=0x0x0000000000000013
nk4a: probe dm va=0x0xffff808000200000 -> pa=0x0x0000000000200000 fl=0x0x0000000000000013
nk4a: cr3-done-0x0x00000000034c1000
nk4a: sa1-after cr3=0x0x00000000034c1000
nk4a: pre-restore- rip=0x0000000000208a90 rsp=0x00007fffffffc388
nk4a: pf#0x000000000000000f rip=0x0000000000226659 err=0x0000000000000006 cr2=0x000000000022b000 rsp=0x00007fffffffc1c8 walk=NP
nk4a: pick->0x0000000000000008
nk4a: sa0-0x0000000000000008 root=0x0x000000001dfde000 cur=0x0x00000000034c1000
nk4a: gs2 gsbase=0x0x000000001dd340c0
nk4a: probe text va=0x0x000000001dbf5000 -> pa=0x0x000000001dbf5000 fl=0x0x000000000000041b
nk4a: probe stk va=0x0xffff8000003ff000 -> pa=0x0x00000000003ff000 fl=0x0x000000000000041b
nk4a: probe dm va=0x0xffff808000200000 -> pa=0x0x0000000000200000 fl=0x0x0000000000000413
nk4a: cr3-done-0x0x000000001dfde000
nk4a: sa1-after cr3=0x0x000000001dfde000
nk4a: pre-restore- rip=0x00000000002014ad rsp=0x00007fffffffc0b8
nk4a: vm-pf recv
nk4a: vm-pf bytes 0000000000000000
nk4a: pick->0x0000000000000002
nk4a: sa0-0x0000000000000002 root=0x0x00000000034c1000 cur=0x0x000000001dfde000
nk4a: gs2 gsbase=0x0x000000001dd340c0
nk4a: probe text va=0x0x000000001dbf5000 -> pa=0x0x000000001dbf5000 fl=0x0x000000000000001b
nk4a: probe stk va=0x0xffff8000003ff000 -> pa=0x0x00000000003ff000 fl=0x0x0000000000000013
nk4a: probe dm va=0x0xffff808000200000 -> pa=0x0x0000000000200000 fl=0x0x0000000000000013
nk4a: cr3-done-0x0x00000000034c1000
nk4a: sa1-after cr3=0x0x00000000034c1000
nk4a: pre-restore- rip=0x0000000000226659 rsp=0x00007fffffffc1c8
nk4a: pf#0x0000000000000010 rip=0x0000000000213700 err=0x0000000000000014 cr2=0x0000000000213700 rsp=0x00007fffffffc208 walk=NP
nk4a: pick->0x0000000000000008
nk4a: sa0-0x0000000000000008 root=0x0x000000001dfde000 cur=0x0x00000000034c1000
nk4a: gs2 gsbase=0x0x000000001dd340c0
nk4a: probe text va=0x0x000000001dbf5000 -> pa=0x0x000000001dbf5000 fl=0x0x000000000000041b
nk4a: probe stk va=0x0xffff8000003ff000 -> pa=0x0x00000000003ff000 fl=0x0x000000000000041b
nk4a: probe dm va=0x0xffff808000200000 -> pa=0x0x0000000000200000 fl=0x0x0000000000000413
nk4a: cr3-done-0x0x000000001dfde000
nk4a: sa1-after cr3=0x0x000000001dfde000
nk4a: pre-restore- rip=0x00000000002014ad rsp=0x00007fffffffc0b8
nk4a: vm-pf recv
nk4a: vm-pf bytes 084a8b5c002041be
nk4a: pick->0x0000000000000002
nk4a: sa0-0x0000000000000002 root=0x0x00000000034c1000 cur=0x0x000000001dfde000
nk4a: gs2 gsbase=0x0x000000001dd340c0
nk4a: probe text va=0x0x000000001dbf5000 -> pa=0x0x000000001dbf5000 fl=0x0x000000000000001b
nk4a: probe stk va=0x0xffff8000003ff000 -> pa=0x0x00000000003ff000 fl=0x0x0000000000000013
nk4a: probe dm va=0x0xffff808000200000 -> pa=0x0x0000000000200000 fl=0x0x0000000000000013
nk4a: cr3-done-0x0x00000000034c1000
nk4a: sa1-after cr3=0x0x00000000034c1000
nk4a: pre-restore- rip=0x0000000000213700 rsp=0x00007fffffffc208
nk4a: vs0x0000000000000052 rip=0x0x0000000000213700
nk4a: pf#0x0000000000000011 rip=0x000000000021370c err=0x0000000000000006 cr2=0x00007fffffffb1f0 rsp=0x00007fffffffb1f0 walk=NP
nk4a: pick->0x0000000000000008
nk4a: sa0-0x0000000000000008 root=0x0x000000001dfde000 cur=0x0x00000000034c1000
nk4a: gs2 gsbase=0x0x000000001dd340c0
nk4a: probe text va=0x0x000000001dbf5000 -> pa=0x0x000000001dbf5000 fl=0x0x000000000000041b
nk4a: probe stk va=0x0xffff8000003ff000 -> pa=0x0x00000000003ff000 fl=0x0x000000000000041b
nk4a: probe dm va=0x0xffff808000200000 -> pa=0x0x0000000000200000 fl=0x0x0000000000000413
nk4a: cr3-done-0x0x000000001dfde000
nk4a: sa1-after cr3=0x0x000000001dfde000
nk4a: pre-restore- rip=0x00000000002014ad rsp=0x00007fffffffc0b8
nk4a: vm-pf recv
nk4a: vm-pf bytes 0000000000000000
nk4a: pick->0x0000000000000002
nk4a: sa0-0x0000000000000002 root=0x0x00000000034c1000 cur=0x0x000000001dfde000
nk4a: gs2 gsbase=0x0x000000001dd340c0
nk4a: probe text va=0x0x000000001dbf5000 -> pa=0x0x000000001dbf5000 fl=0x0x000000000000001b
nk4a: probe stk va=0x0xffff8000003ff000 -> pa=0x0x00000000003ff000 fl=0x0x0000000000000013
nk4a: probe dm va=0x0xffff808000200000 -> pa=0x0x0000000000200000 fl=0x0x0000000000000013
nk4a: cr3-done-0x0x00000000034c1000
nk4a: sa1-after cr3=0x0x00000000034c1000
nk4a: pre-restore- rip=0x000000000021370c rsp=0x00007fffffffb1f0
nk4a: pf#0x0000000000000012 rip=0x0000000000226659 err=0x0000000000000006 cr2=0x000000000022c000 rsp=0x00007fffffffb178 walk=NP
nk4a: pick->0x0000000000000008
nk4a: sa0-0x0000000000000008 root=0x0x000000001dfde000 cur=0x0x00000000034c1000
nk4a: gs2 gsbase=0x0x000000001dd340c0
nk4a: probe text va=0x0x000000001dbf5000 -> pa=0x0x000000001dbf5000 fl=0x0x000000000000041b
nk4a: probe stk va=0x0xffff8000003ff000 -> pa=0x0x00000000003ff000 fl=0x0x000000000000041b
nk4a: probe dm va=0x0xffff808000200000 -> pa=0x0x0000000000200000 fl=0x0x0000000000000413
nk4a: cr3-done-0x0x000000001dfde000
nk4a: sa1-after cr3=0x0x000000001dfde000
nk4a: pre-restore- rip=0x00000000002014ad rsp=0x00007fffffffc0b8
nk4a: vm-pf recv
nk4a: vm-pf bytes 0000000000000000
nk4a: pick->0x0000000000000002
nk4a: sa0-0x0000000000000002 root=0x0x00000000034c1000 cur=0x0x000000001dfde000
nk4a: gs2 gsbase=0x0x000000001dd340c0
nk4a: probe text va=0x0x000000001dbf5000 -> pa=0x0x000000001dbf5000 fl=0x0x000000000000001b
nk4a: probe stk va=0x0xffff8000003ff000 -> pa=0x0x00000000003ff000 fl=0x0x0000000000000013
nk4a: probe dm va=0x0xffff808000200000 -> pa=0x0x0000000000200000 fl=0x0x0000000000000013
nk4a: cr3-done-0x0x00000000034c1000
nk4a: sa1-after cr3=0x0x00000000034c1000
nk4a: pre-restore- rip=0x0000000000226659 rsp=0x00007fffffffb178
nk4a: vs0x0000000000000057 rip=0x0x0000000000226659
nk4a: pf#0x0000000000000013 rip=0x0000000000226659 err=0x0000000000000006 cr2=0x000000000022d000 rsp=0x00007fffffffb178 walk=NP
nk4a: pick->0x0000000000000008
nk4a: sa0-0x0000000000000008 root=0x0x000000001dfde000 cur=0x0x00000000034c1000
nk4a: gs2 gsbase=0x0x000000001dd340c0
nk4a: probe text va=0x0x000000001dbf5000 -> pa=0x0x000000001dbf5000 fl=0x0x000000000000041b
nk4a: probe stk va=0x0xffff8000003ff000 -> pa=0x0x00000000003ff000 fl=0x0x000000000000041b
nk4a: probe dm va=0x0xffff808000200000 -> pa=0x0x0000000000200000 fl=0x0x0000000000000413
nk4a: cr3-done-0x0x000000001dfde000
nk4a: sa1-after cr3=0x0x000000001dfde000
nk4a: pre-restore- rip=0x00000000002014ad rsp=0x00007fffffffc0b8
nk4a: vm-pf recv
nk4a: vm-pf bytes 0000000000000000
nk4a: pick->0x0000000000000002
nk4a: sa0-0x0000000000000002 root=0x0x00000000034c1000 cur=0x0x000000001dfde000
nk4a: gs2 gsbase=0x0x000000001dd340c0
nk4a: probe text va=0x0x000000001dbf5000 -> pa=0x0x000000001dbf5000 fl=0x0x000000000000001b
nk4a: probe stk va=0x0xffff8000003ff000 -> pa=0x0x00000000003ff000 fl=0x0x0000000000000013
nk4a: probe dm va=0x0xffff808000200000 -> pa=0x0x0000000000200000 fl=0x0x0000000000000013
nk4a: cr3-done-0x0x00000000034c1000
nk4a: sa1-after cr3=0x0x00000000034c1000
nk4a: pre-restore- rip=0x0000000000226659 rsp=0x00007fffffffb178
nk4a: pick->0x0000000000000008
nk4a: sa0-0x0000000000000008 root=0x0x000000001dfde000 cur=0x0x00000000034c1000
nk4a: gs2 gsbase=0x0x000000001dd340c0
nk4a: probe text va=0x0x000000001dbf5000 -> pa=0x0x000000001dbf5000 fl=0x0x000000000000041b
nk4a: probe stk va=0x0xffff8000003ff000 -> pa=0x0x00000000003ff000 fl=0x0x000000000000041b
nk4a: probe dm va=0x0xffff808000200000 -> pa=0x0x0000000000200000 fl=0x0x0000000000000413
nk4a: cr3-done-0x0x000000001dfde000
nk4a: sa1-after cr3=0x0x000000001dfde000
nk4a: pre-restore- rip=0x00000000002014ad rsp=0x00007fffffffc0b8
nk4a: vm-pf recv
nk4a: vm-pf bytes 0000000000000000
nk4a: pick->0x0000000000000002
nk4a: sa0-0x0000000000000002 root=0x0x00000000034c1000 cur=0x0x000000001dfde000
nk4a: gs2 gsbase=0x0x000000001dd340c0
nk4a: probe text va=0x0x000000001dbf5000 -> pa=0x0x000000001dbf5000 fl=0x0x000000000000001b
nk4a: probe stk va=0x0xffff8000003ff000 -> pa=0x0x00000000003ff000 fl=0x0x0000000000000013
nk4a: probe dm va=0x0xffff808000200000 -> pa=0x0x0000000000200000 fl=0x0x0000000000000013
nk4a: cr3-done-0x0x00000000034c1000
nk4a: sa1-after cr3=0x0x00000000034c1000
nk4a: pre-restore- rip=0x0000000000226659 rsp=0x00007fffffffb178
nk4a: pick->0x0000000000000008
nk4a: sa0-0x0000000000000008 root=0x0x000000001dfde000 cur=0x0x00000000034c1000
nk4a: gs2 gsbase=0x0x000000001dd340c0
nk4a: probe text va=0x0x000000001dbf5000 -> pa=0x0x000000001dbf5000 fl=0x0x000000000000041b
nk4a: probe stk va=0x0xffff8000003ff000 -> pa=0x0x00000000003ff000 fl=0x0x000000000000041b
nk4a: probe dm va=0x0xffff808000200000 -> pa=0x0x0000000000200000 fl=0x0x0000000000000413
nk4a: cr3-done-0x0x000000001dfde000
nk4a: sa1-after cr3=0x0x000000001dfde000
nk4a: pre-restore- rip=0x00000000002014ad rsp=0x00007fffffffc0b8
nk4a: vs0x000000000000005d rip=0x0x00000000002014ad
nk4a: vm-pf recv
nk4a: vm-pf bytes 0000000000000000
nk4a: pick->0x0000000000000002
nk4a: sa0-0x0000000000000002 root=0x0x00000000034c1000 cur=0x0x000000001dfde000
nk4a: gs2 gsbase=0x0x000000001dd340c0
nk4a: probe text va=0x0x000000001dbf5000 -> pa=0x0x000000001dbf5000 fl=0x0x000000000000001b
nk4a: probe stk va=0x0xffff8000003ff000 -> pa=0x0x00000000003ff000 fl=0x0x0000000000000013
nk4a: probe dm va=0x0xffff808000200000 -> pa=0x0x0000000000200000 fl=0x0x0000000000000013
nk4a: cr3-done-0x0x00000000034c1000
nk4a: sa1-after cr3=0x0x00000000034c1000
nk4a: pre-restore- rip=0x0000000000226659 rsp=0x00007fffffffb178
nk4a: pick->0x0000000000000008
nk4a: sa0-0x0000000000000008 root=0x0x000000001dfde000 cur=0x0x00000000034c1000
nk4a: gs2 gsbase=0x0x000000001dd340c0
nk4a: probe text va=0x0x000000001dbf5000 -> pa=0x0x000000001dbf5000 fl=0x0x000000000000041b
nk4a: probe stk va=0x0xffff8000003ff000 -> pa=0x0x00000000003ff000 fl=0x0x000000000000041b
nk4a: probe dm va=0x0xffff808000200000 -> pa=0x0x0000000000200000 fl=0x0x0000000000000413
nk4a: cr3-done-0x0x000000001dfde000
nk4a: sa1-after cr3=0x0x000000001dfde000
nk4a: pre-restore- rip=0x00000000002014ad rsp=0x00007fffffffc0b8
nk4a: vm-pf recv
nk4a: vm-pf bytes 0000000000000000
nk4a: pick->0x0000000000000002
nk4a: sa0-0x0000000000000002 root=0x0x00000000034c1000 cur=0x0x000000001dfde000
nk4a: gs2 gsbase=0x0x000000001dd340c0
nk4a: probe text va=0x0x000000001dbf5000 -> pa=0x0x000000001dbf5000 fl=0x0x000000000000001b
nk4a: probe stk va=0x0xffff8000003ff000 -> pa=0x0x00000000003ff000 fl=0x0x0000000000000013
nk4a: probe dm va=0x0xffff808000200000 -> pa=0x0x0000000000200000 fl=0x0x0000000000000013
nk4a: cr3-done-0x0x00000000034c1000
nk4a: sa1-after cr3=0x0x00000000034c1000
nk4a: pre-restore- rip=0x0000000000226659 rsp=0x00007fffffffb178
nk4a: pick->0x0000000000000008
nk4a: sa0-0x0000000000000008 root=0x0x000000001dfde000 cur=0x0x00000000034c1000
nk4a: gs2 gsbase=0x0x000000001dd340c0
nk4a: probe text va=0x0x000000001dbf5000 -> pa=0x0x000000001dbf5000 fl=0x0x000000000000041b
nk4a: probe stk va=0x0xffff8000003ff000 -> pa=0x0x00000000003ff000 fl=0x0x000000000000041b
nk4a: probe dm va=0x0xffff808000200000 -> pa=0x0x0000000000200000 fl=0x0x0000000000000413
nk4a: cr3-done-0x0x000000001dfde000
nk4a: sa1-after cr3=0x0x000000001dfde000
nk4a: pre-restore- rip=0x00000000002014ad rsp=0x00007fffffffc0b8
nk4a: vm-pf recv
nk4a: vm-pf bytes 0000000000000000
nk4a: pick->0x0000000000000002
nk4a: sa0-0x0000000000000002 root=0x0x00000000034c1000 cur=0x0x000000001dfde000
nk4a: gs2 gsbase=0x0x000000001dd340c0
nk4a: probe text va=0x0x000000001dbf5000 -> pa=0x0x000000001dbf5000 fl=0x0x000000000000001b
nk4a: probe stk va=0x0xffff8000003ff000 -> pa=0x0x00000000003ff000 fl=0x0x0000000000000013
nk4a: probe dm va=0x0xffff808000200000 -> pa=0x0x0000000000200000 fl=0x0x0000000000000013
nk4a: cr3-done-0x0x00000000034c1000
nk4a: sa1-after cr3=0x0x00000000034c1000
nk4a: pre-restore- rip=0x0000000000226659 rsp=0x00007fffffffb178
nk4a: vs0x0000000000000063 rip=0x0x0000000000226659
nk4a: pick->0x0000000000000008
nk4a: sa0-0x0000000000000008 root=0x0x000000001dfde000 cur=0x0x00000000034c1000
nk4a: gs2 gsbase=0x0x000000001dd340c0
nk4a: probe text va=0x0x000000001dbf5000 -> pa=0x0x000000001dbf5000 fl=0x0x000000000000041b
nk4a: probe stk va=0x0xffff8000003ff000 -> pa=0x0x00000000003ff000 fl=0x0x000000000000041b
nk4a: probe dm va=0x0xffff808000200000 -> pa=0x0x0000000000200000 fl=0x0x0000000000000413
nk4a: cr3-done-0x0x000000001dfde000
nk4a: sa1-after cr3=0x0x000000001dfde000
nk4a: pre-restore- rip=0x00000000002014ad rsp=0x00007fffffffc0b8
nk4a: vm-pf recv
nk4a: vm-pf bytes 0000000000000000
nk4a: pick->0x0000000000000002
nk4a: sa0-0x0000000000000002 root=0x0x00000000034c1000 cur=0x0x000000001dfde000
nk4a: gs2 gsbase=0x0x000000001dd340c0
nk4a: probe text va=0x0x000000001dbf5000 -> pa=0x0x000000001dbf5000 fl=0x0x000000000000001b
nk4a: probe stk va=0x0xffff8000003ff000 -> pa=0x0x00000000003ff000 fl=0x0x0000000000000013
nk4a: probe dm va=0x0xffff808000200000 -> pa=0x0x0000000000200000 fl=0x0x0000000000000013
nk4a: cr3-done-0x0x00000000034c1000
nk4a: sa1-after cr3=0x0x00000000034c1000
nk4a: pre-restore- rip=0x0000000000226659 rsp=0x00007fffffffb178
nk4a: pick->0x0000000000000008
nk4a: sa0-0x0000000000000008 root=0x0x000000001dfde000 cur=0x0x00000000034c1000
nk4a: gs2 gsbase=0x0x000000001dd340c0
nk4a: probe text va=0x0x000000001dbf5000 -> pa=0x0x000000001dbf5000 fl=0x0x000000000000041b
nk4a: probe stk va=0x0xffff8000003ff000 -> pa=0x0x00000000003ff000 fl=0x0x000000000000041b
nk4a: probe dm va=0x0xffff808000200000 -> pa=0x0x0000000000200000 fl=0x0x0000000000000413
nk4a: cr3-done-0x0x000000001dfde000
nk4a: sa1-after cr3=0x0x000000001dfde000
nk4a: pre-restore- rip=0x00000000002014ad rsp=0x00007fffffffc0b8
nk4a: vm-pf recv
nk4a: vm-pf bytes 0000000000000000
nk4a: pick->0x0000000000000002
nk4a: sa0-0x0000000000000002 root=0x0x00000000034c1000 cur=0x0x000000001dfde000
nk4a: gs2 gsbase=0x0x000000001dd340c0
nk4a: probe text va=0x0x000000001dbf5000 -> pa=0x0x000000001dbf5000 fl=0x0x000000000000001b
nk4a: probe stk va=0x0xffff8000003ff000 -> pa=0x0x00000000003ff000 fl=0x0x0000000000000013
nk4a: probe dm va=0x0xffff808000200000 -> pa=0x0x0000000000200000 fl=0x0x0000000000000013
nk4a: cr3-done-0x0x00000000034c1000
nk4a: sa1-after cr3=0x0x00000000034c1000
nk4a: pre-restore- rip=0x0000000000226659 rsp=0x00007fffffffb178
nk4a: pick->0x0000000000000008
nk4a: sa0-0x0000000000000008 root=0x0x000000001dfde000 cur=0x0x00000000034c1000
nk4a: gs2 gsbase=0x0x000000001dd340c0
nk4a: probe text va=0x0x000000001dbf5000 -> pa=0x0x000000001dbf5000 fl=0x0x000000000000041b
nk4a: probe stk va=0x0xffff8000003ff000 -> pa=0x0x00000000003ff000 fl=0x0x000000000000041b
nk4a: probe dm va=0x0xffff808000200000 -> pa=0x0x0000000000200000 fl=0x0x0000000000000413
nk4a: cr3-done-0x0x000000001dfde000
nk4a: sa1-after cr3=0x0x000000001dfde000
nk4a: pre-restore- rip=0x00000000002014ad rsp=0x00007fffffffc0b8
nk4a: vs0x0000000000000069 rip=0x0x00000000002014ad
nk4a: vm-pf recv
nk4a: vm-pf bytes 0000000000000000
nk4a: pick->0x0000000000000002
nk4a: sa0-0x0000000000000002 root=0x0x00000000034c1000 cur=0x0x000000001dfde000
nk4a: gs2 gsbase=0x0x000000001dd340c0
nk4a: probe text va=0x0x000000001dbf5000 -> pa=0x0x000000001dbf5000 fl=0x0x000000000000001b
nk4a: probe stk va=0x0xffff8000003ff000 -> pa=0x0x00000000003ff000 fl=0x0x0000000000000013
nk4a: probe dm va=0x0xffff808000200000 -> pa=0x0x0000000000200000 fl=0x0x0000000000000013
nk4a: cr3-done-0x0x00000000034c1000
nk4a: sa1-after cr3=0x0x00000000034c1000
nk4a: pre-restore- rip=0x0000000000226659 rsp=0x00007fffffffb178
nk4a: pick->0x0000000000000008
nk4a: sa0-0x0000000000000008 root=0x0x000000001dfde000 cur=0x0x00000000034c1000
nk4a: gs2 gsbase=0x0x000000001dd340c0
nk4a: probe text va=0x0x000000001dbf5000 -> pa=0x0x000000001dbf5000 fl=0x0x000000000000041b
nk4a: probe stk va=0x0xffff8000003ff000 -> pa=0x0x00000000003ff000 fl=0x0x000000000000041b
nk4a: probe dm va=0x0xffff808000200000 -> pa=0x0x0000000000200000 fl=0x0x0000000000000413
nk4a: cr3-done-0x0x000000001dfde000
nk4a: sa1-after cr3=0x0x000000001dfde000
nk4a: pre-restore- rip=0x00000000002014ad rsp=0x00007fffffffc0b8
nk4a: vm-pf recv
nk4a: vm-pf bytes 0000000000000000
nk4a: pick->0x0000000000000002
nk4a: sa0-0x0000000000000002 root=0x0x00000000034c1000 cur=0x0x000000001dfde000
nk4a: gs2 gsbase=0x0x000000001dd340c0
nk4a: probe text va=0x0x000000001dbf5000 -> pa=0x0x000000001dbf5000 fl=0x0x000000000000001b
nk4a: probe stk va=0x0xffff8000003ff000 -> pa=0x0x00000000003ff000 fl=0x0x0000000000000013
nk4a: probe dm va=0x0xffff808000200000 -> pa=0x0x0000000000200000 fl=0x0x0000000000000013
nk4a: cr3-done-0x0x00000000034c1000
nk4a: sa1-after cr3=0x0x00000000034c1000
nk4a: pre-restore- rip=0x0000000000226659 rsp=0x00007fffffffb178
nk4a: pick->0x0000000000000008
nk4a: sa0-0x0000000000000008 root=0x0x000000001dfde000 cur=0x0x00000000034c1000
nk4a: gs2 gsbase=0x0x000000001dd340c0
nk4a: probe text va=0x0x000000001dbf5000 -> pa=0x0x000000001dbf5000 fl=0x0x000000000000041b
nk4a: probe stk va=0x0xffff8000003ff000 -> pa=0x0x00000000003ff000 fl=0x0x000000000000041b
nk4a: probe dm va=0x0xffff808000200000 -> pa=0x0x0000000000200000 fl=0x0x0000000000000413
nk4a: cr3-done-0x0x000000001dfde000
nk4a: sa1-after cr3=0x0x000000001dfde000
nk4a: pre-restore- rip=0x00000000002014ad rsp=0x00007fffffffc0b8
nk4a: vm-pf recv
nk4a: vm-pf bytes 0000000000000000
nk4a: pick->0x0000000000000002
nk4a: sa0-0x0000000000000002 root=0x0x00000000034c1000 cur=0x0x000000001dfde000
nk4a: gs2 gsbase=0x0x000000001dd340c0
nk4a: probe text va=0x0x000000001dbf5000 -> pa=0x0x000000001dbf5000 fl=0x0x000000000000001b
nk4a: probe stk va=0x0xffff8000003ff000 -> pa=0x0x00000000003ff000 fl=0x0x0000000000000013
nk4a: probe dm va=0x0xffff808000200000 -> pa=0x0x0000000000200000 fl=0x0x0000000000000013
nk4a: cr3-done-0x0x00000000034c1000
nk4a: sa1-after cr3=0x0x00000000034c1000
nk4a: pre-restore- rip=0x0000000000226659 rsp=0x00007fffffffb178
nk4a: pick->0x0000000000000008
nk4a: sa0-0x0000000000000008 root=0x0x000000001dfde000 cur=0x0x00000000034c1000
nk4a: gs2 gsbase=0x0x000000001dd340c0
nk4a: probe text va=0x0x000000001dbf5000 -> pa=0x0x000000001dbf5000 fl=0x0x000000000000041b
nk4a: probe stk va=0x0xffff8000003ff000 -> pa=0x0x00000000003ff000 fl=0x0x000000000000041b
nk4a: probe dm va=0x0xffff808000200000 -> pa=0x0x0000000000200000 fl=0x0x0000000000000413
nk4a: cr3-done-0x0x000000001dfde000
nk4a: sa1-after cr3=0x0x000000001dfde000
nk4a: pre-restore- rip=0x00000000002014ad rsp=0x00007fffffffc0b8
nk4a: vs0x0000000000000070 rip=0x0x00000000002014ad
nk4a: vm-pf recv
nk4a: vm-pf bytes 0000000000000000
nk4a: pick->0x0000000000000002
nk4a: sa0-0x0000000000000002 root=0x0x00000000034c1000 cur=0x0x000000001dfde000
nk4a: gs2 gsbase=0x0x000000001dd340c0
nk4a: probe text va=0x0x000000001dbf5000 -> pa=0x0x000000001dbf5000 fl=0x0x000000000000001b
nk4a: probe stk va=0x0xffff8000003ff000 -> pa=0x0x00000000003ff000 fl=0x0x0000000000000013
nk4a: probe dm va=0x0xffff808000200000 -> pa=0x0x0000000000200000 fl=0x0x0000000000000013
nk4a: cr3-done-0x0x00000000034c1000
nk4a: sa1-after cr3=0x0x00000000034c1000
nk4a: pre-restore- rip=0x0000000000226659 rsp=0x00007fffffffb178
nk4a: pick->0x0000000000000008
nk4a: sa0-0x0000000000000008 root=0x0x000000001dfde000 cur=0x0x00000000034c1000
nk4a: gs2 gsbase=0x0x000000001dd340c0
nk4a: probe text va=0x0x000000001dbf5000 -> pa=0x0x000000001dbf5000 fl=0x0x000000000000041b
nk4a: probe stk va=0x0xffff8000003ff000 -> pa=0x0x00000000003ff000 fl=0x0x000000000000041b
nk4a: probe dm va=0x0xffff808000200000 -> pa=0x0x0000000000200000 fl=0x0x0000000000000413
nk4a: cr3-done-0x0x000000001dfde000
nk4a: sa1-after cr3=0x0x000000001dfde000
nk4a: pre-restore- rip=0x00000000002014ad rsp=0x00007fffffffc0b8
nk4a: vm-pf recv
nk4a: vm-pf bytes 0000000000000000
nk4a: pick->0x0000000000000002
nk4a: sa0-0x0000000000000002 root=0x0x00000000034c1000 cur=0x0x000000001dfde000
nk4a: gs2 gsbase=0x0x000000001dd340c0
nk4a: probe text va=0x0x000000001dbf5000 -> pa=0x0x000000001dbf5000 fl=0x0x000000000000001b
nk4a: probe stk va=0x0xffff8000003ff000 -> pa=0x0x00000000003ff000 fl=0x0x0000000000000013
nk4a: probe dm va=0x0xffff808000200000 -> pa=0x0x0000000000200000 fl=0x0x0000000000000013
nk4a: cr3-done-0x0x00000000034c1000
nk4a: sa1-after cr3=0x0x00000000034c1000
nk4a: pre-restore- rip=0x0000000000226659 rsp=0x00007fffffffb178
nk4a: pick->0x0000000000000008
nk4a: sa0-0x0000000000000008 root=0x0x000000001dfde000 cur=0x0x00000000034c1000
nk4a: gs2 gsbase=0x0x000000001dd340c0
nk4a: probe text va=0x0x000000001dbf5000 -> pa=0x0x000000001dbf5000 fl=0x0x000000000000041b
nk4a: probe stk va=0x0xffff8000003ff000 -> pa=0x0x00000000003ff000 fl=0x0x000000000000041b
nk4a: probe dm va=0x0xffff808000200000 -> pa=0x0x0000000000200000 fl=0x0x0000000000000413
nk4a: cr3-done-0x0x000000001dfde000
nk4a: sa1-after cr3=0x0x000000001dfde000
nk4a: pre-restore- rip=0x00000000002014ad rsp=0x00007fffffffc0b8
nk4a: vm-pf recv
nk4a: vm-pf bytes 0000000000000000
nk4a: pick->0x0000000000000002
nk4a: sa0-0x0000000000000002 root=0x0x00000000034c1000 cur=0x0x000000001dfde000
nk4a: gs2 gsbase=0x0x000000001dd340c0
nk4a: probe text va=0x0x000000001dbf5000 -> pa=0x0x000000001dbf5000 fl=0x0x000000000000001b
nk4a: probe stk va=0x0xffff8000003ff000 -> pa=0x0x00000000003ff000 fl=0x0x0000000000000013
nk4a: probe dm va=0x0xffff808000200000 -> pa=0x0x0000000000200000 fl=0x0x0000000000000013
nk4a: cr3-done-0x0x00000000034c1000
nk4a: sa1-after cr3=0x0x00000000034c1000
nk4a: pre-restore- rip=0x0000000000226659 rsp=0x00007fffffffb178
nk4a: vs0x0000000000000076 rip=0x0x0000000000226659
nk4a: pick->0x0000000000000008
nk4a: sa0-0x0000000000000008 root=0x0x000000001dfde000 cur=0x0x00000000034c1000
nk4a: gs2 gsbase=0x0x000000001dd340c0
nk4a: probe text va=0x0x000000001dbf5000 -> pa=0x0x000000001dbf5000 fl=0x0x000000000000041b
nk4a: probe stk va=0x0xffff8000003ff000 -> pa=0x0x00000000003ff000 fl=0x0x000000000000041b
nk4a: probe dm va=0x0xffff808000200000 -> pa=0x0x0000000000200000 fl=0x0x0000000000000413
nk4a: cr3-done-0x0x000000001dfde000
nk4a: sa1-after cr3=0x0x000000001dfde000
nk4a: pre-restore- rip=0x00000000002014ad rsp=0x00007fffffffc0b8
nk4a: vm-pf recv
nk4a: vm-pf bytes 0000000000000000
nk4a: pick->0x0000000000000002
nk4a: sa0-0x0000000000000002 root=0x0x00000000034c1000 cur=0x0x000000001dfde000
nk4a: gs2 gsbase=0x0x000000001dd340c0
nk4a: probe text va=0x0x000000001dbf5000 -> pa=0x0x000000001dbf5000 fl=0x0x000000000000001b
nk4a: probe stk va=0x0xffff8000003ff000 -> pa=0x0x00000000003ff000 fl=0x0x0000000000000013
nk4a: probe dm va=0x0xffff808000200000 -> pa=0x0x0000000000200000 fl=0x0x0000000000000013
nk4a: cr3-done-0x0x00000000034c1000
nk4a: sa1-after cr3=0x0x00000000034c1000
nk4a: pre-restore- rip=0x0000000000226659 rsp=0x00007fffffffb178
nk4a: pick->0x0000000000000008
nk4a: sa0-0x0000000000000008 root=0x0x000000001dfde000 cur=0x0x00000000034c1000
nk4a: gs2 gsbase=0x0x000000001dd340c0
nk4a: probe text va=0x0x000000001dbf5000 -> pa=0x0x000000001dbf5000 fl=0x0x000000000000041b
nk4a: probe stk va=0x0xffff8000003ff000 -> pa=0x0x00000000003ff000 fl=0x0x000000000000041b
nk4a: probe dm va=0x0xffff808000200000 -> pa=0x0x0000000000200000 fl=0x0x0000000000000413
nk4a: cr3-done-0x0x000000001dfde000
nk4a: sa1-after cr3=0x0x000000001dfde000
nk4a: pre-restore- rip=0x00000000002014ad rsp=0x00007fffffffc0b8
nk4a: vm-pf recv
nk4a: vm-pf bytes 0000000000000000
nk4a: pick->0x0000000000000002
nk4a: sa0-0x0000000000000002 root=0x0x00000000034c1000 cur=0x0x000000001dfde000
nk4a: gs2 gsbase=0x0x000000001dd340c0
nk4a: probe text va=0x0x000000001dbf5000 -> pa=0x0x000000001dbf5000 fl=0x0x000000000000001b
nk4a: probe stk va=0x0xffff8000003ff000 -> pa=0x0x00000000003ff000 fl=0x0x0000000000000013
nk4a: probe dm va=0x0xffff808000200000 -> pa=0x0x0000000000200000 fl=0x0x0000000000000013
nk4a: cr3-done-0x0x00000000034c1000
nk4a: sa1-after cr3=0x0x00000000034c1000
nk4a: pre-restore- rip=0x0000000000226659 rsp=0x00007fffffffb178
nk4a: pick->0x0000000000000008
nk4a: sa0-0x0000000000000008 root=0x0x000000001dfde000 cur=0x0x00000000034c1000
nk4a: gs2 gsbase=0x0x000000001dd340c0
nk4a: probe text va=0x0x000000001dbf5000 -> pa=0x0x000000001dbf5000 fl=0x0x000000000000041b
nk4a: probe stk va=0x0xffff8000003ff000 -> pa=0x0x00000000003ff000 fl=0x0x000000000000041b
nk4a: probe dm va=0x0xffff808000200000 -> pa=0x0x0000000000200000 fl=0x0x0000000000000413
nk4a: cr3-done-0x0x000000001dfde000
nk4a: sa1-after cr3=0x0x000000001dfde000
nk4a: pre-restore- rip=0x00000000002014ad rsp=0x00007fffffffc0b8
nk4a: vs0x000000000000007c rip=0x0x00000000002014ad
nk4a: vm-pf recv
nk4a: vm-pf bytes 0000000000000000
nk4a: pick->0x0000000000000002
nk4a: sa0-0x0000000000000002 root=0x0x00000000034c1000 cur=0x0x000000001dfde000
nk4a: gs2 gsbase=0x0x000000001dd340c0
nk4a: probe text va=0x0x000000001dbf5000 -> pa=0x0x000000001dbf5000 fl=0x0x000000000000001b
nk4a: probe stk va=0x0xffff8000003ff000 -> pa=0x0x00000000003ff000 fl=0x0x0000000000000013
nk4a: probe dm va=0x0xffff808000200000 -> pa=0x0x0000000000200000 fl=0x0x0000000000000013
nk4a: cr3-done-0x0x00000000034c1000
nk4a: sa1-after cr3=0x0x00000000034c1000
nk4a: pre-restore- rip=0x0000000000226659 rsp=0x00007fffffffb178
nk4a: pick->0x0000000000000008
nk4a: sa0-0x0000000000000008 root=0x0x000000001dfde000 cur=0x0x00000000034c1000
nk4a: gs2 gsbase=0x0x000000001dd340c0
nk4a: probe text va=0x0x000000001dbf5000 -> pa=0x0x000000001dbf5000 fl=0x0x000000000000041b
nk4a: probe stk va=0x0xffff8000003ff000 -> pa=0x0x00000000003ff000 fl=0x0x000000000000041b
nk4a: probe dm va=0x0xffff808000200000 -> pa=0x0x0000000000200000 fl=0x0x0000000000000413
nk4a: cr3-done-0x0x000000001dfde000
nk4a: sa1-after cr3=0x0x000000001dfde000
nk4a: pre-restore- rip=0x00000000002014ad rsp=0x00007fffffffc0b8
nk4a: vm-pf recv
nk4a: vm-pf bytes 0000000000000000
nk4a: pick->0x0000000000000002
nk4a: sa0-0x0000000000000002 root=0x0x00000000034c1000 cur=0x0x000000001dfde000
nk4a: gs2 gsbase=0x0x000000001dd340c0
nk4a: probe text va=0x0x000000001dbf5000 -> pa=0x0x000000001dbf5000 fl=0x0x000000000000001b
nk4a: probe stk va=0x0xffff8000003ff000 -> pa=0x0x00000000003ff000 fl=0x0x0000000000000013
nk4a: probe dm va=0x0xffff808000200000 -> pa=0x0x0000000000200000 fl=0x0x0000000000000013
nk4a: cr3-done-0x0x00000000034c1000
nk4a: sa1-after cr3=0x0x00000000034c1000
nk4a: pre-restore- rip=0x0000000000226659 rsp=0x00007fffffffb178
nk4a: pick->0x0000000000000008
nk4a: sa0-0x0000000000000008 root=0x0x000000001dfde000 cur=0x0x00000000034c1000
nk4a: gs2 gsbase=0x0x000000001dd340c0
nk4a: probe text va=0x0x000000001dbf5000 -> pa=0x0x000000001dbf5000 fl=0x0x000000000000041b
nk4a: probe stk va=0x0xffff8000003ff000 -> pa=0x0x00000000003ff000 fl=0x0x000000000000041b
nk4a: probe dm va=0x0xffff808000200000 -> pa=0x0x0000000000200000 fl=0x0x0000000000000413
nk4a: cr3-done-0x0x000000001dfde000
nk4a: sa1-after cr3=0x0x000000001dfde000
nk4a: pre-restore- rip=0x00000000002014ad rsp=0x00007fffffffc0b8
nk4a: vm-pf recv
nk4a: vm-pf bytes 0000000000000000
nk4a: pick->0x0000000000000002
nk4a: sa0-0x0000000000000002 root=0x0x00000000034c1000 cur=0x0x000000001dfde000
nk4a: gs2 gsbase=0x0x000000001dd340c0
nk4a: probe text va=0x0x000000001dbf5000 -> pa=0x0x000000001dbf5000 fl=0x0x000000000000001b
nk4a: probe stk va=0x0xffff8000003ff000 -> pa=0x0x00000000003ff000 fl=0x0x0000000000000013
nk4a: probe dm va=0x0xffff808000200000 -> pa=0x0x0000000000200000 fl=0x0x0000000000000013
nk4a: cr3-done-0x0x00000000034c1000
nk4a: sa1-after cr3=0x0x00000000034c1000
nk4a: pre-restore- rip=0x0000000000226659 rsp=0x00007fffffffb178
nk4a: vs0x0000000000000082 rip=0x0x0000000000226659
nk4a: pick->0x0000000000000008
nk4a: sa0-0x0000000000000008 root=0x0x000000001dfde000 cur=0x0x00000000034c1000
nk4a: gs2 gsbase=0x0x000000001dd340c0
nk4a: probe text va=0x0x000000001dbf5000 -> pa=0x0x000000001dbf5000 fl=0x0x000000000000041b
nk4a: probe stk va=0x0xffff8000003ff000 -> pa=0x0x00000000003ff000 fl=0x0x000000000000041b
nk4a: probe dm va=0x0xffff808000200000 -> pa=0x0x0000000000200000 fl=0x0x0000000000000413
nk4a: cr3-done-0x0x000000001dfde000
nk4a: sa1-after cr3=0x0x000000001dfde000
nk4a: pre-restore- rip=0x00000000002014ad rsp=0x00007fffffffc0b8
nk4a: vm-pf recv
nk4a: vm-pf bytes 0000000000000000
nk4a: pick->0x0000000000000002
nk4a: sa0-0x0000000000000002 root=0x0x00000000034c1000 cur=0x0x000000001dfde000
nk4a: gs2 gsbase=0x0x000000001dd340c0
nk4a: probe text va=0x0x000000001dbf5000 -> pa=0x0x000000001dbf5000 fl=0x0x000000000000001b
nk4a: probe stk va=0x0xffff8000003ff000 -> pa=0x0x00000000003ff000 fl=0x0x0000000000000013
nk4a: probe dm va=0x0xffff808000200000 -> pa=0x0x0000000000200000 fl=0x0x0000000000000013
nk4a: cr3-done-0x0x00000000034c1000
nk4a: sa1-after cr3=0x0x00000000034c1000
nk4a: pre-restore- rip=0x0000000000226659 rsp=0x00007fffffffb178
nk4a: pick->0x0000000000000008
nk4a: sa0-0x0000000000000008 root=0x0x000000001dfde000 cur=0x0x00000000034c1000
nk4a: gs2 gsbase=0x0x000000001dd340c0
nk4a: probe text va=0x0x000000001dbf5000 -> pa=0x0x000000001dbf5000 fl=0x0x000000000000041b
nk4a: probe stk va=0x0xffff8000003ff000 -> pa=0x0x00000000003ff000 fl=0x0x000000000000041b
nk4a: probe dm va=0x0xffff808000200000 -> pa=0x0x0000000000200000 fl=0x0x0000000000000413
nk4a: cr3-done-0x0x000000001dfde000
nk4a: sa1-after cr3=0x0x000000001dfde000
nk4a: pre-restore- rip=0x00000000002014ad rsp=0x00007fffffffc0b8
nk4a: vm-pf recv
nk4a: vm-pf bytes 0000000000000000
nk4a: pick->0x0000000000000002
nk4a: sa0-0x0000000000000002 root=0x0x00000000034c1000 cur=0x0x000000001dfde000
nk4a: gs2 gsbase=0x0x000000001dd340c0
nk4a: probe text va=0x0x000000001dbf5000 -> pa=0x0x000000001dbf5000 fl=0x0x000000000000001b
nk4a: probe stk va=0x0xffff8000003ff000 -> pa=0x0x00000000003ff000 fl=0x0x0000000000000013
nk4a: probe dm va=0x0xffff808000200000 -> pa=0x0x0000000000200000 fl=0x0x0000000000000013
nk4a: cr3-done-0x0x00000000034c1000
nk4a: sa1-after cr3=0x0x00000000034c1000
nk4a: pre-restore- rip=0x0000000000226659 rsp=0x00007fffffffb178
nk4a: pick->0x0000000000000008
nk4a: sa0-0x0000000000000008 root=0x0x000000001dfde000 cur=0x0x00000000034c1000
nk4a: gs2 gsbase=0x0x000000001dd340c0
nk4a: probe text va=0x0x000000001dbf5000 -> pa=0x0x000000001dbf5000 fl=0x0x000000000000041b
nk4a: probe stk va=0x0xffff8000003ff000 -> pa=0x0x00000000003ff000 fl=0x0x000000000000041b
nk4a: probe dm va=0x0xffff808000200000 -> pa=0x0x0000000000200000 fl=0x0x0000000000000413
nk4a: cr3-done-0x0x000000001dfde000
nk4a: sa1-after cr3=0x0x000000001dfde000
nk4a: pre-restore- rip=0x00000000002014ad rsp=0x00007fffffffc0b8
nk4a: vs0x0000000000000088 rip=0x0x00000000002014ad
nk4a: vm-pf recv
nk4a: vm-pf bytes 0000000000000000
nk4a: pick->0x0000000000000002
nk4a: sa0-0x0000000000000002 root=0x0x00000000034c1000 cur=0x0x000000001dfde000
nk4a: gs2 gsbase=0x0x000000001dd340c0
nk4a: probe text va=0x0x000000001dbf5000 -> pa=0x0x000000001dbf5000 fl=0x0x000000000000001b
nk4a: probe stk va=0x0xffff8000003ff000 -> pa=0x0x00000000003ff000 fl=0x0x0000000000000013
nk4a: probe dm va=0x0xffff808000200000 -> pa=0x0x0000000000200000 fl=0x0x0000000000000013
nk4a: cr3-done-0x0x00000000034c1000
nk4a: sa1-after cr3=0x0x00000000034c1000
nk4a: pre-restore- rip=0x0000000000226659 rsp=0x00007fffffffb178
nk4a: pick->0x0000000000000008
nk4a: sa0-0x0000000000000008 root=0x0x000000001dfde000 cur=0x0x00000000034c1000
nk4a: gs2 gsbase=0x0x000000001dd340c0
nk4a: probe text va=0x0x000000001dbf5000 -> pa=0x0x000000001dbf5000 fl=0x0x000000000000041b
nk4a: probe stk va=0x0xffff8000003ff000 -> pa=0x0x00000000003ff000 fl=0x0x000000000000041b
nk4a: probe dm va=0x0xffff808000200000 -> pa=0x0x0000000000200000 fl=0x0x0000000000000413
nk4a: cr3-done-0x0x000000001dfde000
nk4a: sa1-after cr3=0x0x000000001dfde000
nk4a: pre-restore- rip=0x00000000002014ad rsp=0x00007fffffffc0b8
nk4a: vm-pf recv
nk4a: vm-pf bytes 0000000000000000
nk4a: pick->0x0000000000000002
nk4a: sa0-0x0000000000000002 root=0x0x00000000034c1000 cur=0x0x000000001dfde000
nk4a: gs2 gsbase=0x0x000000001dd340c0
nk4a: probe text va=0x0x000000001dbf5000 -> pa=0x0x000000001dbf5000 fl=0x0x000000000000001b
nk4a: probe stk va=0x0xffff8000003ff000 -> pa=0x0x00000000003ff000 fl=0x0x0000000000000013
nk4a: probe dm va=0x0xffff808000200000 -> pa=0x0x0000000000200000 fl=0x0x0000000000000013
nk4a: cr3-done-0x0x00000000034c1000
nk4a: sa1-after cr3=0x0x00000000034c1000
nk4a: pre-restore- rip=0x0000000000226659 rsp=0x00007fffffffb178
nk4a: pick->0x0000000000000008
nk4a: sa0-0x0000000000000008 root=0x0x000000001dfde000 cur=0x0x00000000034c1000
nk4a: gs2 gsbase=0x0x000000001dd340c0
nk4a: probe text va=0x0x000000001dbf5000 -> pa=0x0x000000001dbf5000 fl=0x0x000000000000041b
nk4a: probe stk va=0x0xffff8000003ff000 -> pa=0x0x00000000003ff000 fl=0x0x000000000000041b
nk4a: probe dm va=0x0xffff808000200000 -> pa=0x0x0000000000200000 fl=0x0x0000000000000413
nk4a: cr3-done-0x0x000000001dfde000
nk4a: sa1-after cr3=0x0x000000001dfde000
nk4a: pre-restore- rip=0x00000000002014ad rsp=0x00007fffffffc0b8
nk4a: vm-pf recv
nk4a: vm-pf bytes 0000000000000000
nk4a: pick->0x0000000000000002
nk4a: sa0-0x0000000000000002 root=0x0x00000000034c1000 cur=0x0x000000001dfde000
nk4a: gs2 gsbase=0x0x000000001dd340c0
nk4a: probe text va=0x0x000000001dbf5000 -> pa=0x0x000000001dbf5000 fl=0x0x000000000000001b
nk4a: probe stk va=0x0xffff8000003ff000 -> pa=0x0x00000000003ff000 fl=0x0x0000000000000013
nk4a: probe dm va=0x0xffff808000200000 -> pa=0x0x0000000000200000 fl=0x0x0000000000000013
nk4a: cr3-done-0x0x00000000034c1000
nk4a: sa1-after cr3=0x0x00000000034c1000
nk4a: pre-restore- rip=0x0000000000226659 rsp=0x00007fffffffb178
nk4a: vs0x000000000000008e rip=0x0x0000000000226659
nk4a: pick->0x0000000000000008
nk4a: sa0-0x0000000000000008 root=0x0x000000001dfde000 cur=0x0x00000000034c1000
nk4a: gs2 gsbase=0x0x000000001dd340c0
nk4a: probe text va=0x0x000000001dbf5000 -> pa=0x0x000000001dbf5000 fl=0x0x000000000000041b
nk4a: probe stk va=0x0xffff8000003ff000 -> pa=0x0x00000000003ff000 fl=0x0x000000000000041b
nk4a: probe dm va=0x0xffff808000200000 -> pa=0x0x0000000000200000 fl=0x0x0000000000000413
nk4a: cr3-done-0x0x000000001dfde000
nk4a: sa1-after cr3=0x0x000000001dfde000
nk4a: pre-restore- rip=0x00000000002014ad rsp=0x00007fffffffc0b8
nk4a: vm-pf recv
nk4a: vm-pf bytes 0000000000000000
nk4a: pick->0x0000000000000002
nk4a: sa0-0x0000000000000002 root=0x0x00000000034c1000 cur=0x0x000000001dfde000
nk4a: gs2 gsbase=0x0x000000001dd340c0
nk4a: probe text va=0x0x000000001dbf5000 -> pa=0x0x000000001dbf5000 fl=0x0x000000000000001b
nk4a: probe stk va=0x0xffff8000003ff000 -> pa=0x0x00000000003ff000 fl=0x0x0000000000000013
nk4a: probe dm va=0x0xffff808000200000 -> pa=0x0x0000000000200000 fl=0x0x0000000000000013
nk4a: cr3-done-0x0x00000000034c1000
nk4a: sa1-after cr3=0x0x00000000034c1000
nk4a: pre-restore- rip=0x0000000000226659 rsp=0x00007fffffffb178
nk4a: pick->0x0000000000000008
nk4a: sa0-0x0000000000000008 root=0x0x000000001dfde000 cur=0x0x00000000034c1000
nk4a: gs2 gsbase=0x0x000000001dd340c0
nk4a: probe text va=0x0x000000001dbf5000 -> pa=0x0x000000001dbf5000 fl=0x0x000000000000041b
nk4a: probe stk va=0x0xffff8000003ff000 -> pa=0x0x00000000003ff000 fl=0x0x000000000000041b
nk4a: probe dm va=0x0xffff808000200000 -> pa=0x0x0000000000200000 fl=0x0x0000000000000413
nk4a: cr3-done-0x0x000000001dfde000
nk4a: sa1-after cr3=0x0x000000001dfde000
nk4a: pre-restore- rip=0x00000000002014ad rsp=0x00007fffffffc0b8
nk4a: vm-pf recv
nk4a: vm-pf bytes 0000000000000000
nk4a: pick->0x0000000000000002
nk4a: sa0-0x0000000000000002 root=0x0x00000000034c1000 cur=0x0x000000001dfde000
nk4a: gs2 gsbase=0x0x000000001dd340c0
nk4a: probe text va=0x0x000000001dbf5000 -> pa=0x0x000000001dbf5000 fl=0x0x000000000000001b
nk4a: probe stk va=0x0xffff8000003ff000 -> pa=0x0x00000000003ff000 fl=0x0x0000000000000013
nk4a: probe dm va=0x0xffff808000200000 -> pa=0x0x0000000000200000 fl=0x0x0000000000000013
nk4a: cr3-done-0x0x00000000034c1000
nk4a: sa1-after cr3=0x0x00000000034c1000
nk4a: pre-restore- rip=0x0000000000226659 rsp=0x00007fffffffb178
nk4a: pick->0x0000000000000008
nk4a: sa0-0x0000000000000008 root=0x0x000000001dfde000 cur=0x0x00000000034c1000
nk4a: gs2 gsbase=0x0x000000001dd340c0
nk4a: probe text va=0x0x000000001dbf5000 -> pa=0x0x000000001dbf5000 fl=0x0x000000000000041b
nk4a: probe stk va=0x0xffff8000003ff000 -> pa=0x0x00000000003ff000 fl=0x0x000000000000041b
nk4a: probe dm va=0x0xffff808000200000 -> pa=0x0x0000000000200000 fl=0x0x0000000000000413
nk4a: cr3-done-0x0x000000001dfde000
nk4a: sa1-after cr3=0x0x000000001dfde000
nk4a: pre-restore- rip=0x00000000002014ad rsp=0x00007fffffffc0b8
nk4a: vs0x0000000000000094 rip=0x0x00000000002014ad
nk4a: vm-pf recv
nk4a: vm-pf bytes 0000000000000000
nk4a: pick->0x0000000000000002
nk4a: sa0-0x0000000000000002 root=0x0x00000000034c1000 cur=0x0x000000001dfde000
nk4a: gs2 gsbase=0x0x000000001dd340c0
nk4a: probe text va=0x0x000000001dbf5000 -> pa=0x0x000000001dbf5000 fl=0x0x000000000000001b
nk4a: probe stk va=0x0xffff8000003ff000 -> pa=0x0x00000000003ff000 fl=0x0x0000000000000013
nk4a: probe dm va=0x0xffff808000200000 -> pa=0x0x0000000000200000 fl=0x0x0000000000000013
nk4a: cr3-done-0x0x00000000034c1000
nk4a: sa1-after cr3=0x0x00000000034c1000
nk4a: pre-restore- rip=0x0000000000226659 rsp=0x00007fffffffb178
nk4a: pick->0x0000000000000008
nk4a: sa0-0x0000000000000008 root=0x0x000000001dfde000 cur=0x0x00000000034c1000
nk4a: gs2 gsbase=0x0x000000001dd340c0
nk4a: probe text va=0x0x000000001dbf5000 -> pa=0x0x000000001dbf5000 fl=0x0x000000000000041b
nk4a: probe stk va=0x0xffff8000003ff000 -> pa=0x0x00000000003ff000 fl=0x0x000000000000041b
nk4a: probe dm va=0x0xffff808000200000 -> pa=0x0x0000000000200000 fl=0x0x0000000000000413
nk4a: cr3-done-0x0x000000001dfde000
nk4a: sa1-after cr3=0x0x000000001dfde000
nk4a: pre-restore- rip=0x00000000002014ad rsp=0x00007fffffffc0b8
nk4a: vm-pf recv
nk4a: vm-pf bytes 0000000000000000
nk4a: pick->0x0000000000000002
nk4a: sa0-0x0000000000000002 root=0x0x00000000034c1000 cur=0x0x000000001dfde000
nk4a: gs2 gsbase=0x0x000000001dd340c0
nk4a: probe text va=0x0x000000001dbf5000 -> pa=0x0x000000001dbf5000 fl=0x0x000000000000001b
nk4a: probe stk va=0x0xffff8000003ff000 -> pa=0x0x00000000003ff000 fl=0x0x0000000000000013
nk4a: probe dm va=0x0xffff808000200000 -> pa=0x0x0000000000200000 fl=0x0x0000000000000013
nk4a: cr3-done-0x0x00000000034c1000
nk4a: sa1-after cr3=0x0x00000000034c1000
nk4a: pre-restore- rip=0x0000000000226659 rsp=0x00007fffffffb178
nk4a: pick->0x0000000000000008
nk4a: sa0-0x0000000000000008 root=0x0x000000001dfde000 cur=0x0x00000000034c1000
nk4a: gs2 gsbase=0x0x000000001dd340c0
nk4a: probe text va=0x0x000000001dbf5000 -> pa=0x0x000000001dbf5000 fl=0x0x000000000000041b
nk4a: probe stk va=0x0xffff8000003ff000 -> pa=0x0x00000000003ff000 fl=0x0x000000000000041b
nk4a: probe dm va=0x0xffff808000200000 -> pa=0x0x0000000000200000 fl=0x0x0000000000000413
nk4a: cr3-done-0x0x000000001dfde000
nk4a: sa1-after cr3=0x0x000000001dfde000
nk4a: pre-restore- rip=0x00000000002014ad rsp=0x00007fffffffc0b8
nk4a: vm-pf recv
nk4a: vm-pf bytes 0000000000000000
nk4a: pick->0x0000000000000002
nk4a: sa0-0x0000000000000002 root=0x0x00000000034c1000 cur=0x0x000000001dfde000
nk4a: gs2 gsbase=0x0x000000001dd340c0
nk4a: probe text va=0x0x000000001dbf5000 -> pa=0x0x000000001dbf5000 fl=0x0x000000000000001b
nk4a: probe stk va=0x0xffff8000003ff000 -> pa=0x0x00000000003ff000 fl=0x0x0000000000000013
nk4a: probe dm va=0x0xffff808000200000 -> pa=0x0x0000000000200000 fl=0x0x0000000000000013
nk4a: cr3-done-0x0x00000000034c1000
nk4a: sa1-after cr3=0x0x00000000034c1000
nk4a: pre-restore- rip=0x0000000000226659 rsp=0x00007fffffffb178
nk4a: pick->0x0000000000000008
nk4a: sa0-0x0000000000000008 root=0x0x000000001dfde000 cur=0x0x00000000034c1000
nk4a: gs2 gsbase=0x0x000000001dd340c0
nk4a: probe text va=0x0x000000001dbf5000 -> pa=0x0x000000001dbf5000 fl=0x0x000000000000041b
nk4a: probe stk va=0x0xffff8000003ff000 -> pa=0x0x00000000003ff000 fl=0x0x000000000000041b
nk4a: probe dm va=0x0xffff808000200000 -> pa=0x0x0000000000200000 fl=0x0x0000000000000413
nk4a: cr3-done-0x0x000000001dfde000
nk4a: sa1-after cr3=0x0x000000001dfde000
nk4a: pre-restore- rip=0x00000000002014ad rsp=0x00007fffffffc0b8
nk4a: vs0x000000000000009b rip=0x0x00000000002014ad
nk4a: vm-pf recv
nk4a: vm-pf bytes 0000000000000000
nk4a: pick->0x0000000000000002
nk4a: sa0-0x0000000000000002 root=0x0x00000000034c1000 cur=0x0x000000001dfde000
nk4a: gs2 gsbase=0x0x000000001dd340c0
nk4a: probe text va=0x0x000000001dbf5000 -> pa=0x0x000000001dbf5000 fl=0x0x000000000000001b
nk4a: probe stk va=0x0xffff8000003ff000 -> pa=0x0x00000000003ff000 fl=0x0x0000000000000013
nk4a: probe dm va=0x0xffff808000200000 -> pa=0x0x0000000000200000 fl=0x0x0000000000000013
nk4a: cr3-done-0x0x00000000034c1000
nk4a: sa1-after cr3=0x0x00000000034c1000
nk4a: pre-restore- rip=0x0000000000226659 rsp=0x00007fffffffb178
nk4a: pick->0x0000000000000008
nk4a: sa0-0x0000000000000008 root=0x0x000000001dfde000 cur=0x0x00000000034c1000
nk4a: gs2 gsbase=0x0x000000001dd340c0
nk4a: probe text va=0x0x000000001dbf5000 -> pa=0x0x000000001dbf5000 fl=0x0x000000000000041b
nk4a: probe stk va=0x0xffff8000003ff000 -> pa=0x0x00000000003ff000 fl=0x0x000000000000041b
nk4a: probe dm va=0x0xffff808000200000 -> pa=0x0x0000000000200000 fl=0x0x0000000000000413
nk4a: cr3-done-0x0x000000001dfde000
nk4a: sa1-after cr3=0x0x000000001dfde000
nk4a: pre-restore- rip=0x00000000002014ad rsp=0x00007fffffffc0b8
nk4a: vm-pf recv
nk4a: vm-pf bytes 0000000000000000
nk4a: pick->0x0000000000000002
nk4a: sa0-0x0000000000000002 root=0x0x00000000034c1000 cur=0x0x000000001dfde000
nk4a: gs2 gsbase=0x0x000000001dd340c0
nk4a: probe text va=0x0x000000001dbf5000 -> pa=0x0x000000001dbf5000 fl=0x0x000000000000001b
nk4a: probe stk va=0x0xffff8000003ff000 -> pa=0x0x00000000003ff000 fl=0x0x0000000000000013
nk4a: probe dm va=0x0xffff808000200000 -> pa=0x0x0000000000200000 fl=0x0x0000000000000013
nk4a: cr3-done-0x0x00000000034c1000
nk4a: sa1-after cr3=0x0x00000000034c1000
nk4a: pre-restore- rip=0x0000000000226659 rsp=0x00007fffffffb178
nk4a: pick->0x0000000000000008
nk4a: sa0-0x0000000000000008 root=0x0x000000001dfde000 cur=0x0x00000000034c1000
nk4a: gs2 gsbase=0x0x000000001dd340c0
nk4a: probe text va=0x0x000000001dbf5000 -> pa=0x0x000000001dbf5000 fl=0x0x000000000000041b
nk4a: probe stk va=0x0xffff8000003ff000 -> pa=0x0x00000000003ff000 fl=0x0x000000000000041b
nk4a: probe dm va=0x0xffff808000200000 -> pa=0x0x0000000000200000 fl=0x0x0000000000000413
nk4a: cr3-done-0x0x000000001dfde000
nk4a: sa1-after cr3=0x0x000000001dfde000
nk4a: pre-restore- rip=0x00000000002014ad rsp=0x00007fffffffc0b8
nk4a: vm-pf recv
nk4a: vm-pf bytes 0000000000000000
nk4a: pick->0x0000000000000002
nk4a: sa0-0x0000000000000002 root=0x0x00000000034c1000 cur=0x0x000000001dfde000
nk4a: gs2 gsbase=0x0x000000001dd340c0
nk4a: probe text va=0x0x000000001dbf5000 -> pa=0x0x000000001dbf5000 fl=0x0x000000000000001b
nk4a: probe stk va=0x0xffff8000003ff000 -> pa=0x0x00000000003ff000 fl=0x0x0000000000000013
nk4a: probe dm va=0x0xffff808000200000 -> pa=0x0x0000000000200000 fl=0x0x0000000000000013
nk4a: cr3-done-0x0x00000000034c1000
nk4a: sa1-after cr3=0x0x00000000034c1000
nk4a: pre-restore- rip=0x0000000000226659 rsp=0x00007fffffffb178
nk4a: vs0x00000000000000a1 rip=0x0x0000000000226659
nk4a: pick->0x0000000000000008
nk4a: sa0-0x0000000000000008 root=0x0x000000001dfde000 cur=0x0x00000000034c1000
nk4a: gs2 gsbase=0x0x000000001dd340c0
nk4a: probe text va=0x0x000000001dbf5000 -> pa=0x0x000000001dbf5000 fl=0x0x000000000000041b
nk4a: probe stk va=0x0xffff8000003ff000 -> pa=0x0x00000000003ff000 fl=0x0x000000000000041b
nk4a: probe dm va=0x0xffff808000200000 -> pa=0x0x0000000000200000 fl=0x0x0000000000000413
nk4a: cr3-done-0x0x000000001dfde000
nk4a: sa1-after cr3=0x0x000000001dfde000
nk4a: pre-restore- rip=0x00000000002014ad rsp=0x00007fffffffc0b8
nk4a: vm-pf recv
nk4a: vm-pf bytes 0000000000000000
nk4a: pick->0x0000000000000002
nk4a: sa0-0x0000000000000002 root=0x0x00000000034c1000 cur=0x0x000000001dfde000
nk4a: gs2 gsbase=0x0x000000001dd340c0
nk4a: probe text va=0x0x000000001dbf5000 -> pa=0x0x000000001dbf5000 fl=0x0x000000000000001b
nk4a: probe stk va=0x0xffff8000003ff000 -> pa=0x0x00000000003ff000 fl=0x0x0000000000000013
nk4a: probe dm va=0x0xffff808000200000 -> pa=0x0x0000000000200000 fl=0x0x0000000000000013
nk4a: cr3-done-0x0x00000000034c1000
nk4a: sa1-after cr3=0x0x00000000034c1000
nk4a: pre-restore- rip=0x0000000000226659 rsp=0x00007fffffffb178
nk4a: pick->0x0000000000000008
nk4a: sa0-0x0000000000000008 root=0x0x000000001dfde000 cur=0x0x00000000034c1000
nk4a: gs2 gsbase=0x0x000000001dd340c0
nk4a: probe text va=0x0x000000001dbf5000 -> pa=0x0x000000001dbf5000 fl=0x0x000000000000041b
nk4a: probe stk va=0x0xffff8000003ff000 -> pa=0x0x00000000003ff000 fl=0x0x000000000000041b
nk4a: probe dm va=0x0xffff808000200000 -> pa=0x0x0000000000200000 fl=0x0x0000000000000413
nk4a: cr3-done-0x0x000000001dfde000
nk4a: sa1-after cr3=0x0x000000001dfde000
nk4a: pre-restore- rip=0x00000000002014ad rsp=0x00007fffffffc0b8
nk4a: vm-pf recv
nk4a: vm-pf bytes 0000000000000000
nk4a: pick->0x0000000000000002
nk4a: sa0-0x0000000000000002 root=0x0x00000000034c1000 cur=0x0x000000001dfde000
nk4a: gs2 gsbase=0x0x000000001dd340c0
nk4a: probe text va=0x0x000000001dbf5000 -> pa=0x0x000000001dbf5000 fl=0x0x000000000000001b
nk4a: probe stk va=0x0xffff8000003ff000 -> pa=0x0x00000000003ff000 fl=0x0x0000000000000013
nk4a: probe dm va=0x0xffff808000200000 -> pa=0x0x0000000000200000 fl=0x0x0000000000000013
nk4a: cr3-done-0x0x00000000034c1000
nk4a: sa1-after cr3=0x0x00000000034c1000
nk4a: pre-restore- rip=0x0000000000226659 rsp=0x00007fffffffb178
nk4a: pick->0x0000000000000008
nk4a: sa0-0x0000000000000008 root=0x0x000000001dfde000 cur=0x0x00000000034c1000
nk4a: gs2 gsbase=0x0x000000001dd340c0
nk4a: probe text va=0x0x000000001dbf5000 -> pa=0x0x000000001dbf5000 fl=0x0x000000000000041b
nk4a: probe stk va=0x0xffff8000003ff000 -> pa=0x0x00000000003ff000 fl=0x0x000000000000041b
nk4a: probe dm va=0x0xffff808000200000 -> pa=0x0x0000000000200000 fl=0x0x0000000000000413
nk4a: cr3-done-0x0x000000001dfde000
nk4a: sa1-after cr3=0x0x000000001dfde000
nk4a: pre-restore- rip=0x00000000002014ad rsp=0x00007fffffffc0b8
nk4a: vm-pf recv
nk4a: vm-pf bytes 0000000000000000
nk4a: pick->0x0000000000000002
nk4a: sa0-0x0000000000000002 root=0x0x00000000034c1000 cur=0x0x000000001dfde000
nk4a: gs2 gsbase=0x0x000000001dd340c0
nk4a: probe text va=0x0x000000001dbf5000 -> pa=0x0x000000001dbf5000 fl=0x0x000000000000001b
nk4a: probe stk va=0x0xffff8000003ff000 -> pa=0x0x00000000003ff000 fl=0x0x0000000000000013
nk4a: probe dm va=0x0xffff808000200000 -> pa=0x0x0000000000200000 fl=0x0x0000000000000013
nk4a: cr3-done-0x0x00000000034c1000
nk4a: sa1-after cr3=0x0x00000000034c1000
nk4a: pre-restore- rip=0x0000000000226659 rsp=0x00007fffffffb178
nk4a: vs0x00000000000000a8 rip=0x0x0000000000226659
nk4a: pick->0x0000000000000008
nk4a: sa0-0x0000000000000008 root=0x0x000000001dfde000 cur=0x0x00000000034c1000
nk4a: gs2 gsbase=0x0x000000001dd340c0
nk4a: probe text va=0x0x000000001dbf5000 -> pa=0x0x000000001dbf5000 fl=0x0x000000000000041b
nk4a: probe stk va=0x0xffff8000003ff000 -> pa=0x0x00000000003ff000 fl=0x0x000000000000041b
nk4a: probe dm va=0x0xffff808000200000 -> pa=0x0x0000000000200000 fl=0x0x0000000000000413
nk4a: cr3-done-0x0x000000001dfde000
nk4a: sa1-after cr3=0x0x000000001dfde000
nk4a: pre-restore- rip=0x00000000002014ad rsp=0x00007fffffffc0b8
nk4a: vm-pf recv
nk4a: vm-pf bytes 0000000000000000
nk4a: pick->0x0000000000000002
nk4a: sa0-0x0000000000000002 root=0x0x00000000034c1000 cur=0x0x000000001dfde000
nk4a: gs2 gsbase=0x0x000000001dd340c0
nk4a: probe text va=0x0x000000001dbf5000 -> pa=0x0x000000001dbf5000 fl=0x0x000000000000001b
nk4a: probe stk va=0x0xffff8000003ff000 -> pa=0x0x00000000003ff000 fl=0x0x0000000000000013
nk4a: probe dm va=0x0xffff808000200000 -> pa=0x0x0000000000200000 fl=0x0x0000000000000013
nk4a: cr3-done-0x0x00000000034c1000
nk4a: sa1-after cr3=0x0x00000000034c1000
nk4a: pre-restore- rip=0x0000000000226659 rsp=0x00007fffffffb178
nk4a: pick->0x0000000000000008
nk4a: sa0-0x0000000000000008 root=0x0x000000001dfde000 cur=0x0x00000000034c1000
nk4a: gs2 gsbase=0x0x000000001dd340c0
nk4a: probe text va=0x0x000000001dbf5000 -> pa=0x0x000000001dbf5000 fl=0x0x000000000000041b
nk4a: probe stk va=0x0xffff8000003ff000 -> pa=0x0x00000000003ff000 fl=0x0x000000000000041b
nk4a: probe dm va=0x0xffff808000200000 -> pa=0x0x0000000000200000 fl=0x0x0000000000000413
nk4a: cr3-done-0x0x000000001dfde000
nk4a: sa1-after cr3=0x0x000000001dfde000
nk4a: pre-restore- rip=0x00000000002014ad rsp=0x00007fffffffc0b8
nk4a: vm-pf recv
nk4a: vm-pf bytes 0000000000000000
nk4a: pick->0x0000000000000002
nk4a: sa0-0x0000000000000002 root=0x0x00000000034c1000 cur=0x0x000000001dfde000
nk4a: gs2 gsbase=0x0x000000001dd340c0
nk4a: probe text va=0x0x000000001dbf5000 -> pa=0x0x000000001dbf5000 fl=0x0x000000000000001b
nk4a: probe stk va=0x0xffff8000003ff000 -> pa=0x0x00000000003ff000 fl=0x0x0000000000000013
nk4a: probe dm va=0x0xffff808000200000 -> pa=0x0x0000000000200000 fl=0x0x0000000000000013
nk4a: cr3-done-0x0x00000000034c1000
nk4a: sa1-after cr3=0x0x00000000034c1000
nk4a: pre-restore- rip=0x0000000000226659 rsp=0x00007fffffffb178
nk4a: pick->0x0000000000000008
nk4a: sa0-0x0000000000000008 root=0x0x000000001dfde000 cur=0x0x00000000034c1000
nk4a: gs2 gsbase=0x0x000000001dd340c0
nk4a: probe text va=0x0x000000001dbf5000 -> pa=0x0x000000001dbf5000 fl=0x0x000000000000041b
nk4a: probe stk va=0x0xffff8000003ff000 -> pa=0x0x00000000003ff000 fl=0x0x000000000000041b
nk4a: probe dm va=0x0xffff808000200000 -> pa=0x0x0000000000200000 fl=0x0x0000000000000413
nk4a: cr3-done-0x0x000000001dfde000
nk4a: sa1-after cr3=0x0x000000001dfde000
nk4a: pre-restore- rip=0x00000000002014ad rsp=0x00007fffffffc0b8
nk4a: vs0x00000000000000ae rip=0x0x00000000002014ad
nk4a: vm-pf recv
nk4a: vm-pf bytes 0000000000000000
nk4a: pick->0x0000000000000002
nk4a: sa0-0x0000000000000002 root=0x0x00000000034c1000 cur=0x0x000000001dfde000
nk4a: gs2 gsbase=0x0x000000001dd340c0
nk4a: probe text va=0x0x000000001dbf5000 -> pa=0x0x000000001dbf5000 fl=0x0x000000000000001b
nk4a: probe stk va=0x0xffff8000003ff000 -> pa=0x0x00000000003ff000 fl=0x0x0000000000000013
nk4a: probe dm va=0x0xffff808000200000 -> pa=0x0x0000000000200000 fl=0x0x0000000000000013
nk4a: cr3-done-0x0x00000000034c1000
nk4a: sa1-after cr3=0x0x00000000034c1000
nk4a: pre-restore- rip=0x0000000000226659 rsp=0x00007fffffffb178
nk4a: pick->0x0000000000000008
nk4a: sa0-0x0000000000000008 root=0x0x000000001dfde000 cur=0x0x00000000034c1000
nk4a: gs2 gsbase=0x0x000000001dd340c0
nk4a: probe text va=0x0x000000001dbf5000 -> pa=0x0x000000001dbf5000 fl=0x0x000000000000041b
nk4a: probe stk va=0x0xffff8000003ff000 -> pa=0x0x00000000003ff000 fl=0x0x000000000000041b
nk4a: probe dm va=0x0xffff808000200000 -> pa=0x0x0000000000200000 fl=0x0x0000000000000413
nk4a: cr3-done-0x0x000000001dfde000
nk4a: sa1-after cr3=0x0x000000001dfde000
nk4a: pre-restore- rip=0x00000000002014ad rsp=0x00007fffffffc0b8
nk4a: vm-pf recv
nk4a: vm-pf bytes 0000000000000000
nk4a: pick->0x0000000000000002
nk4a: sa0-0x0000000000000002 root=0x0x00000000034c1000 cur=0x0x000000001dfde000
nk4a: gs2 gsbase=0x0x000000001dd340c0
nk4a: probe text va=0x0x000000001dbf5000 -> pa=0x0x000000001dbf5000 fl=0x0x000000000000001b
nk4a: probe stk va=0x0xffff8000003ff000 -> pa=0x0x00000000003ff000 fl=0x0x0000000000000013
nk4a: probe dm va=0x0xffff808000200000 -> pa=0x0x0000000000200000 fl=0x0x0000000000000013
nk4a: cr3-done-0x0x00000000034c1000
nk4a: sa1-after cr3=0x0x00000000034c1000
nk4a: pre-restore- rip=0x0000000000226659 rsp=0x00007fffffffb178
nk4a: pick->0x0000000000000008
nk4a: sa0-0x0000000000000008 root=0x0x000000001dfde000 cur=0x0x00000000034c1000
nk4a: gs2 gsbase=0x0x000000001dd340c0
nk4a: probe text va=0x0x000000001dbf5000 -> pa=0x0x000000001dbf5000 fl=0x0x000000000000041b
nk4a: probe stk va=0x0xffff8000003ff000 -> pa=0x0x00000000003ff000 fl=0x0x000000000000041b
nk4a: probe dm va=0x0xffff808000200000 -> pa=0x0x0000000000200000 fl=0x0x0000000000000413
nk4a: cr3-done-0x0x000000001dfde000
nk4a: sa1-after cr3=0x0x000000001dfde000
nk4a: pre-restore- rip=0x00000000002014ad rsp=0x00007fffffffc0b8
nk4a: vm-pf recv
nk4a: vm-pf bytes 0000000000000000
nk4a: pick->0x0000000000000002
nk4a: sa0-0x0000000000000002 root=0x0x00000000034c1000 cur=0x0x000000001dfde000
nk4a: gs2 gsbase=0x0x000000001dd340c0
nk4a: probe text va=0x0x000000001dbf5000 -> pa=0x0x000000001dbf5000 fl=0x0x000000000000001b
nk4a: probe stk va=0x0xffff8000003ff000 -> pa=0x0x00000000003ff000 fl=0x0x0000000000000013
nk4a: probe dm va=0x0xffff808000200000 -> pa=0x0x0000000000200000 fl=0x0x0000000000000013
nk4a: cr3-done-0x0x00000000034c1000
nk4a: sa1-after cr3=0x0x00000000034c1000
nk4a: pre-restore- rip=0x0000000000226659 rsp=0x00007fffffffb178
nk4a: vs0x00000000000000b4 rip=0x0x0000000000226659
nk4a: pick->0x0000000000000008
nk4a: sa0-0x0000000000000008 root=0x0x000000001dfde000 cur=0x0x00000000034c1000
nk4a: gs2 gsbase=0x0x000000001dd340c0
nk4a: probe text va=0x0x000000001dbf5000 -> pa=0x0x000000001dbf5000 fl=0x0x000000000000041b
nk4a: probe stk va=0x0xffff8000003ff000 -> pa=0x0x00000000003ff000 fl=0x0x000000000000041b
nk4a: probe dm va=0x0xffff808000200000 -> pa=0x0x0000000000200000 fl=0x0x0000000000000413
nk4a: cr3-done-0x0x000000001dfde000
nk4a: sa1-after cr3=0x0x000000001dfde000
nk4a: pre-restore- rip=0x00000000002014ad rsp=0x00007fffffffc0b8
nk4a: vm-pf recv
nk4a: vm-pf bytes 0000000000000000
nk4a: pick->0x0000000000000002
nk4a: sa0-0x0000000000000002 root=0x0x00000000034c1000 cur=0x0x000000001dfde000
nk4a: gs2 gsbase=0x0x000000001dd340c0
nk4a: probe text va=0x0x000000001dbf5000 -> pa=0x0x000000001dbf5000 fl=0x0x000000000000001b
nk4a: probe stk va=0x0xffff8000003ff000 -> pa=0x0x00000000003ff000 fl=0x0x0000000000000013
nk4a: probe dm va=0x0xffff808000200000 -> pa=0x0x0000000000200000 fl=0x0x0000000000000013
nk4a: cr3-done-0x0x00000000034c1000
nk4a: sa1-after cr3=0x0x00000000034c1000
nk4a: pre-restore- rip=0x0000000000226659 rsp=0x00007fffffffb178
nk4a: pick->0x0000000000000008
nk4a: sa0-0x0000000000000008 root=0x0x000000001dfde000 cur=0x0x00000000034c1000
nk4a: gs2 gsbase=0x0x000000001dd340c0
nk4a: probe text va=0x0x000000001dbf5000 -> pa=0x0x000000001dbf5000 fl=0x0x000000000000041b
nk4a: probe stk va=0x0xffff8000003ff000 -> pa=0x0x00000000003ff000 fl=0x0x000000000000041b
nk4a: probe dm va=0x0xffff808000200000 -> pa=0x0x0000000000200000 fl=0x0x0000000000000413
nk4a: cr3-done-0x0x000000001dfde000
nk4a: sa1-after cr3=0x0x000000001dfde000
nk4a: pre-restore- rip=0x00000000002014ad rsp=0x00007fffffffc0b8
nk4a: vm-pf recv
nk4a: vm-pf bytes 0000000000000000
nk4a: pick->0x0000000000000002
nk4a: sa0-0x0000000000000002 root=0x0x00000000034c1000 cur=0x0x000000001dfde000
nk4a: gs2 gsbase=0x0x000000001dd340c0
nk4a: probe text va=0x0x000000001dbf5000 -> pa=0x0x000000001dbf5000 fl=0x0x000000000000001b
nk4a: probe stk va=0x0xffff8000003ff000 -> pa=0x0x00000000003ff000 fl=0x0x0000000000000013
nk4a: probe dm va=0x0xffff808000200000 -> pa=0x0x0000000000200000 fl=0x0x0000000000000013
nk4a: cr3-done-0x0x00000000034c1000
nk4a: sa1-after cr3=0x0x00000000034c1000
nk4a: pre-restore- rip=0x0000000000226659 rsp=0x00007fffffffb178
nk4a: pick->0x0000000000000008
nk4a: sa0-0x0000000000000008 root=0x0x000000001dfde000 cur=0x0x00000000034c1000
nk4a: gs2 gsbase=0x0x000000001dd340c0
nk4a: probe text va=0x0x000000001dbf5000 -> pa=0x0x000000001dbf5000 fl=0x0x000000000000041b
nk4a: probe stk va=0x0xffff8000003ff000 -> pa=0x0x00000000003ff000 fl=0x0x000000000000041b
nk4a: probe dm va=0x0xffff808000200000 -> pa=0x0x0000000000200000 fl=0x0x0000000000000413
nk4a: cr3-done-0x0x000000001dfde000
nk4a: sa1-after cr3=0x0x000000001dfde000
nk4a: pre-restore- rip=0x00000000002014ad rsp=0x00007fffffffc0b8
nk4a: vs0x00000000000000ba rip=0x0x00000000002014ad
nk4a: vm-pf recv
nk4a: vm-pf bytes 0000000000000000
nk4a: pick->0x0000000000000002
nk4a: sa0-0x0000000000000002 root=0x0x00000000034c1000 cur=0x0x000000001dfde000
nk4a: gs2 gsbase=0x0x000000001dd340c0
nk4a: probe text va=0x0x000000001dbf5000 -> pa=0x0x000000001dbf5000 fl=0x0x000000000000001b
nk4a: probe stk va=0x0xffff8000003ff000 -> pa=0x0x00000000003ff000 fl=0x0x0000000000000013
nk4a: probe dm va=0x0xffff808000200000 -> pa=0x0x0000000000200000 fl=0x0x0000000000000013
nk4a: cr3-done-0x0x00000000034c1000
nk4a: sa1-after cr3=0x0x00000000034c1000
nk4a: pre-restore- rip=0x0000000000226659 rsp=0x00007fffffffb178
nk4a: pick->0x0000000000000008
nk4a: sa0-0x0000000000000008 root=0x0x000000001dfde000 cur=0x0x00000000034c1000
nk4a: gs2 gsbase=0x0x000000001dd340c0
nk4a: probe text va=0x0x000000001dbf5000 -> pa=0x0x000000001dbf5000 fl=0x0x000000000000041b
nk4a: probe stk va=0x0xffff8000003ff000 -> pa=0x0x00000000003ff000 fl=0x0x000000000000041b
nk4a: probe dm va=0x0xffff808000200000 -> pa=0x0x0000000000200000 fl=0x0x0000000000000413
nk4a: cr3-done-0x0x000000001dfde000
nk4a: sa1-after cr3=0x0x000000001dfde000
nk4a: pre-restore- rip=0x00000000002014ad rsp=0x00007fffffffc0b8
nk4a: vm-pf recv
nk4a: vm-pf bytes 0000000000000000
nk4a: pick->0x0000000000000002
nk4a: sa0-0x0000000000000002 root=0x0x00000000034c1000 cur=0x0x000000001dfde000
nk4a: gs2 gsbase=0x0x000000001dd340c0
nk4a: probe text va=0x0x000000001dbf5000 -> pa=0x0x000000001dbf5000 fl=0x0x000000000000001b
nk4a: probe stk va=0x0xffff8000003ff000 -> pa=0x0x00000000003ff000 fl=0x0x0000000000000013
nk4a: probe dm va=0x0xffff808000200000 -> pa=0x0x0000000000200000 fl=0x0x0000000000000013
nk4a: cr3-done-0x0x00000000034c1000
nk4a: sa1-after cr3=0x0x00000000034c1000
nk4a: pre-restore- rip=0x0000000000226659 rsp=0x00007fffffffb178
nk4a: pick->0x0000000000000008
nk4a: sa0-0x0000000000000008 root=0x0x000000001dfde000 cur=0x0x00000000034c1000
nk4a: gs2 gsbase=0x0x000000001dd340c0
nk4a: probe text va=0x0x000000001dbf5000 -> pa=0x0x000000001dbf5000 fl=0x0x000000000000041b
nk4a: probe stk va=0x0xffff8000003ff000 -> pa=0x0x00000000003ff000 fl=0x0x000000000000041b
nk4a: probe dm va=0x0xffff808000200000 -> pa=0x0x0000000000200000 fl=0x0x0000000000000413
nk4a: cr3-done-0x0x000000001dfde000
nk4a: sa1-after cr3=0x0x000000001dfde000
nk4a: pre-restore- rip=0x00000000002014ad rsp=0x00007fffffffc0b8
nk4a: vm-pf recv
nk4a: vm-pf bytes 0000000000000000
nk4a: pick->0x0000000000000002
nk4a: sa0-0x0000000000000002 root=0x0x00000000034c1000 cur=0x0x000000001dfde000
nk4a: gs2 gsbase=0x0x000000001dd340c0
nk4a: probe text va=0x0x000000001dbf5000 -> pa=0x0x000000001dbf5000 fl=0x0x000000000000001b
nk4a: probe stk va=0x0xffff8000003ff000 -> pa=0x0x00000000003ff000 fl=0x0x0000000000000013
nk4a: probe dm va=0x0xffff808000200000 -> pa=0x0x0000000000200000 fl=0x0x0000000000000013
nk4a: cr3-done-0x0x00000000034c1000
nk4a: sa1-after cr3=0x0x00000000034c1000
nk4a: pre-restore- rip=0x0000000000226659 rsp=0x00007fffffffb178
nk4a: vs0x00000000000000c0 rip=0x0x0000000000226659
nk4a: pick->0x0000000000000008
nk4a: sa0-0x0000000000000008 root=0x0x000000001dfde000 cur=0x0x00000000034c1000
nk4a: gs2 gsbase=0x0x000000001dd340c0
nk4a: probe text va=0x0x000000001dbf5000 -> pa=0x0x000000001dbf5000 fl=0x0x000000000000041b
nk4a: probe stk va=0x0xffff8000003ff000 -> pa=0x0x00000000003ff000 fl=0x0x000000000000041b
nk4a: probe dm va=0x0xffff808000200000 -> pa=0x0x0000000000200000 fl=0x0x0000000000000413
nk4a: cr3-done-0x0x000000001dfde000
nk4a: sa1-after cr3=0x0x000000001dfde000
nk4a: pre-restore- rip=0x00000000002014ad rsp=0x00007fffffffc0b8
nk4a: vm-pf recv
nk4a: vm-pf bytes 0000000000000000
nk4a: pick->0x0000000000000002
nk4a: sa0-0x0000000000000002 root=0x0x00000000034c1000 cur=0x0x000000001dfde000
nk4a: gs2 gsbase=0x0x000000001dd340c0
nk4a: probe text va=0x0x000000001dbf5000 -> pa=0x0x000000001dbf5000 fl=0x0x000000000000001b
nk4a: probe stk va=0x0xffff8000003ff000 -> pa=0x0x00000000003ff000 fl=0x0x0000000000000013
nk4a: probe dm va=0x0xffff808000200000 -> pa=0x0x0000000000200000 fl=0x0x0000000000000013
nk4a: cr3-done-0x0x00000000034c1000
nk4a: sa1-after cr3=0x0x00000000034c1000
nk4a: pre-restore- rip=0x0000000000226659 rsp=0x00007fffffffb178
nk4a: pick->0x0000000000000008
nk4a: sa0-0x0000000000000008 root=0x0x000000001dfde000 cur=0x0x00000000034c1000
nk4a: gs2 gsbase=0x0x000000001dd340c0
nk4a: probe text va=0x0x000000001dbf5000 -> pa=0x0x000000001dbf5000 fl=0x0x000000000000041b
nk4a: probe stk va=0x0xffff8000003ff000 -> pa=0x0x00000000003ff000 fl=0x0x000000000000041b
nk4a: probe dm va=0x0xffff808000200000 -> pa=0x0x0000000000200000 fl=0x0x0000000000000413
nk4a: cr3-done-0x0x000000001dfde000
nk4a: sa1-after cr3=0x0x000000001dfde000
nk4a: pre-restore- rip=0x00000000002014ad rsp=0x00007fffffffc0b8
nk4a: vm-pf recv
nk4a: vm-pf bytes 0000000000000000
nk4a: pick->0x0000000000000002
nk4a: sa0-0x0000000000000002 root=0x0x00000000034c1000 cur=0x0x000000001dfde000
nk4a: gs2 gsbase=0x0x000000001dd340c0
nk4a: probe text va=0x0x000000001dbf5000 -> pa=0x0x000000001dbf5000 fl=0x0x000000000000001b
nk4a: probe stk va=0x0xffff8000003ff000 -> pa=0x0x00000000003ff000 fl=0x0x0000000000000013
nk4a: probe dm va=0x0xffff808000200000 -> pa=0x0x0000000000200000 fl=0x0x0000000000000013
nk4a: cr3-done-0x0x00000000034c1000
nk4a: sa1-after cr3=0x0x00000000034c1000
nk4a: pre-restore- rip=0x0000000000226659 rsp=0x00007fffffffb178
nk4a: pick->0x0000000000000008
nk4a: sa0-0x0000000000000008 root=0x0x000000001dfde000 cur=0x0x00000000034c1000
nk4a: gs2 gsbase=0x0x000000001dd340c0
nk4a: probe text va=0x0x000000001dbf5000 -> pa=0x0x000000001dbf5000 fl=0x0x000000000000041b
nk4a: probe stk va=0x0xffff8000003ff000 -> pa=0x0x00000000003ff000 fl=0x0x000000000000041b
nk4a: probe dm va=0x0xffff808000200000 -> pa=0x0x0000000000200000 fl=0x0x0000000000000413
nk4a: cr3-done-0x0x000000001dfde000
nk4a: sa1-after cr3=0x0x000000001dfde000
nk4a: pre-restore- rip=0x00000000002014ad rsp=0x00007fffffffc0b8
nk4a: vs0x00000000000000c6 rip=0x0x00000000002014ad
nk4a: vm-pf recv
nk4a: vm-pf bytes 0000000000000000
nk4a: pick->0x0000000000000002
nk4a: sa0-0x0000000000000002 root=0x0x00000000034c1000 cur=0x0x000000001dfde000
nk4a: gs2 gsbase=0x0x000000001dd340c0
nk4a: probe text va=0x0x000000001dbf5000 -> pa=0x0x000000001dbf5000 fl=0x0x000000000000001b
nk4a: probe stk va=0x0xffff8000003ff000 -> pa=0x0x00000000003ff000 fl=0x0x0000000000000013
nk4a: probe dm va=0x0xffff808000200000 -> pa=0x0x0000000000200000 fl=0x0x0000000000000013
nk4a: cr3-done-0x0x00000000034c1000
nk4a: sa1-after cr3=0x0x00000000034c1000
nk4a: pre-restore- rip=0x0000000000226659 rsp=0x00007fffffffb178
nk4a: pick->0x0000000000000008
nk4a: sa0-0x0000000000000008 root=0x0x000000001dfde000 cur=0x0x00000000034c1000
nk4a: gs2 gsbase=0x0x000000001dd340c0
nk4a: probe text va=0x0x000000001dbf5000 -> pa=0x0x000000001dbf5000 fl=0x0x000000000000041b
nk4a: probe stk va=0x0xffff8000003ff000 -> pa=0x0x00000000003ff000 fl=0x0x000000000000041b
nk4a: probe dm va=0x0xffff808000200000 -> pa=0x0x0000000000200000 fl=0x0x0000000000000413
nk4a: cr3-done-0x0x000000001dfde000
nk4a: sa1-after cr3=0x0x000000001dfde000
nk4a: pre-restore- rip=0x00000000002014ad rsp=0x00007fffffffc0b8
nk4a: vm-pf recv
nk4a: vm-pf bytes 0000000000000000
nk4a: pick->0x0000000000000002
nk4a: sa0-0x0000000000000002 root=0x0x00000000034c1000 cur=0x0x000000001dfde000
nk4a: gs2 gsbase=0x0x000000001dd340c0
nk4a: probe text va=0x0x000000001dbf5000 -> pa=0x0x000000001dbf5000 fl=0x0x000000000000001b
nk4a: probe stk va=0x0xffff8000003ff000 -> pa=0x0x00000000003ff000 fl=0x0x0000000000000013
nk4a: probe dm va=0x0xffff808000200000 -> pa=0x0x0000000000200000 fl=0x0x0000000000000013
nk4a: cr3-done-0x0x00000000034c1000
nk4a: sa1-after cr3=0x0x00000000034c1000
nk4a: pre-restore- rip=0x0000000000226659 rsp=0x00007fffffffb178
nk4a: pick->0x0000000000000008
nk4a: sa0-0x0000000000000008 root=0x0x000000001dfde000 cur=0x0x00000000034c1000
nk4a: gs2 gsbase=0x0x000000001dd340c0
nk4a: probe text va=0x0x000000001dbf5000 -> pa=0x0x000000001dbf5000 fl=0x0x000000000000041b
nk4a: probe stk va=0x0xffff8000003ff000 -> pa=0x0x00000000003ff000 fl=0x0x000000000000041b
nk4a: probe dm va=0x0xffff808000200000 -> pa=0x0x0000000000200000 fl=0x0x0000000000000413
nk4a: cr3-done-0x0x000000001dfde000
nk4a: sa1-after cr3=0x0x000000001dfde000
nk4a: pre-restore- rip=0x00000000002014ad rsp=0x00007fffffffc0b8
nk4a: vm-pf recv
nk4a: vm-pf bytes 0000000000000000
nk4a: pick->0x0000000000000002
nk4a: sa0-0x0000000000000002 root=0x0x00000000034c1000 cur=0x0x000000001dfde000
nk4a: gs2 gsbase=0x0x000000001dd340c0
nk4a: probe text va=0x0x000000001dbf5000 -> pa=0x0x000000001dbf5000 fl=0x0x000000000000001b
nk4a: probe stk va=0x0xffff8000003ff000 -> pa=0x0x00000000003ff000 fl=0x0x0000000000000013
nk4a: probe dm va=0x0xffff808000200000 -> pa=0x0x0000000000200000 fl=0x0x0000000000000013
nk4a: cr3-done-0x0x00000000034c1000
nk4a: sa1-after cr3=0x0x00000000034c1000
nk4a: pre-restore- rip=0x0000000000226659 rsp=0x00007fffffffb178
nk4a: vs0x00000000000000cc rip=0x0x0000000000226659
nk4a: pick->0x0000000000000008
nk4a: sa0-0x0000000000000008 root=0x0x000000001dfde000 cur=0x0x00000000034c1000
nk4a: gs2 gsbase=0x0x000000001dd340c0
nk4a: probe text va=0x0x000000001dbf5000 -> pa=0x0x000000001dbf5000 fl=0x0x000000000000041b
nk4a: probe stk va=0x0xffff8000003ff000 -> pa=0x0x00000000003ff000 fl=0x0x000000000000041b
nk4a: probe dm va=0x0xffff808000200000 -> pa=0x0x0000000000200000 fl=0x0x0000000000000413
nk4a: cr3-done-0x0x000000001dfde000
nk4a: sa1-after cr3=0x0x000000001dfde000
nk4a: pre-restore- rip=0x00000000002014ad rsp=0x00007fffffffc0b8
nk4a: vm-pf recv
nk4a: vm-pf bytes 0000000000000000
nk4a: pick->0x0000000000000002
nk4a: sa0-0x0000000000000002 root=0x0x00000000034c1000 cur=0x0x000000001dfde000
nk4a: gs2 gsbase=0x0x000000001dd340c0
nk4a: probe text va=0x0x000000001dbf5000 -> pa=0x0x000000001dbf5000 fl=0x0x000000000000001b
nk4a: probe stk va=0x0xffff8000003ff000 -> pa=0x0x00000000003ff000 fl=0x0x0000000000000013
nk4a: probe dm va=0x0xffff808000200000 -> pa=0x0x0000000000200000 fl=0x0x0000000000000013
nk4a: cr3-done-0x0x00000000034c1000
nk4a: sa1-after cr3=0x0x00000000034c1000
nk4a: pre-restore- rip=0x0000000000226659 rsp=0x00007fffffffb178
nk4a: pick->0x0000000000000008
nk4a: sa0-0x0000000000000008 root=0x0x000000001dfde000 cur=0x0x00000000034c1000
nk4a: gs2 gsbase=0x0x000000001dd340c0
nk4a: probe text va=0x0x000000001dbf5000 -> pa=0x0x000000001dbf5000 fl=0x0x000000000000041b
nk4a: probe stk va=0x0xffff8000003ff000 -> pa=0x0x00000000003ff000 fl=0x0x000000000000041b
nk4a: probe dm va=0x0xffff808000200000 -> pa=0x0x0000000000200000 fl=0x0x0000000000000413
nk4a: cr3-done-0x0x000000001dfde000
nk4a: sa1-after cr3=0x0x000000001dfde000
nk4a: pre-restore- rip=0x00000000002014ad rsp=0x00007fffffffc0b8
nk4a: vm-pf recv
nk4a: vm-pf bytes 0000000000000000
nk4a: pick->0x0000000000000002
nk4a: sa0-0x0000000000000002 root=0x0x00000000034c1000 cur=0x0x000000001dfde000
nk4a: gs2 gsbase=0x0x000000001dd340c0
nk4a: probe text va=0x0x000000001dbf5000 -> pa=0x0x000000001dbf5000 fl=0x0x000000000000001b
nk4a: probe stk va=0x0xffff8000003ff000 -> pa=0x0x00000000003ff000 fl=0x0x0000000000000013
nk4a: probe dm va=0x0xffff808000200000 -> pa=0x0x0000000000200000 fl=0x0x0000000000000013
nk4a: cr3-done-0x0x00000000034c1000
nk4a: sa1-after cr3=0x0x00000000034c1000
nk4a: pre-restore- rip=0x0000000000226659 rsp=0x00007fffffffb178
nk4a: pick->0x0000000000000008
nk4a: sa0-0x0000000000000008 root=0x0x000000001dfde000 cur=0x0x00000000034c1000
nk4a: gs2 gsbase=0x0x000000001dd340c0
nk4a: probe text va=0x0x000000001dbf5000 -> pa=0x0x000000001dbf5000 fl=0x0x000000000000041b
nk4a: probe stk va=0x0xffff8000003ff000 -> pa=0x0x00000000003ff000 fl=0x0x000000000000041b
nk4a: probe dm va=0x0xffff808000200000 -> pa=0x0x0000000000200000 fl=0x0x0000000000000413
nk4a: cr3-done-0x0x000000001dfde000
nk4a: sa1-after cr3=0x0x000000001dfde000
nk4a: pre-restore- rip=0x00000000002014ad rsp=0x00007fffffffc0b8
nk4a: vs0x00000000000000d2 rip=0x0x00000000002014ad
nk4a: vm-pf recv
nk4a: vm-pf bytes 0000000000000000
nk4a: pick->0x0000000000000002
nk4a: sa0-0x0000000000000002 root=0x0x00000000034c1000 cur=0x0x000000001dfde000
nk4a: gs2 gsbase=0x0x000000001dd340c0
nk4a: probe text va=0x0x000000001dbf5000 -> pa=0x0x000000001dbf5000 fl=0x0x000000000000001b
nk4a: probe stk va=0x0xffff8000003ff000 -> pa=0x0x00000000003ff000 fl=0x0x0000000000000013
nk4a: probe dm va=0x0xffff808000200000 -> pa=0x0x0000000000200000 fl=0x0x0000000000000013
nk4a: cr3-done-0x0x00000000034c1000
nk4a: sa1-after cr3=0x0x00000000034c1000
nk4a: pre-restore- rip=0x0000000000226659 rsp=0x00007fffffffb178
nk4a: pick->0x0000000000000008
nk4a: sa0-0x0000000000000008 root=0x0x000000001dfde000 cur=0x0x00000000034c1000
nk4a: gs2 gsbase=0x0x000000001dd340c0
nk4a: probe text va=0x0x000000001dbf5000 -> pa=0x0x000000001dbf5000 fl=0x0x000000000000041b
nk4a: probe stk va=0x0xffff8000003ff000 -> pa=0x0x00000000003ff000 fl=0x0x000000000000041b
nk4a: probe dm va=0x0xffff808000200000 -> pa=0x0x0000000000200000 fl=0x0x0000000000000413
nk4a: cr3-done-0x0x000000001dfde000
nk4a: sa1-after cr3=0x0x000000001dfde000
nk4a: pre-restore- rip=0x00000000002014ad rsp=0x00007fffffffc0b8
nk4a: vm-pf recv
nk4a: vm-pf bytes 0000000000000000
nk4a: pick->0x0000000000000002
nk4a: sa0-0x0000000000000002 root=0x0x00000000034c1000 cur=0x0x000000001dfde000
nk4a: gs2 gsbase=0x0x000000001dd340c0
nk4a: probe text va=0x0x000000001dbf5000 -> pa=0x0x000000001dbf5000 fl=0x0x000000000000001b
nk4a: probe stk va=0x0xffff8000003ff000 -> pa=0x0x00000000003ff000 fl=0x0x0000000000000013
nk4a: probe dm va=0x0xffff808000200000 -> pa=0x0x0000000000200000 fl=0x0x0000000000000013
nk4a: cr3-done-0x0x00000000034c1000
nk4a: sa1-after cr3=0x0x00000000034c1000
nk4a: pre-restore- rip=0x0000000000226659 rsp=0x00007fffffffb178
nk4a: pick->0x0000000000000008
nk4a: sa0-0x0000000000000008 root=0x0x000000001dfde000 cur=0x0x00000000034c1000
nk4a: gs2 gsbase=0x0x000000001dd340c0
nk4a: probe text va=0x0x000000001dbf5000 -> pa=0x0x000000001dbf5000 fl=0x0x000000000000041b
nk4a: probe stk va=0x0xffff8000003ff000 -> pa=0x0x00000000003ff000 fl=0x0x000000000000041b
nk4a: probe dm va=0x0xffff808000200000 -> pa=0x0x0000000000200000 fl=0x0x0000000000000413
nk4a: cr3-done-0x0x000000001dfde000
nk4a: sa1-after cr3=0x0x000000001dfde000
nk4a: pre-restore- rip=0x00000000002014ad rsp=0x00007fffffffc0b8
nk4a: vm-pf recv
nk4a: vm-pf bytes 0000000000000000
nk4a: pick->0x0000000000000002
nk4a: sa0-0x0000000000000002 root=0x0x00000000034c1000 cur=0x0x000000001dfde000
nk4a: gs2 gsbase=0x0x000000001dd340c0
nk4a: probe text va=0x0x000000001dbf5000 -> pa=0x0x000000001dbf5000 fl=0x0x000000000000001b
nk4a: probe stk va=0x0xffff8000003ff000 -> pa=0x0x00000000003ff000 fl=0x0x0000000000000013
nk4a: probe dm va=0x0xffff808000200000 -> pa=0x0x0000000000200000 fl=0x0x0000000000000013
nk4a: cr3-done-0x0x00000000034c1000
nk4a: sa1-after cr3=0x0x00000000034c1000
nk4a: pre-restore- rip=0x0000000000226659 rsp=0x00007fffffffb178
nk4a: vs0x00000000000000d8 rip=0x0x0000000000226659
nk4a: pick->0x0000000000000008
nk4a: sa0-0x0000000000000008 root=0x0x000000001dfde000 cur=0x0x00000000034c1000
nk4a: gs2 gsbase=0x0x000000001dd340c0
nk4a: probe text va=0x0x000000001dbf5000 -> pa=0x0x000000001dbf5000 fl=0x0x000000000000041b
nk4a: probe stk va=0x0xffff8000003ff000 -> pa=0x0x00000000003ff000 fl=0x0x000000000000041b
nk4a: probe dm va=0x0xffff808000200000 -> pa=0x0x0000000000200000 fl=0x0x0000000000000413
nk4a: cr3-done-0x0x000000001dfde000
nk4a: sa1-after cr3=0x0x000000001dfde000
nk4a: pre-restore- rip=0x00000000002014ad rsp=0x00007fffffffc0b8
nk4a: vm-pf recv
nk4a: vm-pf bytes 0000000000000000
nk4a: pick->0x0000000000000002
nk4a: sa0-0x0000000000000002 root=0x0x00000000034c1000 cur=0x0x000000001dfde000
nk4a: gs2 gsbase=0x0x000000001dd340c0
nk4a: probe text va=0x0x000000001dbf5000 -> pa=0x0x000000001dbf5000 fl=0x0x000000000000001b
nk4a: probe stk va=0x0xffff8000003ff000 -> pa=0x0x00000000003ff000 fl=0x0x0000000000000013
nk4a: probe dm va=0x0xffff808000200000 -> pa=0x0x0000000000200000 fl=0x0x0000000000000013
nk4a: cr3-done-0x0x00000000034c1000
nk4a: sa1-after cr3=0x0x00000000034c1000
nk4a: pre-restore- rip=0x0000000000226659 rsp=0x00007fffffffb178
nk4a: pick->0x0000000000000008
nk4a: sa0-0x0000000000000008 root=0x0x000000001dfde000 cur=0x0x00000000034c1000
nk4a: gs2 gsbase=0x0x000000001dd340c0
nk4a: probe text va=0x0x000000001dbf5000 -> pa=0x0x000000001dbf5000 fl=0x0x000000000000041b
nk4a: probe stk va=0x0xffff8000003ff000 -> pa=0x0x00000000003ff000 fl=0x0x000000000000041b
nk4a: probe dm va=0x0xffff808000200000 -> pa=0x0x0000000000200000 fl=0x0x0000000000000413
nk4a: cr3-done-0x0x000000001dfde000
nk4a: sa1-after cr3=0x0x000000001dfde000
nk4a: pre-restore- rip=0x00000000002014ad rsp=0x00007fffffffc0b8
nk4a: vm-pf recv
nk4a: vm-pf bytes 0000000000000000
nk4a: pick->0x0000000000000002
nk4a: sa0-0x0000000000000002 root=0x0x00000000034c1000 cur=0x0x000000001dfde000
nk4a: gs2 gsbase=0x0x000000001dd340c0
nk4a: probe text va=0x0x000000001dbf5000 -> pa=0x0x000000001dbf5000 fl=0x0x000000000000001b
nk4a: probe stk va=0x0xffff8000003ff000 -> pa=0x0x00000000003ff000 fl=0x0x0000000000000013
nk4a: probe dm va=0x0xffff808000200000 -> pa=0x0x0000000000200000 fl=0x0x0000000000000013
nk4a: cr3-done-0x0x00000000034c1000
nk4a: sa1-after cr3=0x0x00000000034c1000
nk4a: pre-restore- rip=0x0000000000226659 rsp=0x00007fffffffb178
nk4a: pick->0x0000000000000008
nk4a: sa0-0x0000000000000008 root=0x0x000000001dfde000 cur=0x0x00000000034c1000
nk4a: gs2 gsbase=0x0x000000001dd340c0
nk4a: probe text va=0x0x000000001dbf5000 -> pa=0x0x000000001dbf5000 fl=0x0x000000000000041b
nk4a: probe stk va=0x0xffff8000003ff000 -> pa=0x0x00000000003ff000 fl=0x0x000000000000041b
nk4a: probe dm va=0x0xffff808000200000 -> pa=0x0x0000000000200000 fl=0x0x0000000000000413
nk4a: cr3-done-0x0x000000001dfde000
nk4a: sa1-after cr3=0x0x000000001dfde000
nk4a: pre-restore- rip=0x00000000002014ad rsp=0x00007fffffffc0b8
nk4a: vs0x00000000000000de rip=0x0x00000000002014ad
nk4a: vm-pf recv
nk4a: vm-pf bytes 0000000000000000
nk4a: pick->0x0000000000000002
nk4a: sa0-0x0000000000000002 root=0x0x00000000034c1000 cur=0x0x000000001dfde000
nk4a: gs2 gsbase=0x0x000000001dd340c0
nk4a: probe text va=0x0x000000001dbf5000 -> pa=0x0x000000001dbf5000 fl=0x0x000000000000001b
nk4a: probe stk va=0x0xffff8000003ff000 -> pa=0x0x00000000003ff000 fl=0x0x0000000000000013
nk4a: probe dm va=0x0xffff808000200000 -> pa=0x0x0000000000200000 fl=0x0x0000000000000013
nk4a: cr3-done-0x0x00000000034c1000
nk4a: sa1-after cr3=0x0x00000000034c1000
nk4a: pre-restore- rip=0x0000000000226659 rsp=0x00007fffffffb178
nk4a: pick->0x0000000000000008
nk4a: sa0-0x0000000000000008 root=0x0x000000001dfde000 cur=0x0x00000000034c1000
nk4a: gs2 gsbase=0x0x000000001dd340c0
nk4a: probe text va=0x0x000000001dbf5000 -> pa=0x0x000000001dbf5000 fl=0x0x000000000000041b
nk4a: probe stk va=0x0xffff8000003ff000 -> pa=0x0x00000000003ff000 fl=0x0x000000000000041b
nk4a: probe dm va=0x0xffff808000200000 -> pa=0x0x0000000000200000 fl=0x0x0000000000000413
nk4a: cr3-done-0x0x000000001dfde000
nk4a: sa1-after cr3=0x0x000000001dfde000
nk4a: pre-restore- rip=0x00000000002014ad rsp=0x00007fffffffc0b8
nk4a: vm-pf recv
nk4a: vm-pf bytes 0000000000000000
nk4a: pick->0x0000000000000002
nk4a: sa0-0x0000000000000002 root=0x0x00000000034c1000 cur=0x0x000000001dfde000
nk4a: gs2 gsbase=0x0x000000001dd340c0
nk4a: probe text va=0x0x000000001dbf5000 -> pa=0x0x000000001dbf5000 fl=0x0x000000000000001b
nk4a: probe stk va=0x0xffff8000003ff000 -> pa=0x0x00000000003ff000 fl=0x0x0000000000000013
nk4a: probe dm va=0x0xffff808000200000 -> pa=0x0x0000000000200000 fl=0x0x0000000000000013
nk4a: cr3-done-0x0x00000000034c1000
nk4a: sa1-after cr3=0x0x00000000034c1000
nk4a: pre-restore- rip=0x0000000000226659 rsp=0x00007fffffffb178
nk4a: pick->0x0000000000000008
nk4a: sa0-0x0000000000000008 root=0x0x000000001dfde000 cur=0x0x00000000034c1000
nk4a: gs2 gsbase=0x0x000000001dd340c0
nk4a: probe text va=0x0x000000001dbf5000 -> pa=0x0x000000001dbf5000 fl=0x0x000000000000041b
nk4a: probe stk va=0x0xffff8000003ff000 -> pa=0x0x00000000003ff000 fl=0x0x000000000000041b
nk4a: probe dm va=0x0xffff808000200000 -> pa=0x0x0000000000200000 fl=0x0x0000000000000413
nk4a: cr3-done-0x0x000000001dfde000
nk4a: sa1-after cr3=0x0x000000001dfde000
nk4a: pre-restore- rip=0x00000000002014ad rsp=0x00007fffffffc0b8
nk4a: vm-pf recv
nk4a: vm-pf bytes 0000000000000000
nk4a: pick->0x0000000000000002
nk4a: sa0-0x0000000000000002 root=0x0x00000000034c1000 cur=0x0x000000001dfde000
nk4a: gs2 gsbase=0x0x000000001dd340c0
nk4a: probe text va=0x0x000000001dbf5000 -> pa=0x0x000000001dbf5000 fl=0x0x000000000000001b
nk4a: probe stk va=0x0xffff8000003ff000 -> pa=0x0x00000000003ff000 fl=0x0x0000000000000013
nk4a: probe dm va=0x0xffff808000200000 -> pa=0x0x0000000000200000 fl=0x0x0000000000000013
nk4a: cr3-done-0x0x00000000034c1000
nk4a: sa1-after cr3=0x0x00000000034c1000
nk4a: pre-restore- rip=0x0000000000226659 rsp=0x00007fffffffb178
nk4a: pick->0x0000000000000008
nk4a: sa0-0x0000000000000008 root=0x0x000000001dfde000 cur=0x0x00000000034c1000
nk4a: gs2 gsbase=0x0x000000001dd340c0
nk4a: probe text va=0x0x000000001dbf5000 -> pa=0x0x000000001dbf5000 fl=0x0x000000000000041b
nk4a: probe stk va=0x0xffff8000003ff000 -> pa=0x0x00000000003ff000 fl=0x0x000000000000041b
nk4a: probe dm va=0x0xffff808000200000 -> pa=0x0x0000000000200000 fl=0x0x0000000000000413
nk4a: cr3-done-0x0x000000001dfde000
nk4a: sa1-after cr3=0x0x000000001dfde000
nk4a: pre-restore- rip=0x00000000002014ad rsp=0x00007fffffffc0b8
nk4a: vs0x00000000000000e5 rip=0x0x00000000002014ad
nk4a: vm-pf recv
nk4a: vm-pf bytes 0000000000000000
nk4a: pick->0x0000000000000002
nk4a: sa0-0x0000000000000002 root=0x0x00000000034c1000 cur=0x0x000000001dfde000
nk4a: gs2 gsbase=0x0x000000001dd340c0
nk4a: probe text va=0x0x000000001dbf5000 -> pa=0x0x000000001dbf5000 fl=0x0x000000000000001b
nk4a: probe stk va=0x0xffff8000003ff000 -> pa=0x0x00000000003ff000 fl=0x0x0000000000000013
nk4a: probe dm va=0x0xffff808000200000 -> pa=0x0x0000000000200000 fl=0x0x0000000000000013
nk4a: cr3-done-0x0x00000000034c1000
nk4a: sa1-after cr3=0x0x00000000034c1000
nk4a: pre-restore- rip=0x0000000000226659 rsp=0x00007fffffffb178
nk4a: pick->0x0000000000000008
nk4a: sa0-0x0000000000000008 root=0x0x000000001dfde000 cur=0x0x00000000034c1000
nk4a: gs2 gsbase=0x0x000000001dd340c0
nk4a: probe text va=0x0x000000001dbf5000 -> pa=0x0x000000001dbf5000 fl=0x0x000000000000041b
nk4a: probe stk va=0x0xffff8000003ff000 -> pa=0x0x00000000003ff000 fl=0x0x000000000000041b
nk4a: probe dm va=0x0xffff808000200000 -> pa=0x0x0000000000200000 fl=0x0x0000000000000413
nk4a: cr3-done-0x0x000000001dfde000
nk4a: sa1-after cr3=0x0x000000001dfde000
nk4a: pre-restore- rip=0x00000000002014ad rsp=0x00007fffffffc0b8
nk4a: vm-pf recv
nk4a: vm-pf bytes 0000000000000000
nk4a: pick->0x0000000000000002
nk4a: sa0-0x0000000000000002 root=0x0x00000000034c1000 cur=0x0x000000001dfde000
nk4a: gs2 gsbase=0x0x000000001dd340c0
nk4a: probe text va=0x0x000000001dbf5000 -> pa=0x0x000000001dbf5000 fl=0x0x000000000000001b
nk4a: probe stk va=0x0xffff8000003ff000 -> pa=0x0x00000000003ff000 fl=0x0x0000000000000013
nk4a: probe dm va=0x0xffff808000200000 -> pa=0x0x0000000000200000 fl=0x0x0000000000000013
nk4a: cr3-done-0x0x00000000034c1000
nk4a: sa1-after cr3=0x0x00000000034c1000
nk4a: pre-restore- rip=0x0000000000226659 rsp=0x00007fffffffb178
nk4a: pick->0x0000000000000008
nk4a: sa0-0x0000000000000008 root=0x0x000000001dfde000 cur=0x0x00000000034c1000
nk4a: gs2 gsbase=0x0x000000001dd340c0
nk4a: probe text va=0x0x000000001dbf5000 -> pa=0x0x000000001dbf5000 fl=0x0x000000000000041b
nk4a: probe stk va=0x0xffff8000003ff000 -> pa=0x0x00000000003ff000 fl=0x0x000000000000041b
nk4a: probe dm va=0x0xffff808000200000 -> pa=0x0x0000000000200000 fl=0x0x0000000000000413
nk4a: cr3-done-0x0x000000001dfde000
nk4a: sa1-after cr3=0x0x000000001dfde000
nk4a: pre-restore- rip=0x00000000002014ad rsp=0x00007fffffffc0b8
nk4a: vs0x00000000000000ea rip=0x0x00000000002014ad
nk4a: vm-pf recv
nk4a: vm-pf bytes 0000000000000000
nk4a: pick->0x0000000000000002
nk4a: sa0-0x0000000000000002 root=0x0x00000000034c1000 cur=0x0x000000001dfde000
nk4a: gs2 gsbase=0x0x000000001dd340c0
nk4a: probe text va=0x0x000000001dbf5000 -> pa=0x0x000000001dbf5000 fl=0x0x000000000000001b
nk4a: probe stk va=0x0xffff8000003ff000 -> pa=0x0x00000000003ff000 fl=0x0x0000000000000013
nk4a: probe dm va=0x0xffff808000200000 -> pa=0x0x0000000000200000 fl=0x0x0000000000000013
nk4a: cr3-done-0x0x00000000034c1000
nk4a: sa1-after cr3=0x0x00000000034c1000
nk4a: pre-restore- rip=0x0000000000226659 rsp=0x00007fffffffb178
nk4a: pick->0x0000000000000008
nk4a: sa0-0x0000000000000008 root=0x0x000000001dfde000 cur=0x0x00000000034c1000
nk4a: gs2 gsbase=0x0x000000001dd340c0
nk4a: probe text va=0x0x000000001dbf5000 -> pa=0x0x000000001dbf5000 fl=0x0x000000000000041b
nk4a: probe stk va=0x0xffff8000003ff000 -> pa=0x0x00000000003ff000 fl=0x0x000000000000041b
nk4a: probe dm va=0x0xffff808000200000 -> pa=0x0x0000000000200000 fl=0x0x0000000000000413
nk4a: cr3-done-0x0x000000001dfde000
nk4a: sa1-after cr3=0x0x000000001dfde000
nk4a: pre-restore- rip=0x00000000002014ad rsp=0x00007fffffffc0b8
nk4a: vm-pf recv
nk4a: vm-pf bytes ef488b742408ffd0
nk4a: pick->0x0000000000000002
nk4a: sa0-0x0000000000000002 root=0x0x00000000034c1000 cur=0x0x000000001dfde000
nk4a: gs2 gsbase=0x0x000000001dd340c0
nk4a: probe text va=0x0x000000001dbf5000 -> pa=0x0x000000001dbf5000 fl=0x0x000000000000001b
nk4a: probe stk va=0x0xffff8000003ff000 -> pa=0x0x00000000003ff000 fl=0x0x0000000000000013
nk4a: probe dm va=0x0xffff808000200000 -> pa=0x0x0000000000200000 fl=0x0x0000000000000013
nk4a: cr3-done-0x0x00000000034c1000
nk4a: sa1-after cr3=0x0x00000000034c1000
nk4a: pre-restore- rip=0x00000000002197f0 rsp=0x00007fffffffb1b8
nk4a: pick->0x0000000000000008
nk4a: sa0-0x0000000000000008 root=0x0x000000001dfde000 cur=0x0x00000000034c1000
nk4a: gs2 gsbase=0x0x000000001dd340c0
nk4a: probe text va=0x0x000000001dbf5000 -> pa=0x0x000000001dbf5000 fl=0x0x000000000000041b
nk4a: probe stk va=0x0xffff8000003ff000 -> pa=0x0x00000000003ff000 fl=0x0x000000000000041b
nk4a: probe dm va=0x0xffff808000200000 -> pa=0x0x0000000000200000 fl=0x0x0000000000000413
nk4a: cr3-done-0x0x000000001dfde000
nk4a: sa1-after cr3=0x0x000000001dfde000
nk4a: pre-restore- rip=0x00000000002014ad rsp=0x00007fffffffc0b8
nk4a: vm-pf recv
nk4a: vm-pf bytes 0000000000000000
nk4a: pick->0x0000000000000002
nk4a: sa0-0x0000000000000002 root=0x0x00000000034c1000 cur=0x0x000000001dfde000
nk4a: gs2 gsbase=0x0x000000001dd340c0
nk4a: probe text va=0x0x000000001dbf5000 -> pa=0x0x000000001dbf5000 fl=0x0x000000000000001b
nk4a: probe stk va=0x0xffff8000003ff000 -> pa=0x0x00000000003ff000 fl=0x0x0000000000000013
nk4a: probe dm va=0x0xffff808000200000 -> pa=0x0x0000000000200000 fl=0x0x0000000000000013
nk4a: cr3-done-0x0x00000000034c1000
nk4a: sa1-after cr3=0x0x00000000034c1000
nk4a: pre-restore- rip=0x0000000000219814 rsp=0x00007fffffffad90
nk4a: vs0x00000000000000f0 rip=0x0x0000000000219814
nk4a: pick->0x0000000000000008
nk4a: sa0-0x0000000000000008 root=0x0x000000001dfde000 cur=0x0x00000000034c1000
nk4a: gs2 gsbase=0x0x000000001dd340c0
nk4a: probe text va=0x0x000000001dbf5000 -> pa=0x0x000000001dbf5000 fl=0x0x000000000000041b
nk4a: probe stk va=0x0xffff8000003ff000 -> pa=0x0x00000000003ff000 fl=0x0x000000000000041b
nk4a: probe dm va=0x0xffff808000200000 -> pa=0x0x0000000000200000 fl=0x0x0000000000000413
nk4a: cr3-done-0x0x000000001dfde000
nk4a: sa1-after cr3=0x0x000000001dfde000
nk4a: pre-restore- rip=0x00000000002014ad rsp=0x00007fffffffc0b8
nk4a: vm-pf recv
nk4a: vm-pf bytes 0000000000000000
nk4a: pick->0x0000000000000002
nk4a: sa0-0x0000000000000002 root=0x0x00000000034c1000 cur=0x0x000000001dfde000
nk4a: gs2 gsbase=0x0x000000001dd340c0
nk4a: probe text va=0x0x000000001dbf5000 -> pa=0x0x000000001dbf5000 fl=0x0x000000000000001b
nk4a: probe stk va=0x0xffff8000003ff000 -> pa=0x0x00000000003ff000 fl=0x0x0000000000000013
nk4a: probe dm va=0x0xffff808000200000 -> pa=0x0x0000000000200000 fl=0x0x0000000000000013
nk4a: cr3-done-0x0x00000000034c1000
nk4a: sa1-after cr3=0x0x00000000034c1000
nk4a: pre-restore- rip=0x0000000000226659 rsp=0x00007fffffffb178
nk4a: pick->0x0000000000000008
nk4a: sa0-0x0000000000000008 root=0x0x000000001dfde000 cur=0x0x00000000034c1000
nk4a: gs2 gsbase=0x0x000000001dd340c0
nk4a: probe text va=0x0x000000001dbf5000 -> pa=0x0x000000001dbf5000 fl=0x0x000000000000041b
nk4a: probe stk va=0x0xffff8000003ff000 -> pa=0x0x00000000003ff000 fl=0x0x000000000000041b
nk4a: probe dm va=0x0xffff808000200000 -> pa=0x0x0000000000200000 fl=0x0x0000000000000413
nk4a: cr3-done-0x0x000000001dfde000
nk4a: sa1-after cr3=0x0x000000001dfde000
nk4a: pre-restore- rip=0x00000000002014ad rsp=0x00007fffffffc0b8
nk4a: vm-pf recv
nk4a: vm-pf bytes 0600000000000048
nk4a: pick->0x0000000000000002
nk4a: sa0-0x0000000000000002 root=0x0x00000000034c1000 cur=0x0x000000001dfde000
nk4a: gs2 gsbase=0x0x000000001dd340c0
nk4a: probe text va=0x0x000000001dbf5000 -> pa=0x0x000000001dbf5000 fl=0x0x000000000000001b
nk4a: probe stk va=0x0xffff8000003ff000 -> pa=0x0x00000000003ff000 fl=0x0x0000000000000013
nk4a: probe dm va=0x0xffff808000200000 -> pa=0x0x0000000000200000 fl=0x0x0000000000000013
nk4a: cr3-done-0x0x00000000034c1000
nk4a: sa1-after cr3=0x0x00000000034c1000
nk4a: pre-restore- rip=0x0000000000213ffc rsp=0x00007fffffffb1c0
nk4a: pick->0x0000000000000008
nk4a: sa0-0x0000000000000008 root=0x0x000000001dfde000 cur=0x0x00000000034c1000
nk4a: gs2 gsbase=0x0x000000001dd340c0
nk4a: probe text va=0x0x000000001dbf5000 -> pa=0x0x000000001dbf5000 fl=0x0x000000000000041b
nk4a: probe stk va=0x0xffff8000003ff000 -> pa=0x0x00000000003ff000 fl=0x0x000000000000041b
nk4a: probe dm va=0x0xffff808000200000 -> pa=0x0x0000000000200000 fl=0x0x0000000000000413
nk4a: cr3-done-0x0x000000001dfde000
nk4a: sa1-after cr3=0x0x000000001dfde000
nk4a: pre-restore- rip=0x00000000002014ad rsp=0x00007fffffffc0b8
nk4a: vs0x00000000000000f6 rip=0x0x00000000002014ad
nk4a: vm-pf recv
nk4a: vm-pf bytes 488944245048b868
nk4a: pick->0x0000000000000002
nk4a: sa0-0x0000000000000002 root=0x0x00000000034c1000 cur=0x0x000000001dfde000
nk4a: gs2 gsbase=0x0x000000001dd340c0
nk4a: probe text va=0x0x000000001dbf5000 -> pa=0x0x000000001dbf5000 fl=0x0x000000000000001b
nk4a: probe stk va=0x0xffff8000003ff000 -> pa=0x0x00000000003ff000 fl=0x0x0000000000000013
nk4a: probe dm va=0x0xffff808000200000 -> pa=0x0x0000000000200000 fl=0x0x0000000000000013
nk4a: cr3-done-0x0x00000000034c1000
nk4a: sa1-after cr3=0x0x00000000034c1000
nk4a: pre-restore- rip=0x0000000000209560 rsp=0x00007fffffffc388
nk4a: pick->0x0000000000000008
nk4a: sa0-0x0000000000000008 root=0x0x000000001dfde000 cur=0x0x00000000034c1000
nk4a: gs2 gsbase=0x0x000000001dd340c0
nk4a: probe text va=0x0x000000001dbf5000 -> pa=0x0x000000001dbf5000 fl=0x0x000000000000041b
nk4a: probe stk va=0x0xffff8000003ff000 -> pa=0x0x00000000003ff000 fl=0x0x000000000000041b
nk4a: probe dm va=0x0xffff808000200000 -> pa=0x0x0000000000200000 fl=0x0x0000000000000413
nk4a: cr3-done-0x0x000000001dfde000
nk4a: sa1-after cr3=0x0x000000001dfde000
nk4a: pre-restore- rip=0x00000000002014ad rsp=0x00007fffffffc0b8
nk4a: vm-pf recv
nk4a: vm-pf bytes c021200000000000
nk4a: pick->0x0000000000000002
nk4a: sa0-0x0000000000000002 root=0x0x00000000034c1000 cur=0x0x000000001dfde000
nk4a: gs2 gsbase=0x0x000000001dd340c0
nk4a: probe text va=0x0x000000001dbf5000 -> pa=0x0x000000001dbf5000 fl=0x0x000000000000001b
nk4a: probe stk va=0x0xffff8000003ff000 -> pa=0x0x00000000003ff000 fl=0x0x0000000000000013
nk4a: probe dm va=0x0xffff808000200000 -> pa=0x0x0000000000200000 fl=0x0x0000000000000013
nk4a: cr3-done-0x0x00000000034c1000
nk4a: sa1-after cr3=0x0x00000000034c1000
nk4a: pre-restore- rip=0x000000000020fa81 rsp=0x00007fffffff9e10
nk4a: pick->0x0000000000000008
nk4a: sa0-0x0000000000000008 root=0x0x000000001dfde000 cur=0x0x00000000034c1000
nk4a: gs2 gsbase=0x0x000000001dd340c0
nk4a: probe text va=0x0x000000001dbf5000 -> pa=0x0x000000001dbf5000 fl=0x0x000000000000041b
nk4a: probe stk va=0x0xffff8000003ff000 -> pa=0x0x00000000003ff000 fl=0x0x000000000000041b
nk4a: probe dm va=0x0xffff808000200000 -> pa=0x0x0000000000200000 fl=0x0x0000000000000413
nk4a: cr3-done-0x0x000000001dfde000
nk4a: sa1-after cr3=0x0x000000001dfde000
nk4a: pre-restore- rip=0x00000000002014ad rsp=0x00007fffffffc0b8
nk4a: vm-pf recv
nk4a: vm-pf bytes 0000000000000000
nk4a: pick->0x0000000000000002
nk4a: sa0-0x0000000000000002 root=0x0x00000000034c1000 cur=0x0x000000001dfde000
nk4a: gs2 gsbase=0x0x000000001dd340c0
nk4a: probe text va=0x0x000000001dbf5000 -> pa=0x0x000000001dbf5000 fl=0x0x000000000000001b
nk4a: probe stk va=0x0xffff8000003ff000 -> pa=0x0x00000000003ff000 fl=0x0x0000000000000013
nk4a: probe dm va=0x0xffff808000200000 -> pa=0x0x0000000000200000 fl=0x0x0000000000000013
nk4a: cr3-done-0x0x00000000034c1000
nk4a: sa1-after cr3=0x0x00000000034c1000
nk4a: pre-restore- rip=0x000000000020fa81 rsp=0x00007fffffff9e10
nk4a: vs0x00000000000000fc rip=0x0x000000000020fa81
nk4a: pick->0x0000000000000008
nk4a: sa0-0x0000000000000008 root=0x0x000000001dfde000 cur=0x0x00000000034c1000
nk4a: gs2 gsbase=0x0x000000001dd340c0
nk4a: probe text va=0x0x000000001dbf5000 -> pa=0x0x000000001dbf5000 fl=0x0x000000000000041b
nk4a: probe stk va=0x0xffff8000003ff000 -> pa=0x0x00000000003ff000 fl=0x0x000000000000041b
nk4a: probe dm va=0x0xffff808000200000 -> pa=0x0x0000000000200000 fl=0x0x0000000000000413
nk4a: cr3-done-0x0x000000001dfde000
nk4a: sa1-after cr3=0x0x000000001dfde000
nk4a: pre-restore- rip=0x00000000002014ad rsp=0x00007fffffffc0b8
nk4a: vm-pf recv
nk4a: vm-pf bytes 0048c744242c0000
nk4a: pick->0x0000000000000002
nk4a: sa0-0x0000000000000002 root=0x0x00000000034c1000 cur=0x0x000000001dfde000
nk4a: gs2 gsbase=0x0x000000001dd340c0
nk4a: probe text va=0x0x000000001dbf5000 -> pa=0x0x000000001dbf5000 fl=0x0x000000000000001b
nk4a: probe stk va=0x0xffff8000003ff000 -> pa=0x0x00000000003ff000 fl=0x0x0000000000000013
nk4a: probe dm va=0x0xffff808000200000 -> pa=0x0x0000000000200000 fl=0x0x0000000000000013
nk4a: cr3-done-0x0x00000000034c1000
nk4a: sa1-after cr3=0x0x00000000034c1000
nk4a: pre-restore- rip=0x0000000000212070 rsp=0x00007fffffff9e08
nk4a: kc0x0000000000000007 caller=0x0000000000000002 call=0x000000000000001a
nk4a: kc0x0000000000000008 caller=0x0000000000000002 call=0x000000000000001a
nk4a: pick->0x0000000000000008
nk4a: sa0-0x0000000000000008 root=0x0x000000001dfde000 cur=0x0x00000000034c1000
nk4a: gs2 gsbase=0x0x000000001dd340c0
nk4a: probe text va=0x0x000000001dbf5000 -> pa=0x0x000000001dbf5000 fl=0x0x000000000000041b
nk4a: probe stk va=0x0xffff8000003ff000 -> pa=0x0x00000000003ff000 fl=0x0x000000000000041b
nk4a: probe dm va=0x0xffff808000200000 -> pa=0x0x0000000000200000 fl=0x0x0000000000000413
nk4a: cr3-done-0x0x000000001dfde000
nk4a: sa1-after cr3=0x0x000000001dfde000
nk4a: pre-restore- rip=0x00000000002014ad rsp=0x00007fffffffc0b8
nk4a: vm-pf recv
nk4a: vm-pf bytes 0000000000000000
nk4a: pick->0x0000000000000002
nk4a: sa0-0x0000000000000002 root=0x0x00000000034c1000 cur=0x0x000000001dfde000
nk4a: gs2 gsbase=0x0x000000001dd340c0
nk4a: probe text va=0x0x000000001dbf5000 -> pa=0x0x000000001dbf5000 fl=0x0x000000000000001b
nk4a: probe stk va=0x0xffff8000003ff000 -> pa=0x0x00000000003ff000 fl=0x0x0000000000000013
nk4a: probe dm va=0x0xffff808000200000 -> pa=0x0x0000000000200000 fl=0x0x0000000000000013
nk4a: cr3-done-0x0x00000000034c1000
nk4a: sa1-after cr3=0x0x00000000034c1000
nk4a: pre-restore- rip=0x000000000021370c rsp=0x00007fffffff8df0
nk4a: vs0x0000000000000101 rip=0x0x000000000021370c
nk4a: pick->0x0000000000000008
nk4a: sa0-0x0000000000000008 root=0x0x000000001dfde000 cur=0x0x00000000034c1000
nk4a: gs2 gsbase=0x0x000000001dd340c0
nk4a: probe text va=0x0x000000001dbf5000 -> pa=0x0x000000001dbf5000 fl=0x0x000000000000041b
nk4a: probe stk va=0x0xffff8000003ff000 -> pa=0x0x00000000003ff000 fl=0x0x000000000000041b
nk4a: probe dm va=0x0xffff808000200000 -> pa=0x0x0000000000200000 fl=0x0x0000000000000413
nk4a: cr3-done-0x0x000000001dfde000
nk4a: sa1-after cr3=0x0x000000001dfde000
nk4a: pre-restore- rip=0x00000000002014ad rsp=0x00007fffffffc0b8
nk4a: vm-pf recv
nk4a: vm-pf bytes 0000000000000000
nk4a: pick->0x0000000000000002
nk4a: sa0-0x0000000000000002 root=0x0x00000000034c1000 cur=0x0x000000001dfde000
nk4a: gs2 gsbase=0x0x000000001dd340c0
nk4a: probe text va=0x0x000000001dbf5000 -> pa=0x0x000000001dbf5000 fl=0x0x000000000000001b
nk4a: probe stk va=0x0xffff8000003ff000 -> pa=0x0x00000000003ff000 fl=0x0x0000000000000013
nk4a: probe dm va=0x0xffff808000200000 -> pa=0x0x0000000000200000 fl=0x0x0000000000000013
nk4a: cr3-done-0x0x00000000034c1000
nk4a: sa1-after cr3=0x0x00000000034c1000
nk4a: pre-restore- rip=0x0000000000226659 rsp=0x00007fffffff8d78
nk4a: pick->0x0000000000000008
nk4a: sa0-0x0000000000000008 root=0x0x000000001dfde000 cur=0x0x00000000034c1000
nk4a: gs2 gsbase=0x0x000000001dd340c0
nk4a: probe text va=0x0x000000001dbf5000 -> pa=0x0x000000001dbf5000 fl=0x0x000000000000041b
nk4a: probe stk va=0x0xffff8000003ff000 -> pa=0x0x00000000003ff000 fl=0x0x000000000000041b
nk4a: probe dm va=0x0xffff808000200000 -> pa=0x0x0000000000200000 fl=0x0x0000000000000413
nk4a: cr3-done-0x0x000000001dfde000
nk4a: sa1-after cr3=0x0x000000001dfde000
nk4a: pre-restore- rip=0x00000000002014ad rsp=0x00007fffffffc0b8
nk4a: vm-pf recv
nk4a: vm-pf bytes 0000000000000000
nk4a: pick->0x0000000000000002
nk4a: sa0-0x0000000000000002 root=0x0x00000000034c1000 cur=0x0x000000001dfde000
nk4a: gs2 gsbase=0x0x000000001dd340c0
nk4a: probe text va=0x0x000000001dbf5000 -> pa=0x0x000000001dbf5000 fl=0x0x000000000000001b
nk4a: probe stk va=0x0xffff8000003ff000 -> pa=0x0x00000000003ff000 fl=0x0x0000000000000013
nk4a: probe dm va=0x0xffff808000200000 -> pa=0x0x0000000000200000 fl=0x0x0000000000000013
nk4a: cr3-done-0x0x00000000034c1000
nk4a: sa1-after cr3=0x0x00000000034c1000
nk4a: pre-restore- rip=0x0000000000226659 rsp=0x00007fffffff8d78
nk4a: pick->0x0000000000000008
nk4a: sa0-0x0000000000000008 root=0x0x000000001dfde000 cur=0x0x00000000034c1000
nk4a: gs2 gsbase=0x0x000000001dd340c0
nk4a: probe text va=0x0x000000001dbf5000 -> pa=0x0x000000001dbf5000 fl=0x0x000000000000041b
nk4a: probe stk va=0x0xffff8000003ff000 -> pa=0x0x00000000003ff000 fl=0x0x000000000000041b
nk4a: probe dm va=0x0xffff808000200000 -> pa=0x0x0000000000200000 fl=0x0x0000000000000413
nk4a: cr3-done-0x0x000000001dfde000
nk4a: sa1-after cr3=0x0x000000001dfde000
nk4a: pre-restore- rip=0x00000000002014ad rsp=0x00007fffffffc0b8
nk4a: vs0x0000000000000107 rip=0x0x00000000002014ad
nk4a: vm-pf recv
nk4a: vm-pf bytes 0000000000000000
nk4a: pick->0x0000000000000002
nk4a: sa0-0x0000000000000002 root=0x0x00000000034c1000 cur=0x0x000000001dfde000
nk4a: gs2 gsbase=0x0x000000001dd340c0
nk4a: probe text va=0x0x000000001dbf5000 -> pa=0x0x000000001dbf5000 fl=0x0x000000000000001b
nk4a: probe stk va=0x0xffff8000003ff000 -> pa=0x0x00000000003ff000 fl=0x0x0000000000000013
nk4a: probe dm va=0x0xffff808000200000 -> pa=0x0x0000000000200000 fl=0x0x0000000000000013
nk4a: cr3-done-0x0x00000000034c1000
nk4a: sa1-after cr3=0x0x00000000034c1000
nk4a: pre-restore- rip=0x0000000000226659 rsp=0x00007fffffff8d78
nk4a: pick->0x0000000000000008
nk4a: sa0-0x0000000000000008 root=0x0x000000001dfde000 cur=0x0x00000000034c1000
nk4a: gs2 gsbase=0x0x000000001dd340c0
nk4a: probe text va=0x0x000000001dbf5000 -> pa=0x0x000000001dbf5000 fl=0x0x000000000000041b
nk4a: probe stk va=0x0xffff8000003ff000 -> pa=0x0x00000000003ff000 fl=0x0x000000000000041b
nk4a: probe dm va=0x0xffff808000200000 -> pa=0x0x0000000000200000 fl=0x0x0000000000000413
nk4a: cr3-done-0x0x000000001dfde000
nk4a: sa1-after cr3=0x0x000000001dfde000
nk4a: pre-restore- rip=0x00000000002014ad rsp=0x00007fffffffc0b8
nk4a: vm-pf recv
nk4a: vm-pf bytes 0000000000000000
nk4a: pick->0x0000000000000002
nk4a: sa0-0x0000000000000002 root=0x0x00000000034c1000 cur=0x0x000000001dfde000
nk4a: gs2 gsbase=0x0x000000001dd340c0
nk4a: probe text va=0x0x000000001dbf5000 -> pa=0x0x000000001dbf5000 fl=0x0x000000000000001b
nk4a: probe stk va=0x0xffff8000003ff000 -> pa=0x0x00000000003ff000 fl=0x0x0000000000000013
nk4a: probe dm va=0x0xffff808000200000 -> pa=0x0x0000000000200000 fl=0x0x0000000000000013
nk4a: cr3-done-0x0x00000000034c1000
nk4a: sa1-after cr3=0x0x00000000034c1000
nk4a: pre-restore- rip=0x0000000000226659 rsp=0x00007fffffff8d78
nk4a: pick->0x0000000000000008
nk4a: sa0-0x0000000000000008 root=0x0x000000001dfde000 cur=0x0x00000000034c1000
nk4a: gs2 gsbase=0x0x000000001dd340c0
nk4a: probe text va=0x0x000000001dbf5000 -> pa=0x0x000000001dbf5000 fl=0x0x000000000000041b
nk4a: probe stk va=0x0xffff8000003ff000 -> pa=0x0x00000000003ff000 fl=0x0x000000000000041b
nk4a: probe dm va=0x0xffff808000200000 -> pa=0x0x0000000000200000 fl=0x0x0000000000000413
nk4a: cr3-done-0x0x000000001dfde000
nk4a: sa1-after cr3=0x0x000000001dfde000
nk4a: pre-restore- rip=0x00000000002014ad rsp=0x00007fffffffc0b8
nk4a: vm-pf recv
nk4a: vm-pf bytes 0000000000000000
nk4a: pick->0x0000000000000002
nk4a: sa0-0x0000000000000002 root=0x0x00000000034c1000 cur=0x0x000000001dfde000
nk4a: gs2 gsbase=0x0x000000001dd340c0
nk4a: probe text va=0x0x000000001dbf5000 -> pa=0x0x000000001dbf5000 fl=0x0x000000000000001b
nk4a: probe stk va=0x0xffff8000003ff000 -> pa=0x0x00000000003ff000 fl=0x0x0000000000000013
nk4a: probe dm va=0x0xffff808000200000 -> pa=0x0x0000000000200000 fl=0x0x0000000000000013
nk4a: cr3-done-0x0x00000000034c1000
nk4a: sa1-after cr3=0x0x00000000034c1000
nk4a: pre-restore- rip=0x0000000000226659 rsp=0x00007fffffff8d78
nk4a: vs0x000000000000010d rip=0x0x0000000000226659
nk4a: pick->0x0000000000000008
nk4a: sa0-0x0000000000000008 root=0x0x000000001dfde000 cur=0x0x00000000034c1000
nk4a: gs2 gsbase=0x0x000000001dd340c0
nk4a: probe text va=0x0x000000001dbf5000 -> pa=0x0x000000001dbf5000 fl=0x0x000000000000041b
nk4a: probe stk va=0x0xffff8000003ff000 -> pa=0x0x00000000003ff000 fl=0x0x000000000000041b
nk4a: probe dm va=0x0xffff808000200000 -> pa=0x0x0000000000200000 fl=0x0x0000000000000413
nk4a: cr3-done-0x0x000000001dfde000
nk4a: sa1-after cr3=0x0x000000001dfde000
nk4a: pre-restore- rip=0x00000000002014ad rsp=0x00007fffffffc0b8
nk4a: vm-pf recv
nk4a: vm-pf bytes 0000000000000000
nk4a: pick->0x0000000000000002
nk4a: sa0-0x0000000000000002 root=0x0x00000000034c1000 cur=0x0x000000001dfde000
nk4a: gs2 gsbase=0x0x000000001dd340c0
nk4a: probe text va=0x0x000000001dbf5000 -> pa=0x0x000000001dbf5000 fl=0x0x000000000000001b
nk4a: probe stk va=0x0xffff8000003ff000 -> pa=0x0x00000000003ff000 fl=0x0x0000000000000013
nk4a: probe dm va=0x0xffff808000200000 -> pa=0x0x0000000000200000 fl=0x0x0000000000000013
nk4a: cr3-done-0x0x00000000034c1000
nk4a: sa1-after cr3=0x0x00000000034c1000
nk4a: pre-restore- rip=0x0000000000226659 rsp=0x00007fffffff8d78
nk4a: pick->0x0000000000000008
nk4a: sa0-0x0000000000000008 root=0x0x000000001dfde000 cur=0x0x00000000034c1000
nk4a: gs2 gsbase=0x0x000000001dd340c0
nk4a: probe text va=0x0x000000001dbf5000 -> pa=0x0x000000001dbf5000 fl=0x0x000000000000041b
nk4a: probe stk va=0x0xffff8000003ff000 -> pa=0x0x00000000003ff000 fl=0x0x000000000000041b
nk4a: probe dm va=0x0xffff808000200000 -> pa=0x0x0000000000200000 fl=0x0x0000000000000413
nk4a: cr3-done-0x0x000000001dfde000
nk4a: sa1-after cr3=0x0x000000001dfde000
nk4a: pre-restore- rip=0x00000000002014ad rsp=0x00007fffffffc0b8
nk4a: vm-pf recv
nk4a: vm-pf bytes 0000000000000000
nk4a: pick->0x0000000000000002
nk4a: sa0-0x0000000000000002 root=0x0x00000000034c1000 cur=0x0x000000001dfde000
nk4a: gs2 gsbase=0x0x000000001dd340c0
nk4a: probe text va=0x0x000000001dbf5000 -> pa=0x0x000000001dbf5000 fl=0x0x000000000000001b
nk4a: probe stk va=0x0xffff8000003ff000 -> pa=0x0x00000000003ff000 fl=0x0x0000000000000013
nk4a: probe dm va=0x0xffff808000200000 -> pa=0x0x0000000000200000 fl=0x0x0000000000000013
nk4a: cr3-done-0x0x00000000034c1000
nk4a: sa1-after cr3=0x0x00000000034c1000
nk4a: pre-restore- rip=0x0000000000226659 rsp=0x00007fffffff8d78
nk4a: pick->0x0000000000000008
nk4a: sa0-0x0000000000000008 root=0x0x000000001dfde000 cur=0x0x00000000034c1000
nk4a: gs2 gsbase=0x0x000000001dd340c0
nk4a: probe text va=0x0x000000001dbf5000 -> pa=0x0x000000001dbf5000 fl=0x0x000000000000041b
nk4a: probe stk va=0x0xffff8000003ff000 -> pa=0x0x00000000003ff000 fl=0x0x000000000000041b
nk4a: probe dm va=0x0xffff808000200000 -> pa=0x0x0000000000200000 fl=0x0x0000000000000413
nk4a: cr3-done-0x0x000000001dfde000
nk4a: sa1-after cr3=0x0x000000001dfde000
nk4a: pre-restore- rip=0x00000000002014ad rsp=0x00007fffffffc0b8
nk4a: vs0x0000000000000113 rip=0x0x00000000002014ad
nk4a: vm-pf recv
nk4a: vm-pf bytes 0000000000000000
nk4a: pick->0x0000000000000002
nk4a: sa0-0x0000000000000002 root=0x0x00000000034c1000 cur=0x0x000000001dfde000
nk4a: gs2 gsbase=0x0x000000001dd340c0
nk4a: probe text va=0x0x000000001dbf5000 -> pa=0x0x000000001dbf5000 fl=0x0x000000000000001b
nk4a: probe stk va=0x0xffff8000003ff000 -> pa=0x0x00000000003ff000 fl=0x0x0000000000000013
nk4a: probe dm va=0x0xffff808000200000 -> pa=0x0x0000000000200000 fl=0x0x0000000000000013
nk4a: cr3-done-0x0x00000000034c1000
nk4a: sa1-after cr3=0x0x00000000034c1000
nk4a: pre-restore- rip=0x0000000000226659 rsp=0x00007fffffff8d78
nk4a: pick->0x0000000000000008
nk4a: sa0-0x0000000000000008 root=0x0x000000001dfde000 cur=0x0x00000000034c1000
nk4a: gs2 gsbase=0x0x000000001dd340c0
nk4a: probe text va=0x0x000000001dbf5000 -> pa=0x0x000000001dbf5000 fl=0x0x000000000000041b
nk4a: probe stk va=0x0xffff8000003ff000 -> pa=0x0x00000000003ff000 fl=0x0x000000000000041b
nk4a: probe dm va=0x0xffff808000200000 -> pa=0x0x0000000000200000 fl=0x0x0000000000000413
nk4a: cr3-done-0x0x000000001dfde000
nk4a: sa1-after cr3=0x0x000000001dfde000
nk4a: pre-restore- rip=0x00000000002014ad rsp=0x00007fffffffc0b8
nk4a: vm-pf recv
nk4a: vm-pf bytes 0000000000000000
nk4a: pick->0x0000000000000002
nk4a: sa0-0x0000000000000002 root=0x0x00000000034c1000 cur=0x0x000000001dfde000
nk4a: gs2 gsbase=0x0x000000001dd340c0
nk4a: probe text va=0x0x000000001dbf5000 -> pa=0x0x000000001dbf5000 fl=0x0x000000000000001b
nk4a: probe stk va=0x0xffff8000003ff000 -> pa=0x0x00000000003ff000 fl=0x0x0000000000000013
nk4a: probe dm va=0x0xffff808000200000 -> pa=0x0x0000000000200000 fl=0x0x0000000000000013
nk4a: cr3-done-0x0x00000000034c1000
nk4a: sa1-after cr3=0x0x00000000034c1000
nk4a: pre-restore- rip=0x0000000000226659 rsp=0x00007fffffff8d78
nk4a: pick->0x0000000000000008
nk4a: sa0-0x0000000000000008 root=0x0x000000001dfde000 cur=0x0x00000000034c1000
nk4a: gs2 gsbase=0x0x000000001dd340c0
nk4a: probe text va=0x0x000000001dbf5000 -> pa=0x0x000000001dbf5000 fl=0x0x000000000000041b
nk4a: probe stk va=0x0xffff8000003ff000 -> pa=0x0x00000000003ff000 fl=0x0x000000000000041b
nk4a: probe dm va=0x0xffff808000200000 -> pa=0x0x0000000000200000 fl=0x0x0000000000000413
nk4a: cr3-done-0x0x000000001dfde000
nk4a: sa1-after cr3=0x0x000000001dfde000
nk4a: pre-restore- rip=0x00000000002014ad rsp=0x00007fffffffc0b8
nk4a: vm-pf recv
nk4a: vm-pf bytes 0000000000000000
nk4a: pick->0x0000000000000002
nk4a: sa0-0x0000000000000002 root=0x0x00000000034c1000 cur=0x0x000000001dfde000
nk4a: gs2 gsbase=0x0x000000001dd340c0
nk4a: probe text va=0x0x000000001dbf5000 -> pa=0x0x000000001dbf5000 fl=0x0x000000000000001b
nk4a: probe stk va=0x0xffff8000003ff000 -> pa=0x0x00000000003ff000 fl=0x0x0000000000000013
nk4a: probe dm va=0x0xffff808000200000 -> pa=0x0x0000000000200000 fl=0x0x0000000000000013
nk4a: cr3-done-0x0x00000000034c1000
nk4a: sa1-after cr3=0x0x00000000034c1000
nk4a: pre-restore- rip=0x0000000000226659 rsp=0x00007fffffff8d78
nk4a: vs0x0000000000000119 rip=0x0x0000000000226659
nk4a: pick->0x0000000000000008
nk4a: sa0-0x0000000000000008 root=0x0x000000001dfde000 cur=0x0x00000000034c1000
nk4a: gs2 gsbase=0x0x000000001dd340c0
nk4a: probe text va=0x0x000000001dbf5000 -> pa=0x0x000000001dbf5000 fl=0x0x000000000000041b
nk4a: probe stk va=0x0xffff8000003ff000 -> pa=0x0x00000000003ff000 fl=0x0x000000000000041b
nk4a: probe dm va=0x0xffff808000200000 -> pa=0x0x0000000000200000 fl=0x0x0000000000000413
nk4a: cr3-done-0x0x000000001dfde000
nk4a: sa1-after cr3=0x0x000000001dfde000
nk4a: pre-restore- rip=0x00000000002014ad rsp=0x00007fffffffc0b8
nk4a: vm-pf recv
nk4a: vm-pf bytes 0000000000000000
nk4a: pick->0x0000000000000002
nk4a: sa0-0x0000000000000002 root=0x0x00000000034c1000 cur=0x0x000000001dfde000
nk4a: gs2 gsbase=0x0x000000001dd340c0
nk4a: probe text va=0x0x000000001dbf5000 -> pa=0x0x000000001dbf5000 fl=0x0x000000000000001b
nk4a: probe stk va=0x0xffff8000003ff000 -> pa=0x0x00000000003ff000 fl=0x0x0000000000000013
nk4a: probe dm va=0x0xffff808000200000 -> pa=0x0x0000000000200000 fl=0x0x0000000000000013
nk4a: cr3-done-0x0x00000000034c1000
nk4a: sa1-after cr3=0x0x00000000034c1000
nk4a: pre-restore- rip=0x0000000000226659 rsp=0x00007fffffff8d78
nk4a: pick->0x0000000000000008
nk4a: sa0-0x0000000000000008 root=0x0x000000001dfde000 cur=0x0x00000000034c1000
nk4a: gs2 gsbase=0x0x000000001dd340c0
nk4a: probe text va=0x0x000000001dbf5000 -> pa=0x0x000000001dbf5000 fl=0x0x000000000000041b
nk4a: probe stk va=0x0xffff8000003ff000 -> pa=0x0x00000000003ff000 fl=0x0x000000000000041b
nk4a: probe dm va=0x0xffff808000200000 -> pa=0x0x0000000000200000 fl=0x0x0000000000000413
nk4a: cr3-done-0x0x000000001dfde000
nk4a: sa1-after cr3=0x0x000000001dfde000
nk4a: pre-restore- rip=0x00000000002014ad rsp=0x00007fffffffc0b8
nk4a: vm-pf recv
nk4a: vm-pf bytes 0000000000000000
nk4a: pick->0x0000000000000002
nk4a: sa0-0x0000000000000002 root=0x0x00000000034c1000 cur=0x0x000000001dfde000
nk4a: gs2 gsbase=0x0x000000001dd340c0
nk4a: probe text va=0x0x000000001dbf5000 -> pa=0x0x000000001dbf5000 fl=0x0x000000000000001b
nk4a: probe stk va=0x0xffff8000003ff000 -> pa=0x0x00000000003ff000 fl=0x0x0000000000000013
nk4a: probe dm va=0x0xffff808000200000 -> pa=0x0x0000000000200000 fl=0x0x0000000000000013
nk4a: cr3-done-0x0x00000000034c1000
nk4a: sa1-after cr3=0x0x00000000034c1000
nk4a: pre-restore- rip=0x0000000000226659 rsp=0x00007fffffff8d78
nk4a: pick->0x0000000000000008
nk4a: sa0-0x0000000000000008 root=0x0x000000001dfde000 cur=0x0x00000000034c1000
nk4a: gs2 gsbase=0x0x000000001dd340c0
nk4a: probe text va=0x0x000000001dbf5000 -> pa=0x0x000000001dbf5000 fl=0x0x000000000000041b
nk4a: probe stk va=0x0xffff8000003ff000 -> pa=0x0x00000000003ff000 fl=0x0x000000000000041b
nk4a: probe dm va=0x0xffff808000200000 -> pa=0x0x0000000000200000 fl=0x0x0000000000000413
nk4a: cr3-done-0x0x000000001dfde000
nk4a: sa1-after cr3=0x0x000000001dfde000
nk4a: pre-restore- rip=0x00000000002014ad rsp=0x00007fffffffc0b8
nk4a: vm-pf recv
nk4a: vm-pf bytes 0000000000000000
nk4a: pick->0x0000000000000002
nk4a: sa0-0x0000000000000002 root=0x0x00000000034c1000 cur=0x0x000000001dfde000
nk4a: gs2 gsbase=0x0x000000001dd340c0
nk4a: probe text va=0x0x000000001dbf5000 -> pa=0x0x000000001dbf5000 fl=0x0x000000000000001b
nk4a: probe stk va=0x0xffff8000003ff000 -> pa=0x0x00000000003ff000 fl=0x0x0000000000000013
nk4a: probe dm va=0x0xffff808000200000 -> pa=0x0x0000000000200000 fl=0x0x0000000000000013
nk4a: cr3-done-0x0x00000000034c1000
nk4a: sa1-after cr3=0x0x00000000034c1000
nk4a: pre-restore- rip=0x0000000000226659 rsp=0x00007fffffff8d78
nk4a: vs0x0000000000000120 rip=0x0x0000000000226659
nk4a: pick->0x0000000000000008
nk4a: sa0-0x0000000000000008 root=0x0x000000001dfde000 cur=0x0x00000000034c1000
nk4a: gs2 gsbase=0x0x000000001dd340c0
nk4a: probe text va=0x0x000000001dbf5000 -> pa=0x0x000000001dbf5000 fl=0x0x000000000000041b
nk4a: probe stk va=0x0xffff8000003ff000 -> pa=0x0x00000000003ff000 fl=0x0x000000000000041b
nk4a: probe dm va=0x0xffff808000200000 -> pa=0x0x0000000000200000 fl=0x0x0000000000000413
nk4a: cr3-done-0x0x000000001dfde000
nk4a: sa1-after cr3=0x0x000000001dfde000
nk4a: pre-restore- rip=0x00000000002014ad rsp=0x00007fffffffc0b8
nk4a: vm-pf recv
nk4a: vm-pf bytes 0000000000000000
nk4a: pick->0x0000000000000002
nk4a: sa0-0x0000000000000002 root=0x0x00000000034c1000 cur=0x0x000000001dfde000
nk4a: gs2 gsbase=0x0x000000001dd340c0
nk4a: probe text va=0x0x000000001dbf5000 -> pa=0x0x000000001dbf5000 fl=0x0x000000000000001b
nk4a: probe stk va=0x0xffff8000003ff000 -> pa=0x0x00000000003ff000 fl=0x0x0000000000000013
nk4a: probe dm va=0x0xffff808000200000 -> pa=0x0x0000000000200000 fl=0x0x0000000000000013
nk4a: cr3-done-0x0x00000000034c1000
nk4a: sa1-after cr3=0x0x00000000034c1000
nk4a: pre-restore- rip=0x0000000000226659 rsp=0x00007fffffff8d78
nk4a: pick->0x0000000000000008
nk4a: sa0-0x0000000000000008 root=0x0x000000001dfde000 cur=0x0x00000000034c1000
nk4a: gs2 gsbase=0x0x000000001dd340c0
nk4a: probe text va=0x0x000000001dbf5000 -> pa=0x0x000000001dbf5000 fl=0x0x000000000000041b
nk4a: probe stk va=0x0xffff8000003ff000 -> pa=0x0x00000000003ff000 fl=0x0x000000000000041b
nk4a: probe dm va=0x0xffff808000200000 -> pa=0x0x0000000000200000 fl=0x0x0000000000000413
nk4a: cr3-done-0x0x000000001dfde000
nk4a: sa1-after cr3=0x0x000000001dfde000
nk4a: pre-restore- rip=0x00000000002014ad rsp=0x00007fffffffc0b8
nk4a: vm-pf recv
nk4a: vm-pf bytes 0000000000000000
nk4a: pick->0x0000000000000002
nk4a: sa0-0x0000000000000002 root=0x0x00000000034c1000 cur=0x0x000000001dfde000
nk4a: gs2 gsbase=0x0x000000001dd340c0
nk4a: probe text va=0x0x000000001dbf5000 -> pa=0x0x000000001dbf5000 fl=0x0x000000000000001b
nk4a: probe stk va=0x0xffff8000003ff000 -> pa=0x0x00000000003ff000 fl=0x0x0000000000000013
nk4a: probe dm va=0x0xffff808000200000 -> pa=0x0x0000000000200000 fl=0x0x0000000000000013
nk4a: cr3-done-0x0x00000000034c1000
nk4a: sa1-after cr3=0x0x00000000034c1000
nk4a: pre-restore- rip=0x0000000000226659 rsp=0x00007fffffff8d78
nk4a: pick->0x0000000000000008
nk4a: sa0-0x0000000000000008 root=0x0x000000001dfde000 cur=0x0x00000000034c1000
nk4a: gs2 gsbase=0x0x000000001dd340c0
nk4a: probe text va=0x0x000000001dbf5000 -> pa=0x0x000000001dbf5000 fl=0x0x000000000000041b
nk4a: probe stk va=0x0xffff8000003ff000 -> pa=0x0x00000000003ff000 fl=0x0x000000000000041b
nk4a: probe dm va=0x0xffff808000200000 -> pa=0x0x0000000000200000 fl=0x0x0000000000000413
nk4a: cr3-done-0x0x000000001dfde000
nk4a: sa1-after cr3=0x0x000000001dfde000
nk4a: pre-restore- rip=0x00000000002014ad rsp=0x00007fffffffc0b8
nk4a: vs0x0000000000000126 rip=0x0x00000000002014ad
nk4a: vm-pf recv
nk4a: vm-pf bytes 0000000000000000
nk4a: pick->0x0000000000000002
nk4a: sa0-0x0000000000000002 root=0x0x00000000034c1000 cur=0x0x000000001dfde000
nk4a: gs2 gsbase=0x0x000000001dd340c0
nk4a: probe text va=0x0x000000001dbf5000 -> pa=0x0x000000001dbf5000 fl=0x0x000000000000001b
nk4a: probe stk va=0x0xffff8000003ff000 -> pa=0x0x00000000003ff000 fl=0x0x0000000000000013
nk4a: probe dm va=0x0xffff808000200000 -> pa=0x0x0000000000200000 fl=0x0x0000000000000013
nk4a: cr3-done-0x0x00000000034c1000
nk4a: sa1-after cr3=0x0x00000000034c1000
nk4a: pre-restore- rip=0x0000000000226659 rsp=0x00007fffffff8d78
nk4a: pick->0x0000000000000008
nk4a: sa0-0x0000000000000008 root=0x0x000000001dfde000 cur=0x0x00000000034c1000
nk4a: gs2 gsbase=0x0x000000001dd340c0
nk4a: probe text va=0x0x000000001dbf5000 -> pa=0x0x000000001dbf5000 fl=0x0x000000000000041b
nk4a: probe stk va=0x0xffff8000003ff000 -> pa=0x0x00000000003ff000 fl=0x0x000000000000041b
nk4a: probe dm va=0x0xffff808000200000 -> pa=0x0x0000000000200000 fl=0x0x0000000000000413
nk4a: cr3-done-0x0x000000001dfde000
nk4a: sa1-after cr3=0x0x000000001dfde000
nk4a: pre-restore- rip=0x00000000002014ad rsp=0x00007fffffffc0b8
nk4a: vm-pf recv
nk4a: vm-pf bytes 0000000000000000
nk4a: pick->0x0000000000000002
nk4a: sa0-0x0000000000000002 root=0x0x00000000034c1000 cur=0x0x000000001dfde000
nk4a: gs2 gsbase=0x0x000000001dd340c0
nk4a: probe text va=0x0x000000001dbf5000 -> pa=0x0x000000001dbf5000 fl=0x0x000000000000001b
nk4a: probe stk va=0x0xffff8000003ff000 -> pa=0x0x00000000003ff000 fl=0x0x0000000000000013
nk4a: probe dm va=0x0xffff808000200000 -> pa=0x0x0000000000200000 fl=0x0x0000000000000013
nk4a: cr3-done-0x0x00000000034c1000
nk4a: sa1-after cr3=0x0x00000000034c1000
nk4a: pre-restore- rip=0x0000000000226659 rsp=0x00007fffffff8d78
nk4a: pick->0x0000000000000008
nk4a: sa0-0x0000000000000008 root=0x0x000000001dfde000 cur=0x0x00000000034c1000
nk4a: gs2 gsbase=0x0x000000001dd340c0
nk4a: probe text va=0x0x000000001dbf5000 -> pa=0x0x000000001dbf5000 fl=0x0x000000000000041b
nk4a: probe stk va=0x0xffff8000003ff000 -> pa=0x0x00000000003ff000 fl=0x0x000000000000041b
nk4a: probe dm va=0x0xffff808000200000 -> pa=0x0x0000000000200000 fl=0x0x0000000000000413
nk4a: cr3-done-0x0x000000001dfde000
nk4a: sa1-after cr3=0x0x000000001dfde000
nk4a: pre-restore- rip=0x00000000002014ad rsp=0x00007fffffffc0b8
nk4a: vm-pf recv
nk4a: vm-pf bytes 0000000000000000
nk4a: pick->0x0000000000000002
nk4a: sa0-0x0000000000000002 root=0x0x00000000034c1000 cur=0x0x000000001dfde000
nk4a: gs2 gsbase=0x0x000000001dd340c0
nk4a: probe text va=0x0x000000001dbf5000 -> pa=0x0x000000001dbf5000 fl=0x0x000000000000001b
nk4a: probe stk va=0x0xffff8000003ff000 -> pa=0x0x00000000003ff000 fl=0x0x0000000000000013
nk4a: probe dm va=0x0xffff808000200000 -> pa=0x0x0000000000200000 fl=0x0x0000000000000013
nk4a: cr3-done-0x0x00000000034c1000
nk4a: sa1-after cr3=0x0x00000000034c1000
nk4a: pre-restore- rip=0x0000000000226659 rsp=0x00007fffffff8d78
nk4a: vs0x000000000000012c rip=0x0x0000000000226659
nk4a: pick->0x0000000000000008
nk4a: sa0-0x0000000000000008 root=0x0x000000001dfde000 cur=0x0x00000000034c1000
nk4a: gs2 gsbase=0x0x000000001dd340c0
nk4a: probe text va=0x0x000000001dbf5000 -> pa=0x0x000000001dbf5000 fl=0x0x000000000000041b
nk4a: probe stk va=0x0xffff8000003ff000 -> pa=0x0x00000000003ff000 fl=0x0x000000000000041b
nk4a: probe dm va=0x0xffff808000200000 -> pa=0x0x0000000000200000 fl=0x0x0000000000000413
nk4a: cr3-done-0x0x000000001dfde000
nk4a: sa1-after cr3=0x0x000000001dfde000
nk4a: pre-restore- rip=0x00000000002014ad rsp=0x00007fffffffc0b8
nk4a: vm-pf recv
nk4a: vm-pf bytes 0000000000000000
nk4a: pick->0x0000000000000002
nk4a: sa0-0x0000000000000002 root=0x0x00000000034c1000 cur=0x0x000000001dfde000
nk4a: gs2 gsbase=0x0x000000001dd340c0
nk4a: probe text va=0x0x000000001dbf5000 -> pa=0x0x000000001dbf5000 fl=0x0x000000000000001b
nk4a: probe stk va=0x0xffff8000003ff000 -> pa=0x0x00000000003ff000 fl=0x0x0000000000000013
nk4a: probe dm va=0x0xffff808000200000 -> pa=0x0x0000000000200000 fl=0x0x0000000000000013
nk4a: cr3-done-0x0x00000000034c1000
nk4a: sa1-after cr3=0x0x00000000034c1000
nk4a: pre-restore- rip=0x0000000000226659 rsp=0x00007fffffff8d78
nk4a: pick->0x0000000000000008
nk4a: sa0-0x0000000000000008 root=0x0x000000001dfde000 cur=0x0x00000000034c1000
nk4a: gs2 gsbase=0x0x000000001dd340c0
nk4a: probe text va=0x0x000000001dbf5000 -> pa=0x0x000000001dbf5000 fl=0x0x000000000000041b
nk4a: probe stk va=0x0xffff8000003ff000 -> pa=0x0x00000000003ff000 fl=0x0x000000000000041b
nk4a: probe dm va=0x0xffff808000200000 -> pa=0x0x0000000000200000 fl=0x0x0000000000000413
nk4a: cr3-done-0x0x000000001dfde000
nk4a: sa1-after cr3=0x0x000000001dfde000
nk4a: pre-restore- rip=0x00000000002014ad rsp=0x00007fffffffc0b8
nk4a: vm-pf recv
nk4a: vm-pf bytes 0000000000000000
nk4a: pick->0x0000000000000002
nk4a: sa0-0x0000000000000002 root=0x0x00000000034c1000 cur=0x0x000000001dfde000
nk4a: gs2 gsbase=0x0x000000001dd340c0
nk4a: probe text va=0x0x000000001dbf5000 -> pa=0x0x000000001dbf5000 fl=0x0x000000000000001b
nk4a: probe stk va=0x0xffff8000003ff000 -> pa=0x0x00000000003ff000 fl=0x0x0000000000000013
nk4a: probe dm va=0x0xffff808000200000 -> pa=0x0x0000000000200000 fl=0x0x0000000000000013
nk4a: cr3-done-0x0x00000000034c1000
nk4a: sa1-after cr3=0x0x00000000034c1000
nk4a: pre-restore- rip=0x0000000000226659 rsp=0x00007fffffff8d78
nk4a: vs0x0000000000000131 rip=0x0x0000000000226659
nk4a: pick->0x0000000000000008
nk4a: sa0-0x0000000000000008 root=0x0x000000001dfde000 cur=0x0x00000000034c1000
nk4a: gs2 gsbase=0x0x000000001dd340c0
nk4a: probe text va=0x0x000000001dbf5000 -> pa=0x0x000000001dbf5000 fl=0x0x000000000000041b
nk4a: probe stk va=0x0xffff8000003ff000 -> pa=0x0x00000000003ff000 fl=0x0x000000000000041b
nk4a: probe dm va=0x0xffff808000200000 -> pa=0x0x0000000000200000 fl=0x0x0000000000000413
nk4a: cr3-done-0x0x000000001dfde000
nk4a: sa1-after cr3=0x0x000000001dfde000
nk4a: pre-restore- rip=0x00000000002014ad rsp=0x00007fffffffc0b8
nk4a: vm-pf recv
nk4a: vm-pf bytes 0000000000000000
nk4a: pick->0x0000000000000002
nk4a: sa0-0x0000000000000002 root=0x0x00000000034c1000 cur=0x0x000000001dfde000
nk4a: gs2 gsbase=0x0x000000001dd340c0
nk4a: probe text va=0x0x000000001dbf5000 -> pa=0x0x000000001dbf5000 fl=0x0x000000000000001b
nk4a: probe stk va=0x0xffff8000003ff000 -> pa=0x0x00000000003ff000 fl=0x0x0000000000000013
nk4a: probe dm va=0x0xffff808000200000 -> pa=0x0x0000000000200000 fl=0x0x0000000000000013
nk4a: cr3-done-0x0x00000000034c1000
nk4a: sa1-after cr3=0x0x00000000034c1000
nk4a: pre-restore- rip=0x0000000000226659 rsp=0x00007fffffff8d78
nk4a: pick->0x0000000000000008
nk4a: sa0-0x0000000000000008 root=0x0x000000001dfde000 cur=0x0x00000000034c1000
nk4a: gs2 gsbase=0x0x000000001dd340c0
nk4a: probe text va=0x0x000000001dbf5000 -> pa=0x0x000000001dbf5000 fl=0x0x000000000000041b
nk4a: probe stk va=0x0xffff8000003ff000 -> pa=0x0x00000000003ff000 fl=0x0x000000000000041b
nk4a: probe dm va=0x0xffff808000200000 -> pa=0x0x0000000000200000 fl=0x0x0000000000000413
nk4a: cr3-done-0x0x000000001dfde000
nk4a: sa1-after cr3=0x0x000000001dfde000
nk4a: pre-restore- rip=0x00000000002014ad rsp=0x00007fffffffc0b8
nk4a: vm-pf recv
nk4a: vm-pf bytes 0000000000000000
nk4a: pick->0x0000000000000002
nk4a: sa0-0x0000000000000002 root=0x0x00000000034c1000 cur=0x0x000000001dfde000
nk4a: gs2 gsbase=0x0x000000001dd340c0
nk4a: probe text va=0x0x000000001dbf5000 -> pa=0x0x000000001dbf5000 fl=0x0x000000000000001b
nk4a: probe stk va=0x0xffff8000003ff000 -> pa=0x0x00000000003ff000 fl=0x0x0000000000000013
nk4a: probe dm va=0x0xffff808000200000 -> pa=0x0x0000000000200000 fl=0x0x0000000000000013
nk4a: cr3-done-0x0x00000000034c1000
nk4a: sa1-after cr3=0x0x00000000034c1000
nk4a: pre-restore- rip=0x0000000000226659 rsp=0x00007fffffff8d78
nk4a: pick->0x0000000000000008
nk4a: sa0-0x0000000000000008 root=0x0x000000001dfde000 cur=0x0x00000000034c1000
nk4a: gs2 gsbase=0x0x000000001dd340c0
nk4a: probe text va=0x0x000000001dbf5000 -> pa=0x0x000000001dbf5000 fl=0x0x000000000000041b
nk4a: probe stk va=0x0xffff8000003ff000 -> pa=0x0x00000000003ff000 fl=0x0x000000000000041b
nk4a: probe dm va=0x0xffff808000200000 -> pa=0x0x0000000000200000 fl=0x0x0000000000000413
nk4a: cr3-done-0x0x000000001dfde000
nk4a: sa1-after cr3=0x0x000000001dfde000
nk4a: pre-restore- rip=0x00000000002014ad rsp=0x00007fffffffc0b8
nk4a: vs0x0000000000000137 rip=0x0x00000000002014ad
nk4a: vm-pf recv
nk4a: vm-pf bytes 0000000000000000
nk4a: pick->0x0000000000000002
nk4a: sa0-0x0000000000000002 root=0x0x00000000034c1000 cur=0x0x000000001dfde000
nk4a: gs2 gsbase=0x0x000000001dd340c0
nk4a: probe text va=0x0x000000001dbf5000 -> pa=0x0x000000001dbf5000 fl=0x0x000000000000001b
nk4a: probe stk va=0x0xffff8000003ff000 -> pa=0x0x00000000003ff000 fl=0x0x0000000000000013
nk4a: probe dm va=0x0xffff808000200000 -> pa=0x0x0000000000200000 fl=0x0x0000000000000013
nk4a: cr3-done-0x0x00000000034c1000
nk4a: sa1-after cr3=0x0x00000000034c1000
nk4a: pre-restore- rip=0x0000000000226659 rsp=0x00007fffffff8d78
nk4a: pick->0x0000000000000008
nk4a: sa0-0x0000000000000008 root=0x0x000000001dfde000 cur=0x0x00000000034c1000
nk4a: gs2 gsbase=0x0x000000001dd340c0
nk4a: probe text va=0x0x000000001dbf5000 -> pa=0x0x000000001dbf5000 fl=0x0x000000000000041b
nk4a: probe stk va=0x0xffff8000003ff000 -> pa=0x0x00000000003ff000 fl=0x0x000000000000041b
nk4a: probe dm va=0x0xffff808000200000 -> pa=0x0x0000000000200000 fl=0x0x0000000000000413
nk4a: cr3-done-0x0x000000001dfde000
nk4a: sa1-after cr3=0x0x000000001dfde000
nk4a: pre-restore- rip=0x00000000002014ad rsp=0x00007fffffffc0b8
nk4a: vm-pf recv
nk4a: vm-pf bytes 0000000000000000
nk4a: pick->0x0000000000000002
nk4a: sa0-0x0000000000000002 root=0x0x00000000034c1000 cur=0x0x000000001dfde000
nk4a: gs2 gsbase=0x0x000000001dd340c0
nk4a: probe text va=0x0x000000001dbf5000 -> pa=0x0x000000001dbf5000 fl=0x0x000000000000001b
nk4a: probe stk va=0x0xffff8000003ff000 -> pa=0x0x00000000003ff000 fl=0x0x0000000000000013
nk4a: probe dm va=0x0xffff808000200000 -> pa=0x0x0000000000200000 fl=0x0x0000000000000013
nk4a: cr3-done-0x0x00000000034c1000
nk4a: sa1-after cr3=0x0x00000000034c1000
nk4a: pre-restore- rip=0x0000000000226659 rsp=0x00007fffffff8d78
nk4a: pick->0x0000000000000008
nk4a: sa0-0x0000000000000008 root=0x0x000000001dfde000 cur=0x0x00000000034c1000
nk4a: gs2 gsbase=0x0x000000001dd340c0
nk4a: probe text va=0x0x000000001dbf5000 -> pa=0x0x000000001dbf5000 fl=0x0x000000000000041b
nk4a: probe stk va=0x0xffff8000003ff000 -> pa=0x0x00000000003ff000 fl=0x0x000000000000041b
nk4a: probe dm va=0x0xffff808000200000 -> pa=0x0x0000000000200000 fl=0x0x0000000000000413
nk4a: cr3-done-0x0x000000001dfde000
nk4a: sa1-after cr3=0x0x000000001dfde000
nk4a: pre-restore- rip=0x00000000002014ad rsp=0x00007fffffffc0b8
nk4a: vm-pf recv
nk4a: vm-pf bytes 0000000000000000
nk4a: pick->0x0000000000000002
nk4a: sa0-0x0000000000000002 root=0x0x00000000034c1000 cur=0x0x000000001dfde000
nk4a: gs2 gsbase=0x0x000000001dd340c0
nk4a: probe text va=0x0x000000001dbf5000 -> pa=0x0x000000001dbf5000 fl=0x0x000000000000001b
nk4a: probe stk va=0x0xffff8000003ff000 -> pa=0x0x00000000003ff000 fl=0x0x0000000000000013
nk4a: probe dm va=0x0xffff808000200000 -> pa=0x0x0000000000200000 fl=0x0x0000000000000013
nk4a: cr3-done-0x0x00000000034c1000
nk4a: sa1-after cr3=0x0x00000000034c1000
nk4a: pre-restore- rip=0x0000000000226659 rsp=0x00007fffffff8d78
nk4a: vs0x000000000000013d rip=0x0x0000000000226659
nk4a: pick->0x0000000000000008
nk4a: sa0-0x0000000000000008 root=0x0x000000001dfde000 cur=0x0x00000000034c1000
nk4a: gs2 gsbase=0x0x000000001dd340c0
nk4a: probe text va=0x0x000000001dbf5000 -> pa=0x0x000000001dbf5000 fl=0x0x000000000000041b
nk4a: probe stk va=0x0xffff8000003ff000 -> pa=0x0x00000000003ff000 fl=0x0x000000000000041b
nk4a: probe dm va=0x0xffff808000200000 -> pa=0x0x0000000000200000 fl=0x0x0000000000000413
nk4a: cr3-done-0x0x000000001dfde000
nk4a: sa1-after cr3=0x0x000000001dfde000
nk4a: pre-restore- rip=0x00000000002014ad rsp=0x00007fffffffc0b8
nk4a: vm-pf recv
nk4a: vm-pf bytes 0000000000000000
nk4a: pick->0x0000000000000002
nk4a: sa0-0x0000000000000002 root=0x0x00000000034c1000 cur=0x0x000000001dfde000
nk4a: gs2 gsbase=0x0x000000001dd340c0
nk4a: probe text va=0x0x000000001dbf5000 -> pa=0x0x000000001dbf5000 fl=0x0x000000000000001b
nk4a: probe stk va=0x0xffff8000003ff000 -> pa=0x0x00000000003ff000 fl=0x0x0000000000000013
nk4a: probe dm va=0x0xffff808000200000 -> pa=0x0x0000000000200000 fl=0x0x0000000000000013
nk4a: cr3-done-0x0x00000000034c1000
nk4a: sa1-after cr3=0x0x00000000034c1000
nk4a: pre-restore- rip=0x0000000000226659 rsp=0x00007fffffff8d78
nk4a: pick->0x0000000000000008
nk4a: sa0-0x0000000000000008 root=0x0x000000001dfde000 cur=0x0x00000000034c1000
nk4a: gs2 gsbase=0x0x000000001dd340c0
nk4a: probe text va=0x0x000000001dbf5000 -> pa=0x0x000000001dbf5000 fl=0x0x000000000000041b
nk4a: probe stk va=0x0xffff8000003ff000 -> pa=0x0x00000000003ff000 fl=0x0x000000000000041b
nk4a: probe dm va=0x0xffff808000200000 -> pa=0x0x0000000000200000 fl=0x0x0000000000000413
nk4a: cr3-done-0x0x000000001dfde000
nk4a: sa1-after cr3=0x0x000000001dfde000
nk4a: pre-restore- rip=0x00000000002014ad rsp=0x00007fffffffc0b8
nk4a: vm-pf recv
nk4a: vm-pf bytes 0000000000000000
nk4a: pick->0x0000000000000002
nk4a: sa0-0x0000000000000002 root=0x0x00000000034c1000 cur=0x0x000000001dfde000
nk4a: gs2 gsbase=0x0x000000001dd340c0
nk4a: probe text va=0x0x000000001dbf5000 -> pa=0x0x000000001dbf5000 fl=0x0x000000000000001b
nk4a: probe stk va=0x0xffff8000003ff000 -> pa=0x0x00000000003ff000 fl=0x0x0000000000000013
nk4a: probe dm va=0x0xffff808000200000 -> pa=0x0x0000000000200000 fl=0x0x0000000000000013
nk4a: cr3-done-0x0x00000000034c1000
nk4a: sa1-after cr3=0x0x00000000034c1000
nk4a: pre-restore- rip=0x0000000000226659 rsp=0x00007fffffff8d78
nk4a: pick->0x0000000000000008
nk4a: sa0-0x0000000000000008 root=0x0x000000001dfde000 cur=0x0x00000000034c1000
nk4a: gs2 gsbase=0x0x000000001dd340c0
nk4a: probe text va=0x0x000000001dbf5000 -> pa=0x0x000000001dbf5000 fl=0x0x000000000000041b
nk4a: probe stk va=0x0xffff8000003ff000 -> pa=0x0x00000000003ff000 fl=0x0x000000000000041b
nk4a: probe dm va=0x0xffff808000200000 -> pa=0x0x0000000000200000 fl=0x0x0000000000000413
nk4a: cr3-done-0x0x000000001dfde000
nk4a: sa1-after cr3=0x0x000000001dfde000
nk4a: pre-restore- rip=0x00000000002014ad rsp=0x00007fffffffc0b8
nk4a: vs0x0000000000000143 rip=0x0x00000000002014ad
nk4a: vm-pf recv
nk4a: vm-pf bytes 0000000000000000
nk4a: pick->0x0000000000000002
nk4a: sa0-0x0000000000000002 root=0x0x00000000034c1000 cur=0x0x000000001dfde000
nk4a: gs2 gsbase=0x0x000000001dd340c0
nk4a: probe text va=0x0x000000001dbf5000 -> pa=0x0x000000001dbf5000 fl=0x0x000000000000001b
nk4a: probe stk va=0x0xffff8000003ff000 -> pa=0x0x00000000003ff000 fl=0x0x0000000000000013
nk4a: probe dm va=0x0xffff808000200000 -> pa=0x0x0000000000200000 fl=0x0x0000000000000013
nk4a: cr3-done-0x0x00000000034c1000
nk4a: sa1-after cr3=0x0x00000000034c1000
nk4a: pre-restore- rip=0x0000000000226659 rsp=0x00007fffffff8d78
nk4a: pick->0x0000000000000008
nk4a: sa0-0x0000000000000008 root=0x0x000000001dfde000 cur=0x0x00000000034c1000
nk4a: gs2 gsbase=0x0x000000001dd340c0
nk4a: probe text va=0x0x000000001dbf5000 -> pa=0x0x000000001dbf5000 fl=0x0x000000000000041b
nk4a: probe stk va=0x0xffff8000003ff000 -> pa=0x0x00000000003ff000 fl=0x0x000000000000041b
nk4a: probe dm va=0x0xffff808000200000 -> pa=0x0x0000000000200000 fl=0x0x0000000000000413
nk4a: cr3-done-0x0x000000001dfde000
nk4a: sa1-after cr3=0x0x000000001dfde000
nk4a: pre-restore- rip=0x00000000002014ad rsp=0x00007fffffffc0b8
nk4a: vm-pf recv
nk4a: vm-pf bytes 0000000000000000
nk4a: pick->0x0000000000000002
nk4a: sa0-0x0000000000000002 root=0x0x00000000034c1000 cur=0x0x000000001dfde000
nk4a: gs2 gsbase=0x0x000000001dd340c0
nk4a: probe text va=0x0x000000001dbf5000 -> pa=0x0x000000001dbf5000 fl=0x0x000000000000001b
nk4a: probe stk va=0x0xffff8000003ff000 -> pa=0x0x00000000003ff000 fl=0x0x0000000000000013
nk4a: probe dm va=0x0xffff808000200000 -> pa=0x0x0000000000200000 fl=0x0x0000000000000013
nk4a: cr3-done-0x0x00000000034c1000
nk4a: sa1-after cr3=0x0x00000000034c1000
nk4a: pre-restore- rip=0x0000000000226659 rsp=0x00007fffffff8d78
nk4a: pick->0x0000000000000008
nk4a: sa0-0x0000000000000008 root=0x0x000000001dfde000 cur=0x0x00000000034c1000
nk4a: gs2 gsbase=0x0x000000001dd340c0
nk4a: probe text va=0x0x000000001dbf5000 -> pa=0x0x000000001dbf5000 fl=0x0x000000000000041b
nk4a: probe stk va=0x0xffff8000003ff000 -> pa=0x0x00000000003ff000 fl=0x0x000000000000041b
nk4a: probe dm va=0x0xffff808000200000 -> pa=0x0x0000000000200000 fl=0x0x0000000000000413
nk4a: cr3-done-0x0x000000001dfde000
nk4a: sa1-after cr3=0x0x000000001dfde000
nk4a: pre-restore- rip=0x00000000002014ad rsp=0x00007fffffffc0b8
nk4a: vm-pf recv
nk4a: vm-pf bytes 0000000000000000
nk4a: pick->0x0000000000000002
nk4a: sa0-0x0000000000000002 root=0x0x00000000034c1000 cur=0x0x000000001dfde000
nk4a: gs2 gsbase=0x0x000000001dd340c0
nk4a: probe text va=0x0x000000001dbf5000 -> pa=0x0x000000001dbf5000 fl=0x0x000000000000001b
nk4a: probe stk va=0x0xffff8000003ff000 -> pa=0x0x00000000003ff000 fl=0x0x0000000000000013
nk4a: probe dm va=0x0xffff808000200000 -> pa=0x0x0000000000200000 fl=0x0x0000000000000013
nk4a: cr3-done-0x0x00000000034c1000
nk4a: sa1-after cr3=0x0x00000000034c1000
nk4a: pre-restore- rip=0x0000000000226659 rsp=0x00007fffffff8d78
nk4a: vs0x0000000000000149 rip=0x0x0000000000226659
nk4a: pick->0x0000000000000008
nk4a: sa0-0x0000000000000008 root=0x0x000000001dfde000 cur=0x0x00000000034c1000
nk4a: gs2 gsbase=0x0x000000001dd340c0
nk4a: probe text va=0x0x000000001dbf5000 -> pa=0x0x000000001dbf5000 fl=0x0x000000000000041b
nk4a: probe stk va=0x0xffff8000003ff000 -> pa=0x0x00000000003ff000 fl=0x0x000000000000041b
nk4a: probe dm va=0x0xffff808000200000 -> pa=0x0x0000000000200000 fl=0x0x0000000000000413
nk4a: cr3-done-0x0x000000001dfde000
nk4a: sa1-after cr3=0x0x000000001dfde000
nk4a: pre-restore- rip=0x00000000002014ad rsp=0x00007fffffffc0b8
nk4a: vm-pf recv
nk4a: vm-pf bytes 0000000000000000
nk4a: pick->0x0000000000000002
nk4a: sa0-0x0000000000000002 root=0x0x00000000034c1000 cur=0x0x000000001dfde000
nk4a: gs2 gsbase=0x0x000000001dd340c0
nk4a: probe text va=0x0x000000001dbf5000 -> pa=0x0x000000001dbf5000 fl=0x0x000000000000001b
nk4a: probe stk va=0x0xffff8000003ff000 -> pa=0x0x00000000003ff000 fl=0x0x0000000000000013
nk4a: probe dm va=0x0xffff808000200000 -> pa=0x0x0000000000200000 fl=0x0x0000000000000013
nk4a: cr3-done-0x0x00000000034c1000
nk4a: sa1-after cr3=0x0x00000000034c1000
nk4a: pre-restore- rip=0x0000000000226659 rsp=0x00007fffffff8d78
nk4a: pick->0x0000000000000008
nk4a: sa0-0x0000000000000008 root=0x0x000000001dfde000 cur=0x0x00000000034c1000
nk4a: gs2 gsbase=0x0x000000001dd340c0
nk4a: probe text va=0x0x000000001dbf5000 -> pa=0x0x000000001dbf5000 fl=0x0x000000000000041b
nk4a: probe stk va=0x0xffff8000003ff000 -> pa=0x0x00000000003ff000 fl=0x0x000000000000041b
nk4a: probe dm va=0x0xffff808000200000 -> pa=0x0x0000000000200000 fl=0x0x0000000000000413
nk4a: cr3-done-0x0x000000001dfde000
nk4a: sa1-after cr3=0x0x000000001dfde000
nk4a: pre-restore- rip=0x00000000002014ad rsp=0x00007fffffffc0b8
nk4a: vm-pf recv
nk4a: vm-pf bytes 0000000000000000
nk4a: pick->0x0000000000000002
nk4a: sa0-0x0000000000000002 root=0x0x00000000034c1000 cur=0x0x000000001dfde000
nk4a: gs2 gsbase=0x0x000000001dd340c0
nk4a: probe text va=0x0x000000001dbf5000 -> pa=0x0x000000001dbf5000 fl=0x0x000000000000001b
nk4a: probe stk va=0x0xffff8000003ff000 -> pa=0x0x00000000003ff000 fl=0x0x0000000000000013
nk4a: probe dm va=0x0xffff808000200000 -> pa=0x0x0000000000200000 fl=0x0x0000000000000013
nk4a: cr3-done-0x0x00000000034c1000
nk4a: sa1-after cr3=0x0x00000000034c1000
nk4a: pre-restore- rip=0x0000000000226659 rsp=0x00007fffffff8d78
nk4a: pick->0x0000000000000008
nk4a: sa0-0x0000000000000008 root=0x0x000000001dfde000 cur=0x0x00000000034c1000
nk4a: gs2 gsbase=0x0x000000001dd340c0
nk4a: probe text va=0x0x000000001dbf5000 -> pa=0x0x000000001dbf5000 fl=0x0x000000000000041b
nk4a: probe stk va=0x0xffff8000003ff000 -> pa=0x0x00000000003ff000 fl=0x0x000000000000041b
nk4a: probe dm va=0x0xffff808000200000 -> pa=0x0x0000000000200000 fl=0x0x0000000000000413
nk4a: cr3-done-0x0x000000001dfde000
nk4a: sa1-after cr3=0x0x000000001dfde000
nk4a: pre-restore- rip=0x00000000002014ad rsp=0x00007fffffffc0b8
nk4a: vs0x000000000000014f rip=0x0x00000000002014ad
nk4a: vm-pf recv
nk4a: vm-pf bytes 0000000000000000
nk4a: pick->0x0000000000000002
nk4a: sa0-0x0000000000000002 root=0x0x00000000034c1000 cur=0x0x000000001dfde000
nk4a: gs2 gsbase=0x0x000000001dd340c0
nk4a: probe text va=0x0x000000001dbf5000 -> pa=0x0x000000001dbf5000 fl=0x0x000000000000001b
nk4a: probe stk va=0x0xffff8000003ff000 -> pa=0x0x00000000003ff000 fl=0x0x0000000000000013
nk4a: probe dm va=0x0xffff808000200000 -> pa=0x0x0000000000200000 fl=0x0x0000000000000013
nk4a: cr3-done-0x0x00000000034c1000
nk4a: sa1-after cr3=0x0x00000000034c1000
nk4a: pre-restore- rip=0x0000000000226659 rsp=0x00007fffffff8d78
nk4a: pick->0x0000000000000008
nk4a: sa0-0x0000000000000008 root=0x0x000000001dfde000 cur=0x0x00000000034c1000
nk4a: gs2 gsbase=0x0x000000001dd340c0
nk4a: probe text va=0x0x000000001dbf5000 -> pa=0x0x000000001dbf5000 fl=0x0x000000000000041b
nk4a: probe stk va=0x0xffff8000003ff000 -> pa=0x0x00000000003ff000 fl=0x0x000000000000041b
nk4a: probe dm va=0x0xffff808000200000 -> pa=0x0x0000000000200000 fl=0x0x0000000000000413
nk4a: cr3-done-0x0x000000001dfde000
nk4a: sa1-after cr3=0x0x000000001dfde000
nk4a: pre-restore- rip=0x00000000002014ad rsp=0x00007fffffffc0b8
nk4a: vm-pf recv
nk4a: vm-pf bytes 0000000000000000
nk4a: pick->0x0000000000000002
nk4a: sa0-0x0000000000000002 root=0x0x00000000034c1000 cur=0x0x000000001dfde000
nk4a: gs2 gsbase=0x0x000000001dd340c0
nk4a: probe text va=0x0x000000001dbf5000 -> pa=0x0x000000001dbf5000 fl=0x0x000000000000001b
nk4a: probe stk va=0x0xffff8000003ff000 -> pa=0x0x00000000003ff000 fl=0x0x0000000000000013
nk4a: probe dm va=0x0xffff808000200000 -> pa=0x0x0000000000200000 fl=0x0x0000000000000013
nk4a: cr3-done-0x0x00000000034c1000
nk4a: sa1-after cr3=0x0x00000000034c1000
nk4a: pre-restore- rip=0x0000000000226659 rsp=0x00007fffffff8d78
nk4a: pick->0x0000000000000008
nk4a: sa0-0x0000000000000008 root=0x0x000000001dfde000 cur=0x0x00000000034c1000
nk4a: gs2 gsbase=0x0x000000001dd340c0
nk4a: probe text va=0x0x000000001dbf5000 -> pa=0x0x000000001dbf5000 fl=0x0x000000000000041b
nk4a: probe stk va=0x0xffff8000003ff000 -> pa=0x0x00000000003ff000 fl=0x0x000000000000041b
nk4a: probe dm va=0x0xffff808000200000 -> pa=0x0x0000000000200000 fl=0x0x0000000000000413
nk4a: cr3-done-0x0x000000001dfde000
nk4a: sa1-after cr3=0x0x000000001dfde000
nk4a: pre-restore- rip=0x00000000002014ad rsp=0x00007fffffffc0b8
nk4a: vm-pf recv
nk4a: vm-pf bytes 0000000000000000
nk4a: pick->0x0000000000000002
nk4a: sa0-0x0000000000000002 root=0x0x00000000034c1000 cur=0x0x000000001dfde000
nk4a: gs2 gsbase=0x0x000000001dd340c0
nk4a: probe text va=0x0x000000001dbf5000 -> pa=0x0x000000001dbf5000 fl=0x0x000000000000001b
nk4a: probe stk va=0x0xffff8000003ff000 -> pa=0x0x00000000003ff000 fl=0x0x0000000000000013
nk4a: probe dm va=0x0xffff808000200000 -> pa=0x0x0000000000200000 fl=0x0x0000000000000013
nk4a: cr3-done-0x0x00000000034c1000
nk4a: sa1-after cr3=0x0x00000000034c1000
nk4a: pre-restore- rip=0x0000000000226659 rsp=0x00007fffffff8d78
nk4a: vs0x0000000000000155 rip=0x0x0000000000226659
nk4a: pick->0x0000000000000008
nk4a: sa0-0x0000000000000008 root=0x0x000000001dfde000 cur=0x0x00000000034c1000
nk4a: gs2 gsbase=0x0x000000001dd340c0
nk4a: probe text va=0x0x000000001dbf5000 -> pa=0x0x000000001dbf5000 fl=0x0x000000000000041b
nk4a: probe stk va=0x0xffff8000003ff000 -> pa=0x0x00000000003ff000 fl=0x0x000000000000041b
nk4a: probe dm va=0x0xffff808000200000 -> pa=0x0x0000000000200000 fl=0x0x0000000000000413
nk4a: cr3-done-0x0x000000001dfde000
nk4a: sa1-after cr3=0x0x000000001dfde000
nk4a: pre-restore- rip=0x00000000002014ad rsp=0x00007fffffffc0b8
nk4a: vm-pf recv
nk4a: vm-pf bytes 0000000000000000
nk4a: pick->0x0000000000000002
nk4a: sa0-0x0000000000000002 root=0x0x00000000034c1000 cur=0x0x000000001dfde000
nk4a: gs2 gsbase=0x0x000000001dd340c0
nk4a: probe text va=0x0x000000001dbf5000 -> pa=0x0x000000001dbf5000 fl=0x0x000000000000001b
nk4a: probe stk va=0x0xffff8000003ff000 -> pa=0x0x00000000003ff000 fl=0x0x0000000000000013
nk4a: probe dm va=0x0xffff808000200000 -> pa=0x0x0000000000200000 fl=0x0x0000000000000013
nk4a: cr3-done-0x0x00000000034c1000
nk4a: sa1-after cr3=0x0x00000000034c1000
nk4a: pre-restore- rip=0x0000000000226659 rsp=0x00007fffffff8d78
nk4a: pick->0x0000000000000008
nk4a: sa0-0x0000000000000008 root=0x0x000000001dfde000 cur=0x0x00000000034c1000
nk4a: gs2 gsbase=0x0x000000001dd340c0
nk4a: probe text va=0x0x000000001dbf5000 -> pa=0x0x000000001dbf5000 fl=0x0x000000000000041b
nk4a: probe stk va=0x0xffff8000003ff000 -> pa=0x0x00000000003ff000 fl=0x0x000000000000041b
nk4a: probe dm va=0x0xffff808000200000 -> pa=0x0x0000000000200000 fl=0x0x0000000000000413
nk4a: cr3-done-0x0x000000001dfde000
nk4a: sa1-after cr3=0x0x000000001dfde000
nk4a: pre-restore- rip=0x00000000002014ad rsp=0x00007fffffffc0b8
nk4a: vm-pf recv
nk4a: vm-pf bytes 0000000000000000
nk4a: pick->0x0000000000000002
nk4a: sa0-0x0000000000000002 root=0x0x00000000034c1000 cur=0x0x000000001dfde000
nk4a: gs2 gsbase=0x0x000000001dd340c0
nk4a: probe text va=0x0x000000001dbf5000 -> pa=0x0x000000001dbf5000 fl=0x0x000000000000001b
nk4a: probe stk va=0x0xffff8000003ff000 -> pa=0x0x00000000003ff000 fl=0x0x0000000000000013
nk4a: probe dm va=0x0xffff808000200000 -> pa=0x0x0000000000200000 fl=0x0x0000000000000013
nk4a: cr3-done-0x0x00000000034c1000
nk4a: sa1-after cr3=0x0x00000000034c1000
nk4a: pre-restore- rip=0x0000000000226659 rsp=0x00007fffffff8d78
nk4a: pick->0x0000000000000008
nk4a: sa0-0x0000000000000008 root=0x0x000000001dfde000 cur=0x0x00000000034c1000
nk4a: gs2 gsbase=0x0x000000001dd340c0
nk4a: probe text va=0x0x000000001dbf5000 -> pa=0x0x000000001dbf5000 fl=0x0x000000000000041b
nk4a: probe stk va=0x0xffff8000003ff000 -> pa=0x0x00000000003ff000 fl=0x0x000000000000041b
nk4a: probe dm va=0x0xffff808000200000 -> pa=0x0x0000000000200000 fl=0x0x0000000000000413
nk4a: cr3-done-0x0x000000001dfde000
nk4a: sa1-after cr3=0x0x000000001dfde000
nk4a: pre-restore- rip=0x00000000002014ad rsp=0x00007fffffffc0b8
nk4a: vs0x000000000000015b rip=0x0x00000000002014ad
nk4a: vm-pf recv
nk4a: vm-pf bytes 0000000000000000
nk4a: pick->0x0000000000000002
nk4a: sa0-0x0000000000000002 root=0x0x00000000034c1000 cur=0x0x000000001dfde000
nk4a: gs2 gsbase=0x0x000000001dd340c0
nk4a: probe text va=0x0x000000001dbf5000 -> pa=0x0x000000001dbf5000 fl=0x0x000000000000001b
nk4a: probe stk va=0x0xffff8000003ff000 -> pa=0x0x00000000003ff000 fl=0x0x0000000000000013
nk4a: probe dm va=0x0xffff808000200000 -> pa=0x0x0000000000200000 fl=0x0x0000000000000013
nk4a: cr3-done-0x0x00000000034c1000
nk4a: sa1-after cr3=0x0x00000000034c1000
nk4a: pre-restore- rip=0x0000000000226659 rsp=0x00007fffffff8d78
nk4a: pick->0x0000000000000008
nk4a: sa0-0x0000000000000008 root=0x0x000000001dfde000 cur=0x0x00000000034c1000
nk4a: gs2 gsbase=0x0x000000001dd340c0
nk4a: probe text va=0x0x000000001dbf5000 -> pa=0x0x000000001dbf5000 fl=0x0x000000000000041b
nk4a: probe stk va=0x0xffff8000003ff000 -> pa=0x0x00000000003ff000 fl=0x0x000000000000041b
nk4a: probe dm va=0x0xffff808000200000 -> pa=0x0x0000000000200000 fl=0x0x0000000000000413
nk4a: cr3-done-0x0x000000001dfde000
nk4a: sa1-after cr3=0x0x000000001dfde000
nk4a: pre-restore- rip=0x00000000002014ad rsp=0x00007fffffffc0b8
nk4a: vm-pf recv
nk4a: vm-pf bytes 0000000000000000
nk4a: pick->0x0000000000000002
nk4a: sa0-0x0000000000000002 root=0x0x00000000034c1000 cur=0x0x000000001dfde000
nk4a: gs2 gsbase=0x0x000000001dd340c0
nk4a: probe text va=0x0x000000001dbf5000 -> pa=0x0x000000001dbf5000 fl=0x0x000000000000001b
nk4a: probe stk va=0x0xffff8000003ff000 -> pa=0x0x00000000003ff000 fl=0x0x0000000000000013
nk4a: probe dm va=0x0xffff808000200000 -> pa=0x0x0000000000200000 fl=0x0x0000000000000013
nk4a: cr3-done-0x0x00000000034c1000
nk4a: sa1-after cr3=0x0x00000000034c1000
nk4a: pre-restore- rip=0x0000000000226659 rsp=0x00007fffffff8d78
nk4a: pick->0x0000000000000008
nk4a: sa0-0x0000000000000008 root=0x0x000000001dfde000 cur=0x0x00000000034c1000
nk4a: gs2 gsbase=0x0x000000001dd340c0
nk4a: probe text va=0x0x000000001dbf5000 -> pa=0x0x000000001dbf5000 fl=0x0x000000000000041b
nk4a: probe stk va=0x0xffff8000003ff000 -> pa=0x0x00000000003ff000 fl=0x0x000000000000041b
nk4a: probe dm va=0x0xffff808000200000 -> pa=0x0x0000000000200000 fl=0x0x0000000000000413
nk4a: cr3-done-0x0x000000001dfde000
nk4a: sa1-after cr3=0x0x000000001dfde000
nk4a: pre-restore- rip=0x00000000002014ad rsp=0x00007fffffffc0b8
nk4a: vm-pf recv
nk4a: vm-pf bytes 0000000000000000
nk4a: pick->0x0000000000000002
nk4a: sa0-0x0000000000000002 root=0x0x00000000034c1000 cur=0x0x000000001dfde000
nk4a: gs2 gsbase=0x0x000000001dd340c0
nk4a: probe text va=0x0x000000001dbf5000 -> pa=0x0x000000001dbf5000 fl=0x0x000000000000001b
nk4a: probe stk va=0x0xffff8000003ff000 -> pa=0x0x00000000003ff000 fl=0x0x0000000000000013
nk4a: probe dm va=0x0xffff808000200000 -> pa=0x0x0000000000200000 fl=0x0x0000000000000013
nk4a: cr3-done-0x0x00000000034c1000
nk4a: sa1-after cr3=0x0x00000000034c1000
nk4a: pre-restore- rip=0x0000000000226659 rsp=0x00007fffffff8d78
nk4a: pick->0x0000000000000008
nk4a: sa0-0x0000000000000008 root=0x0x000000001dfde000 cur=0x0x00000000034c1000
nk4a: gs2 gsbase=0x0x000000001dd340c0
nk4a: probe text va=0x0x000000001dbf5000 -> pa=0x0x000000001dbf5000 fl=0x0x000000000000041b
nk4a: probe stk va=0x0xffff8000003ff000 -> pa=0x0x00000000003ff000 fl=0x0x000000000000041b
nk4a: probe dm va=0x0xffff808000200000 -> pa=0x0x0000000000200000 fl=0x0x0000000000000413
nk4a: cr3-done-0x0x000000001dfde000
nk4a: sa1-after cr3=0x0x000000001dfde000
nk4a: pre-restore- rip=0x00000000002014ad rsp=0x00007fffffffc0b8
nk4a: vs0x0000000000000162 rip=0x0x00000000002014ad
nk4a: vm-pf recv
nk4a: vm-pf bytes 0000000000000000
nk4a: pick->0x0000000000000002
nk4a: sa0-0x0000000000000002 root=0x0x00000000034c1000 cur=0x0x000000001dfde000
nk4a: gs2 gsbase=0x0x000000001dd340c0
nk4a: probe text va=0x0x000000001dbf5000 -> pa=0x0x000000001dbf5000 fl=0x0x000000000000001b
nk4a: probe stk va=0x0xffff8000003ff000 -> pa=0x0x00000000003ff000 fl=0x0x0000000000000013
nk4a: probe dm va=0x0xffff808000200000 -> pa=0x0x0000000000200000 fl=0x0x0000000000000013
nk4a: cr3-done-0x0x00000000034c1000
nk4a: sa1-after cr3=0x0x00000000034c1000
nk4a: pre-restore- rip=0x0000000000226659 rsp=0x00007fffffff8d78
nk4a: pick->0x0000000000000008
nk4a: sa0-0x0000000000000008 root=0x0x000000001dfde000 cur=0x0x00000000034c1000
nk4a: gs2 gsbase=0x0x000000001dd340c0
nk4a: probe text va=0x0x000000001dbf5000 -> pa=0x0x000000001dbf5000 fl=0x0x000000000000041b
nk4a: probe stk va=0x0xffff8000003ff000 -> pa=0x0x00000000003ff000 fl=0x0x000000000000041b
nk4a: probe dm va=0x0xffff808000200000 -> pa=0x0x0000000000200000 fl=0x0x0000000000000413
nk4a: cr3-done-0x0x000000001dfde000
nk4a: sa1-after cr3=0x0x000000001dfde000
nk4a: pre-restore- rip=0x00000000002014ad rsp=0x00007fffffffc0b8
nk4a: vm-pf recv
nk4a: vm-pf bytes 0000000000000000
nk4a: pick->0x0000000000000002
nk4a: sa0-0x0000000000000002 root=0x0x00000000034c1000 cur=0x0x000000001dfde000
nk4a: gs2 gsbase=0x0x000000001dd340c0
nk4a: probe text va=0x0x000000001dbf5000 -> pa=0x0x000000001dbf5000 fl=0x0x000000000000001b
nk4a: probe stk va=0x0xffff8000003ff000 -> pa=0x0x00000000003ff000 fl=0x0x0000000000000013
nk4a: probe dm va=0x0xffff808000200000 -> pa=0x0x0000000000200000 fl=0x0x0000000000000013
nk4a: cr3-done-0x0x00000000034c1000
nk4a: sa1-after cr3=0x0x00000000034c1000
nk4a: pre-restore- rip=0x0000000000226659 rsp=0x00007fffffff8d78
nk4a: pick->0x0000000000000008
nk4a: sa0-0x0000000000000008 root=0x0x000000001dfde000 cur=0x0x00000000034c1000
nk4a: gs2 gsbase=0x0x000000001dd340c0
nk4a: probe text va=0x0x000000001dbf5000 -> pa=0x0x000000001dbf5000 fl=0x0x000000000000041b
nk4a: probe stk va=0x0xffff8000003ff000 -> pa=0x0x00000000003ff000 fl=0x0x000000000000041b
nk4a: probe dm va=0x0xffff808000200000 -> pa=0x0x0000000000200000 fl=0x0x0000000000000413
nk4a: cr3-done-0x0x000000001dfde000
nk4a: sa1-after cr3=0x0x000000001dfde000
nk4a: pre-restore- rip=0x00000000002014ad rsp=0x00007fffffffc0b8
nk4a: vm-pf recv
nk4a: vm-pf bytes 0000000000000000
nk4a: pick->0x0000000000000002
nk4a: sa0-0x0000000000000002 root=0x0x00000000034c1000 cur=0x0x000000001dfde000
nk4a: gs2 gsbase=0x0x000000001dd340c0
nk4a: probe text va=0x0x000000001dbf5000 -> pa=0x0x000000001dbf5000 fl=0x0x000000000000001b
nk4a: probe stk va=0x0xffff8000003ff000 -> pa=0x0x00000000003ff000 fl=0x0x0000000000000013
nk4a: probe dm va=0x0xffff808000200000 -> pa=0x0x0000000000200000 fl=0x0x0000000000000013
nk4a: cr3-done-0x0x00000000034c1000
nk4a: sa1-after cr3=0x0x00000000034c1000
nk4a: pre-restore- rip=0x0000000000226659 rsp=0x00007fffffff8d78
nk4a: vs0x0000000000000168 rip=0x0x0000000000226659
nk4a: pick->0x0000000000000008
nk4a: sa0-0x0000000000000008 root=0x0x000000001dfde000 cur=0x0x00000000034c1000
nk4a: gs2 gsbase=0x0x000000001dd340c0
nk4a: probe text va=0x0x000000001dbf5000 -> pa=0x0x000000001dbf5000 fl=0x0x000000000000041b
nk4a: probe stk va=0x0xffff8000003ff000 -> pa=0x0x00000000003ff000 fl=0x0x000000000000041b
nk4a: probe dm va=0x0xffff808000200000 -> pa=0x0x0000000000200000 fl=0x0x0000000000000413
nk4a: cr3-done-0x0x000000001dfde000
nk4a: sa1-after cr3=0x0x000000001dfde000
nk4a: pre-restore- rip=0x00000000002014ad rsp=0x00007fffffffc0b8
nk4a: vm-pf recv
nk4a: vm-pf bytes 0000000000000000
nk4a: pick->0x0000000000000002
nk4a: sa0-0x0000000000000002 root=0x0x00000000034c1000 cur=0x0x000000001dfde000
nk4a: gs2 gsbase=0x0x000000001dd340c0
nk4a: probe text va=0x0x000000001dbf5000 -> pa=0x0x000000001dbf5000 fl=0x0x000000000000001b
nk4a: probe stk va=0x0xffff8000003ff000 -> pa=0x0x00000000003ff000 fl=0x0x0000000000000013
nk4a: probe dm va=0x0xffff808000200000 -> pa=0x0x0000000000200000 fl=0x0x0000000000000013
nk4a: cr3-done-0x0x00000000034c1000
nk4a: sa1-after cr3=0x0x00000000034c1000
nk4a: pre-restore- rip=0x0000000000226659 rsp=0x00007fffffff8d78
nk4a: pick->0x0000000000000008
nk4a: sa0-0x0000000000000008 root=0x0x000000001dfde000 cur=0x0x00000000034c1000
nk4a: gs2 gsbase=0x0x000000001dd340c0
nk4a: probe text va=0x0x000000001dbf5000 -> pa=0x0x000000001dbf5000 fl=0x0x000000000000041b
nk4a: probe stk va=0x0xffff8000003ff000 -> pa=0x0x00000000003ff000 fl=0x0x000000000000041b
nk4a: probe dm va=0x0xffff808000200000 -> pa=0x0x0000000000200000 fl=0x0x0000000000000413
nk4a: cr3-done-0x0x000000001dfde000
nk4a: sa1-after cr3=0x0x000000001dfde000
nk4a: pre-restore- rip=0x00000000002014ad rsp=0x00007fffffffc0b8
nk4a: vm-pf recv
nk4a: vm-pf bytes 0000000000000000
nk4a: pick->0x0000000000000002
nk4a: sa0-0x0000000000000002 root=0x0x00000000034c1000 cur=0x0x000000001dfde000
nk4a: gs2 gsbase=0x0x000000001dd340c0
nk4a: probe text va=0x0x000000001dbf5000 -> pa=0x0x000000001dbf5000 fl=0x0x000000000000001b
nk4a: probe stk va=0x0xffff8000003ff000 -> pa=0x0x00000000003ff000 fl=0x0x0000000000000013
nk4a: probe dm va=0x0xffff808000200000 -> pa=0x0x0000000000200000 fl=0x0x0000000000000013
nk4a: cr3-done-0x0x00000000034c1000
nk4a: sa1-after cr3=0x0x00000000034c1000
nk4a: pre-restore- rip=0x0000000000226659 rsp=0x00007fffffff8d78
nk4a: pick->0x0000000000000008
nk4a: sa0-0x0000000000000008 root=0x0x000000001dfde000 cur=0x0x00000000034c1000
nk4a: gs2 gsbase=0x0x000000001dd340c0
nk4a: probe text va=0x0x000000001dbf5000 -> pa=0x0x000000001dbf5000 fl=0x0x000000000000041b
nk4a: probe stk va=0x0xffff8000003ff000 -> pa=0x0x00000000003ff000 fl=0x0x000000000000041b
nk4a: probe dm va=0x0xffff808000200000 -> pa=0x0x0000000000200000 fl=0x0x0000000000000413
nk4a: cr3-done-0x0x000000001dfde000
nk4a: sa1-after cr3=0x0x000000001dfde000
nk4a: pre-restore- rip=0x00000000002014ad rsp=0x00007fffffffc0b8
nk4a: vs0x000000000000016e rip=0x0x00000000002014ad
nk4a: vm-pf recv
nk4a: vm-pf bytes 0000000000000000
nk4a: pick->0x0000000000000002
nk4a: sa0-0x0000000000000002 root=0x0x00000000034c1000 cur=0x0x000000001dfde000
nk4a: gs2 gsbase=0x0x000000001dd340c0
nk4a: probe text va=0x0x000000001dbf5000 -> pa=0x0x000000001dbf5000 fl=0x0x000000000000001b
nk4a: probe stk va=0x0xffff8000003ff000 -> pa=0x0x00000000003ff000 fl=0x0x0000000000000013
nk4a: probe dm va=0x0xffff808000200000 -> pa=0x0x0000000000200000 fl=0x0x0000000000000013
nk4a: cr3-done-0x0x00000000034c1000
nk4a: sa1-after cr3=0x0x00000000034c1000
nk4a: pre-restore- rip=0x0000000000226659 rsp=0x00007fffffff8d78
nk4a: pick->0x0000000000000008
nk4a: sa0-0x0000000000000008 root=0x0x000000001dfde000 cur=0x0x00000000034c1000
nk4a: gs2 gsbase=0x0x000000001dd340c0
nk4a: probe text va=0x0x000000001dbf5000 -> pa=0x0x000000001dbf5000 fl=0x0x000000000000041b
nk4a: probe stk va=0x0xffff8000003ff000 -> pa=0x0x00000000003ff000 fl=0x0x000000000000041b
nk4a: probe dm va=0x0xffff808000200000 -> pa=0x0x0000000000200000 fl=0x0x0000000000000413
nk4a: cr3-done-0x0x000000001dfde000
nk4a: sa1-after cr3=0x0x000000001dfde000
nk4a: pre-restore- rip=0x00000000002014ad rsp=0x00007fffffffc0b8
nk4a: vm-pf recv
nk4a: vm-pf bytes 0000000000000000
nk4a: pick->0x0000000000000002
nk4a: sa0-0x0000000000000002 root=0x0x00000000034c1000 cur=0x0x000000001dfde000
nk4a: gs2 gsbase=0x0x000000001dd340c0
nk4a: probe text va=0x0x000000001dbf5000 -> pa=0x0x000000001dbf5000 fl=0x0x000000000000001b
nk4a: probe stk va=0x0xffff8000003ff000 -> pa=0x0x00000000003ff000 fl=0x0x0000000000000013
nk4a: probe dm va=0x0xffff808000200000 -> pa=0x0x0000000000200000 fl=0x0x0000000000000013
nk4a: cr3-done-0x0x00000000034c1000
nk4a: sa1-after cr3=0x0x00000000034c1000
nk4a: pre-restore- rip=0x0000000000226659 rsp=0x00007fffffff8d78
nk4a: pick->0x0000000000000008
nk4a: sa0-0x0000000000000008 root=0x0x000000001dfde000 cur=0x0x00000000034c1000
nk4a: gs2 gsbase=0x0x000000001dd340c0
nk4a: probe text va=0x0x000000001dbf5000 -> pa=0x0x000000001dbf5000 fl=0x0x000000000000041b
nk4a: probe stk va=0x0xffff8000003ff000 -> pa=0x0x00000000003ff000 fl=0x0x000000000000041b
nk4a: probe dm va=0x0xffff808000200000 -> pa=0x0x0000000000200000 fl=0x0x0000000000000413
nk4a: cr3-done-0x0x000000001dfde000
nk4a: sa1-after cr3=0x0x000000001dfde000
nk4a: pre-restore- rip=0x00000000002014ad rsp=0x00007fffffffc0b8
nk4a: vm-pf recv
nk4a: vm-pf bytes 0000000000000000
nk4a: pick->0x0000000000000002
nk4a: sa0-0x0000000000000002 root=0x0x00000000034c1000 cur=0x0x000000001dfde000
nk4a: gs2 gsbase=0x0x000000001dd340c0
nk4a: probe text va=0x0x000000001dbf5000 -> pa=0x0x000000001dbf5000 fl=0x0x000000000000001b
nk4a: probe stk va=0x0xffff8000003ff000 -> pa=0x0x00000000003ff000 fl=0x0x0000000000000013
nk4a: probe dm va=0x0xffff808000200000 -> pa=0x0x0000000000200000 fl=0x0x0000000000000013
nk4a: cr3-done-0x0x00000000034c1000
nk4a: sa1-after cr3=0x0x00000000034c1000
nk4a: pre-restore- rip=0x0000000000226659 rsp=0x00007fffffff8d78
nk4a: vs0x0000000000000174 rip=0x0x0000000000226659
nk4a: pick->0x0000000000000008
nk4a: sa0-0x0000000000000008 root=0x0x000000001dfde000 cur=0x0x00000000034c1000
nk4a: gs2 gsbase=0x0x000000001dd340c0
nk4a: probe text va=0x0x000000001dbf5000 -> pa=0x0x000000001dbf5000 fl=0x0x000000000000041b
nk4a: probe stk va=0x0xffff8000003ff000 -> pa=0x0x00000000003ff000 fl=0x0x000000000000041b
nk4a: probe dm va=0x0xffff808000200000 -> pa=0x0x0000000000200000 fl=0x0x0000000000000413
nk4a: cr3-done-0x0x000000001dfde000
nk4a: sa1-after cr3=0x0x000000001dfde000
nk4a: pre-restore- rip=0x00000000002014ad rsp=0x00007fffffffc0b8
nk4a: vm-pf recv
nk4a: vm-pf bytes 0000000000000000
nk4a: pick->0x0000000000000002
nk4a: sa0-0x0000000000000002 root=0x0x00000000034c1000 cur=0x0x000000001dfde000
nk4a: gs2 gsbase=0x0x000000001dd340c0
nk4a: probe text va=0x0x000000001dbf5000 -> pa=0x0x000000001dbf5000 fl=0x0x000000000000001b
nk4a: probe stk va=0x0xffff8000003ff000 -> pa=0x0x00000000003ff000 fl=0x0x0000000000000013
nk4a: probe dm va=0x0xffff808000200000 -> pa=0x0x0000000000200000 fl=0x0x0000000000000013
nk4a: cr3-done-0x0x00000000034c1000
nk4a: sa1-after cr3=0x0x00000000034c1000
nk4a: pre-restore- rip=0x0000000000226659 rsp=0x00007fffffff8d78
nk4a: pick->0x0000000000000008
nk4a: sa0-0x0000000000000008 root=0x0x000000001dfde000 cur=0x0x00000000034c1000
nk4a: gs2 gsbase=0x0x000000001dd340c0
nk4a: probe text va=0x0x000000001dbf5000 -> pa=0x0x000000001dbf5000 fl=0x0x000000000000041b
nk4a: probe stk va=0x0xffff8000003ff000 -> pa=0x0x00000000003ff000 fl=0x0x000000000000041b
nk4a: probe dm va=0x0xffff808000200000 -> pa=0x0x0000000000200000 fl=0x0x0000000000000413
nk4a: cr3-done-0x0x000000001dfde000
nk4a: sa1-after cr3=0x0x000000001dfde000
nk4a: pre-restore- rip=0x00000000002014ad rsp=0x00007fffffffc0b8
nk4a: vm-pf recv
nk4a: vm-pf bytes 0000000000000000
nk4a: pick->0x0000000000000002
nk4a: sa0-0x0000000000000002 root=0x0x00000000034c1000 cur=0x0x000000001dfde000
nk4a: gs2 gsbase=0x0x000000001dd340c0
nk4a: probe text va=0x0x000000001dbf5000 -> pa=0x0x000000001dbf5000 fl=0x0x000000000000001b
nk4a: probe stk va=0x0xffff8000003ff000 -> pa=0x0x00000000003ff000 fl=0x0x0000000000000013
nk4a: probe dm va=0x0xffff808000200000 -> pa=0x0x0000000000200000 fl=0x0x0000000000000013
nk4a: cr3-done-0x0x00000000034c1000
nk4a: sa1-after cr3=0x0x00000000034c1000
nk4a: pre-restore- rip=0x0000000000226659 rsp=0x00007fffffff8d78
nk4a: pick->0x0000000000000008
nk4a: sa0-0x0000000000000008 root=0x0x000000001dfde000 cur=0x0x00000000034c1000
nk4a: gs2 gsbase=0x0x000000001dd340c0
nk4a: probe text va=0x0x000000001dbf5000 -> pa=0x0x000000001dbf5000 fl=0x0x000000000000041b
nk4a: probe stk va=0x0xffff8000003ff000 -> pa=0x0x00000000003ff000 fl=0x0x000000000000041b
nk4a: probe dm va=0x0xffff808000200000 -> pa=0x0x0000000000200000 fl=0x0x0000000000000413
nk4a: cr3-done-0x0x000000001dfde000
nk4a: sa1-after cr3=0x0x000000001dfde000
nk4a: pre-restore- rip=0x00000000002014ad rsp=0x00007fffffffc0b8
nk4a: vm-pf recv
nk4a: vm-pf bytes 0000000000000000
nk4a: pick->0x0000000000000002
nk4a: sa0-0x0000000000000002 root=0x0x00000000034c1000 cur=0x0x000000001dfde000
nk4a: gs2 gsbase=0x0x000000001dd340c0
nk4a: probe text va=0x0x000000001dbf5000 -> pa=0x0x000000001dbf5000 fl=0x0x000000000000001b
nk4a: probe stk va=0x0xffff8000003ff000 -> pa=0x0x00000000003ff000 fl=0x0x0000000000000013
nk4a: probe dm va=0x0xffff808000200000 -> pa=0x0x0000000000200000 fl=0x0x0000000000000013
nk4a: cr3-done-0x0x00000000034c1000
nk4a: sa1-after cr3=0x0x00000000034c1000
nk4a: pre-restore- rip=0x0000000000226659 rsp=0x00007fffffff8d78
nk4a: vs0x000000000000017b rip=0x0x0000000000226659
nk4a: pick->0x0000000000000008
nk4a: sa0-0x0000000000000008 root=0x0x000000001dfde000 cur=0x0x00000000034c1000
nk4a: gs2 gsbase=0x0x000000001dd340c0
nk4a: probe text va=0x0x000000001dbf5000 -> pa=0x0x000000001dbf5000 fl=0x0x000000000000041b
nk4a: probe stk va=0x0xffff8000003ff000 -> pa=0x0x00000000003ff000 fl=0x0x000000000000041b
nk4a: probe dm va=0x0xffff808000200000 -> pa=0x0x0000000000200000 fl=0x0x0000000000000413
nk4a: cr3-done-0x0x000000001dfde000
nk4a: sa1-after cr3=0x0x000000001dfde000
nk4a: pre-restore- rip=0x00000000002014ad rsp=0x00007fffffffc0b8
nk4a: vm-pf recv
nk4a: vm-pf bytes 0000000000000000
nk4a: pick->0x0000000000000002
nk4a: sa0-0x0000000000000002 root=0x0x00000000034c1000 cur=0x0x000000001dfde000
nk4a: gs2 gsbase=0x0x000000001dd340c0
nk4a: probe text va=0x0x000000001dbf5000 -> pa=0x0x000000001dbf5000 fl=0x0x000000000000001b
nk4a: probe stk va=0x0xffff8000003ff000 -> pa=0x0x00000000003ff000 fl=0x0x0000000000000013
nk4a: probe dm va=0x0xffff808000200000 -> pa=0x0x0000000000200000 fl=0x0x0000000000000013
nk4a: cr3-done-0x0x00000000034c1000
nk4a: sa1-after cr3=0x0x00000000034c1000
nk4a: pre-restore- rip=0x0000000000226659 rsp=0x00007fffffff8d78
nk4a: pick->0x0000000000000008
nk4a: sa0-0x0000000000000008 root=0x0x000000001dfde000 cur=0x0x00000000034c1000
nk4a: gs2 gsbase=0x0x000000001dd340c0
nk4a: probe text va=0x0x000000001dbf5000 -> pa=0x0x000000001dbf5000 fl=0x0x000000000000041b
nk4a: probe stk va=0x0xffff8000003ff000 -> pa=0x0x00000000003ff000 fl=0x0x000000000000041b
nk4a: probe dm va=0x0xffff808000200000 -> pa=0x0x0000000000200000 fl=0x0x0000000000000413
nk4a: cr3-done-0x0x000000001dfde000
nk4a: sa1-after cr3=0x0x000000001dfde000
nk4a: pre-restore- rip=0x00000000002014ad rsp=0x00007fffffffc0b8
nk4a: vm-pf recv
nk4a: vm-pf bytes 0000000000000000
nk4a: pick->0x0000000000000002
nk4a: sa0-0x0000000000000002 root=0x0x00000000034c1000 cur=0x0x000000001dfde000
nk4a: gs2 gsbase=0x0x000000001dd340c0
nk4a: probe text va=0x0x000000001dbf5000 -> pa=0x0x000000001dbf5000 fl=0x0x000000000000001b
nk4a: probe stk va=0x0xffff8000003ff000 -> pa=0x0x00000000003ff000 fl=0x0x0000000000000013
nk4a: probe dm va=0x0xffff808000200000 -> pa=0x0x0000000000200000 fl=0x0x0000000000000013
nk4a: cr3-done-0x0x00000000034c1000
nk4a: sa1-after cr3=0x0x00000000034c1000
nk4a: pre-restore- rip=0x0000000000226659 rsp=0x00007fffffff8d78
nk4a: pick->0x0000000000000008
nk4a: sa0-0x0000000000000008 root=0x0x000000001dfde000 cur=0x0x00000000034c1000
nk4a: gs2 gsbase=0x0x000000001dd340c0
nk4a: probe text va=0x0x000000001dbf5000 -> pa=0x0x000000001dbf5000 fl=0x0x000000000000041b
nk4a: probe stk va=0x0xffff8000003ff000 -> pa=0x0x00000000003ff000 fl=0x0x000000000000041b
nk4a: probe dm va=0x0xffff808000200000 -> pa=0x0x0000000000200000 fl=0x0x0000000000000413
nk4a: cr3-done-0x0x000000001dfde000
nk4a: sa1-after cr3=0x0x000000001dfde000
nk4a: pre-restore- rip=0x00000000002014ad rsp=0x00007fffffffc0b8
nk4a: vs0x0000000000000181 rip=0x0x00000000002014ad
nk4a: vm-pf recv
nk4a: vm-pf bytes 0000000000000000
nk4a: pick->0x0000000000000002
nk4a: sa0-0x0000000000000002 root=0x0x00000000034c1000 cur=0x0x000000001dfde000
nk4a: gs2 gsbase=0x0x000000001dd340c0
nk4a: probe text va=0x0x000000001dbf5000 -> pa=0x0x000000001dbf5000 fl=0x0x000000000000001b
nk4a: probe stk va=0x0xffff8000003ff000 -> pa=0x0x00000000003ff000 fl=0x0x0000000000000013
nk4a: probe dm va=0x0xffff808000200000 -> pa=0x0x0000000000200000 fl=0x0x0000000000000013
nk4a: cr3-done-0x0x00000000034c1000
nk4a: sa1-after cr3=0x0x00000000034c1000
nk4a: pre-restore- rip=0x0000000000226659 rsp=0x00007fffffff8d78
nk4a: pick->0x0000000000000008
nk4a: sa0-0x0000000000000008 root=0x0x000000001dfde000 cur=0x0x00000000034c1000
nk4a: gs2 gsbase=0x0x000000001dd340c0
nk4a: probe text va=0x0x000000001dbf5000 -> pa=0x0x000000001dbf5000 fl=0x0x000000000000041b
nk4a: probe stk va=0x0xffff8000003ff000 -> pa=0x0x00000000003ff000 fl=0x0x000000000000041b
nk4a: probe dm va=0x0xffff808000200000 -> pa=0x0x0000000000200000 fl=0x0x0000000000000413
nk4a: cr3-done-0x0x000000001dfde000
nk4a: sa1-after cr3=0x0x000000001dfde000
nk4a: pre-restore- rip=0x00000000002014ad rsp=0x00007fffffffc0b8
nk4a: vm-pf recv
nk4a: vm-pf bytes 0000000000000000
nk4a: pick->0x0000000000000002
nk4a: sa0-0x0000000000000002 root=0x0x00000000034c1000 cur=0x0x000000001dfde000
nk4a: gs2 gsbase=0x0x000000001dd340c0
nk4a: probe text va=0x0x000000001dbf5000 -> pa=0x0x000000001dbf5000 fl=0x0x000000000000001b
nk4a: probe stk va=0x0xffff8000003ff000 -> pa=0x0x00000000003ff000 fl=0x0x0000000000000013
nk4a: probe dm va=0x0xffff808000200000 -> pa=0x0x0000000000200000 fl=0x0x0000000000000013
nk4a: cr3-done-0x0x00000000034c1000
nk4a: sa1-after cr3=0x0x00000000034c1000
nk4a: pre-restore- rip=0x0000000000226659 rsp=0x00007fffffff8d78
nk4a: pick->0x0000000000000008
nk4a: sa0-0x0000000000000008 root=0x0x000000001dfde000 cur=0x0x00000000034c1000
nk4a: gs2 gsbase=0x0x000000001dd340c0
nk4a: probe text va=0x0x000000001dbf5000 -> pa=0x0x000000001dbf5000 fl=0x0x000000000000041b
nk4a: probe stk va=0x0xffff8000003ff000 -> pa=0x0x00000000003ff000 fl=0x0x000000000000041b
nk4a: probe dm va=0x0xffff808000200000 -> pa=0x0x0000000000200000 fl=0x0x0000000000000413
nk4a: cr3-done-0x0x000000001dfde000
nk4a: sa1-after cr3=0x0x000000001dfde000
nk4a: pre-restore- rip=0x00000000002014ad rsp=0x00007fffffffc0b8
nk4a: vm-pf recv
nk4a: vm-pf bytes 0000000000000000
nk4a: pick->0x0000000000000002
nk4a: sa0-0x0000000000000002 root=0x0x00000000034c1000 cur=0x0x000000001dfde000
nk4a: gs2 gsbase=0x0x000000001dd340c0
nk4a: probe text va=0x0x000000001dbf5000 -> pa=0x0x000000001dbf5000 fl=0x0x000000000000001b
nk4a: probe stk va=0x0xffff8000003ff000 -> pa=0x0x00000000003ff000 fl=0x0x0000000000000013
nk4a: probe dm va=0x0xffff808000200000 -> pa=0x0x0000000000200000 fl=0x0x0000000000000013
nk4a: cr3-done-0x0x00000000034c1000
nk4a: sa1-after cr3=0x0x00000000034c1000
nk4a: pre-restore- rip=0x0000000000226659 rsp=0x00007fffffff8d78
nk4a: vs0x0000000000000187 rip=0x0x0000000000226659
nk4a: pick->0x0000000000000008
nk4a: sa0-0x0000000000000008 root=0x0x000000001dfde000 cur=0x0x00000000034c1000
nk4a: gs2 gsbase=0x0x000000001dd340c0
nk4a: probe text va=0x0x000000001dbf5000 -> pa=0x0x000000001dbf5000 fl=0x0x000000000000041b
nk4a: probe stk va=0x0xffff8000003ff000 -> pa=0x0x00000000003ff000 fl=0x0x000000000000041b
nk4a: probe dm va=0x0xffff808000200000 -> pa=0x0x0000000000200000 fl=0x0x0000000000000413
nk4a: cr3-done-0x0x000000001dfde000
nk4a: sa1-after cr3=0x0x000000001dfde000
nk4a: pre-restore- rip=0x00000000002014ad rsp=0x00007fffffffc0b8
nk4a: vm-pf recv
nk4a: vm-pf bytes 0000000000000000
nk4a: pick->0x0000000000000002
nk4a: sa0-0x0000000000000002 root=0x0x00000000034c1000 cur=0x0x000000001dfde000
nk4a: gs2 gsbase=0x0x000000001dd340c0
nk4a: probe text va=0x0x000000001dbf5000 -> pa=0x0x000000001dbf5000 fl=0x0x000000000000001b
nk4a: probe stk va=0x0xffff8000003ff000 -> pa=0x0x00000000003ff000 fl=0x0x0000000000000013
nk4a: probe dm va=0x0xffff808000200000 -> pa=0x0x0000000000200000 fl=0x0x0000000000000013
nk4a: cr3-done-0x0x00000000034c1000
nk4a: sa1-after cr3=0x0x00000000034c1000
nk4a: pre-restore- rip=0x0000000000226659 rsp=0x00007fffffff8d78
nk4a: pick->0x0000000000000008
nk4a: sa0-0x0000000000000008 root=0x0x000000001dfde000 cur=0x0x00000000034c1000
nk4a: gs2 gsbase=0x0x000000001dd340c0
nk4a: probe text va=0x0x000000001dbf5000 -> pa=0x0x000000001dbf5000 fl=0x0x000000000000041b
nk4a: probe stk va=0x0xffff8000003ff000 -> pa=0x0x00000000003ff000 fl=0x0x000000000000041b
nk4a: probe dm va=0x0xffff808000200000 -> pa=0x0x0000000000200000 fl=0x0x0000000000000413
nk4a: cr3-done-0x0x000000001dfde000
nk4a: sa1-after cr3=0x0x000000001dfde000
nk4a: pre-restore- rip=0x00000000002014ad rsp=0x00007fffffffc0b8
nk4a: vm-pf recv
nk4a: vm-pf bytes 0000000000000000
nk4a: pick->0x0000000000000002
nk4a: sa0-0x0000000000000002 root=0x0x00000000034c1000 cur=0x0x000000001dfde000
nk4a: gs2 gsbase=0x0x000000001dd340c0
nk4a: probe text va=0x0x000000001dbf5000 -> pa=0x0x000000001dbf5000 fl=0x0x000000000000001b
nk4a: probe stk va=0x0xffff8000003ff000 -> pa=0x0x00000000003ff000 fl=0x0x0000000000000013
nk4a: probe dm va=0x0xffff808000200000 -> pa=0x0x0000000000200000 fl=0x0x0000000000000013
nk4a: cr3-done-0x0x00000000034c1000
nk4a: sa1-after cr3=0x0x00000000034c1000
nk4a: pre-restore- rip=0x0000000000226659 rsp=0x00007fffffff8d78
nk4a: pick->0x0000000000000008
nk4a: sa0-0x0000000000000008 root=0x0x000000001dfde000 cur=0x0x00000000034c1000
nk4a: gs2 gsbase=0x0x000000001dd340c0
nk4a: probe text va=0x0x000000001dbf5000 -> pa=0x0x000000001dbf5000 fl=0x0x000000000000041b
nk4a: probe stk va=0x0xffff8000003ff000 -> pa=0x0x00000000003ff000 fl=0x0x000000000000041b
nk4a: probe dm va=0x0xffff808000200000 -> pa=0x0x0000000000200000 fl=0x0x0000000000000413
nk4a: cr3-done-0x0x000000001dfde000
nk4a: sa1-after cr3=0x0x000000001dfde000
nk4a: pre-restore- rip=0x00000000002014ad rsp=0x00007fffffffc0b8
nk4a: vm-pf recv
nk4a: vm-pf bytes 0000000000000000
nk4a: vs0x000000000000018d rip=0x0x000000000022ac3d
nk4a: pick->0x0000000000000002
nk4a: sa0-0x0000000000000002 root=0x0x00000000034c1000 cur=0x0x000000001dfde000
nk4a: gs2 gsbase=0x0x000000001dd340c0
nk4a: probe text va=0x0x000000001dbf5000 -> pa=0x0x000000001dbf5000 fl=0x0x000000000000001b
nk4a: probe stk va=0x0xffff8000003ff000 -> pa=0x0x00000000003ff000 fl=0x0x0000000000000013
nk4a: probe dm va=0x0xffff808000200000 -> pa=0x0x0000000000200000 fl=0x0x0000000000000013
nk4a: cr3-done-0x0x00000000034c1000
nk4a: sa1-after cr3=0x0x00000000034c1000
nk4a: pre-restore- rip=0x0000000000226659 rsp=0x00007fffffff8d78
nk4a: pick->0x0000000000000008
nk4a: sa0-0x0000000000000008 root=0x0x000000001dfde000 cur=0x0x00000000034c1000
nk4a: gs2 gsbase=0x0x000000001dd340c0
nk4a: probe text va=0x0x000000001dbf5000 -> pa=0x0x000000001dbf5000 fl=0x0x000000000000041b
nk4a: probe stk va=0x0xffff8000003ff000 -> pa=0x0x00000000003ff000 fl=0x0x000000000000041b
nk4a: probe dm va=0x0xffff808000200000 -> pa=0x0x0000000000200000 fl=0x0x0000000000000413
nk4a: cr3-done-0x0x000000001dfde000
nk4a: sa1-after cr3=0x0x000000001dfde000
nk4a: pre-restore- rip=0x00000000002014ad rsp=0x00007fffffffc0b8
nk4a: vm-pf recv
nk4a: vm-pf bytes 0000000000000000
nk4a: pick->0x0000000000000002
nk4a: sa0-0x0000000000000002 root=0x0x00000000034c1000 cur=0x0x000000001dfde000
nk4a: gs2 gsbase=0x0x000000001dd340c0
nk4a: probe text va=0x0x000000001dbf5000 -> pa=0x0x000000001dbf5000 fl=0x0x000000000000001b
nk4a: probe stk va=0x0xffff8000003ff000 -> pa=0x0x00000000003ff000 fl=0x0x0000000000000013
nk4a: probe dm va=0x0xffff808000200000 -> pa=0x0x0000000000200000 fl=0x0x0000000000000013
nk4a: cr3-done-0x0x00000000034c1000
nk4a: sa1-after cr3=0x0x00000000034c1000
nk4a: pre-restore- rip=0x0000000000226659 rsp=0x00007fffffff8d78
nk4a: pick->0x0000000000000008
nk4a: sa0-0x0000000000000008 root=0x0x000000001dfde000 cur=0x0x00000000034c1000
nk4a: gs2 gsbase=0x0x000000001dd340c0
nk4a: probe text va=0x0x000000001dbf5000 -> pa=0x0x000000001dbf5000 fl=0x0x000000000000041b
nk4a: probe stk va=0x0xffff8000003ff000 -> pa=0x0x00000000003ff000 fl=0x0x000000000000041b
nk4a: probe dm va=0x0xffff808000200000 -> pa=0x0x0000000000200000 fl=0x0x0000000000000413
nk4a: cr3-done-0x0x000000001dfde000
nk4a: sa1-after cr3=0x0x000000001dfde000
nk4a: pre-restore- rip=0x00000000002014ad rsp=0x00007fffffffc0b8
nk4a: vm-pf recv
nk4a: vm-pf bytes 0000000000000000
nk4a: pick->0x0000000000000002
nk4a: sa0-0x0000000000000002 root=0x0x00000000034c1000 cur=0x0x000000001dfde000
nk4a: gs2 gsbase=0x0x000000001dd340c0
nk4a: probe text va=0x0x000000001dbf5000 -> pa=0x0x000000001dbf5000 fl=0x0x000000000000001b
nk4a: probe stk va=0x0xffff8000003ff000 -> pa=0x0x00000000003ff000 fl=0x0x0000000000000013
nk4a: probe dm va=0x0xffff808000200000 -> pa=0x0x0000000000200000 fl=0x0x0000000000000013
nk4a: cr3-done-0x0x00000000034c1000
nk4a: sa1-after cr3=0x0x00000000034c1000
nk4a: pre-restore- rip=0x0000000000226659 rsp=0x00007fffffff8d78
nk4a: pick->0x0000000000000008
nk4a: sa0-0x0000000000000008 root=0x0x000000001dfde000 cur=0x0x00000000034c1000
nk4a: gs2 gsbase=0x0x000000001dd340c0
nk4a: probe text va=0x0x000000001dbf5000 -> pa=0x0x000000001dbf5000 fl=0x0x000000000000041b
nk4a: probe stk va=0x0xffff8000003ff000 -> pa=0x0x00000000003ff000 fl=0x0x000000000000041b
nk4a: probe dm va=0x0xffff808000200000 -> pa=0x0x0000000000200000 fl=0x0x0000000000000413
nk4a: cr3-done-0x0x000000001dfde000
nk4a: sa1-after cr3=0x0x000000001dfde000
nk4a: pre-restore- rip=0x00000000002014ad rsp=0x00007fffffffc0b8
nk4a: vm-pf recv
nk4a: vm-pf bytes 0000000000000000
nk4a: pick->0x0000000000000002
nk4a: sa0-0x0000000000000002 root=0x0x00000000034c1000 cur=0x0x000000001dfde000
nk4a: gs2 gsbase=0x0x000000001dd340c0
nk4a: probe text va=0x0x000000001dbf5000 -> pa=0x0x000000001dbf5000 fl=0x0x000000000000001b
nk4a: probe stk va=0x0xffff8000003ff000 -> pa=0x0x00000000003ff000 fl=0x0x0000000000000013
nk4a: probe dm va=0x0xffff808000200000 -> pa=0x0x0000000000200000 fl=0x0x0000000000000013
nk4a: cr3-done-0x0x00000000034c1000
nk4a: sa1-after cr3=0x0x00000000034c1000
nk4a: pre-restore- rip=0x0000000000226659 rsp=0x00007fffffff8d78
nk4a: pick->0x0000000000000008
nk4a: sa0-0x0000000000000008 root=0x0x000000001dfde000 cur=0x0x00000000034c1000
nk4a: gs2 gsbase=0x0x000000001dd340c0
nk4a: probe text va=0x0x000000001dbf5000 -> pa=0x0x000000001dbf5000 fl=0x0x000000000000041b
nk4a: probe stk va=0x0xffff8000003ff000 -> pa=0x0x00000000003ff000 fl=0x0x000000000000041b
nk4a: probe dm va=0x0xffff808000200000 -> pa=0x0x0000000000200000 fl=0x0x0000000000000413
nk4a: cr3-done-0x0x000000001dfde000
nk4a: sa1-after cr3=0x0x000000001dfde000
nk4a: pre-restore- rip=0x00000000002014ad rsp=0x00007fffffffc0b8
nk4a: vm-pf recv
nk4a: vm-pf bytes 0000000000000000
nk4a: pick->0x0000000000000002
nk4a: sa0-0x0000000000000002 root=0x0x00000000034c1000 cur=0x0x000000001dfde000
nk4a: gs2 gsbase=0x0x000000001dd340c0
nk4a: probe text va=0x0x000000001dbf5000 -> pa=0x0x000000001dbf5000 fl=0x0x000000000000001b
nk4a: probe stk va=0x0xffff8000003ff000 -> pa=0x0x00000000003ff000 fl=0x0x0000000000000013
nk4a: probe dm va=0x0xffff808000200000 -> pa=0x0x0000000000200000 fl=0x0x0000000000000013
nk4a: cr3-done-0x0x00000000034c1000
nk4a: sa1-after cr3=0x0x00000000034c1000
nk4a: pre-restore- rip=0x0000000000226659 rsp=0x00007fffffff8d78
nk4a: pick->0x0000000000000008
nk4a: sa0-0x0000000000000008 root=0x0x000000001dfde000 cur=0x0x00000000034c1000
nk4a: gs2 gsbase=0x0x000000001dd340c0
nk4a: probe text va=0x0x000000001dbf5000 -> pa=0x0x000000001dbf5000 fl=0x0x000000000000041b
nk4a: probe stk va=0x0xffff8000003ff000 -> pa=0x0x00000000003ff000 fl=0x0x000000000000041b
nk4a: probe dm va=0x0xffff808000200000 -> pa=0x0x0000000000200000 fl=0x0x0000000000000413
nk4a: cr3-done-0x0x000000001dfde000
nk4a: sa1-after cr3=0x0x000000001dfde000
nk4a: pre-restore- rip=0x00000000002014ad rsp=0x00007fffffffc0b8
nk4a: vm-pf recv
nk4a: vm-pf bytes 0000000000000000
nk4a: pick->0x0000000000000002
nk4a: sa0-0x0000000000000002 root=0x0x00000000034c1000 cur=0x0x000000001dfde000
nk4a: gs2 gsbase=0x0x000000001dd340c0
nk4a: probe text va=0x0x000000001dbf5000 -> pa=0x0x000000001dbf5000 fl=0x0x000000000000001b
nk4a: probe stk va=0x0xffff8000003ff000 -> pa=0x0x00000000003ff000 fl=0x0x0000000000000013
nk4a: probe dm va=0x0xffff808000200000 -> pa=0x0x0000000000200000 fl=0x0x0000000000000013
nk4a: cr3-done-0x0x00000000034c1000
nk4a: sa1-after cr3=0x0x00000000034c1000
nk4a: pre-restore- rip=0x0000000000226659 rsp=0x00007fffffff8d78
nk4a: pick->0x0000000000000008
nk4a: sa0-0x0000000000000008 root=0x0x000000001dfde000 cur=0x0x00000000034c1000
nk4a: gs2 gsbase=0x0x000000001dd340c0
nk4a: probe text va=0x0x000000001dbf5000 -> pa=0x0x000000001dbf5000 fl=0x0x000000000000041b
nk4a: probe stk va=0x0xffff8000003ff000 -> pa=0x0x00000000003ff000 fl=0x0x000000000000041b
nk4a: probe dm va=0x0xffff808000200000 -> pa=0x0x0000000000200000 fl=0x0x0000000000000413
nk4a: cr3-done-0x0x000000001dfde000
nk4a: sa1-after cr3=0x0x000000001dfde000
nk4a: pre-restore- rip=0x00000000002014ad rsp=0x00007fffffffc0b8
nk4a: vm-pf recv
nk4a: vm-pf bytes eb3766666666662e
nk4a: pick->0x0000000000000002
nk4a: sa0-0x0000000000000002 root=0x0x00000000034c1000 cur=0x0x000000001dfde000
nk4a: gs2 gsbase=0x0x000000001dd340c0
nk4a: probe text va=0x0x000000001dbf5000 -> pa=0x0x000000001dbf5000 fl=0x0x000000000000001b
nk4a: probe stk va=0x0xffff8000003ff000 -> pa=0x0x00000000003ff000 fl=0x0x0000000000000013
nk4a: probe dm va=0x0xffff808000200000 -> pa=0x0x0000000000200000 fl=0x0x0000000000000013
nk4a: cr3-done-0x0x00000000034c1000
nk4a: sa1-after cr3=0x0x00000000034c1000
nk4a: pre-restore- rip=0x0000000000211d80 rsp=0x00007fffffff9e08
nk4a: pick->0x0000000000000008
nk4a: sa0-0x0000000000000008 root=0x0x000000001dfde000 cur=0x0x00000000034c1000
nk4a: gs2 gsbase=0x0x000000001dd340c0
nk4a: probe text va=0x0x000000001dbf5000 -> pa=0x0x000000001dbf5000 fl=0x0x000000000000041b
nk4a: probe stk va=0x0xffff8000003ff000 -> pa=0x0x00000000003ff000 fl=0x0x000000000000041b
nk4a: probe dm va=0x0xffff808000200000 -> pa=0x0x0000000000200000 fl=0x0x0000000000000413
nk4a: cr3-done-0x0x000000001dfde000
nk4a: sa1-after cr3=0x0x000000001dfde000
nk4a: pre-restore- rip=0x00000000002014ad rsp=0x00007fffffffc0b8
nk4a: vm-pf recv
nk4a: vm-pf bytes 48b8206622000000
nk4a: pick->0x0000000000000002
nk4a: sa0-0x0000000000000002 root=0x0x00000000034c1000 cur=0x0x000000001dfde000
nk4a: gs2 gsbase=0x0x000000001dd340c0
nk4a: probe text va=0x0x000000001dbf5000 -> pa=0x0x000000001dbf5000 fl=0x0x000000000000001b
nk4a: probe stk va=0x0xffff8000003ff000 -> pa=0x0x00000000003ff000 fl=0x0x0000000000000013
nk4a: probe dm va=0x0xffff808000200000 -> pa=0x0x0000000000200000 fl=0x0x0000000000000013
nk4a: cr3-done-0x0x00000000034c1000
nk4a: sa1-after cr3=0x0x00000000034c1000
nk4a: pre-restore- rip=0x0000000000210d20 rsp=0x00007fffffff9df8
nk4a: kc0x0000000000000009 caller=0x0000000000000002 call=0x0000000000000022
nk4a: pick->0x0000000000000008
nk4a: sa0-0x0000000000000008 root=0x0x000000001dfde000 cur=0x0x00000000034c1000
nk4a: gs2 gsbase=0x0x000000001dd340c0
nk4a: probe text va=0x0x000000001dbf5000 -> pa=0x0x000000001dbf5000 fl=0x0x000000000000041b
nk4a: probe stk va=0x0xffff8000003ff000 -> pa=0x0x00000000003ff000 fl=0x0x000000000000041b
nk4a: probe dm va=0x0xffff808000200000 -> pa=0x0x0000000000200000 fl=0x0x0000000000000413
nk4a: cr3-done-0x0x000000001dfde000
nk4a: sa1-after cr3=0x0x000000001dfde000
nk4a: pre-restore- rip=0x00000000002014ad rsp=0x00007fffffffc0b8
nk4a: vm-pf recv
nk4a: vm-pf bytes 0000000000000000
nk4a: pick->0x0000000000000002
nk4a: sa0-0x0000000000000002 root=0x0x00000000034c1000 cur=0x0x000000001dfde000
nk4a: gs2 gsbase=0x0x000000001dd340c0
nk4a: probe text va=0x0x000000001dbf5000 -> pa=0x0x000000001dbf5000 fl=0x0x000000000000001b
nk4a: probe stk va=0x0xffff8000003ff000 -> pa=0x0x00000000003ff000 fl=0x0x0000000000000013
nk4a: probe dm va=0x0xffff808000200000 -> pa=0x0x0000000000200000 fl=0x0x0000000000000013
nk4a: cr3-done-0x0x00000000034c1000
nk4a: sa1-after cr3=0x0x00000000034c1000
nk4a: pre-restore- rip=0x000000000020ff8d rsp=0x00007fffffff9e10
nk4a: kc0x000000000000000a caller=0x0000000000000002 call=0x000000000000001a
nk4a: kc0x000000000000000b caller=0x0000000000000002 call=0x0000000000000019
nk4a: pick->0x0000000000000008
nk4a: sa0-0x0000000000000008 root=0x0x000000001dfde000 cur=0x0x00000000034c1000
nk4a: gs2 gsbase=0x0x000000001dd340c0
nk4a: probe text va=0x0x000000001dbf5000 -> pa=0x0x000000001dbf5000 fl=0x0x000000000000041b
nk4a: probe stk va=0x0xffff8000003ff000 -> pa=0x0x00000000003ff000 fl=0x0x000000000000041b
nk4a: probe dm va=0x0xffff808000200000 -> pa=0x0x0000000000200000 fl=0x0x0000000000000413
nk4a: cr3-done-0x0x000000001dfde000
nk4a: sa1-after cr3=0x0x000000001dfde000
nk4a: pre-restore- rip=0x00000000002014ad rsp=0x00007fffffffc0b8
nk4a: vm-pf recv
nk4a: vm-pf bytes 0041ffd4488dbc24
nk4a: pick->0x0000000000000002
nk4a: sa0-0x0000000000000002 root=0x0x00000000034c1000 cur=0x0x000000001dfde000
nk4a: gs2 gsbase=0x0x000000001dd340c0
nk4a: probe text va=0x0x000000001dbf5000 -> pa=0x0x000000001dbf5000 fl=0x0x000000000000001b
nk4a: probe stk va=0x0xffff8000003ff000 -> pa=0x0x00000000003ff000 fl=0x0x0000000000000013
nk4a: probe dm va=0x0xffff808000200000 -> pa=0x0x0000000000200000 fl=0x0x0000000000000013
nk4a: cr3-done-0x0x00000000034c1000
nk4a: sa1-after cr3=0x0x00000000034c1000
nk4a: pre-restore- rip=0x000000000020d7a0 rsp=0x00007fffffff9d88
nk4a: pick->0x0000000000000008
nk4a: sa0-0x0000000000000008 root=0x0x000000001dfde000 cur=0x0x00000000034c1000
nk4a: gs2 gsbase=0x0x000000001dd340c0
nk4a: probe text va=0x0x000000001dbf5000 -> pa=0x0x000000001dbf5000 fl=0x0x000000000000041b
nk4a: probe stk va=0x0xffff8000003ff000 -> pa=0x0x00000000003ff000 fl=0x0x000000000000041b
nk4a: probe dm va=0x0xffff808000200000 -> pa=0x0x0000000000200000 fl=0x0x0000000000000413
nk4a: cr3-done-0x0x000000001dfde000
nk4a: sa1-after cr3=0x0x000000001dfde000
nk4a: pre-restore- rip=0x00000000002014ad rsp=0x00007fffffffc0b8
nk4a: vm-pf recv
nk4a: vm-pf bytes 2200000000004889
nk4a: pick->0x0000000000000002
nk4a: sa0-0x0000000000000002 root=0x0x00000000034c1000 cur=0x0x000000001dfde000
nk4a: gs2 gsbase=0x0x000000001dd340c0
nk4a: probe text va=0x0x000000001dbf5000 -> pa=0x0x000000001dbf5000 fl=0x0x000000000000001b
nk4a: probe stk va=0x0xffff8000003ff000 -> pa=0x0x00000000003ff000 fl=0x0x0000000000000013
nk4a: probe dm va=0x0xffff808000200000 -> pa=0x0x0000000000200000 fl=0x0x0000000000000013
nk4a: cr3-done-0x0x00000000034c1000
nk4a: sa1-after cr3=0x0x00000000034c1000
nk4a: pre-restore- rip=0x0000000000215a50 rsp=0x00007fffffff9d18
nk4a: kc0x000000000000000c caller=0x0000000000000002 call=0x000000000000001a
nk4a: kc0x000000000000000d caller=0x0000000000000002 call=0x0000000000000019
nk4a: kc0x000000000000000e caller=0x0000000000000002 call=0x0000000000000004
nk4a: kc0x000000000000000f caller=0x0000000000000002 call=0x000000000000001a
nk4a: kc0x0000000000000010 caller=0x0000000000000002 call=0x0000000000000019
nk4a: kc0x0000000000000011 caller=0x0000000000000002 call=0x0000000000000004
nk4a: kc0x0000000000000012 caller=0x0000000000000002 call=0x000000000000001a
nk4a: kc0x0000000000000013 caller=0x0000000000000002 call=0x0000000000000019
nk4a: kc0x0000000000000014 caller=0x0000000000000002 call=0x0000000000000004
nk4a: kc0x0000000000000015 caller=0x0000000000000002 call=0x000000000000001a
nk4a: kc0x0000000000000016 caller=0x0000000000000002 call=0x0000000000000019
nk4a: kc0x0000000000000017 caller=0x0000000000000002 call=0x0000000000000004
nk4a: kc0x0000000000000018 caller=0x0000000000000002 call=0x000000000000001a
nk4a: kc0x0000000000000019 caller=0x0000000000000002 call=0x0000000000000019
nk4a: kc0x000000000000001a caller=0x0000000000000002 call=0x0000000000000004
nk4a: kc0x000000000000001b caller=0x0000000000000002 call=0x000000000000001a
nk4a: kc0x000000000000001c caller=0x0000000000000002 call=0x0000000000000019
nk4a: kc0x000000000000001d caller=0x0000000000000002 call=0x0000000000000004
nk4a: kc0x000000000000001e caller=0x0000000000000002 call=0x000000000000001a
nk4a: kc0x000000000000001f caller=0x0000000000000002 call=0x0000000000000019
nk4a: kc0x0000000000000020 caller=0x0000000000000002 call=0x0000000000000004
nk4a: kc0x0000000000000021 caller=0x0000000000000002 call=0x000000000000001a
nk4a: kc0x0000000000000022 caller=0x0000000000000002 call=0x0000000000000019
nk4a: kc0x0000000000000023 caller=0x0000000000000002 call=0x0000000000000004
nk4a: kc0x0000000000000024 caller=0x0000000000000002 call=0x000000000000001a
nk4a: kc0x0000000000000025 caller=0x0000000000000002 call=0x0000000000000019
nk4a: kc0x0000000000000026 caller=0x0000000000000002 call=0x0000000000000004
nk4a: kc0x0000000000000027 caller=0x0000000000000002 call=0x000000000000001a
nk4a: kc0x0000000000000028 caller=0x0000000000000002 call=0x0000000000000019
nk4a: kc0x0000000000000029 caller=0x0000000000000002 call=0x0000000000000004
nk4a: kc0x000000000000002a caller=0x0000000000000002 call=0x000000000000001a
nk4a: kc0x000000000000002b caller=0x0000000000000002 call=0x0000000000000019
nk4a: kc0x000000000000002c caller=0x0000000000000002 call=0x0000000000000019
nk4a: kc0x000000000000002d caller=0x0000000000000002 call=0x0000000000000019
nk4a: pick->0x0000000000000008
nk4a: sa0-0x0000000000000008 root=0x0x000000001dfde000 cur=0x0x00000000034c1000
nk4a: gs2 gsbase=0x0x000000001dd340c0
nk4a: probe text va=0x0x000000001dbf5000 -> pa=0x0x000000001dbf5000 fl=0x0x000000000000041b
nk4a: probe stk va=0x0xffff8000003ff000 -> pa=0x0x00000000003ff000 fl=0x0x000000000000041b
nk4a: probe dm va=0x0xffff808000200000 -> pa=0x0x0000000000200000 fl=0x0x0000000000000413
nk4a: cr3-done-0x0x000000001dfde000
nk4a: sa1-after cr3=0x0x000000001dfde000
nk4a: pre-restore- rip=0x00000000002014ad rsp=0x00007fffffffc0b8
nk4a: vm-pf recv
nk4a: vm-pf bytes 000000000048c783
nk4a: pick->0x0000000000000002
nk4a: sa0-0x0000000000000002 root=0x0x00000000034c1000 cur=0x0x000000001dfde000
nk4a: gs2 gsbase=0x0x000000001dd340c0
nk4a: probe text va=0x0x000000001dbf5000 -> pa=0x0x000000001dbf5000 fl=0x0x000000000000001b
nk4a: probe stk va=0x0xffff8000003ff000 -> pa=0x0x00000000003ff000 fl=0x0x0000000000000013
nk4a: probe dm va=0x0xffff808000200000 -> pa=0x0x0000000000200000 fl=0x0x0000000000000013
nk4a: cr3-done-0x0x00000000034c1000
nk4a: sa1-after cr3=0x0x00000000034c1000
nk4a: pre-restore- rip=0x0000000000203be0 rsp=0x00007fffffff9d98
nk4a: pick->0x0000000000000008
nk4a: sa0-0x0000000000000008 root=0x0x000000001dfde000 cur=0x0x00000000034c1000
nk4a: gs2 gsbase=0x0x000000001dd340c0
nk4a: probe text va=0x0x000000001dbf5000 -> pa=0x0x000000001dbf5000 fl=0x0x000000000000041b
nk4a: probe stk va=0x0xffff8000003ff000 -> pa=0x0x00000000003ff000 fl=0x0x000000000000041b
nk4a: probe dm va=0x0xffff808000200000 -> pa=0x0x0000000000200000 fl=0x0x0000000000000413
nk4a: cr3-done-0x0x000000001dfde000
nk4a: sa1-after cr3=0x0x000000001dfde000
nk4a: pre-restore- rip=0x00000000002014ad rsp=0x00007fffffffc0b8
nk4a: vm-pf recv
nk4a: vm-pf bytes 0000000000000000
nk4a: pick->0x0000000000000002
nk4a: sa0-0x0000000000000002 root=0x0x00000000034c1000 cur=0x0x000000001dfde000
nk4a: gs2 gsbase=0x0x000000001dd340c0
nk4a: probe text va=0x0x000000001dbf5000 -> pa=0x0x000000001dbf5000 fl=0x0x000000000000001b
nk4a: probe stk va=0x0xffff8000003ff000 -> pa=0x0x00000000003ff000 fl=0x0x0000000000000013
nk4a: probe dm va=0x0xffff808000200000 -> pa=0x0x0000000000200000 fl=0x0x0000000000000013
nk4a: cr3-done-0x0x00000000034c1000
nk4a: sa1-after cr3=0x0x00000000034c1000
nk4a: pre-restore- rip=0x0000000000226326 rsp=0x00007fffffffc350
nk4a: pick->0x0000000000000008
nk4a: sa0-0x0000000000000008 root=0x0x000000001dfde000 cur=0x0x00000000034c1000
nk4a: gs2 gsbase=0x0x000000001dd340c0
nk4a: probe text va=0x0x000000001dbf5000 -> pa=0x0x000000001dbf5000 fl=0x0x000000000000041b
nk4a: probe stk va=0x0xffff8000003ff000 -> pa=0x0x00000000003ff000 fl=0x0x000000000000041b
nk4a: probe dm va=0x0xffff808000200000 -> pa=0x0x0000000000200000 fl=0x0x0000000000000413
nk4a: cr3-done-0x0x000000001dfde000
nk4a: sa1-after cr3=0x0x000000001dfde000
nk4a: pre-restore- rip=0x00000000002014ad rsp=0x00007fffffffc0b8
nk4a: vm-pf recv
nk4a: vm-pf bytes a802751931d24c8b
nk4a: pick->0x0000000000000002
nk4a: sa0-0x0000000000000002 root=0x0x00000000034c1000 cur=0x0x000000001dfde000
nk4a: gs2 gsbase=0x0x000000001dd340c0
nk4a: probe text va=0x0x000000001dbf5000 -> pa=0x0x000000001dbf5000 fl=0x0x000000000000001b
nk4a: probe stk va=0x0xffff8000003ff000 -> pa=0x0x00000000003ff000 fl=0x0x0000000000000013
nk4a: probe dm va=0x0xffff808000200000 -> pa=0x0x0000000000200000 fl=0x0x0000000000000013
nk4a: cr3-done-0x0x00000000034c1000
nk4a: sa1-after cr3=0x0x00000000034c1000
nk4a: pre-restore- rip=0x0000000000225062 rsp=0x00007fffffffc130
nk4a: pick->0x0000000000000008
nk4a: sa0-0x0000000000000008 root=0x0x000000001dfde000 cur=0x0x00000000034c1000
nk4a: gs2 gsbase=0x0x000000001dd340c0
nk4a: probe text va=0x0x000000001dbf5000 -> pa=0x0x000000001dbf5000 fl=0x0x000000000000041b
nk4a: probe stk va=0x0xffff8000003ff000 -> pa=0x0x00000000003ff000 fl=0x0x000000000000041b
nk4a: probe dm va=0x0xffff808000200000 -> pa=0x0x0000000000200000 fl=0x0x0000000000000413
nk4a: cr3-done-0x0x000000001dfde000
nk4a: sa1-after cr3=0x0x000000001dfde000
nk4a: pre-restore- rip=0x00000000002014ad rsp=0x00007fffffffc0b8
nk4a: vm-pf recv
nk4a: vm-pf bytes 2c0100000d000000
nk4a: pick->0x0000000000000002
nk4a: sa0-0x0000000000000002 root=0x0x00000000034c1000 cur=0x0x000000001dfde000
nk4a: gs2 gsbase=0x0x000000001dd340c0
nk4a: probe text va=0x0x000000001dbf5000 -> pa=0x0x000000001dbf5000 fl=0x0x000000000000001b
nk4a: probe stk va=0x0xffff8000003ff000 -> pa=0x0x00000000003ff000 fl=0x0x0000000000000013
nk4a: probe dm va=0x0xffff808000200000 -> pa=0x0x0000000000200000 fl=0x0x0000000000000013
nk4a: cr3-done-0x0x00000000034c1000
nk4a: sa1-after cr3=0x0x00000000034c1000
nk4a: pre-restore- rip=0x0000000000224aac rsp=0x00007fffffffc0d0
nk4a: pick->0x0000000000000008
nk4a: sa0-0x0000000000000008 root=0x0x000000001dfde000 cur=0x0x00000000034c1000
nk4a: gs2 gsbase=0x0x000000001dd340c0
nk4a: probe text va=0x0x000000001dbf5000 -> pa=0x0x000000001dbf5000 fl=0x0x000000000000041b
nk4a: probe stk va=0x0xffff8000003ff000 -> pa=0x0x00000000003ff000 fl=0x0x000000000000041b
nk4a: probe dm va=0x0xffff808000200000 -> pa=0x0x0000000000200000 fl=0x0x0000000000000413
nk4a: cr3-done-0x0x000000001dfde000
nk4a: sa1-after cr3=0x0x000000001dfde000
nk4a: pre-restore- rip=0x00000000002014ad rsp=0x00007fffffffc0b8
nk4a: vm-pf recv
nk4a: vm-pf bytes 0000000000000000
nk4a: pick->0x0000000000000002
nk4a: sa0-0x0000000000000002 root=0x0x00000000034c1000 cur=0x0x000000001dfde000
nk4a: gs2 gsbase=0x0x000000001dd340c0
nk4a: probe text va=0x0x000000001dbf5000 -> pa=0x0x000000001dbf5000 fl=0x0x000000000000001b
nk4a: probe stk va=0x0xffff8000003ff000 -> pa=0x0x00000000003ff000 fl=0x0x0000000000000013
nk4a: probe dm va=0x0xffff808000200000 -> pa=0x0x0000000000200000 fl=0x0x0000000000000013
nk4a: cr3-done-0x0x00000000034c1000
nk4a: sa1-after cr3=0x0x00000000034c1000
nk4a: pre-restore- rip=0x000000000021eb4b rsp=0x00007fffffffc190
nk4a: kc0x000000000000002e caller=0x0000000000000002 call=0x000000000000002c
servers/rs/src/main.rs:86: RS boot failed: Errno(22) (boot diagnostic: Some(Kernel(Errno(22))))
nk4a: picknone rs_flags=0x0x0000000000000004
