path	size_bytes	mtime_epoch	sha256	git_status
notes/README.md	28	1778163612	894ab602d749abffd2bb34b473376ce06c02cbdfb75548b9f5973f8a60221486	tracked
notes/TODO.md	7521	1788707303	fab23be5b20a677f789503901ec10b91bbf11f9fa425ba3a8d65e5b57b2fd967	tracked
notes/redesign/architecture-changes.md	9344	1788707303	1d75b930cdfef81ead087b31090742a11d7d1aaba01e638a6d3de458ddab59c5	tracked
notes/redesign/endpoint_redesign.md	15240	1788707303	cd46a8a465e74022128ab9f0c76cb8c0b2c03c3b5a26ae6993e938b5fffe0971	tracked
notes/redesign/fork-redesign.md	8502	1788707303	04ada4ea6cc2714b81a32c6e891e68808995e2bc88d5b9350aaeb603ffe43253	tracked
notes/redesign/improve_minix.md	74982	1788707303	7f99a9ec250b1d8507fec3a5bfed4899cbf3ca7bb479b43e817918f907c93fce	tracked
notes/redesign/improve_minix.md.backup	74982	1774805029	7f99a9ec250b1d8507fec3a5bfed4899cbf3ca7bb479b43e817918f907c93fce	ignored
notes/redesign/improve_minix_refactored.md	82726	1788707303	5d11d56e1f68235a374a5b24e2d1b6e9fa7a35908b58dd06e1434c6e3a6b5f10	tracked
notes/redesign/improve_minix_refactored.md.backup	82726	1774805029	5d11d56e1f68235a374a5b24e2d1b6e9fa7a35908b58dd06e1434c6e3a6b5f10	ignored
notes/redesign/ipc-improve.md	24044	1788707303	71560057db2f8cac4db112ba5fe960b57271ac60ba2da6a952b2af98377ffbcf	tracked
notes/redesign/microkernel-closure-design.md	8976	1788707303	04fa5939584377a373aaa847bd5814e6ea511ae66819e20636b576d98f178be4	tracked
notes/redesign/microkernel-cohesion-design.md	9038	1788707303	1666bf8aed953fb104be9f2dc9ef1976707dc5e406b8c64e956e398beae94855	tracked
notes/redesign/redesign.md	4605	1788707303	865587e5c53b6793a685a2ff5bc87fd241eba61936a1df635edb48335fa5ab84	tracked
notes/redesign/semantic-modules.md	11710	1788707303	5db320a1b4c17bb0270da62c128b15de30c82b4be887d407fa6281b4771bd157	tracked
notes/rewrite/README.md	4081	1778163612	6ffcb5e8c930ea47d63ec5facc90d7573cc74ed019adeee7f66df8ee8133abd0	tracked
notes/rewrite/RECONSTRUCTION-PRINCIPLES.md	4340	1788707303	acafc145b69fa8636c11915fede6a00ef9ce65638e0bcad08b06e775ec46e2b9	tracked
notes/rewrite/arch_mapping.md	14795	1788707303	b1cd9e632a9a67b8a074ba758766d4bd71b554a3219f275d4473bcbe6b799d69	tracked
notes/rewrite/elf-loader.md	5444	1788707303	14a38c8af144157a41a36ab63964eb996dc21286f90e55974013abd7c4956678	tracked
notes/rewrite/invariant.md	102827	1788707303	b43178372e6e7aa58f54ba8ee3365909cfad0f135968a9035242189f318ae0ca	tracked
notes/rewrite/ipc-sendrec.md	16994	1790157934	407311a9f3eefbb78ab1bec76cc5318a63eea7d1e72df181df40523786b2f36c	tracked
notes/rewrite/minimal-skeleton.md	4728	1788707303	af708935314ebbae5de928c1abf8b3c8a72fabaee3117909efd78b477eceae2f	tracked
notes/rewrite/misc.md	25900	1788707303	98d4906c18bc6c5eaec8ce75019db5898345b5da6c669e216b18fb9b2525773c	tracked
notes/rewrite/modern-hardware-and-rust.md	69996	1788707303	08158ab8a25584ceb74c2f22b025d41b73684e06ffc5b813c5696fcc3991aae5	tracked
notes/rewrite/project-plan.md	21948	1778163612	43a1c902e9c11a2de8cd8d730f32238b5b1d6048f978f519c6ed1939bdcf3602	tracked
notes/rewrite/project-structure.md	9462	1788707303	ca90ab7b7a54abbe54c4fe6045e55e1d928acaa5b1db6a720499c0f5135ea296	tracked
notes/rewrite/rewrite-strategy.md	3820	1788707303	d67440ff0a7d4d09837b4d76b550be16275d7be9240c93be9d5f9f1bf915c0be	tracked
notes/rewrite/rewrite.md	7532	1788707303	835c84e58da0aacb0c46a3944ba22615863b523141bc3c16e2fdefabf4c663b1	tracked
notes/rewrite/vertical-slice-strategy.md	5909	1788707303	4ece6f829c23279c6e8e5c35ceea0793071df6ef449d59b14a7c36cab24bdade	tracked
notes/rewrite/archive_bak/checklist.md	15372	1788707303	25d8304ec4ce06d1eeeaa477f5326f1f97a87bb3ea2771605e7ec4ac9585e540	tracked
notes/rewrite/archive_bak/fork-all-layers-deep-analysis.md	26948	1788707303	e9f99be1c9c0ae7ea886d224693c6ba7cb91c6d6ddc625ae05b13f342c23a484	tracked
notes/rewrite/archive_bak/fork-c-code-all.md	3015	1788707303	a75081e5b4cb8a326d6238d9769779b6ea73fdaa26dc36180b5bcc41eb722228	tracked
notes/rewrite/archive_bak/fork-rewr-01.md	44488	1788707303	268855938a6400a6a70ec0b572511f140c8a5cf1e7707531a37732127d632ec2	tracked
notes/rewrite/archive_bak/fork-rewr-01.md.bak	92852	1775744845	1dde956c7fefe3ae0ffb88e1da1179755bbbb78e4901f4cf5fd5d1757c0a97a8	ignored
notes/rewrite/archive_bak/fork-rewr-01.md.bak.2	15266	1788707303	8ba6f5dda410a38b84092c5e2a890067d08154c6f74e56f7f82314b4268616f6	tracked
notes/rewrite/archive_bak/fork-rewr-01.md.bak3	44488	1788707303	268855938a6400a6a70ec0b572511f140c8a5cf1e7707531a37732127d632ec2	tracked
notes/rewrite/archive_bak/fork-rewr-02-chat.md	47378	1788707303	010234a888b8b53645d61b3e3e1a4e93ee14e28b377cb7abb85b6d10c02c66e0	tracked
notes/rewrite/archive_bak/fork-rewr-02.md.bak	27581	1775744845	529597c9b5ef7d1c6e822ad965b8bbe6659fe8c3c69e8923c1d6802c1835bd5b	ignored
notes/rewrite/archive_bak/fork-rewr-02.md.bak2	16716	1788707303	67a08b78a6e3e6c0db8ffbe1e4b8f3c36a666b6daba7b78ccdf788baab75edd7	tracked
notes/rewrite/archive_bak/fork-rewr-02.md.bak3	22385	1788707303	32b81c42d827a31e669be53dd0edf8663d2492d7b2dc45d63fb6017c695698ff	tracked
notes/rewrite/archive_bak/fork-rewr-03-chat.md	16342	1788707303	db295c1ab55f2cdf6cb01c3324d559f6433c3acae9e56c7c83cf8b9f0cf0c14e	tracked
notes/rewrite/archive_bak/fork-rewr-03.md	24265	1788707303	1ec7be7cf12d1961c7a311125eb96d0e5d8625a1c7328c212bdcb4e8c03544ec	tracked
notes/rewrite/archive_bak/fork-rewr-03.md.bak3	21430	1788707303	2611c3020829a3613516602177f2b60c61ff51fbde2f7d9685285bd30e9a8b9b	tracked
notes/rewrite/archive_bak/fork-rewr-04-backup.md	20790	1788707303	beaf91cd567523dcd02cd608134033d83bd963959f3471850590710d5b2b5665	tracked
notes/rewrite/archive_bak/fork-rewr-04-backup2.md	27445	1788707303	0dd686ff371ceb0afdf628368326f53e954ecd91631c053730ec8de1d0ca248a	tracked
notes/rewrite/archive_bak/fork-rewr-04-chat.md	19708	1788707303	4030937fc920c11f17071526c9dde547bf87c9bd21227022dcf2542da0385f97	tracked
notes/rewrite/archive_bak/fork-rewr-04.md	32855	1788707303	04ce5c5058299ad85344b7afaab68b7ca5c4aefa203385792fc23fc126f3214d	tracked
notes/rewrite/archive_bak/fork-rewr-05.md	16337	1788707303	08709a58fe9e11fa08ef7632007d9d288aca7090a9200beb2e6400a56dc4872a	tracked
notes/rewrite/archive_bak/fork-rewrite-01.md	44088	1788707303	5d47546a40c7a756f6994fb4c0ca273e65e4d0c30b2d80c4975378aeeb733c8b	tracked
notes/rewrite/archive_bak/fork-rewrite-01.md.bak2	36748	1788707303	ee9e75268ba7f0f11aac54b3f348931bd1dc4517534849a05741ffc3f1926c45	tracked
notes/rewrite/archive_bak/fork-rewrite-02.md	29877	1788707303	15bdc43ab44b5d95233322cec201b8418773f6c83d51883b7dc79b9bdbdee2aa	tracked
notes/rewrite/archive_bak/fork-rewrite-03.md	6749	1788707303	a065098be2e15d9531e725e286454f7de46d18b2a9ec7c2d1d34459b84efa493	tracked
notes/rewrite/archive_bak/fork-rewrite-04.md	6608	1788707303	ff546d7c59f37adf840ec9558e62c9fd40041a079a9fe9255d069e69f2afe448	tracked
notes/rewrite/archive_bak/fork-rewrite-05.md	4770	1788707303	bbadc98565377d1f65d00d573faeaa1db1227139b4d6b31731172b536a6fe682	tracked
notes/rewrite/archive_bak/fork-rewrite-06.md	2512	1788707303	acf0c1e0eed329e842f6b02adcd1bb168a1e5dd2ea5419950d4451f84c059dc2	tracked
notes/rewrite/archive_bak/fork-step-by-step-guide.md	20956	1788707303	a0bd7bf8fc3021e0e3286f67556c9631f1c2561c7f3e636d0286402ffcc5a50c	tracked
notes/rewrite/archive_bak/fork-syscall-plan-backup.md	1813	1788707303	20a302e2d502f5067a994fe7b3533faa0d0ee4e908a5fe6617c1475efaf5286e	tracked
notes/rewrite/archive_bak/fork-syscall-plan-part1-backup.md	27271	1788707303	ea2a9118407576cba3824e88c9fb9bdddeb024e5a8c72cf5110f6ebeb398b728	tracked
notes/rewrite/archive_bak/fork-syscall-plan-part1.md	6615	1788707303	675f5a5cef922e976a4156c60c1ef0c77cadf323e6ea4c7f635ad82f2ff2d9a9	tracked
notes/rewrite/archive_bak/fork-syscall-plan-part2-backup.md	16161	1788707303	0876bd5b3de7aa73204eea37299d7db7a02d4f2fc5d514cf3382a574bf2414d8	tracked
notes/rewrite/archive_bak/fork-syscall-plan-part2.md	5972	1788707303	2748480b26444e757a5cff9ba7e76e8a4c9f6e0df55c44220e239161b01801d3	tracked
notes/rewrite/archive_bak/fork-syscall-plan-part3-backup.md	8828	1788707303	c462bcb5b0c1d0cc7618b2ea8ae08d38865f8f184840b68ccd6a43891895c2b0	tracked
notes/rewrite/archive_bak/fork-syscall-plan-part3.md	27086	1788707303	3cc3680efe1b5f499244cbbc1492c4e8073fb8137c0f4a2014e376248ce99f20	tracked
notes/rewrite/archive_bak/fork-syscall-plan.md	4194	1788707303	f084b80fb1a293cc6795f6777de11e2222dd9540c6536d949173ad2062c013ed	tracked
notes/rewrite/archive_bak/fork-syscall-plan.md.bak	33242	1775744845	6552c19aca298c21cae4d797f4248e52563bc968a519785f08b5117067ad4614	ignored
notes/rewrite/archive_bak/mp-flags-analysis.md	16896	1788707303	56be225a0c571555444f4f0f33b6d2e7127e66f52af1bf5c7a546e2db318c4d5	tracked
notes/rewrite/archive_bak/plan.md	6423	1788707303	a3ffe3102a7e93ce880f7abe029a1cec24531d16fcf6bed0fe814ea596aded34	tracked
notes/rewrite/archive_bak/spec.md	30309	1788707303	bffdb3c0b6ac3eff7d42a09b9868b320acc1a51a5936d70bb79f76b4ebb4d8d3	tracked
notes/rewrite/archive_bak/tasks.md	23185	1788707303	6fc16b115ea3ae78889d96d5b28c36a9f28f88baff5bafc985881ae6be75b987	tracked
notes/rewrite/concepts/README.md	2886	1786645398	2bc02eb606a3c4f96b4428d316623fbd1744b18784a530d075d78eb735cf4110	tracked
notes/rewrite/concepts/capability.md	20263	1786645398	721bc6b132a7eae83c154a1f7957eebe330c362a5406d2bd92e1ce21c637200c	tracked
notes/rewrite/concepts/drop-in-kernel-risks.md	60584	1778163612	24c3d7221a230b33596d163d7def9a28193340984fa2ed1db257e733de7729dc	tracked
notes/rewrite/concepts/endpoint.md	33415	1778163612	d6ba7a865283de4289e11e71ff38346c44d9468f12ac2257a90c62f8dc4138dc	tracked
notes/rewrite/concepts/fail-stop.md	5044	1786645398	8d71c43cfae2e5dff8071f14415d8be763ac30bf56c7590376e42da0ef84f104	tracked
notes/rewrite/concepts/typestate.md	13484	1786645398	5525886eb364da2c3c183dc6bef22454e76bfec744472c9759fb96139e34f41d	tracked
notes/rewrite/fork-syscall-rewrite/ADDRESS-CONSTANT-AUDIT.md	40602	1791142736	25b6f0aefb2c3c4843dce2928bfdf096b69cc29b5a6b76548086edc70c8065aa	tracked
notes/rewrite/fork-syscall-rewrite/HANDOFF-NK4A-boot-first-light.md	8266	1789998309	41f4942f8ae6f54e006742b9eceac53255cda3f68246940c931e349c4e7d3994	tracked
notes/rewrite/fork-syscall-rewrite/HANDOFF-NK4A-review-and-redo.md	13513	1790003750	87ae3ffe6648651d26432c2c44370f354c31de2cf326cb6579c5ca0a38a19422	tracked
notes/rewrite/fork-syscall-rewrite/MISC-CONCEPTS-SESSION-HANDOFF-20260927.md	12297	1790707247	1f8bbaed3a76bc7d946fa812d3ed84e08f7af6fb77369b9baa8c15f4ec7d4b5e	tracked
notes/rewrite/fork-syscall-rewrite/NK4-REGRESSION-REVIEW-20260922-PART2.md	7880	1790090855	f459564cba666b8fad4fe3b1db6650a6c343d1c8a9a752203be86bb6ec37309d	tracked
notes/rewrite/fork-syscall-rewrite/NK4-REGRESSION-REVIEW-20260922.md	11196	1790090173	6243d1a542bf365302b573671355c73f8d2e59cc7aa68fe2b21ac298c010e548	tracked
notes/rewrite/fork-syscall-rewrite/NK4A-HANDOFF-STATUS.md	32056	1791358391	ef96f2224b27d80cc5d2afee2d4246df1443afd4ae7a81fc6167d903022558c3	tracked
notes/rewrite/fork-syscall-rewrite/NK4A-QWEN-OPENING-PROMPT.md	6485	1790054217	3f56dbe45d1925e9f5f82e36cc2dff485faa48a66a3736fdcff4447710af60ce	tracked
notes/rewrite/fork-syscall-rewrite/NK4A-QWEN-WORKLOG.md	31515	1790067505	1761b77cc7a7233928196e07005a4ad837858b11f6fa5bcac4e064738477a2aa	tracked
notes/rewrite/fork-syscall-rewrite/NK4A-REVIEW-REPORT.md	17725	1790005762	0f576fbfe3951b4f20fa7784fccdae7474a49b2cbe49ac1a586e21bcb9a320a0	tracked
notes/rewrite/fork-syscall-rewrite/NK4A-TODO.md	15934	1790111267	106ee5fa576cbc36a82344b6732cb21d4fc87cd861a3c4adcc6ec3302f827c34	tracked
notes/rewrite/fork-syscall-rewrite/NK4B-OPENING-PROMPT.md	4829	1790069478	38b42bc3427e13b4762c7d89c3cbf32e16bd11352f453c94593a588bce1f6247	tracked
notes/rewrite/fork-syscall-rewrite/NK4B-TODO.md	9527	1790111267	bebb6b65b62bd7645deb7921dbbfc28e612e9badba90cb0a36f64ce3cdd9dff4	tracked
notes/rewrite/fork-syscall-rewrite/NK4B-WORKLOG.md	182037	1790105686	8c65dcbbaa447a32f2f83b5fa7cf36bd2d7a32292947e4ccd5e864194c0b89cc	tracked
notes/rewrite/fork-syscall-rewrite/NK4C-AARCH64-EXEC-REBIND-LIVELOCK.md	22235	1790604161	2b0aea366e47d2076a90c77474bff9818465dd0da8614a535a3dc8c0e42ccdad	tracked
notes/rewrite/fork-syscall-rewrite/NK4C-BUG-AARCH64-VEC-CAP-GLM.md	18926	1790590405	e74f8dccd0c372b5687a476f0192c07486ca970f98659b86a26f947bdd548edb	tracked
notes/rewrite/fork-syscall-rewrite/NK4C-BUG-AARCH64-VEC-CAP.md	11350	1790588843	2f30b4370af49e0660292dd78a90495af1675896a50204c133ab31d5ee810266	tracked
notes/rewrite/fork-syscall-rewrite/NK4C-BUG-RISCV64-MEMORY-CORRUPTION.md	109925	1791292597	97363abff660d35d5db87fdfdb4d3bcb1177732ffe1d0494a53ce0aaba1c1cc7	tracked
notes/rewrite/fork-syscall-rewrite/NK4C-BUG-RISCV64-TRANSIENT-PTE.md	110257	1791184628	7b0abc44ea75900c6b2b51eb92d65a47467263001c110978abb161d6a3f169c5	tracked
notes/rewrite/fork-syscall-rewrite/NK4C-GLM53-PROMPT.md	8138	1790595616	91ad328b36984b9d93136714e2254770a554d1b5c7228072896a0e7a42bf49de	tracked
notes/rewrite/fork-syscall-rewrite/NK4C-MIGRATION-20260930.md	19702	1790706897	24c96fbc083c1bdfe02436075b3ab3407c51a5d591164c805e69755e6c555476	tracked
notes/rewrite/fork-syscall-rewrite/NK4C-NEW-MACHINE-OPENING-PROMPT.txt	2750	1790707344	83b3fc8eca0e54a6212411d4bab35e50d5331a74ce3069903db1b40d69037706	tracked
notes/rewrite/fork-syscall-rewrite/NK4C-OPENING-PROMPT.md	23102	1790177218	83ec51593e647f3f0848d8a7ca87471ebfdd86bd072b316f6680988b9d347ba4	tracked
notes/rewrite/fork-syscall-rewrite/NK4C-QEMU-ENVIRONMENTS.md	13117	1791124285	e9fa0cf9ceacd3ae7bb27367c75cb6a01acebe77f6d23c79df379e53e1b5b6a1	tracked
notes/rewrite/fork-syscall-rewrite/NK4C-R3-P1-AUDIT-TABLE-20260927.txt	24115	1790707130	47bcca3cfbee9f008d3bdd52b54e2ccb1ed19ad7ed75d1f6f1152d5e61e2093a	tracked
notes/rewrite/fork-syscall-rewrite/NK4C-R31-P1-AUDIT-TABLE-20260930.txt	20955	1790778135	b9f9cf6b4deba0da488908502d21d5a9a152a4bd05916e778563e1659750d296	tracked
notes/rewrite/fork-syscall-rewrite/NK4C-R32-P1-AUDIT-TABLE-20261004.txt	42830	1791054809	5a4734728af83c5fde37250b67a421005b63d15d845e0454c32754b8ef4386ad	tracked
notes/rewrite/fork-syscall-rewrite/NK4C-R33-P1-AUDIT-TABLE-20261005.txt	12330	1791140615	1f4b528f0077a10561f2cdbdc8fc3bab45c114d8df6f691d52a0bb95f509bc48	tracked
notes/rewrite/fork-syscall-rewrite/NK4C-R34-P1-AUDIT-TABLE-20261006.txt	9363	1791220149	48245488ee244033716a0ceacf6a99c64b8a0539384344715745a6df88d579c1	tracked
notes/rewrite/fork-syscall-rewrite/NK4C-RESUME-PROMPT.md	30188	1790726493	eeb8b8b009f115523399a4e9e97daae250c258faaad406f40357fb60514b515d	tracked
notes/rewrite/fork-syscall-rewrite/NK4C-RETRO-AUDIT-20261001.md	33038	1790877636	19fe46e91df041560e5042eae06e18919006fb0f3efd4c827612f102a58fb596	tracked
notes/rewrite/fork-syscall-rewrite/NK4C-REVIEW-REPORT-20260923-R2.md	8925	1790177330	e641ef8fae203473705ff73761768fd0876ad2b49a9ad98425725bc1d55556f6	tracked
notes/rewrite/fork-syscall-rewrite/NK4C-REVIEW-REPORT-20260923.md	11078	1790176580	fce2d29695f49e6b4cc91004adf62cd36e6df2a80a42f743d71660d3be916bf6	tracked
notes/rewrite/fork-syscall-rewrite/NK4C-REVIEW-REPORT-20260927-R3.md	22405	1790498841	56e2dfdcf8436a4ca4aac5a52d40482726910f6c44d8e5ab502b2c6af2eecb16	tracked
notes/rewrite/fork-syscall-rewrite/NK4C-REVIEW-REPORT-R31-20260930.md	20080	1790780324	3efb919234b4d0d90c0527590975412f58bc73cb93f6fcf0d2c7854bf1003c90	tracked
notes/rewrite/fork-syscall-rewrite/NK4C-REVIEW-REPORT-R32-20261004.md	22258	1791057224	c6a84764a1042cdef44d5f6980ec7eaefd20f61a178cae4da3c2458fde1e54f8	tracked
notes/rewrite/fork-syscall-rewrite/NK4C-REVIEW-REPORT-R33-20261005.md	20464	1791142622	8a6f59099cb47296ce865468c10dc110ab3e04fdfdba643f1b19b28522f739bb	tracked
notes/rewrite/fork-syscall-rewrite/NK4C-REVIEW-REPORT-R34-20261006.md	15434	1791223530	48026e1b00d879023a24a9d7deb615d606955db21c103fd09409a63d9b39ba58	tracked
notes/rewrite/fork-syscall-rewrite/NK4C-REVIEWER-SESSION-RECORD-20260930.md	13462	1790707321	edfc111771a89f412cae8ca488d86ee5617727ea95e67ebadd8cc9fc36342f40	tracked
notes/rewrite/fork-syscall-rewrite/NK4C-WORKLOG.md	2625867	1791346750	5b2c0be3a316bdd4d2b212acc81e373098d8ee760ad4b148d0c229df7d989a6d	tracked
notes/rewrite/fork-syscall-rewrite/NK4C-接续PROMPT-20261002.md	11453	1790977611	fc81ef2763402ef22198b17e6b2dbcc5ea1f019a569e3a8a6d9fd2d20720de78	tracked
notes/rewrite/fork-syscall-rewrite/NK4C-接续PROMPT-20261003.md	15338	1790996379	35c3a22938a18408c1b69a51e3f51e4bd4bf9d57cf57df737d52ccfbbc6c40ef	tracked
notes/rewrite/fork-syscall-rewrite/NK4C-接续PROMPT-20261005.md	10985	1791131764	a501a575d6e980754df35d783c1a8913247b6653117dc3ab5afe49dc88a9b10d	tracked
notes/rewrite/fork-syscall-rewrite/NK4C-接续PROMPT-20261005b.md	9339	1791186968	60f9800cc392225a16f3e154f7fb5dcf0e1ce8cc2fa86afffb9da23a632f595f	tracked
notes/rewrite/fork-syscall-rewrite/NK4C-接续PROMPT-20261005c.md	20706	1791216135	60f41bc38a5a4f74aaf564fd59971a0f81c901fa37cc689082676b3c97eadb9b	tracked
notes/rewrite/fork-syscall-rewrite/NK4C-接续PROMPT-20261006q.md	10508	1791269964	8b78870f7e6bbba8920862000b17c581efaa0539c42fae8e1f56bdcad98f4aab	tracked
notes/rewrite/fork-syscall-rewrite/NK4C-接续PROMPT-20261006r.md	15301	1791307618	49749f2ceb85f7c45ece0b4372e6291c85afa13fadee6a68519ee96837a15aeb	tracked
notes/rewrite/fork-syscall-rewrite/NK4C-接续PROMPT-RISCV-20261003.md	14347	1791038551	f3ec495f530c5ca08eb599c4dd0200eb40519bcf43169a3ecedd6a16dd65de56	tracked
notes/rewrite/fork-syscall-rewrite/PATTERN-GATE-SESSION-HANDOFF-20260927.md	10407	1790771151	a2e8ab1b7b7f84ef3e9347ae50584fd4805359a0cdc5feebc187e536e208067b	tracked
notes/rewrite/fork-syscall-rewrite/PATTERN-SCAN-REPORT-20260923.md	173618	1791321884	a29143da5c7477ff534096058710e15ebce168304863000176c19a7f5c32ff09	tracked
notes/rewrite/fork-syscall-rewrite/PENDING-DECISIONS-3ARCH-PARITY.md	156358	1791316966	4cdde71c37cd65078bffb5704c7fc0df8818597fbfcec659a592c631790b7a76	untracked
notes/rewrite/fork-syscall-rewrite/README.md	4546	1781530235	3213dbe9bbaca71fe26468977d7ebbf27e0d0b877342b650cac61c4364732a84	tracked
notes/rewrite/fork-syscall-rewrite/STRUCTURAL-DEBT-REGISTER-20260930.md	105739	1790784681	40deea6f26d41dbaabc9f877a5ae30d40e88470bb19d419dc3bf809589988811	tracked
notes/rewrite/fork-syscall-rewrite/TODO-3ARCH-PARITY-20261006.md	77077	1791359171	9b3152dd14232e2cb90de9969aa5cca86c01acbe63307bffb1646d89f043f386	tracked
notes/rewrite/fork-syscall-rewrite/claim-prompt.md	6307	1789909524	cb536186fc420918a3924c2d4f96d90ad70c55b6400429f4d04fdc3d90c36d25	tracked
notes/rewrite/fork-syscall-rewrite/edge1.md	23602	1789914403	24c7224206c605d2879c1f0985b34dbbfff267b36c8243b6da2e9a0c8baac389	tracked
notes/rewrite/fork-syscall-rewrite/edge2.md	20260	1789914403	c6f1967061afba7def952d4fb51a1bfcc80ebe7a30aa070b94622d2eaea0c574	tracked
notes/rewrite/fork-syscall-rewrite/edge3.md	58412	1791300573	91c725f6b70bb403e6f7833e883cd4833ff940139bf0cdf50f752b889bac5414	tracked
notes/rewrite/fork-syscall-rewrite/edge4.md	42724	1789918958	c0045753f0c1424ab7b7b92c576fd3a9aefb2a78d07c5ec011fc88b51b5894b5	tracked
notes/rewrite/fork-syscall-rewrite/edge_todo.md	230344	1790141450	95a27b0542d3000d022a28053f46c7c39b32be2584bd9541813f5da2b26f1cc8	tracked
notes/rewrite/fork-syscall-rewrite/edge_todo_archive.md	13878	1789505773	8b7d9d15af53bab5eb04da95210502416896139bfb898e43afbde8eda73220ed	tracked
notes/rewrite/fork-syscall-rewrite/misc_concepts.md	292023	1791320288	26bd1a849fccb468d30eb79a3cb1e0a9a8d42c9c1ffae7ff9cf04f98e26b6a3f	tracked
notes/rewrite/fork-syscall-rewrite/new_edge1.md	25399	1790008673	48b821078c2b21afb8d97c7fed589097d4ffcc6f797e03101113384e4c2f6ff7	tracked
notes/rewrite/fork-syscall-rewrite/new_edge2.md	18617	1789948090	2fc5900861e37c1a2cee7bf12331ab29fdcfde594268bdc4fff0b99f018ba5f2	tracked
notes/rewrite/fork-syscall-rewrite/new_edge3.md	49750	1789958204	0003f63815d4669f4e574f432301975b5b7b2ac60ab3e0b6ad376052163df31d	tracked
notes/rewrite/fork-syscall-rewrite/new_edge4.md	74573	1791321884	b6635cb31d0e7200c5aea4436d107531ae3951b3685027c5f4cc82f2e652ab49	tracked
notes/rewrite/fork-syscall-rewrite/new_todo_HY4.md	45660	1789906158	570be739dbd404b0121c9fccabb2079a6c0bff15a6c5495bd5d95dfed6b88058	tracked
notes/rewrite/fork-syscall-rewrite/new_todo_deepseek.md	46637	1789895459	bbbca0eb7b1b51f573c824f29eb0de4f0e1f7a1284d4cb926a031f900f7e7672	tracked
notes/rewrite/fork-syscall-rewrite/new_todo_glm.md	22014	1789894318	2fdcd00b2dd26e1419f430764557f07c0d902f38bebef782d111119eba08024a	tracked
notes/rewrite/fork-syscall-rewrite/new_todo_muse.md	49047	1789904527	da1e5243944bada7f66f72fb1e1ccba32fde391abc90d7cb164930a84f7c2049	tracked
notes/rewrite/fork-syscall-rewrite/new_todo_qwen.md	19328	1789898075	fdaf61c0ec2d22859129ab9c401e48487fd553ab9113b129bf24d1bd36e5e28d	tracked
notes/rewrite/fork-syscall-rewrite/nk4c-glm-riscv-session-handoff-20261002.md	15949	1790954730	9a7ae4bfe42b9b9f7d7e769a280160831a75df23456c0de3331bfe48f8b05369	tracked
notes/rewrite/fork-syscall-rewrite/riscv-reviewlog.md	140994	1790509736	5409adb0bc28146fa9dcc17a296ab8c857f733017d73586ac6ce6b2278a1d8a9	tracked
notes/rewrite/fork-syscall-rewrite/riscv瞬态页表崩溃取证方法论.md	10978	1790963384	f6f469a460d36e79c67bdf13f2a6f9c5ded592342c697e32124babf535c5d6a4	tracked
notes/rewrite/fork-syscall-rewrite/trap-boundary-message-materialization.md	25658	1790587202	8fee259cf8a1567ac185afedabd45b1bef950165ee7a7b676758d43574605e38	tracked
notes/rewrite/fork-syscall-rewrite/.review/STATE.md	1710	1781703131	254b0ff6bc76df2096fc3fa383a00710b9be7a83a258bba7955ea465331acffa	ignored
notes/rewrite/fork-syscall-rewrite/.review/03-stage-kernel/STATE.md	9328	1781653485	16bb0be8451e05ee4b0da9b90d27ad1760a4cb68ff4c2f480d7ea30bff7ef59e	ignored
notes/rewrite/fork-syscall-rewrite/.review/scans/03-kmain-cstart-kimi-scan.md	55727	1789733323	9eb7696ec85e2fccbedcedc6b836ee8e000a1d9855da21dd7668fbb01b97c532	ignored
notes/rewrite/fork-syscall-rewrite/00-master-plan/01-project-overview.md	13132	1789741137	5c00833695f6996c5230f04bb9244e213e96da3ac6080015903932aafacb5e72	tracked
notes/rewrite/fork-syscall-rewrite/00-master-plan/02-architecture-analysis.md	23188	1789741137	c60d916efca3d69068354510bac2c1d4ac6094fa793d2c8598cda67250975e0f	tracked
notes/rewrite/fork-syscall-rewrite/00-master-plan/03-minix3-source-audit.md	3776	1789741138	7e1044fb1276983c2a00029177cd2dd088d6283dd1667289e19f28222147a007	tracked
notes/rewrite/fork-syscall-rewrite/00-master-plan/04-implementation-roadmap.md	4475	1789741138	4b1e58fd2065492bbe21958c1b93848532b693adb7f545400927b50f93b79d23	tracked
notes/rewrite/fork-syscall-rewrite/00-master-plan/05-phase1-pm-guide.md	33577	1789741138	a7a919132b7dbfa86964d31f1e276568e411cf003f5188b5f91f824a5ddd152b	tracked
notes/rewrite/fork-syscall-rewrite/00-master-plan/06-phase2-vm-guide.md	5463	1789741138	11d991cfa1b98b8b8550cdeee714d4cabf42b57c56cb9ac2462f90046260fd3f	tracked
notes/rewrite/fork-syscall-rewrite/00-master-plan/07-phase3-kernel-guide.md	11514	1789741138	844fc2a004a63fd6455da0bdb21fa74106fe05b37ff69a70429d97753a3a8708	tracked
notes/rewrite/fork-syscall-rewrite/00-master-plan/08-phase4-vfs-guide.md	14087	1789741138	df98a62fcdd0b8cb3eef5663dd5f9739db5403eef1886b669b163ea0b712125c	tracked
notes/rewrite/fork-syscall-rewrite/00-master-plan/09-phase5-statemachine-guide.md	14356	1789741138	91a8e060c696d5272b9cc902e2b38cdfd3fa7731a7614840c7b34d95e7d741a7	tracked
notes/rewrite/fork-syscall-rewrite/00-master-plan/10-phase5-sched-guide.md	3084	1789741138	52815fdd192240f04f270663d2cb1a7035f842c0f9ce4ea916b927e43fc0763f	tracked
notes/rewrite/fork-syscall-rewrite/00-master-plan/11-decision-records.md	3449	1789741138	5afb07e3ae354e1c56b0a5939eb9b6ce192bc6ba6b06c7f22378edbaae289908	tracked
notes/rewrite/fork-syscall-rewrite/00-master-plan/12-constants-reference.md	3957	1789741138	63c3dd629b23575a830acf14a094c988cd264f5e343d2be3c2c30e11d64a5b4d	tracked
notes/rewrite/fork-syscall-rewrite/00-master-plan/13-source-mapping.md	3260	1789741138	420035b007e1c8d8b6534af92ce03a8a3a8b5a09a327f8a4031aa97229fb1610	tracked
notes/rewrite/fork-syscall-rewrite/00-master-plan/14-verification-checklist.md	17089	1789733324	50a1a8325edd1c0272053d0ab7a805ea11d6aa6e4dd493be3069383b095461fc	tracked
notes/rewrite/fork-syscall-rewrite/00-master-plan/15-todo-fixes.md	27178	1789755072	4af2538cc9fee73093c2a93ff97352715a2386c5f73b409b466abaa646f8f1d7	tracked
notes/rewrite/fork-syscall-rewrite/00-master-plan/README.md	16160	1791268698	3f6e54a0324f26bf12c298c0ca05024a0b88ae86432938140aa0a76cb1fb012a	tracked
notes/rewrite/fork-syscall-rewrite/01-stage-kernel/00-kernel-overview.md	28397	1789807260	2871e55b5d87aaa204aba8778f721f69df70f98261c73aae6434fdbc95a7fd3f	tracked
notes/rewrite/fork-syscall-rewrite/01-stage-kernel/01-boot-shim-bootstrap.md	128853	1789919236	de93bd791a654025f6ece2888d48b7e6686d4b1768f8af8e60a5e1da2c443ce7	tracked
notes/rewrite/fork-syscall-rewrite/01-stage-kernel/02-higher-half-kernel.md	74416	1789741138	ac09e2a34bfd11a36b161f05de98d06f763937eeaed151e764b6baedd471681b	tracked
notes/rewrite/fork-syscall-rewrite/01-stage-kernel/03-kmain-cstart.md	86039	1789741138	a99a729f4bcf0bb3333994a56f5d108135840ae44b8fc217de78bf4c1fff2440	tracked
notes/rewrite/fork-syscall-rewrite/01-stage-kernel/04-platform-discovery.md	82870	1789741138	52d9ce7e203111064b24c01a2206207e5171011de33fbd63be6a0a0fbb8bac40	tracked
notes/rewrite/fork-syscall-rewrite/01-stage-kernel/05-clock-interrupt-init.md	129345	1789741138	7c4b8e17a5309c66a832d9260e6b9e4436096802b724a7be96c9b678cb6e97f5	tracked
notes/rewrite/fork-syscall-rewrite/01-stage-kernel/06-proc-init-boot-proc.md	137612	1791268698	8c311cc818947e1cd20aeac0df30201d79e2c1db4a9586464dcc7017151e1806	tracked
notes/rewrite/fork-syscall-rewrite/01-stage-kernel/06-todo.md	98396	1789733324	bb80bcc17403d00fbf34ff0cacc85ab5e6d5224363d7c8c6ac8d578d1fe2a00b	tracked
notes/rewrite/fork-syscall-rewrite/01-stage-kernel/07-cross-space-init.md	62992	1789741138	88bfcb35bf8bf7a7b0b0bcca92b745f9e877f514f821f771bedb63300af87cde	tracked
notes/rewrite/fork-syscall-rewrite/01-stage-kernel/07-paging_init_gpt.md	8828	1789741138	a5e5e4d7c2c86fab7525d71ec856d0052697131ed576a159590c3a4e1fe8696a	tracked
notes/rewrite/fork-syscall-rewrite/01-stage-kernel/08-system-init-boot-finish.md	62075	1789741138	2362ff129659e1eaf2355f2ecfa5eb2c245f5c7cd04c5fa092cbf4cc3e4d4d9f	tracked
notes/rewrite/fork-syscall-rewrite/01-stage-kernel/09-vm-boot-protocol.md	37804	1791268698	9c7c8466036a4b724a58e3d1c8fa94142527c73ab2f2accbf4dc62c36bb04183	tracked
notes/rewrite/fork-syscall-rewrite/01-stage-kernel/10-switch-to-user.md	45565	1789741138	3e5991de2080a9b90ec16cf1d9873a1fa1e77a956d2dae21f59feb1ceb116473	tracked
notes/rewrite/fork-syscall-rewrite/01-stage-kernel/11-scheduling-primitives.md	35494	1789757446	4764994e60237f4235a531b07a79bf1144b1f9a25e59e5b3e7d4d2f49fc87259	tracked
notes/rewrite/fork-syscall-rewrite/01-stage-kernel/12-ipc-core.md	65409	1790157768	254aed01a4e135062702251ba0b22dc354726b77f3874e70675b766ae324a359	tracked
notes/rewrite/fork-syscall-rewrite/01-stage-kernel/13-syscall-dispatch.md	55139	1789741139	834dd70c5462e187c77cc67924b669d10963bd9fe09d1ff88b8f5ab16a92c42e	tracked
notes/rewrite/fork-syscall-rewrite/01-stage-kernel/14-exception-interrupt.md	43513	1789933754	7b6de5ef10ba84ad18c7d64d710c43a2a14ca8a27d94a47b8e7a3f4d275d121d	tracked
notes/rewrite/fork-syscall-rewrite/01-stage-kernel/15-clock-timer.md	70992	1789741139	6afbc28bd64105d9d6a2f97d2b60a8df4a9da97580da3292fbb0bf0d7cafafed	tracked
notes/rewrite/fork-syscall-rewrite/01-stage-kernel/16-smp.md	82984	1789758176	490f9dca4b41454c3953617016f0e88045368e44e60c3b1c0a924d3d812d18cd	tracked
notes/rewrite/fork-syscall-rewrite/01-stage-kernel/17-syscall-process.md	61879	1789741139	c944ce6648c5f736851e248769d40ea3dc937f6f2580a8420259f5412c71c2a1	tracked
notes/rewrite/fork-syscall-rewrite/01-stage-kernel/18-syscall-copy.md	55355	1789741139	4919dec0c8d51cbaba9ce4fb8a2a8b8942088d4f5343f1d552a481816ec41d12	tracked
notes/rewrite/fork-syscall-rewrite/01-stage-kernel/18-trap-bridge-design.md	11085	1789741139	3cd935dcc4933d466146f557a8f112fe7dc9c7edea7a671c60d5c7d7870fd500	tracked
notes/rewrite/fork-syscall-rewrite/01-stage-kernel/19-syscall-signal.md	82942	1789741139	f124529200261a3bcb9176207f5b877ee1ac16d60a3df4326dd90f6a673cd62b	tracked
notes/rewrite/fork-syscall-rewrite/01-stage-kernel/20-syscall-device.md	55356	1789741139	bf02386e9b7afeb438cd55a550892f1f1072046d32a228013cd042f7efd59023	tracked
notes/rewrite/fork-syscall-rewrite/01-stage-kernel/21-syscall-clock.md	51458	1789926808	9b7a094665fa7d56ccf9cb4dee6477a34fb458d4913e82362f917036519c8c37	tracked
notes/rewrite/fork-syscall-rewrite/01-stage-kernel/22-privilege.md	43597	1789741139	b4ddb765fa279b8363b1df068843a65c6f407864bd6306d072b6357971bf9c93	tracked
notes/rewrite/fork-syscall-rewrite/01-stage-kernel/23-ipc-filter.md	34113	1789741139	81c11db08c890500596a898f96f7da1aacd1bb6a1f45d15275efe08e8a237dd1	tracked
notes/rewrite/fork-syscall-rewrite/01-stage-kernel/24-cross-space-runtime.md	33032	1789933754	e1e214a7c8af85d4dca1fdf320cd97fa88bd255847a97b1038a64ab0866b28cb	tracked
notes/rewrite/fork-syscall-rewrite/01-stage-kernel/25-misc-unported.md	65956	1789741139	2786ffc615ab743c5785347d2aa956da86dbae0ab6effc9aeeb6d12569657097	tracked
notes/rewrite/fork-syscall-rewrite/01-stage-kernel/26-watchdog.md	16021	1789741139	f01d384a7fd3aed2d482088cea342c5bf50ba5bacce31680e6754456a4a260bc	tracked
notes/rewrite/fork-syscall-rewrite/01-stage-kernel/27-kernel-utility.md	19528	1789741139	c7d693741b95e2d4bc06b0f2451cb7e308e26a03a882c9dd258a692e57fd5eaf	tracked
notes/rewrite/fork-syscall-rewrite/01-stage-kernel/28-usermapped-data.md	27511	1789741139	4a26dc5d13f7902edc8cd3accea5f52d7ad499454aea578d3ed951ab2800a789	tracked
notes/rewrite/fork-syscall-rewrite/01-stage-kernel/29-kernel-debug.md	19398	1789741139	928b85515a60ec89322964490514472da987b44846f16cb71310008940b5eed2	tracked
notes/rewrite/fork-syscall-rewrite/01-stage-kernel/30-kernel-profile.md	19716	1789751104	2d0526188cfd19700d4f6f969f0eb28a2f255a5fd180fb7d9eb636f4cd4c17cd	tracked
notes/rewrite/fork-syscall-rewrite/01-stage-kernel/31-fpu-context-switching.md	32288	1789741139	7165ab007b01319af0513a24a3a69192dc59c462ce4fef337a1d407fbf352b12	tracked
notes/rewrite/fork-syscall-rewrite/01-stage-kernel/32-stack-tracing.md	34912	1789741139	99ac3991b8b6b3d29ae2166f29f6e147c43f36ff8c63b25152bd3d3987a50353	tracked
notes/rewrite/fork-syscall-rewrite/01-stage-kernel/33-syscall-caller-api.md	19103	1789807191	3ccf08b63dc5905fd0ef52f0faef1c60e75c9a418ad3fc7fa867afc77fdbbdc6	tracked
notes/rewrite/fork-syscall-rewrite/01-stage-kernel/99-global-concepts.md	2404	1789741139	dff3adb54968c1885fbeeaaaec5e794f20cefcbb2db9a90cd8ffc34b1aa5b522	tracked
notes/rewrite/fork-syscall-rewrite/01-stage-kernel/checklist.md	81165	1788862539	43c363c2cbe5ab2aaa89506c27fe21e4f558cb85e4895eb670d189b3cf996d37	tracked
notes/rewrite/fork-syscall-rewrite/01-stage-kernel/doc_rerank_HY4.md	163448	1789832917	4fe19675764982f5750682a87df2ba202569d4b985fdd557e9892faf2199e4bd	tracked
notes/rewrite/fork-syscall-rewrite/01-stage-kernel/doc_rerank_deepseek.md	294249	1789834356	1685cecbaf1c9714c7fb673018b719bd3ae7d0c6c2afc84caa1f7ec1c67c5f32	tracked
notes/rewrite/fork-syscall-rewrite/01-stage-kernel/doc_rerank_glm.md	122964	1789765666	811e9d870465cfc4e0221c34dda6f6bbb80e81fd115da922d97e7955d5b1480a	tracked
notes/rewrite/fork-syscall-rewrite/01-stage-kernel/doc_rerank_mimo.md	136587	1790104658	13f16ed18cb7f37061deb80e05f60488e5c179d61b39d8e08f78c16d8265f5b6	tracked
notes/rewrite/fork-syscall-rewrite/01-stage-kernel/doc_rerank_muse.md	72020	1789837743	b20175d25a680edbdccb8cc9918531aabff1fc76a74535aeb8abd8b93c7b4e93	tracked
notes/rewrite/fork-syscall-rewrite/01-stage-kernel/doc_rerank_qwen.md	128910	1789825251	c83f607f0b706c68830f46f9e57f099901ef53008e09b0db157a39ba2fedfc82	tracked
notes/rewrite/fork-syscall-rewrite/01-stage-kernel/endpoint_todo.md	26144	1788088541	5dd3db96dda0f9e1d93bab8577d6ad5742f4aba3b8b792168a26f54204f592de	tracked
notes/rewrite/fork-syscall-rewrite/01-stage-kernel/firmware-heap-corruption.md	13313	1790353335	44486564cc9359af6283c5ab18cf2a9b84f2a51bd00d8c7e62087f7d55ee1c65	tracked
notes/rewrite/fork-syscall-rewrite/01-stage-kernel/panic-in-drop.md	15441	1788327298	e6af5e56fbbf772ebde189b4a9fd43bd56bdca8a6f7fe92a4ef6edf92d4cb74d	tracked
notes/rewrite/fork-syscall-rewrite/01-stage-kernel/smp_gpt.md	31911	1788707303	4b618afbe1508b10fdf9e6bec070ec1e39e4430cb91112fed9e3f1fd89b52e53	tracked
notes/rewrite/fork-syscall-rewrite/01-stage-kernel/smp_gpt_v2.md	17728	1788707303	7b88bbb3e233fe5fca0d5281d091ef3f37d297c870296e8cb6bd55cbe1baf46b	tracked
notes/rewrite/fork-syscall-rewrite/01-stage-kernel/smp_gpt_v3.md	15331	1788707303	86ce053c3f8e9b64a98baf1ad6d9ebb85b22a5fd3b87a3e133fc808d4ff00e91	tracked
notes/rewrite/fork-syscall-rewrite/01-stage-kernel/smp_todo.md	178215	1789760430	7e463e89349d81e12b2777a852d586b84c4caad8997643ff805bc37819073e33	tracked
notes/rewrite/fork-syscall-rewrite/01-stage-kernel/todo.md	66324	1789914403	c415959933c5afc8ff66b7d214703e23ce57670f87ea00851a05877076f17d66	tracked
notes/rewrite/fork-syscall-rewrite/01-stage-kernel/.design/01-design.v1.md	13328	1784148499	0c080c1cd4f4d082ecd5e0b278980f5463da97a7a3fb8b3eae34637ae58ac162	ignored
notes/rewrite/fork-syscall-rewrite/01-stage-kernel/.design/01-outline-review.v1.md	5613	1785421964	361b6418751ac3ba955bf40945791d85c10d3c04745d01c4c85d605684acfcff	ignored
notes/rewrite/fork-syscall-rewrite/01-stage-kernel/.design/01-outline.v1.md	11485	1784149622	3b0ceff0b4d36d94c57093722acfc7fbe3d471c03b5207e47fc4436ecd8bfbc2	ignored
notes/rewrite/fork-syscall-rewrite/01-stage-kernel/.design/02-design.v2.md	33812	1784188514	c7d2202f246df67eb94ef7a93239400c2167b54da4fd0d941ef7da167a0206ea	ignored
notes/rewrite/fork-syscall-rewrite/01-stage-kernel/.design/02-outline-review.v2.md	15310	1784188514	ce7c362d839145ecf663650b6ad2ead3ce1dc1298c5054b9dbdca29901ae3e25	ignored
notes/rewrite/fork-syscall-rewrite/01-stage-kernel/.design/02-outline.v2.md	22842	1784188514	819ba0a929e33c9bf90b188df1f6ce54469ff3ae819736c4c43623708de370ca	ignored
notes/rewrite/fork-syscall-rewrite/01-stage-kernel/.design/03-design.v1.md	10925	1784191645	56e8746b081ee441cb928466c07a75c19e1728e34a5f4f1cd6b0142343fc609e	ignored
notes/rewrite/fork-syscall-rewrite/01-stage-kernel/.design/03-outline-review.v1.md	2802	1786984363	8fbc84e3a879380f98a3be2c041456bf4e154c2cf213873e0160fdef704aa12e	ignored
notes/rewrite/fork-syscall-rewrite/01-stage-kernel/.design/03-outline.v1.md	8716	1784191602	63fdd04eb4f216b4a09798d8db893aa1c3f7f1dad94468741dabaf0dff360886	ignored
notes/rewrite/fork-syscall-rewrite/01-stage-kernel/.design/04-design.v1.md	13141	1784214912	d02e7878e1576014684d0c517bc994d62823665851b78170246e136c4f51451f	ignored
notes/rewrite/fork-syscall-rewrite/01-stage-kernel/.design/04-outline-review.v1.md	4404	1785430034	b8d0687f1f6d13ad843949aa69966f966c44b8750cf084cd1759382b9931d54e	ignored
notes/rewrite/fork-syscall-rewrite/01-stage-kernel/.design/04-outline.v1.md	11436	1784214874	750a11d5b955555ac9581e18177e19ae83d0ef49e309ee4fdacc580e1cd732cc	ignored
notes/rewrite/fork-syscall-rewrite/01-stage-kernel/.design/05-design.v1.md	11723	1784214992	020d21b7c06270794384e5102235168253c6b8b28e3c534cbd25d16dac5778fd	ignored
notes/rewrite/fork-syscall-rewrite/01-stage-kernel/.design/05-design.v2.md	4743	1786823873	2d9e825cce05e1e9e28cece208be18b556fd7e22f022b645517ba3f7eaa36ff0	ignored
notes/rewrite/fork-syscall-rewrite/01-stage-kernel/.design/05-outline-review.v1.md	5478	1785446400	39d3e6626cd583473181061dfa01b29b0a33e734cdf827508a4a0394925ba41a	ignored
notes/rewrite/fork-syscall-rewrite/01-stage-kernel/.design/05-outline.v1.md	11577	1784214963	83ab40ec82033e6e79ab5d7a56e8f6b40491d834e05dd3138095d846d3a1d1fa	ignored
notes/rewrite/fork-syscall-rewrite/01-stage-kernel/.design/06-design.v1.md	11624	1784215067	1a48e0ef5385d69fd50d92bc257181785523ba653ebaab27d05609258437dc59	ignored
notes/rewrite/fork-syscall-rewrite/01-stage-kernel/.design/06-outline-review.v1.md	4891	1785448406	54fdfa02fb2471f2959cfce062ab2bb27374c8f3147c5c9a874aadc17ca3547c	ignored
notes/rewrite/fork-syscall-rewrite/01-stage-kernel/.design/06-outline-review.v2.md	7934	1788000212	b08a6d0f64da9001991364d7bf2a268ece652e68f24b0188cc0cdccf3d6a0906	ignored
notes/rewrite/fork-syscall-rewrite/01-stage-kernel/.design/06-outline.v1.md	13489	1784215041	f282a9741ba5f1a2c732e562fad21a70a446a82cb8d7765c99b4b34cd4f64a5a	ignored
notes/rewrite/fork-syscall-rewrite/01-stage-kernel/.design/06-outline.v2.md	12581	1788000191	70b322ce5c89ebef1e90c4bb51045748670b1a39cbf6aff93982ea8fceb7eb80	ignored
notes/rewrite/fork-syscall-rewrite/01-stage-kernel/.design/07-design.v1.md	12704	1784215516	b06b878a8c7d5f06adaeed94ef8f61fbbac1dbfa30b75873a2f7fb450f0a0ca3	ignored
notes/rewrite/fork-syscall-rewrite/01-stage-kernel/.design/07-outline-review.v1.md	4654	1785449219	d5f69c58577a012efd39a9fe2bcf6b6228415af0d27458057611e1f108557a27	ignored
notes/rewrite/fork-syscall-rewrite/01-stage-kernel/.design/07-outline.v1.md	10698	1784215482	1ebf580d39652797b38695521beec78a3323af32fafc5769e4d20ba09a560dd3	ignored
notes/rewrite/fork-syscall-rewrite/01-stage-kernel/.design/08-design.v1.md	5466	1784224019	e30d7d6cc6f8636f60463640bb1449412a0cfadcd06c1660182bda6c1ffb2a11	ignored
notes/rewrite/fork-syscall-rewrite/01-stage-kernel/.design/08-outline-review.v1.md	3182	1784223994	44e02c98c8e0a6535b80193f3e04b35657832fb9c92e31c3378661a3f45d2ec6	ignored
notes/rewrite/fork-syscall-rewrite/01-stage-kernel/.design/08-outline.v1.md	5366	1784223976	56c3bc7f74048ba7f2461ae1940ea2cfdb445dc929827b5bce2b0fe2a5164054	ignored
notes/rewrite/fork-syscall-rewrite/01-stage-kernel/.design/09-design.v1.md	9565	1785435313	bef96caf97250b8d9a5a614d5b65ac5f8fa4ce8cab8c93d07f0b3482d273daeb	ignored
notes/rewrite/fork-syscall-rewrite/01-stage-kernel/.design/09-outline-review.v1.md	3637	1785435271	110b8883b72775c2285d87df0841869ad63f26db50687b5543ca754b20583d61	ignored
notes/rewrite/fork-syscall-rewrite/01-stage-kernel/.design/09-outline.v1.md	7805	1785435253	0d603ac37c6f3160e6b979053fff1a59a10b9d49b9149ea92512b4c2639cb0e0	ignored
notes/rewrite/fork-syscall-rewrite/01-stage-kernel/.design/10-design.v1.md	7409	1785437034	e5b75ba34a90b1a7940560e11a6ff2716eae9b455868b6e728aac0746abc6495	ignored
notes/rewrite/fork-syscall-rewrite/01-stage-kernel/.design/10-outline-review.v1.md	3849	1785437011	d81b99d428ee2da01a09f24077c8df5fe6b112b55e5b7ff7983bd657ef2be16f	ignored
notes/rewrite/fork-syscall-rewrite/01-stage-kernel/.design/10-outline.v1.md	3713	1785436994	26eadca5f3730162a2621c0831c3cf50939c78df48c11812c2627eb126cfff2e	ignored
notes/rewrite/fork-syscall-rewrite/01-stage-kernel/.design/11-design.v1.md	26588	1785438631	2c4fe7ab432c1710bfe8a4580aa46a2253d6a9b348cba64095904b90d2293b83	ignored
notes/rewrite/fork-syscall-rewrite/01-stage-kernel/.design/11-outline-review.v1.md	6816	1785438417	fa13a7f7a246eeb785962ad780b9a4bb17e9d3f234a4875719c3841394858ab4	ignored
notes/rewrite/fork-syscall-rewrite/01-stage-kernel/.design/11-outline.v1.md	11313	1785438386	4ec5c333dbaf1461e4003919c194fa1a4bf1cfaa90add117f78b59f4cd00b609	ignored
notes/rewrite/fork-syscall-rewrite/01-stage-kernel/.design/12-design.v1.md	53808	1788168495	b621b3a684d364b49b11da4b8768d5fe580f307f24a975d787ae904e664fece8	ignored
notes/rewrite/fork-syscall-rewrite/01-stage-kernel/.design/12-outline-review.v1.md	14426	1785440875	8450a0ba49513462dec455605d67ffb8bc85bdb86f35afdc14a90517c568a1af	ignored
notes/rewrite/fork-syscall-rewrite/01-stage-kernel/.design/12-outline.v1.md	22993	1785440809	c114bf1f0bf207b7f32e2498c8bb5cd378ab5b1e0e066fc8de73efdb3b926ff1	ignored
notes/rewrite/fork-syscall-rewrite/01-stage-kernel/.design/13-design.v1.md	10000	1785451936	bdc49d35d94b15901e7aa7761099b2ddcedc1156f4ed68d90703d7ef77ab89a2	ignored
notes/rewrite/fork-syscall-rewrite/01-stage-kernel/.design/13-outline-review.v1.md	5871	1785451876	5170ddf7ae38663372f676ce55a8d4a964138f4baa249cb78e059ed0e8b48376	ignored
notes/rewrite/fork-syscall-rewrite/01-stage-kernel/.design/13-outline.v1.md	8114	1785451831	2432272ae9335de7a3b08a4010f3574cece47f9ce861f15f184db302ae6efdf5	ignored
notes/rewrite/fork-syscall-rewrite/01-stage-kernel/.design/14-design.v1.md	15036	1785458849	f63e41f5df4cf5ca28e81e0f18c0d6acf55b600ca59b193854e3cb7806ec2ff5	ignored
notes/rewrite/fork-syscall-rewrite/01-stage-kernel/.design/14-outline-review.v1.md	4656	1785459436	19cc56e2f7d4e4dee4b49a8f1a07926cc608e1e36724f1db629311f8a0ea6c52	ignored
notes/rewrite/fork-syscall-rewrite/01-stage-kernel/.design/14-outline.v1.md	6874	1785454451	61586338dbadd2e9dd8e40ed3c0c82f863c6ddacc545a04bd0553f9d6afa6544	ignored
notes/rewrite/fork-syscall-rewrite/01-stage-kernel/.design/15-design.v1.md	6836	1788165825	1c70dbe25ef1edbfc18756e101bfef12f7f4e91ffad8f6fa714e0121b426d15c	ignored
notes/rewrite/fork-syscall-rewrite/01-stage-kernel/.design/15-outline-review.v1.md	2089	1786656662	22c5213f7efdbbad03ffdc564bb3dd24c7bf399d60a027d836d19ed1d81ef18d	ignored
notes/rewrite/fork-syscall-rewrite/01-stage-kernel/.design/15-outline.v1.md	4623	1786656655	490d3e55dcca95ceba9ac58662390894588933034b4209ca967ba2e540b93ed9	ignored
notes/rewrite/fork-syscall-rewrite/01-stage-kernel/.design/16-design.v1.md	29136	1785522218	3987296cc5709fced1be050a172ac22acdf1626e909029fe60787366be2d4e07	ignored
notes/rewrite/fork-syscall-rewrite/01-stage-kernel/.design/16-outline-review.v1.md	5762	1785522106	411cbdfc2e83a85bc97053e47779a899ea7a34015e59376644143016e0336d0c	ignored
notes/rewrite/fork-syscall-rewrite/01-stage-kernel/.design/16-outline.v1.md	27833	1785522068	f7eb9f537c11b7940b220d6e7162bd94a1fa9c458577bec1567477fa202899df	ignored
notes/rewrite/fork-syscall-rewrite/01-stage-kernel/.design/17-design.v1.md	8866	1786658526	efb6ad069d51d7bb028ebb85a2a7c818986b5f1f705693ce7f881091a2f13132	ignored
notes/rewrite/fork-syscall-rewrite/01-stage-kernel/.design/17-outline-review.v1.md	3929	1786658504	f75b89aa29844499dabf88ca03937cde7ca27062b08f4f766dd3b9d5d375cb8b	ignored
notes/rewrite/fork-syscall-rewrite/01-stage-kernel/.design/17-outline.v1.md	6600	1786658494	28a89aa32972dac94c83f23e344b8469d447092719b35e18dbbe80aa3d6e629d	ignored
notes/rewrite/fork-syscall-rewrite/01-stage-kernel/.design/18-design.v1.md	9453	1786659571	204d1cffc5cd8690da137f328663dd3797c2dc46b45f700f1e911077c2b5b2a1	ignored
notes/rewrite/fork-syscall-rewrite/01-stage-kernel/.design/18-outline-review.v1.md	4857	1786659550	274fdeac6f4324d1ab7ea318f72c020a0fe4a9fbd51cc9b6181d5b573ecb013d	ignored
notes/rewrite/fork-syscall-rewrite/01-stage-kernel/.design/18-outline.v1.md	8246	1786659539	dbf8742a15d542930cf4d298c1064a772f462113bb8f9d21cf57aa3ae795d182	ignored
notes/rewrite/fork-syscall-rewrite/01-stage-kernel/.design/19-design.v1.md	5398	1786661231	81d583947710e2bd2c02aec4c9cea4a0c5b3e0c69cb136cb898f9706c4e89216	ignored
notes/rewrite/fork-syscall-rewrite/01-stage-kernel/.design/19-design.v2.md	5370	1788547267	74fc03d43232297250e83f035ac2c6fe5c5dcc08bb5285d8dbaada8dcdb9c2e2	ignored
notes/rewrite/fork-syscall-rewrite/01-stage-kernel/.design/19-outline-review.v1.md	1758	1786661216	8a6ab983bc6b9372265d8a2effdd054a7f080b4fef0717f3b95300a5104ab95d	ignored
notes/rewrite/fork-syscall-rewrite/01-stage-kernel/.design/19-outline.v1.md	5379	1786661209	c8f67ff5b476916035f98bae8b5738eda1797b478b9205ba758b76d03359311d	ignored
notes/rewrite/fork-syscall-rewrite/01-stage-kernel/.design/20-design.v1.md	5490	1786662517	75a57170cce284813a53be5b0bf2b688cdc2388efd21ddaff570134b94cfd5e6	ignored
notes/rewrite/fork-syscall-rewrite/01-stage-kernel/.design/20-outline-review.v1.md	2315	1786662500	d62d7cfe5f84542cb9304c065059564970435ae604f033fb3ab508ae86eb7855	ignored
notes/rewrite/fork-syscall-rewrite/01-stage-kernel/.design/20-outline.v1.md	5446	1786662493	962744f4eac46c6c511dd86e2323139508e3712c3823c37fb0d9fa4c49df8ca7	ignored
notes/rewrite/fork-syscall-rewrite/01-stage-kernel/.design/21-design.v1.md	4846	1786663249	d50ea0c75bb2d353b14562b5bc6f274c0f0e96a8082c00b15fd53167fcd7e796	ignored
notes/rewrite/fork-syscall-rewrite/01-stage-kernel/.design/21-outline-review.v1.md	1786	1786663236	7437e9fbb6c6b2b7eea94c97ffdb2b0b598322b392efc6846dc2404f1cd15aed	ignored
notes/rewrite/fork-syscall-rewrite/01-stage-kernel/.design/21-outline.v1.md	3873	1786663230	23f00fabf842f7a53a8139607b7822033ee7577be2b335df04b600ecdf469f7c	ignored
notes/rewrite/fork-syscall-rewrite/01-stage-kernel/.design/22-design.v1.md	5593	1786664247	bba81b2cb394ed90ebf28ad9d45bb9670c707750ba0ae15568960fabd402a785	ignored
notes/rewrite/fork-syscall-rewrite/01-stage-kernel/.design/22-outline-review.v1.md	2259	1786664230	699a085c75bb65d409b9887c5af11c4514a5cfef71b833dd5e520b2791f5b2c1	ignored
notes/rewrite/fork-syscall-rewrite/01-stage-kernel/.design/22-outline.v1.md	4936	1786664224	656d714c277eef7da2bbcb48a352a76d714e86923aceedfcbd8cf2743dc37ed9	ignored
notes/rewrite/fork-syscall-rewrite/01-stage-kernel/.design/23-design.v1.md	6447	1786664722	36c3ebf0f1d6ca8a90f039bad5168618fec025b0b9796b3c0a6d370a9f7b9445	ignored
notes/rewrite/fork-syscall-rewrite/01-stage-kernel/.design/23-outline-review.v1.md	2462	1786664729	9f4fd87cc3f836a40e415dfc12a6aa9edb249cb7a36aa7e936c3b801524acc5c	ignored
notes/rewrite/fork-syscall-rewrite/01-stage-kernel/.design/23-outline.v1.md	5449	1786664705	f049f0b57f2a209716f0a4b24287afb2172ad1b394cf3ead0193c82a1fbbf550	ignored
notes/rewrite/fork-syscall-rewrite/01-stage-kernel/.design/24-design.v1.md	5042	1786665265	691b10b504566c311e0a48023eedc75e759dd4132c7588fe0e85321d0103f321	ignored
notes/rewrite/fork-syscall-rewrite/01-stage-kernel/.design/24-outline-review.v1.md	3306	1786665274	5439e02afd9d9d805d3f44af7ea270bd5300e45a4df400936c0be44b9fa0b5f4	ignored
notes/rewrite/fork-syscall-rewrite/01-stage-kernel/.design/24-outline.v1.md	5432	1786665254	65e4578b6e67bb4d6fd8fdfc1b8a3b26930954726856d7519f65709eeef752af	ignored
notes/rewrite/fork-syscall-rewrite/01-stage-kernel/.design/25-design.v1.md	5895	1788905310	7eaaa12cae235f783bacd16ca3f4b8a161fa5effe3bce564307ebf565b534627	ignored
notes/rewrite/fork-syscall-rewrite/01-stage-kernel/.design/25-outline-review.v1.md	1896	1786666134	463833e386ea5f14e20015bcb09c99cc60b07f41b34fd5367278a5e4cf0bfa8f	ignored
notes/rewrite/fork-syscall-rewrite/01-stage-kernel/.design/25-outline.v1.md	4039	1786666083	e0e0f1b8cd3d22a927191173e829f07779f7b2419af7af1ce9444f2b9f24e130	ignored
notes/rewrite/fork-syscall-rewrite/01-stage-kernel/.design/26-design.v1.md	3467	1786666483	92ba14b3e75b0f25dd48c5b578f34fb73c6f4b4b0339aa389efcf1a840658c3b	ignored
notes/rewrite/fork-syscall-rewrite/01-stage-kernel/.design/26-outline-review.v1.md	1568	1786666473	7533b5dd9e109632077a2bbef6b37d13b978096988da303daca3737e63c45403	ignored
notes/rewrite/fork-syscall-rewrite/01-stage-kernel/.design/26-outline.v1.md	3111	1786666468	1c3056321ff87949c4a77055c1984c4236adfd8860b7787b3af06e5bf4ce76dd	ignored
notes/rewrite/fork-syscall-rewrite/01-stage-kernel/.design/27-design.v1.md	3488	1786666885	e661d3acb2fd7d35f8e5eef752c54a71434aeaa438cbb1c44cbd286ef3862fe1	ignored
notes/rewrite/fork-syscall-rewrite/01-stage-kernel/.design/27-outline-review.v1.md	1476	1786666874	df22c677b1fd3a97dc0fb9d4eca4ad6b161e53e8ee8e021cf050f77d360d4f03	ignored
notes/rewrite/fork-syscall-rewrite/01-stage-kernel/.design/27-outline.v1.md	3577	1786666869	8fb718fcdbb52a2cc431fd12ca4e9a3b4703bf0f94a0389163b227ed67d06315	ignored
notes/rewrite/fork-syscall-rewrite/01-stage-kernel/.design/28-design.v1.md	4316	1786667344	e4c4bd9412c5fa5f8395bc51eb7869c3208b1c180a1cda7c0a5a4bb339f01c1d	ignored
notes/rewrite/fork-syscall-rewrite/01-stage-kernel/.design/28-outline-review.v1.md	1940	1786667333	70bca87e62a38547d40ebe721b6fa5b6e4b217aa3bc68838362f99b8038b2fd2	ignored
notes/rewrite/fork-syscall-rewrite/01-stage-kernel/.design/28-outline.v1.md	2680	1786667326	b37e98aa858dd493fb82615990b5948b29b600ab52bc0dda9275494299797f26	ignored
notes/rewrite/fork-syscall-rewrite/01-stage-kernel/.design/29-design.v1.md	3602	1786667803	e2a116f634c63ac150d2ea8391291984c16b99f22a5bc405d540a804ed178f2a	ignored
notes/rewrite/fork-syscall-rewrite/01-stage-kernel/.design/29-outline-review.v1.md	1049	1786667794	18bc2654f017d1eba2a8ef57c7e736cab2cfef199a22e95d72d60da76dc6930c	ignored
notes/rewrite/fork-syscall-rewrite/01-stage-kernel/.design/29-outline.v1.md	2259	1786667789	d5cbc5144131dec44d91be690fcf23a29dcbe44a18e00f001320026fecda3c1a	ignored
notes/rewrite/fork-syscall-rewrite/01-stage-kernel/.design/30-design.v1.md	4622	1786668255	30aafa3262807d21c4ef8c97ef6174665b3d57419495735b2251b828f58f1dce	ignored
notes/rewrite/fork-syscall-rewrite/01-stage-kernel/.design/30-outline-review.v1.md	1220	1786668243	2bd3e1509e6f7ad2c2f05540a653c0000b103ed47818676a9507e0502c9f763d	ignored
notes/rewrite/fork-syscall-rewrite/01-stage-kernel/.design/30-outline.v1.md	3261	1786668239	eaee4cdb5ca5254e9cdb7087df5e14b5445792edf42b500ae8ec61fa3b38773f	ignored
notes/rewrite/fork-syscall-rewrite/01-stage-kernel/.design/31-design.v1.md	6211	1786624276	f6fde3b818e7bbd0e066f99152c2851607663ce51343e4f37bc8b08fbea2619e	ignored
notes/rewrite/fork-syscall-rewrite/01-stage-kernel/.design/31-design.v2.md	5620	1786669077	82b0218b100e5441f06ea33ed854985443fd9e332df66ac8e8e9fc9e7041bb86	ignored
notes/rewrite/fork-syscall-rewrite/01-stage-kernel/.design/31-outline-review.v1.md	1400	1786624258	6298005889ab85a9785823087d3dba45eb32f9076bf6431cb326b2a2b194811b	ignored
notes/rewrite/fork-syscall-rewrite/01-stage-kernel/.design/31-outline-review.v2.md	2145	1786669064	651c04b91e72457aab2ec97d89632068b088458a67faf6729c1a945f531e0b2c	ignored
notes/rewrite/fork-syscall-rewrite/01-stage-kernel/.design/31-outline.v1.md	6627	1786624813	95912dbefa3918d3ae40d35821b091f590846b18ecd0f67483fd02a2a7446f0f	ignored
notes/rewrite/fork-syscall-rewrite/01-stage-kernel/.design/31-outline.v2.md	4917	1786669013	ec8c6a3d07aca4ddf45875ecc8bca31a958184886275d6793cdf589931fa4034	ignored
notes/rewrite/fork-syscall-rewrite/01-stage-kernel/.design/32-design.v1.md	3999	1786625420	367fc3dc398166a17b9f89f5cf5c53ae681303bf484f7dfe8c39f770e424f095	ignored
notes/rewrite/fork-syscall-rewrite/01-stage-kernel/.design/32-design.v2.md	4150	1786669357	6ae0b54b57d39e5da8d66cc751329d3570655a026de85443c4cb336417f41fe7	ignored
notes/rewrite/fork-syscall-rewrite/01-stage-kernel/.design/32-outline-review.v1.md	2756	1786625407	98574910b4a1c24855e51fe48b44d9be32c849cc126240e31f2ceb59542e854b	ignored
notes/rewrite/fork-syscall-rewrite/01-stage-kernel/.design/32-outline-review.v2.md	1911	1786669348	287749569a7b1362b02ed79cfff3e7e658b39c57bccb83a33f9f7cc59941b589	ignored
notes/rewrite/fork-syscall-rewrite/01-stage-kernel/.design/32-outline.v1.md	3684	1786625397	e8e626050e957a6939102cfacc80097a72cd8ec27c876e2bc5063fcbb5483c58	ignored
notes/rewrite/fork-syscall-rewrite/01-stage-kernel/.design/32-outline.v2.md	4562	1786669342	587d1f5aef1e3f0b4838ceb13b3ab0c33d5df3f08d0ba8dfad378903d7158c0e	ignored
notes/rewrite/fork-syscall-rewrite/01-stage-kernel/.design/33-design.v1.md	8177	1789807315	0adc6c2ad1c0e28ab0cd22b935723facc3655d67f0800ca24550d3d21e87062c	ignored
notes/rewrite/fork-syscall-rewrite/01-stage-kernel/.design/33-outline-review.v1.md	3539	1789796707	a56115ed5581dba16177bd6ffedcd98f25f7379144c8601355bb46bdf05346b3	ignored
notes/rewrite/fork-syscall-rewrite/01-stage-kernel/.design/33-outline.v1.md	9546	1789807315	eaf0765ed8b519c9100e87e8ffc865b74354170eaeff1e5808f4878ffb479242	ignored
notes/rewrite/fork-syscall-rewrite/01-stage-kernel/.design/DESIGN-INDEX.md	2685	1785502515	f396e87a5d769d378ab74612015d2bccc19bd7930f9f9bc2dd59afd7cbb740fe	ignored
notes/rewrite/fork-syscall-rewrite/02-stage-vm/00-vm-overview.md	6741	1789741139	ac526d2322efb305b584af6d20da94aadd149c6c57d8b2335aa542fe372f3aa8	tracked
notes/rewrite/fork-syscall-rewrite/02-stage-vm/01-vm-init-main.md	46883	1791288442	2363c325e520717de2075d48f34aeef4fc8b796640fe2344a53561642be2002f	tracked
notes/rewrite/fork-syscall-rewrite/02-stage-vm/02-vmproc-struct.md	35430	1789741140	5f8c6c4c12d977463eb939c741aa22e8d511c8416203ea3f14059a992f18df4c	tracked
notes/rewrite/fork-syscall-rewrite/02-stage-vm/03-vmproc-table.md	33586	1789741140	5adf2722ccc2e3eca3bcbf92edd22ecc9a4d0148cf966826157b3da7d8aa758d	tracked
notes/rewrite/fork-syscall-rewrite/02-stage-vm/04-acl.md	42720	1789741140	dc6d309f0e9f21cfa664e36420ec019a246c84bc5850d9475801c61fb3636203	tracked
notes/rewrite/fork-syscall-rewrite/02-stage-vm/05-physical-memory.md	54527	1789741140	736a4e4b41f07a4e6acf870695c293f8fc7a6ea1180365cdb0b1b1c02e043528	tracked
notes/rewrite/fork-syscall-rewrite/02-stage-vm/06-page-allocator.md	41912	1789741140	d2dd3150aea87ded6023db4647542a35379893fcb834df022aa349c8a4131a3e	tracked
notes/rewrite/fork-syscall-rewrite/02-stage-vm/07-pagetable-struct.md	56652	1789741140	f8372b2dc95bcc33dea61f289e932b8259c4de759d0314003d22820899a4b9e5	tracked
notes/rewrite/fork-syscall-rewrite/02-stage-vm/08-pagetable-ops.md	75671	1789741140	51994025b9591eafc08cf7b1b2de92b31cf6ec9942b644bd8b44d17557090f6c	tracked
notes/rewrite/fork-syscall-rewrite/02-stage-vm/09-slab-allocator.md	59840	1789741140	898834ec939f3487296f6fc4128184db1aac06f1e8c05b7c5481adb2abc11d9e	tracked
notes/rewrite/fork-syscall-rewrite/02-stage-vm/10-vm-relocation.md	45152	1789741140	7fad5ce578005ed6478171b0e5864b87df8a02b2de5bafc720eebe4f55a58d6e	tracked
notes/rewrite/fork-syscall-rewrite/02-stage-vm/11-phys-pagestate.md	29903	1789741140	6fed313c3e783fe91bf40301b821984d947617c996e9819da93cacda961f91ae	tracked
notes/rewrite/fork-syscall-rewrite/02-stage-vm/12-memtype.md	34572	1789741140	b9503ffeb65ab3f219fb44f5b6f738c8f4bf02825f7b3454ecbe937cd4158bab	tracked
notes/rewrite/fork-syscall-rewrite/02-stage-vm/13-region-mapping.md	44088	1789741140	e5b7fdab44e1a869511e8c7e559cfea1efa953126be692aee44b5f61d0bcf6e5	tracked
notes/rewrite/fork-syscall-rewrite/02-stage-vm/14-region-lookup.md	34664	1789741140	7928511301eed3b1cee2089d48d80836562617ec702c7a02a4dc2c193622a87c	tracked
notes/rewrite/fork-syscall-rewrite/02-stage-vm/15-ipc-dispatch.md	55603	1789741140	9995b7e8d040f553659ec0f596da50f25b7b6ca9f78705a9fbcc4f8bf785ae0d	tracked
notes/rewrite/fork-syscall-rewrite/02-stage-vm/16-pagefault.md	47580	1789741140	01fbeb25895a384b71a5c8ed3f7a17d8bce39daec3d21d662cf2b8faaba0d545	tracked
notes/rewrite/fork-syscall-rewrite/02-stage-vm/17-cow-mechanism.md	30511	1789741140	24b400185997b7c955e038d43a3279fc08e9f6412f0b17d06709570b203bc20f	tracked
notes/rewrite/fork-syscall-rewrite/02-stage-vm/18-vm-fork.md	31728	1789741140	b08f5425f1d72c0944f0b07bd43dcde0bd811cd5483c921a803377800a85ab6b	tracked
notes/rewrite/fork-syscall-rewrite/02-stage-vm/19-vm-brk.md	36138	1789741140	5350b7e618134416ec8f82c14e91d6197209aa676a0c0c89f39ca3736c4ece51	tracked
notes/rewrite/fork-syscall-rewrite/02-stage-vm/20-vm-mmap.md	40318	1789935350	479f8438614949c01813026eb22757e5810b06fffe1737384648878d97cc7b90	tracked
notes/rewrite/fork-syscall-rewrite/02-stage-vm/21-vm-munmap.md	52883	1789741140	e8222852c0751f8dbb64e8fddb5c9e021dc2cae5f1e6594e78200f6d38c48b49	tracked
notes/rewrite/fork-syscall-rewrite/02-stage-vm/22-vm-exit.md	40495	1789741140	0f2fbda7e733acb6d32c9b655eea72bb37007b29575888080dd59ab2fb4c2015	tracked
notes/rewrite/fork-syscall-rewrite/02-stage-vm/23-vfs-interaction.md	51356	1789741140	d895bcfba07f6efc7697c050f8c87936e1e347792f4b5b9d523f94361cab7235	tracked
notes/rewrite/fork-syscall-rewrite/02-stage-vm/24-page-cache.md	42718	1789741140	849302eb0dccd5316fb5e29fed53d2f4b7b66213b49f332a3b714eed3b03cc1c	tracked
notes/rewrite/fork-syscall-rewrite/02-stage-vm/25-rs-services.md	49955	1789802664	be9556f97aa44920b4a5d9ab328d1730db6720c4791d0fbe10a2a9606c7af519	tracked
notes/rewrite/fork-syscall-rewrite/02-stage-vm/26-vm-queries.md	52117	1789803500	8cdce03f1c138ccfcea8e487c6f9a161f46c94f10f8064238bd60f4942e6762f	tracked
notes/rewrite/fork-syscall-rewrite/02-stage-vm/99-global-concepts.md	6058	1789741141	8f00ae4e9c831eea4f08fd84789b8566e2f216ef8f21c029b3b2bab7eb0cf3d7	tracked
notes/rewrite/fork-syscall-rewrite/02-stage-vm/checklist.md	87147	1788973224	b30634618616355aef66495cc988b3d5ce1eb5f74ed755d09f4eec03a50e213a	tracked
notes/rewrite/fork-syscall-rewrite/02-stage-vm/doc_rerank_HY4.md	150604	1789831476	f3392a97c4585102e607cc83579eec864f76ad1abab9b25cfb44c6b76dcee720	tracked
notes/rewrite/fork-syscall-rewrite/02-stage-vm/doc_rerank_deepseek.md	164502	1789834039	305ccffd364592e3775d155612eb21661d383225fcfb29be1795d47d932cf37f	tracked
notes/rewrite/fork-syscall-rewrite/02-stage-vm/doc_rerank_glm.md	154384	1789766550	f9c7e6ccc276a9fe23436439314063533edc2af5715a2ef86753198f20d52e05	tracked
notes/rewrite/fork-syscall-rewrite/02-stage-vm/doc_rerank_muse.md	88820	1789839129	fe38b9452a979c4e24150438dce08105af6aecf80c6700322433d0c08b09f0c7	tracked
notes/rewrite/fork-syscall-rewrite/02-stage-vm/doc_rerank_qwen.md	67077	1789825242	6e83916ff04fef56c7d0c5c3d78175f36af1e53291e84d5e826de426b249e0a3	tracked
notes/rewrite/fork-syscall-rewrite/02-stage-vm/plan.md	40642	1788333750	c0a0ba32d5f55eda28ae994e4736858c15d75d291cfc347fef811b59931f1ab2	tracked
notes/rewrite/fork-syscall-rewrite/02-stage-vm/todo.md	72664	1789914403	58b430c6f97ad4948f8725a42a69e49c08da094be3189c8f51aa10c34bf2a002	tracked
notes/rewrite/fork-syscall-rewrite/02-stage-vm/.design/00-design.v1.md	1057	1788973503	9b9d3ef6d0dda13e692e44c7da9cdf856fe91cc365784197e934dcddc767376a	ignored
notes/rewrite/fork-syscall-rewrite/02-stage-vm/.design/00-outline-review.v1.md	1015	1788973503	8aa161ae961037459c239d4395f14d30de09a915986f1a6d1bcd46d57db9278b	ignored
notes/rewrite/fork-syscall-rewrite/02-stage-vm/.design/00-outline.v1.md	3169	1788973503	e8faeceaf832d6486bb3e4055f8fdd1feff99d0fdd14f5d82c1910b04825b7b1	ignored
notes/rewrite/fork-syscall-rewrite/02-stage-vm/.design/01-design.v1.md	9644	1786746621	016ed5c7d42d83c3d37c5f5a68d64741c546a120d706aa064b69ef804d95cf68	ignored
notes/rewrite/fork-syscall-rewrite/02-stage-vm/.design/01-outline-review.v1.md	2983	1786746594	6e27490ee86e02caee54f36b0703d264aabdd1db1d8f88243f3060acbf96d24a	ignored
notes/rewrite/fork-syscall-rewrite/02-stage-vm/.design/01-outline.v1.md	5291	1786746585	aa76afa3398618af57d8ad3de3d92fca719aeab05f52bed9a9db7f6d3e95b5d4	ignored
notes/rewrite/fork-syscall-rewrite/02-stage-vm/.design/02-design.v1.md	9959	1786747749	a5245df66714896128f6828b19232a4b5000f6d6277d01b6c74a265aacce469d	ignored
notes/rewrite/fork-syscall-rewrite/02-stage-vm/.design/02-outline-review.v1.md	3051	1786747723	953f11d31dca4e640a5b5e154b6298cbcb26ebc18f57464e5b3e0d244bed3465	ignored
notes/rewrite/fork-syscall-rewrite/02-stage-vm/.design/02-outline.v1.md	7932	1786747713	f418a5448c5eb19ab98576bd7dd582602724327e85224cb38fad3aaffec61047	ignored
notes/rewrite/fork-syscall-rewrite/02-stage-vm/.design/03-design.v1.md	6832	1786787100	453f4e74449b5b604dd2a616012f7c0227dc0b9a8e10687bc2c06203f5a747cc	ignored
notes/rewrite/fork-syscall-rewrite/02-stage-vm/.design/03-outline-review.v1.md	3258	1786786859	90eee867bc20d7dfc10bb1a55ad3343b17df2cc6149513dbc54ea8c35e2a837d	ignored
notes/rewrite/fork-syscall-rewrite/02-stage-vm/.design/03-outline.v1.md	8261	1786786849	74296dba6ad10a4512f27955640cb32a2693a473299d4a62670adc4157de2557	ignored
notes/rewrite/fork-syscall-rewrite/02-stage-vm/.design/04-design.v1.md	6985	1786790601	4115f91514c06f8651f2f2f9fd50e1e10be72fad111a4f8f38d429ec44ae4a2b	ignored
notes/rewrite/fork-syscall-rewrite/02-stage-vm/.design/04-outline-review.v1.md	1905	1786790065	1a8efec866b7acfb771c21a6ef5be7983b3cc91f7a9f22c995a336a32c5e2835	ignored
notes/rewrite/fork-syscall-rewrite/02-stage-vm/.design/04-outline.v1.md	7683	1786790039	36f776863d0ceb627238c9c2d8eff115bb7b91154be6f6e43b01cf4a6749f023	ignored
notes/rewrite/fork-syscall-rewrite/02-stage-vm/.design/05-design.v1.md	11834	1786792100	69549fbdaecaf5f76d32395c1d2a85dac542a31e09d535c6eaab39a216f00d66	ignored
notes/rewrite/fork-syscall-rewrite/02-stage-vm/.design/05-outline-review.v1.md	3306	1786791711	1ad153ecc259db2e9e50c77b32f767a29b3033cefd0611580787d321a8f48d13	ignored
notes/rewrite/fork-syscall-rewrite/02-stage-vm/.design/05-outline.v1.md	10287	1786792100	16c8fcdbe07fd3ed65715664e7fa9fdec64d4060e8f0edafec6d44ec2d1389ea	ignored
notes/rewrite/fork-syscall-rewrite/02-stage-vm/.design/06-design.v1.md	8472	1786796064	b017baec2a96a06b567bad622e9b1825526c0aa5c8b27bef64881a3d50f3803d	ignored
notes/rewrite/fork-syscall-rewrite/02-stage-vm/.design/06-outline-review.v1.md	3496	1786795111	4bfcd7a1169b2ec533bbf137075b4ed0b80ba2f525c5698e45675a31baf1e3f0	ignored
notes/rewrite/fork-syscall-rewrite/02-stage-vm/.design/06-outline.v1.md	10456	1786795111	f528843dce06ee5b94fae8bdda5363b95d212f6636d6258294b356473ea5d0a6	ignored
notes/rewrite/fork-syscall-rewrite/02-stage-vm/.design/07-design.v1.md	8991	1786798414	d6b40f87197eff820a81a728f8dc8d4a1a999adfc7e9d0ca5544bd02d9e752e5	ignored
notes/rewrite/fork-syscall-rewrite/02-stage-vm/.design/07-outline-review.v1.md	3773	1786797382	f45845934ce2e550135ff664021bf1a2b41ae8222262c5d727409777fb8157bf	ignored
notes/rewrite/fork-syscall-rewrite/02-stage-vm/.design/07-outline.v1.md	12670	1786798257	450ccfd9acd52b32e7c59aeffe682a8f36b9623cdcee9e32c120c8506cf786ab	ignored
notes/rewrite/fork-syscall-rewrite/02-stage-vm/.design/07-paging_init_design.v1.md	214932	1788503313	3609ff79151d9d14fb79952278421c61ff28b59c24e4e784ceefa4509feb6ed8	ignored
notes/rewrite/fork-syscall-rewrite/02-stage-vm/.design/08-design.v1.md	12938	1786800177	94be74dcbe0f8ca1db6477892a06a7c494429179d5fa1d75fabcadf589d91b17	ignored
notes/rewrite/fork-syscall-rewrite/02-stage-vm/.design/08-outline-review.v1.md	4239	1786800141	5cfa28957bdaa45bd11388815d71cd2de2fe0573f8f672f83234ec3ddd869b18	ignored
notes/rewrite/fork-syscall-rewrite/02-stage-vm/.design/08-outline.v1.md	13685	1786800122	6399038c6ef19a43c6812d140f02463222abd6294ebb423cee348fef7cf6ddc9	ignored
notes/rewrite/fork-syscall-rewrite/02-stage-vm/.design/09-design.v1.md	9573	1786808100	ab24655c5965d6c45c94696619b3452f36079bdcee20fb1c5e75a51e63c86272	ignored
notes/rewrite/fork-syscall-rewrite/02-stage-vm/.design/09-design.v2.md	4368	1786892872	87348c2583a15389cbd5e5a6c170e6312ce65be3f4a9c71672fabbb6b2cc2fc5	ignored
notes/rewrite/fork-syscall-rewrite/02-stage-vm/.design/09-outline-review.v1.md	3932	1786806539	d7ca28fb04702f64929ecdc71718ff0ba3772788f67d1424b444289a31e1ee04	ignored
notes/rewrite/fork-syscall-rewrite/02-stage-vm/.design/09-outline.v1.md	13038	1786806449	c8f4fc3118ed93aea06c7ff9ed84870cfc7bfd1ae3c6b8b5486bc354a95a1a8d	ignored
notes/rewrite/fork-syscall-rewrite/02-stage-vm/.design/10-design.v1.md	4811	1786809218	37914594c07b1d451283a53e7786aab46dcdc28666d3836c4e810142122017fb	ignored
notes/rewrite/fork-syscall-rewrite/02-stage-vm/.design/10-outline-review.v1.md	2053	1786809205	3bc5e77ad47a5ae4f906406120a2f2dbd8ede8bbb37b52f22bbb4c543b557a98	ignored
notes/rewrite/fork-syscall-rewrite/02-stage-vm/.design/10-outline.v1.md	12126	1786809196	f2ede878cff5f89a42129a3c7953456b0dcac2ed6c1f717f5c091c99ff4f5136	ignored
notes/rewrite/fork-syscall-rewrite/02-stage-vm/.design/11-design.v1.md	3072	1786809837	e0a48f2c934ca3c737ec6edf03ba3730b804956c5f3df9e498845db66d5a43ff	ignored
notes/rewrite/fork-syscall-rewrite/02-stage-vm/.design/11-outline-review.v1.md	1332	1786809544	ad239f582122a206413c82bcce44ef7630d2411ab61b2967f48d315f2a99b7d4	ignored
notes/rewrite/fork-syscall-rewrite/02-stage-vm/.design/11-outline.v1.md	7768	1786809837	18612ffa913128757e3f1afea84bea55170f16e09bc636e53e7ffe4d62b195c8	ignored
notes/rewrite/fork-syscall-rewrite/02-stage-vm/.design/12-design.v1.md	3771	1786810056	cbeb51f3ab6301ad567b4bf2be5343b9c33a967b96ca5923417ba54bbaf88823	ignored
notes/rewrite/fork-syscall-rewrite/02-stage-vm/.design/12-outline-review.v1.md	1207	1786810041	1563f72c817d6bcea8f271f92c82bc19fc30d8205dd1c1bf4a08c84e48ca6239	ignored
notes/rewrite/fork-syscall-rewrite/02-stage-vm/.design/12-outline.v1.md	7298	1786810032	3cfaecae1651c5c5bc48a3cc1fe4c96e96c0fa74020ba97ecb8a4642d513ef96	ignored
notes/rewrite/fork-syscall-rewrite/02-stage-vm/.design/13-design.v1.md	5124	1786810470	b9edba866d4a7a15f004ca2f752fa17b6d4df94f297a5bb1ff93ff7b8b889454	ignored
notes/rewrite/fork-syscall-rewrite/02-stage-vm/.design/13-design.v2.md	4760	1786891225	363c26cda594e6d23b5bc6ba6cfc6803905320104c083669663a272a192df97a	ignored
notes/rewrite/fork-syscall-rewrite/02-stage-vm/.design/13-outline-review.v1.md	1727	1786810470	44bace3342f03f3f2bb7a6af23a10b8af078318ad74ba151475fa258ad7e0a02	ignored
notes/rewrite/fork-syscall-rewrite/02-stage-vm/.design/13-outline.v1.md	9725	1786810450	bdb80f16e7fbe77ad1cb81fc806e79dcb98eea609f90a7c1fe7f325cb2c0aea0	ignored
notes/rewrite/fork-syscall-rewrite/02-stage-vm/.design/14-design.v1.md	3244	1786811124	963c1e3a0e8320a41f5d5c7b38603bec1214a8dccf4eb4ad31783f72f499d2ab	ignored
notes/rewrite/fork-syscall-rewrite/02-stage-vm/.design/14-outline-review.v1.md	1486	1786811124	0c5350f41e74788f202ba60ec8c24833cbbbddcb2d4f2d21d62adb1773a454b7	ignored
notes/rewrite/fork-syscall-rewrite/02-stage-vm/.design/14-outline.v1.md	7501	1786811110	8448edca3298b8635ada6a41a5cd25f65cfae32de09739bde8952676e4959364	ignored
notes/rewrite/fork-syscall-rewrite/02-stage-vm/.design/15-design.v1.md	4568	1786811646	8f956effdff15568b431ab177bf9fa782878d90ec867fea686597e8145131815	ignored
notes/rewrite/fork-syscall-rewrite/02-stage-vm/.design/15-outline-review.v1.md	1764	1786811646	3da74f77b52bcf95b367821a9b83e27f5734ea3b83b4f5930cff814425e2b317	ignored
notes/rewrite/fork-syscall-rewrite/02-stage-vm/.design/15-outline.v1.md	8248	1786811627	3b51875ab56297e80fd6912d26b2edbd679e0c0b5489202020d259cf2be76dfd	ignored
notes/rewrite/fork-syscall-rewrite/02-stage-vm/.design/16-design.v1.md	4516	1786813330	cc64bfa1eb935ea475bfb9c6ae820451839bc3ff50b72420883a46f647d644ca	ignored
notes/rewrite/fork-syscall-rewrite/02-stage-vm/.design/16-outline-review.v1.md	2350	1786813330	cbfcacdcf44969f9855aace46a2bcc6b3a3fbe54ca5a0b0c59b782a2b4106783	ignored
notes/rewrite/fork-syscall-rewrite/02-stage-vm/.design/16-outline.v1.md	11045	1786813304	5478d62f3fe4405100c9bab68f84721b33aef3b997957b9f45b5873865f50ed6	ignored
notes/rewrite/fork-syscall-rewrite/02-stage-vm/.design/17-design.v1.md	3894	1786813996	6b4df30a4294c3d52d4fafb172a397ea8789af73ba74c66fa2dcf5ede0fc2aa1	ignored
notes/rewrite/fork-syscall-rewrite/02-stage-vm/.design/17-outline-review.v1.md	1917	1786813996	844d6ae6abe51e1c2b66997a123f32485d1e3e00c7962dc4c61ceaff4e5e6952	ignored
notes/rewrite/fork-syscall-rewrite/02-stage-vm/.design/17-outline.v1.md	8595	1786813978	80b0ec210b342f9e5394693e9b77d67a6634076cde532f2362fab0e2fcccf161	ignored
notes/rewrite/fork-syscall-rewrite/02-stage-vm/.design/18-design.v1.md	4788	1786815099	f3721eaef6ca2bb5964f0ebdb871f47def905e478b04867776743868826db841	ignored
notes/rewrite/fork-syscall-rewrite/02-stage-vm/.design/18-outline-review.v1.md	2034	1786815099	43e9a4bd0c62af78ab59e342335c7e12f3da3d073e7230d71eecc803d49c9481	ignored
notes/rewrite/fork-syscall-rewrite/02-stage-vm/.design/18-outline.v1.md	7148	1786815077	989237efb4e597e7a86193af6d3c3943034d79e24887099c9a7b3907b50d36df	ignored
notes/rewrite/fork-syscall-rewrite/02-stage-vm/.design/19-design.v1.md	2859	1786817011	93db894d0a39a32b1f730f9aadcb45370eb5e1f3f9678231e9ec0a3908a8a252	ignored
notes/rewrite/fork-syscall-rewrite/02-stage-vm/.design/19-outline-review.v1.md	1509	1786816680	3563355657b2803d3ba512c81f13d9bf182013f092de5f81c0e7a81e67d422c1	ignored
notes/rewrite/fork-syscall-rewrite/02-stage-vm/.design/19-outline.v1.md	2743	1786816680	e9cae66fa71f02da4628636192eea9f6ba70824b537dce2afb1f485ed5ef972d	ignored
notes/rewrite/fork-syscall-rewrite/02-stage-vm/.design/20-design.v1.md	7657	1786822303	1b72cfbcb7e714a5532079499d36188ecf5d7d11f953cd8e0a9bca41950cc280	ignored
notes/rewrite/fork-syscall-rewrite/02-stage-vm/.design/20-outline-review.v1.md	2609	1786822318	4c09d450d1b502ac7bb47f87e815f17530f568e37ac872a24f7b0d7829cbdcbc	ignored
notes/rewrite/fork-syscall-rewrite/02-stage-vm/.design/20-outline.v1.md	9642	1786822318	9e593dff2369c316654f8340240c526370c67b2bde524f04ee19f59e71febdb5	ignored
notes/rewrite/fork-syscall-rewrite/02-stage-vm/.design/21-design.v1.md	7632	1786825750	b6a266df90edc04a251bcaa8aa46a743c123a3934978bda010864d6d07799da4	ignored
notes/rewrite/fork-syscall-rewrite/02-stage-vm/.design/21-outline-review.v1.md	3043	1786823244	24e08f6d0cae0a5256aaaa0835c2228dceca798a769baf48b4df910c104b9efb	ignored
notes/rewrite/fork-syscall-rewrite/02-stage-vm/.design/21-outline.v1.md	12400	1786823217	0815b854c8d48ac224bd3f3fdfa3b81fbd8e5dd1a599b1a6a6c4abb556a2aafd	ignored
notes/rewrite/fork-syscall-rewrite/02-stage-vm/.design/22-design.v1.md	8538	1786828279	1ee6ded780ae9eda862db5965ac44a5edf20a64b3be883bb6f963a06d62ad26b	ignored
notes/rewrite/fork-syscall-rewrite/02-stage-vm/.design/22-outline-review.v1.md	4053	1786826984	485022c5b3e1783c69e1f463e2db87948e2852dd32259d4e19627dd2ea86e446	ignored
notes/rewrite/fork-syscall-rewrite/02-stage-vm/.design/22-outline.v1.md	8337	1786828285	38b461a355724c5545c49f3151c84b90167c18e8008131c7f1ad035d85623b57	ignored
notes/rewrite/fork-syscall-rewrite/02-stage-vm/.design/23-design.v1.md	6724	1786876740	cca9182b9f96ccb589e33f1ea5d634d9a88363a3ccdf35cdd208d4c678eaf343	ignored
notes/rewrite/fork-syscall-rewrite/02-stage-vm/.design/23-outline-review.v1.md	2666	1786876740	53e8a61d9b58f8aaddbc28901139faf828bbee197071d366a84fb37ab44bc07f	ignored
notes/rewrite/fork-syscall-rewrite/02-stage-vm/.design/23-outline.v1.md	6712	1786876713	be610103c226aee938e708d1f66ece022da617b8a22fc120f47496d4be1e195c	ignored
notes/rewrite/fork-syscall-rewrite/02-stage-vm/.design/24-design.v1.md	10849	1786880502	b5d7c7c24ae2edfeadc59304285043b4119761b9398497eb5a65f6ebd26bba72	ignored
notes/rewrite/fork-syscall-rewrite/02-stage-vm/.design/24-outline-review.v1.md	4343	1786878439	9668a4d590aaa3db91a649a733429dbfe73a83d61bce43a0379cb002e1ae7230	ignored
notes/rewrite/fork-syscall-rewrite/02-stage-vm/.design/24-outline.v1.md	7062	1786878425	044ed7e06629476b0253ecfe27bed8850fec4df410a692d82f1d6909955c3c92	ignored
notes/rewrite/fork-syscall-rewrite/02-stage-vm/.design/25-design.v1.md	11520	1786884272	d02b9946ff179b6e85f1fdacfc62d5c4bc11394c7ed173fa35eb8d01b5e3276e	ignored
notes/rewrite/fork-syscall-rewrite/02-stage-vm/.design/25-outline-review.v1.md	2288	1786882204	520afdf7520b309bb03d23f6af1677222f915c1b9c9c736852e1d6a6c4a1e76e	ignored
notes/rewrite/fork-syscall-rewrite/02-stage-vm/.design/25-outline.v1.md	7103	1786884080	e600284832ac4d7bff2d2207f4dfc498939c33d0953ad7e34c4d2445319a0224	ignored
notes/rewrite/fork-syscall-rewrite/02-stage-vm/.design/26-design.v1.md	9846	1786888450	2c15ff97fc444b1dca1e8c4c78714b95f9aa933dfed9700b83f544df829f1cce	ignored
notes/rewrite/fork-syscall-rewrite/02-stage-vm/.design/26-outline-review.v1.md	3765	1786886698	5a0d74831995306d09ed290663bbf5bb0c4ceb4bb44f61efe5ecbb60818edf8d	ignored
notes/rewrite/fork-syscall-rewrite/02-stage-vm/.design/26-outline.v1.md	5042	1786886685	1a089d7130f436d0a404e47ffdc97de5635eeafc2ab040d5f10c6ccf91078e55	ignored
notes/rewrite/fork-syscall-rewrite/02-stage-vm/.design/99-design.v1.md	850	1788973562	9b88ed11ce757b0e603b27f51ac22f1bf593862349108d81638c7dd2dac27b38	ignored
notes/rewrite/fork-syscall-rewrite/02-stage-vm/.design/99-outline-review.v1.md	707	1788973562	112630e768b1d94302ca81d8a53e48fc6db3050aecd8896814193a5e9a668be0	ignored
notes/rewrite/fork-syscall-rewrite/02-stage-vm/.design/99-outline.v1.md	2893	1788973562	96079e450c4ac277b5815204ad8ef9b2a1a429c90d9917dd589062443c00ac81	ignored
notes/rewrite/fork-syscall-rewrite/02-stage-vm/archive/todo-V11-archive-2026-09-08.md	194576	1788805105	e15e690322c1685ea2e44888354ebe10467332d5219d2712347fc291dee22520	tracked
notes/rewrite/fork-syscall-rewrite/02-stage-vm/archive/todo-V12-archive-2026-09-09.md	51239	1789501217	9ad3e2a76c6a3d1bb46e87248868a6e2bb25afa85395a9f3fc9e50186417bcd1	tracked
notes/rewrite/fork-syscall-rewrite/02-stage-vm/draft/00-vm-overview.md	19823	1789733326	7197dfcb22d79167272070389abb7a273d36b05a12572c9c18d63f4d400a4f05	tracked
notes/rewrite/fork-syscall-rewrite/02-stage-vm/draft/01-vmproc-struct.md	71829	1789733326	467c37d959f15535112a98b77f6d5a85f425a2ca89e5eded65ee440f9defb8cc	tracked
notes/rewrite/fork-syscall-rewrite/02-stage-vm/draft/02-vmproc-table.md	45105	1789733326	72d35de3cdfb66c80d571527d4203062d1ca630461af124d7308133e120feb1e	tracked
notes/rewrite/fork-syscall-rewrite/02-stage-vm/draft/03-acl.md	36459	1789733326	b7fd001107f2dbcbf48a610705b6392ae2f34bb7e1d3748de3277e89992ae4e8	tracked
notes/rewrite/fork-syscall-rewrite/02-stage-vm/draft/04-physical-memory.md	90936	1789733326	6889cd1204d44bf951222c077d8c16a369584d45ee147c3e85864e7c5685481c	tracked
notes/rewrite/fork-syscall-rewrite/02-stage-vm/draft/05-vm-allocpage.md	41953	1789733326	e4247e6e03f0907f46f290ce945fa01081f566340e4fce416c0b068e79911d69	tracked
notes/rewrite/fork-syscall-rewrite/02-stage-vm/draft/06-pagetable-struct.md	69582	1789733327	5cbf543ec593d6a527754d8694cbd6ad9687b81d5c38146d3056f49cb8b20db7	tracked
notes/rewrite/fork-syscall-rewrite/02-stage-vm/draft/07-pagetable-ops.md	101161	1789733327	1898b7bfe7c04c483d9dec69b5d581cbc1e2ed5fe140b5c46fdfeb18ce30bba2	tracked
notes/rewrite/fork-syscall-rewrite/02-stage-vm/draft/08-slab-allocator.md	99509	1789733327	5643699c95741b6a95378b641a6bdbc094f3152e8acdb67d2595e147b033b490	tracked
notes/rewrite/fork-syscall-rewrite/02-stage-vm/draft/09-vm-relocation.md	61547	1789733327	a1f45f2f420469a16bf2f9de592241c603d7dac610e5d96e045b6682a5220f6f	tracked
notes/rewrite/fork-syscall-rewrite/02-stage-vm/draft/10-phys-pagestate.md	78482	1789733327	3db30670d2fb48ac76fd7856771baef41add0f54082a8fdf432bd16ea475f693	tracked
notes/rewrite/fork-syscall-rewrite/02-stage-vm/draft/11-region-mapping.md	95966	1789733327	ac45e6408725f84cefb4a25c7c5c30dc1d2565938be34049b43474d48f385eae	tracked
notes/rewrite/fork-syscall-rewrite/02-stage-vm/draft/12-memtype.md	120657	1789733327	db976565987fd95fe476e7dcb58dd6c942a2d363e024f3c8c917ff137b9596c4	tracked
notes/rewrite/fork-syscall-rewrite/02-stage-vm/draft/13-region-avl.md	70044	1789733327	bbbad3e1ccda05c5a54cac1f1d391e88edc9b188eac0f881b47432ee84ca551a	tracked
notes/rewrite/fork-syscall-rewrite/02-stage-vm/draft/14-cow-mechanism.md	56855	1789733327	924dcdcf4d7350772cd95960500837c749ba76d0c879e48ebcf62ab950dff27f	tracked
notes/rewrite/fork-syscall-rewrite/02-stage-vm/draft/15-pagefault.md	102388	1789733327	54d13277346df49ae63e8c8cf9f77721550c83e76f2bdf965837d945ae2d5568	tracked
notes/rewrite/fork-syscall-rewrite/02-stage-vm/draft/16-vm-fork.md	67743	1789733327	031be90291f01df6902541999c71cc8fa79f83fd0f24de5b2fbbe8bb2493e68c	tracked
notes/rewrite/fork-syscall-rewrite/02-stage-vm/draft/17-vm-brk.md	52683	1789733327	03ffe25ad542e48f238180f08aebc6c6fa42084fe3bca1285276b9c2cb9e7d15	tracked
notes/rewrite/fork-syscall-rewrite/02-stage-vm/draft/18-vm-mmap.md	44864	1789733327	9b2fa37e3c092d763c7e7c2cec26d81857c75ff65d0715a9484fb428d6fc48aa	tracked
notes/rewrite/fork-syscall-rewrite/02-stage-vm/draft/19-vm-munmap.md	44091	1789733327	d7818a47f7917977b1195fccb0e02a789a8c9a2a7e6c0d615beda03cce416c7f	tracked
notes/rewrite/fork-syscall-rewrite/02-stage-vm/draft/20-vm-exit.md	35288	1789733327	9f1be30b1773a45ca6991303e61cca024ef1d985e2a0e26ec4c32e3e994203fe	tracked
notes/rewrite/fork-syscall-rewrite/02-stage-vm/draft/21-review-ds.md	25101	1789733327	5a00fbd8c88bf25e28188d57cd7f0111be6deae4b3ae0304aaa6957e409b69ed	tracked
notes/rewrite/fork-syscall-rewrite/02-stage-vm/draft/21-vm-rs-services.md	24614	1789733327	1d03757d2f788196d5bb5a7d0cefdb3d0fd794fc508ac3bd658e36dac1766f3c	tracked
notes/rewrite/fork-syscall-rewrite/02-stage-vm/draft/22-vm-queries.md	23372	1789733327	d74b8a1f1dabe09038ac841e44a53c3e12541626f35b2b104392c0b6b40be9dc	tracked
notes/rewrite/fork-syscall-rewrite/02-stage-vm/draft/23-review-ds.md	29974	1789733327	538a81e66d068a180f46fdde0c5247b4cb08cfdf2f1e2ab00c89c72f7f7c3f5c	tracked
notes/rewrite/fork-syscall-rewrite/02-stage-vm/draft/23-vfs-interaction.md	55307	1789733327	b1c100bec59d4d2897d318434865e5fbf5a7036be80dd9550b986aa9a8e5ff57	tracked
notes/rewrite/fork-syscall-rewrite/02-stage-vm/draft/24-vm-ipc-dispatch.md	24495	1789733327	80cdcaf180a2d0b844ab03c5c7d27b9e06f9f342d838c91a9f2231f67e9b4615	tracked
notes/rewrite/fork-syscall-rewrite/02-stage-vm/draft/25-page-cache.md	28626	1789733327	d3fd9888ecb07475072d2344f9120f11168743821f08779d3c13a022cbdc38e4	tracked
notes/rewrite/fork-syscall-rewrite/02-stage-vm/draft/26-review-dsf.md	44918	1789733327	00b26adea59e6a9edee1d0b7d77083faf5e9622e2f741feec3671c10fefa301b	tracked
notes/rewrite/fork-syscall-rewrite/02-stage-vm/draft/26-vm-init-main.md	48697	1789733327	5c66803011bc59811c2454880043b7fa4375108df72655136839b67b9cccee37	tracked
notes/rewrite/fork-syscall-rewrite/02-stage-vm/draft/99-global-concepts.md	16519	1789733327	d699e1071f31e2a2475909de016876e9c8dc4a2a06c253adcbe0389543dcdfbd	tracked
notes/rewrite/fork-syscall-rewrite/02-stage-vm/draft/TODO.md	12824	1781631055	a96e9be7ffe15446a8d01653a13d493a437e038862e471318a97a563c184f652	tracked
notes/rewrite/fork-syscall-rewrite/03-stage-rs/00-rs-overview.md	28420	1791268698	f38899c143f1531935779fa3ce0c95d8d15bb440b8907665359cd219c168908b	tracked
notes/rewrite/fork-syscall-rewrite/03-stage-rs/01-rs-boot-init.md	75410	1791292118	36d8d97237e268bceed0d389dd809e43bd4193f942cdaa8696b45a9315264e92	tracked
notes/rewrite/fork-syscall-rewrite/03-stage-rs/02-rs-process-table.md	66940	1791268698	ff75bb1a073eac684fc1146a370020448853b72c7f43492d4ddd0480070fb475	tracked
notes/rewrite/fork-syscall-rewrite/03-stage-rs/03-rs-privilege.md	49800	1789741141	83024e1041c3e72797062d526db4fbeb1b1b5fb4cdc140019ed6b899f14016fe	tracked
notes/rewrite/fork-syscall-rewrite/03-stage-rs/04-rs-access-control.md	25092	1789741141	b7fa3eadc37265dc441a1afaa6691cff0f534a144964f8745b16ea952a2936a9	tracked
notes/rewrite/fork-syscall-rewrite/03-stage-rs/05-rs-ipc-sendmask.md	27869	1789741141	7b56712f4ad075cf4f057883dd37cc51378d3c89fa6807d97e9c0e9682a6a117	tracked
notes/rewrite/fork-syscall-rewrite/03-stage-rs/06-rs-main-loop.md	25366	1789741141	ccbd512406ca4c4262c3f38169471c25e6f2d458329323e2fc1c62aa0ff1fdf1	tracked
notes/rewrite/fork-syscall-rewrite/03-stage-rs/07-rs-period-heartbeat.md	24448	1789741141	4b867c3fdf390e8549778326a55cc3b7b044917eda6f9a6e8913baa78d491f33	tracked
notes/rewrite/fork-syscall-rewrite/03-stage-rs/08-rs-slot-config.md	36502	1789741141	d1c9211e48d0a8c4e139375eb2695c4c4067ae7d28584f327988f206b03ce3e6	tracked
notes/rewrite/fork-syscall-rewrite/03-stage-rs/09-rs-exec.md	24125	1789935338	ec6e90b8f0bc5431fcc6a20826161fe35b412eb225df6cbc807c4d86da08136e	tracked
notes/rewrite/fork-syscall-rewrite/03-stage-rs/10-rs-service-create.md	29797	1789935338	a9915b31ac902fd26cf9a8563887d65721b31b80d4effda332827763885ae308	tracked
notes/rewrite/fork-syscall-rewrite/03-stage-rs/11-rs-publish.md	15088	1789741141	1ad26be257b89072ed3a5a5c8214e0a94a257bc0ed56e08707586a18929ded8c	tracked
notes/rewrite/fork-syscall-rewrite/03-stage-rs/12-rs-init-run.md	23735	1789741141	2870fe047890592e1c146122e603dc085f886941e0a62ccb74217455a6913de9	tracked
notes/rewrite/fork-syscall-rewrite/03-stage-rs/13-rs-control-requests.md	22480	1789741141	4b949db20f08b644efa4fff76eea75c3d2fef341a606a604b88f2f519bfb1aa2	tracked
notes/rewrite/fork-syscall-rewrite/03-stage-rs/14-rs-query-requests.md	21774	1789802664	720fbb859aa78e103f45ecfefc6dae9fd5a02c2579f1c24a9978eaab367cecd5	tracked
notes/rewrite/fork-syscall-rewrite/03-stage-rs/15-rs-terminate-restart.md	27170	1789741141	7dd16d3633f0adb90335b99542914a3785e2bcaba9f2ba795a11c4bdc9a5e80e	tracked
notes/rewrite/fork-syscall-rewrite/03-stage-rs/16-rs-live-update.md	29301	1789741141	e8a907dbb512d7b77507ffc1a1c7e3c6c280e5382c70e70911e4c8fdff5b9c9d	tracked
notes/rewrite/fork-syscall-rewrite/03-stage-rs/17-rs-state-data.md	21294	1789741141	b40be1ec18a3b47f5d41f3234a9943e8d5b669ade88a46e115aded88feea1481	tracked
notes/rewrite/fork-syscall-rewrite/03-stage-rs/18-rs-self-lifecycle.md	21118	1791268698	4c85f7481e59a09fa498e1a833e6e9d5b905c4f4c9a5c56755ea1c50b0874906	tracked
notes/rewrite/fork-syscall-rewrite/03-stage-rs/19-rs-external-interfaces.md	18008	1789751566	b1721211306d96775eb8b8f5f90d5cc74da0c0480326b80e5102b003e662c6dc	tracked
notes/rewrite/fork-syscall-rewrite/03-stage-rs/20-rs-sef-framework.md	83024	1791330158	9e362cb7eb78782c9dd4d67d3c88c34895fa0199afc3a1e929b567916295f805	tracked
notes/rewrite/fork-syscall-rewrite/03-stage-rs/99-rs-global-concepts.md	16269	1789741141	c5e34cd284fdc03cf69fd87853b9b86d88b34043f473bd9e1ea96a2091910a2b	tracked
notes/rewrite/fork-syscall-rewrite/03-stage-rs/doc_rerank_HY4.md	135856	1789832141	009e75165cc117a0d581fd07d5c5cbf9d40bb001ffbcda2d87f446c41216b5b4	tracked
notes/rewrite/fork-syscall-rewrite/03-stage-rs/doc_rerank_deepseek.md	198064	1789834040	2f6d683b24a528ee6beafc920b239c73d3c505408eaa62a0e32dde36718d814a	tracked
notes/rewrite/fork-syscall-rewrite/03-stage-rs/doc_rerank_glm.md	98134	1789767879	506a12d78aecdd053738bb5f7fe76b407ae9562000ca3fca4fbee51e733d423a	tracked
notes/rewrite/fork-syscall-rewrite/03-stage-rs/doc_rerank_muse.md	68446	1789840178	8bce068a908a058fc6ad1cd815b6f90fef6d5e3e69ee2024b007035d0de965f0	tracked
notes/rewrite/fork-syscall-rewrite/03-stage-rs/doc_rerank_qwen.md	65910	1791022958	c07ac72174c16af9f054ee7c7c9e88add5b059b88255e4bf82d550634c8daefd	tracked
notes/rewrite/fork-syscall-rewrite/03-stage-rs/plan.md	44902	1791268698	caa9438e1fc0483fc6639317cf34613c97f730cf2ce186e87db5171f3bca01cd	tracked
notes/rewrite/fork-syscall-rewrite/03-stage-rs/todo.md	46344	1789914403	d346138a262d2b95b954c4486846bb5d889eb68f32688115dab07eaa4aaafdb3	tracked
notes/rewrite/fork-syscall-rewrite/03-stage-rs/.design/00-design.v1.md	1272	1786780363	e50df9b0322f29898051087f041dbd12cccf671189d4fbb61dad0be0b477e550	ignored
notes/rewrite/fork-syscall-rewrite/03-stage-rs/.design/00-outline-review.v1.md	2277	1786780363	eeb2eb45be4407961e374f0c5c2bbbeb22d54e5a812678bbf35749fa7c50ac73	ignored
notes/rewrite/fork-syscall-rewrite/03-stage-rs/.design/00-outline.v1.md	2954	1786780363	f8ea5876340c95f9545c500dd1cf5bd6d0feaf0318553aeed2dcff4490c4a930	ignored
notes/rewrite/fork-syscall-rewrite/03-stage-rs/.design/01-design.v1.md	5680	1786746493	7a1dd7e0ec81ff8ac62661f269be73c49d1d654f879c42193e746c92c26cbbe2	ignored
notes/rewrite/fork-syscall-rewrite/03-stage-rs/.design/01-outline-review.v1.md	1358	1786746493	4e6f029165c9564b63108bead0138c9473fc48ad44134da97f20784142ee24b0	ignored
notes/rewrite/fork-syscall-rewrite/03-stage-rs/.design/01-outline.v1.md	6815	1786746473	0e572cae9c1c9c6b134892ce9e8c34ab00558be855be39377aab3db75c5205ed	ignored
notes/rewrite/fork-syscall-rewrite/03-stage-rs/.design/02-design.v1.md	8798	1786780082	ac448c8a6d65b8bdadc491689789361d1197526b55a6263f3bb29f09461ce3ce	ignored
notes/rewrite/fork-syscall-rewrite/03-stage-rs/.design/02-outline-review.v1.md	2524	1786779558	7afe1b634b70ee51ee3f30f56ee22675e722a24b5a7baba79acb67052c47430e	ignored
notes/rewrite/fork-syscall-rewrite/03-stage-rs/.design/02-outline.v1.md	8750	1786779594	bef5a5166417154ba7bb53a63120fa06204adfcf24ea8aaed76490c3f9e1d5bf	ignored
notes/rewrite/fork-syscall-rewrite/03-stage-rs/.design/03-design.v1.md	6262	1786786903	1a6df32a1d4224a4007d1765da9cb46fd94bd2d6f32b7fe5a954d6b8ca338cfc	ignored
notes/rewrite/fork-syscall-rewrite/03-stage-rs/.design/03-outline-review.v1.md	3021	1786780490	d6d6b3306aace181ea1e223ebea85dc176450ee12a6056ddb0084d159addd72a	ignored
notes/rewrite/fork-syscall-rewrite/03-stage-rs/.design/03-outline.v1.md	7029	1786780466	574715f1049bf2c69cbdd3368f3a0d85989fff1dce61979022a0ed45dff64a0a	ignored
notes/rewrite/fork-syscall-rewrite/03-stage-rs/.design/04-design.v1.md	1906	1786792088	da18b6905487dfda56195017baa7474b9c702c33b8fd08d43c3830595e4063d7	ignored
notes/rewrite/fork-syscall-rewrite/03-stage-rs/.design/04-outline-review.v1.md	1965	1786792088	76c4d133fabce30dd9a2a3615c57067ccc0c297ba7e804877a265c922b966dc2	ignored
notes/rewrite/fork-syscall-rewrite/03-stage-rs/.design/04-outline.v1.md	3094	1786792088	301621038f0f720763392fb4c2bbf5b49c6baf0750a7606c0a193f13029a4013	ignored
notes/rewrite/fork-syscall-rewrite/03-stage-rs/.design/05-design.v1.md	2069	1786792701	b901a90c69c8f72c86ec34f7611456c456bedb0220d4fd2086524b7f18d0a60f	ignored
notes/rewrite/fork-syscall-rewrite/03-stage-rs/.design/05-outline-review.v1.md	2021	1786792701	fb5dd833442714c64f6a30dc2ead2cb2939b266d5b356d550af0d5b4978acbe8	ignored
notes/rewrite/fork-syscall-rewrite/03-stage-rs/.design/05-outline.v1.md	3182	1786792701	e9b66df980f2a2fb24997e7115cedfe491b5489aa95389af90e4569207e03773	ignored
notes/rewrite/fork-syscall-rewrite/03-stage-rs/.design/06-design.v1.md	1196	1786782042	3a6c0ca0e2b2fcb1f41f7521f151fd755cd57bfe8cb33c889fa2bae17b109d95	ignored
notes/rewrite/fork-syscall-rewrite/03-stage-rs/.design/06-outline-review.v1.md	1464	1786782042	f40972cbf8a45ff801c06c35f25979f521cc910f0ceff4bb2a431ca315073115	ignored
notes/rewrite/fork-syscall-rewrite/03-stage-rs/.design/06-outline.v1.md	2303	1786793317	6c60260a671ce7f746eea5212292d7ae4e6c62647a2e896a90417d597ddf5c7d	ignored
notes/rewrite/fork-syscall-rewrite/03-stage-rs/.design/07-design.v1.md	1849	1786814409	fa0f36920d19a229a0205ab480a41664e09ec89374b8c18883ae63b2de8504f2	ignored
notes/rewrite/fork-syscall-rewrite/03-stage-rs/.design/07-outline-review.v1.md	1528	1786782304	013b49551b7949c766076c6015ba8244fe48a992f65a219afe96f58f7ee9f66a	ignored
notes/rewrite/fork-syscall-rewrite/03-stage-rs/.design/07-outline.v1.md	2160	1786782304	1bee6c1d3e40a1b658571a63282f528eb83a4a50d6697a0b1809a0402d4da0d8	ignored
notes/rewrite/fork-syscall-rewrite/03-stage-rs/.design/08-design.v1.md	1421	1786782488	bfeb588b4ac6318220f620fcccae3b8dbfbbb8ba5e825e551016cbb1dfde5d4f	ignored
notes/rewrite/fork-syscall-rewrite/03-stage-rs/.design/08-outline-review.v1.md	1643	1786782488	cfbe2ca473d5d228a2bd94ab4463fdb5b5177bfa35ca04a59233e961030bbefa	ignored
notes/rewrite/fork-syscall-rewrite/03-stage-rs/.design/08-outline.v1.md	2432	1786782488	6f3d419a5173e590867d779c2efed0684d4a1a81a6aea266796d041e4f1a93be	ignored
notes/rewrite/fork-syscall-rewrite/03-stage-rs/.design/09-design.v1.md	2267	1786782806	d34a79b81092b4905882d083b7907158dd5eda8951e359f38e2bf505d0ec0b91	ignored
notes/rewrite/fork-syscall-rewrite/03-stage-rs/.design/09-outline-review.v1.md	1792	1786782806	98b86c87fab4fa2ea8eb8ecbb80a314634ed457f1a319d0c03aa8d1e491dec99	ignored
notes/rewrite/fork-syscall-rewrite/03-stage-rs/.design/09-outline.v1.md	2775	1786782793	44cedb110bd2dcbc5608068c4c38a8f7d15db9fdcdab84bbc6e1be121c686e06	ignored
notes/rewrite/fork-syscall-rewrite/03-stage-rs/.design/10-design.v1.md	4431	1786795810	e29e4574da58fc2e4003ca278154dde1fd64119e5c5cdb50fa8e58265727afe3	ignored
notes/rewrite/fork-syscall-rewrite/03-stage-rs/.design/10-outline-review.v1.md	1825	1786795810	457fc41e58ef8a8dab86bdb334111744512e099fa73f9b4151a553b6c071d371	ignored
notes/rewrite/fork-syscall-rewrite/03-stage-rs/.design/10-outline.v1.md	2651	1786795810	bdc52ac818571e49ac15ae9a2a71b46e351add0035cd89b0550fbc8decccf869	ignored
notes/rewrite/fork-syscall-rewrite/03-stage-rs/.design/11-design.v1.md	1767	1786795956	0ed55f363c342aa9e4def5558cbcf4ab5e6b730fe202b855c205f01b866ce18b	ignored
notes/rewrite/fork-syscall-rewrite/03-stage-rs/.design/11-outline-review.v1.md	1690	1786795956	059b4f893a31519326009d53a08a4f9ba5d9f79f8415417e31bb7b4a7a733f6b	ignored
notes/rewrite/fork-syscall-rewrite/03-stage-rs/.design/11-outline.v1.md	2047	1786795956	1752f7bf8429e4c5a5e3851503b253a68416efabaa45d647badc3e6f171c1043	ignored
notes/rewrite/fork-syscall-rewrite/03-stage-rs/.design/12-design.v1.md	3611	1786796294	5ef6b7f12615142485654a25700920fd7d23a85f4026d12e278077391db50c5e	ignored
notes/rewrite/fork-syscall-rewrite/03-stage-rs/.design/12-outline-review.v1.md	1969	1786796294	8861d214184c354d8c2bafb6f0f5cd0873ecc47491014e35046769d02513ff1d	ignored
notes/rewrite/fork-syscall-rewrite/03-stage-rs/.design/12-outline.v1.md	3716	1786796294	1a62f1d25af580ae3229ae08eceab754461eb28ebecd52ac60d6f56ac66a16d0	ignored
notes/rewrite/fork-syscall-rewrite/03-stage-rs/.design/13-design.v1.md	2237	1786796772	473872726c8fb5c91ee9dab165d4cce93a77d84b05443f80f4b9fd7ea392a2b5	ignored
notes/rewrite/fork-syscall-rewrite/03-stage-rs/.design/13-outline-review.v1.md	1774	1786796772	157736a07143e12361a8288a6a30569935daf76068b268b2dfa54e71efa3e496	ignored
notes/rewrite/fork-syscall-rewrite/03-stage-rs/.design/13-outline.v1.md	3654	1786796793	cf39f9be915ad2c3fb5038d7c07db42bdd885123b49fecfe3a18b6db7ef8896b	ignored
notes/rewrite/fork-syscall-rewrite/03-stage-rs/.design/14-design.v1.md	3198	1786784243	bb7b17d086a9352964beb56021f2e39019c62f8a4818291ec634ef1e03881b89	ignored
notes/rewrite/fork-syscall-rewrite/03-stage-rs/.design/14-outline-review.v1.md	2206	1786784034	953ce1c4d032580bbb4415750cf6688ee7d5ff239aab43172dd18a928d02cf18	ignored
notes/rewrite/fork-syscall-rewrite/03-stage-rs/.design/14-outline.v1.md	4434	1786787174	8590319a0c9304d95c74167399b72ec745d269152f5667939088d50276a3ac00	ignored
notes/rewrite/fork-syscall-rewrite/03-stage-rs/.design/15-design.v1.md	3881	1786787735	029335cdcf7ce9c4ae5f978df546b412e5febe8c65b3665c0aeb0c293f8c8306	ignored
notes/rewrite/fork-syscall-rewrite/03-stage-rs/.design/15-outline-review.v1.md	2374	1786784333	b3410ff1527a317a04bd42a2205aec81754a241de5a44771e1387a14c906b3bf	ignored
notes/rewrite/fork-syscall-rewrite/03-stage-rs/.design/15-outline.v1.md	3748	1786787724	fa0d015ba13d79be26907aa25fdfd53e0fef335700c1493a39b5338424db8e2d	ignored
notes/rewrite/fork-syscall-rewrite/03-stage-rs/.design/16-design.v1.md	4366	1786788189	62072f9d3efa185f7b0db518f446c3bff39f8756fccf60696f551b04184c4dc6	ignored
notes/rewrite/fork-syscall-rewrite/03-stage-rs/.design/16-outline-review.v1.md	2480	1786784550	528aed55eacdc56067fd5f16a6c672abaa684b341e64dfe5b63f9c59725574f1	ignored
notes/rewrite/fork-syscall-rewrite/03-stage-rs/.design/16-outline.v1.md	3454	1786788193	0cf267eabb6f26c5c09f23dbbe0aa2994003159eaf9f5d4d28663a89bcf3197f	ignored
notes/rewrite/fork-syscall-rewrite/03-stage-rs/.design/17-design.v1.md	4137	1786789062	09dc869b2e718fbe1fb7f8f757f4f2c83dbcc1b9a2a69e726c37e5cac2c659e3	ignored
notes/rewrite/fork-syscall-rewrite/03-stage-rs/.design/17-outline-review.v1.md	2811	1786789084	299b5529c1e16dc6e866b6771f4d723838abe9815dc13636e5095657476a21b1	ignored
notes/rewrite/fork-syscall-rewrite/03-stage-rs/.design/17-outline.v1.md	3547	1786789073	a513a2ca3d5761aab8a4a200d1669fbba7549aa9a2e1e19165295c9747b3a3f1	ignored
notes/rewrite/fork-syscall-rewrite/03-stage-rs/.design/18-design.v1.md	3770	1786789978	0de00161acf39c955bbcfd50cd7c1279534a0b38dfb0a6442df15bd403339951	ignored
notes/rewrite/fork-syscall-rewrite/03-stage-rs/.design/18-outline-review.v1.md	2239	1786789992	6465e90bf5c5dfb8944d29532530729356fb60cf8f1a9e1fc7aac286267d9f0a	ignored
notes/rewrite/fork-syscall-rewrite/03-stage-rs/.design/18-outline.v1.md	3483	1786789988	576543171d5752f99ed2c0e3f60b5d8b8a41a269b954a7c759ad6dc0d9cc856d	ignored
notes/rewrite/fork-syscall-rewrite/03-stage-rs/.design/19-design.v1.md	3327	1786790435	fff996d297d1e435fcce0b4e8d18961331ba22305a4cbfc6c2d8b5c8754a9ae0	ignored
notes/rewrite/fork-syscall-rewrite/03-stage-rs/.design/19-outline-review.v1.md	2363	1786791010	c3d5cb9259c9a7939f7a6b76acf71a6b1cbd23cb526b1db4124deb41e59f40f9	ignored
notes/rewrite/fork-syscall-rewrite/03-stage-rs/.design/19-outline.v1.md	3327	1786785782	c795f47a68b1b18c7a26e9d12c297032186a9deeeacce34868d812b5f8c0c080	ignored
notes/rewrite/fork-syscall-rewrite/03-stage-rs/.design/20-design.v1.md	4943	1791019122	62f1a54d226aeda09cc33d138d4e1c659fb6caab16686091cbc31c38be7f3a9a	ignored
notes/rewrite/fork-syscall-rewrite/03-stage-rs/.design/20-outline-review.v1.md	2583	1791019123	d9d0cea85fb17abb1c7e767578cfa22384617d221c13db29f8733253221dbf11	ignored
notes/rewrite/fork-syscall-rewrite/03-stage-rs/.design/20-outline.v1.md	6760	1791019122	f98f0206030868edd2238f02adb2b75a4fcf3ccbe201e25ec38851865beebc18	ignored
notes/rewrite/fork-syscall-rewrite/03-stage-rs/.design/99-design.v1.md	2278	1786791106	19ac2245e0f4bed03165407ea41d3fbb6bfa5af4ee1a945ad9673b53c548cfec	ignored
notes/rewrite/fork-syscall-rewrite/03-stage-rs/.design/99-outline-review.v1.md	1903	1786791010	7550f9b952e7879d53945284557cf0ffd6b05271619a190c82fe7963cff36d38	ignored
notes/rewrite/fork-syscall-rewrite/03-stage-rs/.design/99-outline.v1.md	2806	1786791010	22c77faa88190cd9c9bfaa210622be45169316f9fd277fec0d4d8bfbc4a58972	ignored
notes/rewrite/fork-syscall-rewrite/03-stage-rs/draft/README.md	1790	1786717863	0840b697c49058812f271b7e1354f0a84105123380669e52b05d6e033b3e4704	tracked
notes/rewrite/fork-syscall-rewrite/04-stage-pm/00-pm-overview.md	6468	1789741141	4b19f7b4e6367805ae0299def701aea699cfd16257da898de30fbab4219205ed	tracked
notes/rewrite/fork-syscall-rewrite/04-stage-pm/01-pm-init-main.md	40329	1791268698	2905dc92775a0d66e901bf2cab9c536e02c5373582eb73c75f7eae13d41ddc96	tracked
notes/rewrite/fork-syscall-rewrite/04-stage-pm/02-mproc-struct.md	43632	1789741142	a7133967e779214f5c0dc085b43dfee1d44aa4125f1225e386dd617e7ca936c4	tracked
notes/rewrite/fork-syscall-rewrite/04-stage-pm/03-mproc-table.md	35961	1789741142	0892ec845b6fe4b4b5ccbd7773a6a337bf8b9a8156b1d6b3e687572f0219993c	tracked
notes/rewrite/fork-syscall-rewrite/04-stage-pm/04-ipc-dispatch.md	43270	1789741142	860a280db46b0b0fa85ede03f6352378a62881ff623af85a1751d6938790c104	tracked
notes/rewrite/fork-syscall-rewrite/04-stage-pm/05-vfs-interaction.md	26795	1789939417	496ab02191a4863c7402732cb3a82fe0fe9c91f85f89ef60e11fe87733d84b3a	tracked
notes/rewrite/fork-syscall-rewrite/04-stage-pm/06-event-subscription.md	51279	1789741142	54ff4004ec68c06177e63e35477df427c490e7dfe01ad8d0293db4e2c27e5ac5	tracked
notes/rewrite/fork-syscall-rewrite/04-stage-pm/07-pm-fork.md	42127	1789922111	ad50e55868a1dc093ea7053cc2a71bbb448407271a512990ef1fa560b151a705	tracked
notes/rewrite/fork-syscall-rewrite/04-stage-pm/08-pm-srv-fork.md	29358	1789918958	efa7333d8020be1ca5be80170aaf0840341bd058ae51ed32f28723f7bc7eb381	tracked
notes/rewrite/fork-syscall-rewrite/04-stage-pm/09-pm-exit.md	32878	1789939417	0fce78400dbe1680e2505e15df0a401f5ee5d29bf48821c02c2e0804a4cfd208	tracked
notes/rewrite/fork-syscall-rewrite/04-stage-pm/10-pm-wait.md	29026	1789741142	cc342d4abe6701b7f84d5dafbd4be6c5ee541204d0bb89ff2c77c974eda3f2da	tracked
notes/rewrite/fork-syscall-rewrite/04-stage-pm/11-signal-core.md	29711	1789741142	cec5077ebf056c0a45cf61ecf2c933d638f797ef87c7262a8752e639ee121587	tracked
notes/rewrite/fork-syscall-rewrite/04-stage-pm/12-signal-handlers.md	56432	1789797180	9973fe537e1515293680eee4dd4c436669f7f73cd37fc121bc0aab144b257762	tracked
notes/rewrite/fork-syscall-rewrite/04-stage-pm/13-signal-flow.md	42647	1789741142	12e76b2a7904b0faaa8d649fcca22afabb1c064eb54a568ceb56b83bbd582811	tracked
notes/rewrite/fork-syscall-rewrite/04-stage-pm/14-itimer.md	44299	1789741142	fe4245c2dd7aa2b86d20b27731d127587f3b6b518f52f1acd8cd0557f75ee851	tracked
notes/rewrite/fork-syscall-rewrite/04-stage-pm/15-credentials.md	37149	1789741142	e8496d33963c99eef3d2f9ebf373d33279b49950cc1d6a18c628855eb936f932	tracked
notes/rewrite/fork-syscall-rewrite/04-stage-pm/16-scheduling.md	37519	1789741142	45530b6d89a34538f53817c445c1dca7cedf9ddbb14e675ba78f293641a23cb8	tracked
notes/rewrite/fork-syscall-rewrite/04-stage-pm/17-exec.md	36275	1789910208	ced8ef171d673a1175db4c17de96a141fb6c11588eb340668a102d2f86c58129	tracked
notes/rewrite/fork-syscall-rewrite/04-stage-pm/18-trace.md	34571	1789741142	4e7029fc2b3da0a2571339c4ba76997f4823376d9ef5e67ddbc50915f20434af	tracked
notes/rewrite/fork-syscall-rewrite/04-stage-pm/19-time.md	48111	1789741142	b6aded406cac3b1e63861d31792897a4ca99e18f0d377034842b2ef4476628c2	tracked
notes/rewrite/fork-syscall-rewrite/04-stage-pm/20-misc-queries.md	57377	1789939417	9956b6f4d52681baf16a95067838ac2641a2c894dd92dd2cc1fa5a84d37aaeb3	tracked
notes/rewrite/fork-syscall-rewrite/04-stage-pm/99-global-concepts.md	7200	1789741142	c19ed02164bc90b98784f533e628951ad6e4d3844381496667f90a2b26bb6e0f	tracked
notes/rewrite/fork-syscall-rewrite/04-stage-pm/doc_rerank_HY4.md	159013	1789833117	dfdadb1dcc343e360ab0fe77a6c97219a188529a4c9ae8c2943705dfda6b8ab7	tracked
notes/rewrite/fork-syscall-rewrite/04-stage-pm/doc_rerank_deepseek.md	186201	1789834045	9f7f42ceaf052d42ef0511ca6f4f91d79cab2328e137e70dc08b2e7faa14fe82	tracked
notes/rewrite/fork-syscall-rewrite/04-stage-pm/doc_rerank_glm.md	103736	1789768579	056a0d2afbf2438d04700833cf3c41055d6592d02ea9a22cfdb9c516ec84fd1d	tracked
notes/rewrite/fork-syscall-rewrite/04-stage-pm/doc_rerank_muse.md	76143	1789840888	d045663c76f5402d69714c6de0f0b85d59ace50d4aea041127af1361486b0ebc	tracked
notes/rewrite/fork-syscall-rewrite/04-stage-pm/doc_rerank_qwen.md	33657	1789825219	e71858f695d451f4d5ea66466563ea66e873b6992186436c941d5574bc70484b	tracked
notes/rewrite/fork-syscall-rewrite/04-stage-pm/plan.md	39997	1789759381	aecea84b9ff6e382eb5c4e05031cd6ac7c5f981011462eb0dc75510b433aabd2	tracked
notes/rewrite/fork-syscall-rewrite/04-stage-pm/todo.md	73542	1789924497	982a9932b9071aeb065314b7cd9646a7e88ae7c50570385bf0ee30d1a6a0f8e2	tracked
notes/rewrite/fork-syscall-rewrite/04-stage-pm/.design/00-design.v1.md	1310	1788967343	11191eaf875a47da7b5f3d6fcb7cfcf6d3eff85f5fccd93522d84ff7d759aa4a	ignored
notes/rewrite/fork-syscall-rewrite/04-stage-pm/.design/00-outline-review.v1.md	882	1788967343	986f3225d1fd10ed1969215d2cbc4f6cb743c67a2651a17bf97b95197ac3d32c	ignored
notes/rewrite/fork-syscall-rewrite/04-stage-pm/.design/00-outline.v1.md	4236	1788967343	a55d307d40d75d7e975c4f6477e92184e77240bad9cf06016281572fa7e711c8	ignored
notes/rewrite/fork-syscall-rewrite/04-stage-pm/.design/01-design.v1.md	7723	1786895607	430eca966efa5752e98347a9c88d719fbaa6367f6822320e3178e526eeea343a	ignored
notes/rewrite/fork-syscall-rewrite/04-stage-pm/.design/01-design.v2.md	8764	1786897543	8112afc8280fa6290dbff10d9eafe2a79ce945a44cfdd4014ed45f8f5fb503dd	ignored
notes/rewrite/fork-syscall-rewrite/04-stage-pm/.design/01-outline-review.v1.md	2973	1786895585	8f00a948578ce2b9dbc68078d931a2d7569f014dcba270ba2af52998455710e8	ignored
notes/rewrite/fork-syscall-rewrite/04-stage-pm/.design/01-outline.v1.md	7217	1786895576	d87356d491fcc16ed6a544306684e8641f4bce554e4f2bb004e482c8f29c5df3	ignored
notes/rewrite/fork-syscall-rewrite/04-stage-pm/.design/01-outline.v2.md	7502	1786897490	2a832fb94a7bf7d7c62e66a1fecff44cc683ad8ae89e59285c7e68d08c3a19b5	ignored
notes/rewrite/fork-syscall-rewrite/04-stage-pm/.design/02-design.v1.md	12510	1786898828	772ea849fe80bd197307d9486426eb1d6906d0bedd45d77417f783004d8c61e5	ignored
notes/rewrite/fork-syscall-rewrite/04-stage-pm/.design/02-outline-review.v1.md	3617	1786898796	f9baed8c4f2db1bfe24b29a20e471d33ae5689d1b109185e7d5e938de7e66b92	ignored
notes/rewrite/fork-syscall-rewrite/04-stage-pm/.design/02-outline.v1.md	8188	1786898781	8e2169d5d16e95b0f255412b1cf75d772f283e062743e2500e98acf21fd5a590	ignored
notes/rewrite/fork-syscall-rewrite/04-stage-pm/.design/03-design.v1.md	7185	1786954249	f8150d6fa58d1efb79c12c2fb2b76700538b246b0dce29410d9b8dfb886f898e	ignored
notes/rewrite/fork-syscall-rewrite/04-stage-pm/.design/03-outline-review.v1.md	3216	1786902452	c404e9e9c2cc8b5da6ce5d28110c943351680f4b94599bea87915b9966be9b5f	ignored
notes/rewrite/fork-syscall-rewrite/04-stage-pm/.design/03-outline.v1.md	6031	1786902419	30d66cbbb7bb156adf81f72c579e7ac1b00edc5e7162595046f89055ee49699b	ignored
notes/rewrite/fork-syscall-rewrite/04-stage-pm/.design/04-design.v1.md	8489	1786955556	fbef8b62e6420e6e59d0f4a3cc924f0538050757d235f5a2757e1acaaf7541aa	ignored
notes/rewrite/fork-syscall-rewrite/04-stage-pm/.design/04-outline-review.v1.md	2002	1786955556	148d8453ed509f2682ec0232e3032e562aba71a26aff11acec8859c58e8cd5f3	ignored
notes/rewrite/fork-syscall-rewrite/04-stage-pm/.design/04-outline.v1.md	4355	1786955529	e4a7216f109b2bedae21171f8a709b7f89a354bd2ed46d26157cc8ba6cfff55c	ignored
notes/rewrite/fork-syscall-rewrite/04-stage-pm/.design/05-design.v1.md	22445	1788339870	2c6f89289c26841327d9c0cf3946f5291030f2d6e4c8a28a5654f68b793df59f	ignored
notes/rewrite/fork-syscall-rewrite/04-stage-pm/.design/05-outline-review.v1.md	3360	1788335768	6ecda56a16eec62a1adc03fdadec551b118d83474191d2bad45738caffd4747f	ignored
notes/rewrite/fork-syscall-rewrite/04-stage-pm/.design/05-outline.v1.md	8806	1788339884	8a71d19adf646a6dd9274f2cb1a965229ebb56d9bd2333813456b013e4be2df2	ignored
notes/rewrite/fork-syscall-rewrite/04-stage-pm/.design/06-design.v1.md	21315	1788341940	2fe44071a8fa58d1a7f102a45cfc8531a4491d14b83e72f34ffaed538e70cc9f	ignored
notes/rewrite/fork-syscall-rewrite/04-stage-pm/.design/06-outline-review.v1.md	3522	1788341906	6b09046c0a5079129447a649090d50598b47865dfdc01b0a4b57911523128bea	ignored
notes/rewrite/fork-syscall-rewrite/04-stage-pm/.design/06-outline.v1.md	15488	1788341900	6649b2dce9aadaf4423a83f6ea9f6f411b2fa676a64570d9a65ab25591d1125f	ignored
notes/rewrite/fork-syscall-rewrite/04-stage-pm/.design/07-design.v1.md	19945	1788344010	3e5b95fa6d1b23dd0f004f9ba8a92dbb6542578794206813126749d8221dc3df	ignored
notes/rewrite/fork-syscall-rewrite/04-stage-pm/.design/07-outline-review.v1.md	3273	1788343973	907f5f16d79c3a17b526430c2970790bf18d0caf13925fea2fa294c6c20453aa	ignored
notes/rewrite/fork-syscall-rewrite/04-stage-pm/.design/07-outline.v1.md	15560	1788343965	efa6e32abd4955bfc33f1fb4ec011ceeefe057f75cf3801f7ece244f5f72f813	ignored
notes/rewrite/fork-syscall-rewrite/04-stage-pm/.design/08-design.v1.md	12641	1788344592	16d10832ac22f931a4fbf0898d83b72b735ff26638a4fcd21ed8abde02518760	ignored
notes/rewrite/fork-syscall-rewrite/04-stage-pm/.design/08-outline-review.v1.md	2868	1788344558	ef03a6edb82b6822f988b9755653803d3e9179417f8f4c059a1ac8ead72bfdc8	ignored
notes/rewrite/fork-syscall-rewrite/04-stage-pm/.design/08-outline.v1.md	13628	1788344536	ad7f2a77f8f41d333fb0c7a42974defea5b6f0a29b8bcb09d767ce172f8a71c3	ignored
notes/rewrite/fork-syscall-rewrite/04-stage-pm/.design/09-design.v1.md	15036	1788350884	da56a6deff5ec534c741cf56b989333fb3559a05d60fde87a819e9b1c62212e4	ignored
notes/rewrite/fork-syscall-rewrite/04-stage-pm/.design/09-outline-review.v1.md	3033	1788350857	00e9e5dee213a10287632418022d8a997f0a3990b2285302f3b1ecfd3ec42cda	ignored
notes/rewrite/fork-syscall-rewrite/04-stage-pm/.design/09-outline.v1.md	17693	1788350849	67091f0fde59bc4c49a6a1bc0490c6581a59d9cb9af5f8f5d3bde821eb9c9e01	ignored
notes/rewrite/fork-syscall-rewrite/04-stage-pm/.design/10-design.v1.md	12837	1788351687	c3aa9c072d72984204ec59726ab25d6ba1559353636f357c24418648f652c165	ignored
notes/rewrite/fork-syscall-rewrite/04-stage-pm/.design/10-outline-review.v1.md	2977	1788351660	39e17c2822993d94f21bedbf0f68b41eaec82c02c7407e87a14d22519e8ce405	ignored
notes/rewrite/fork-syscall-rewrite/04-stage-pm/.design/10-outline.v1.md	13250	1788351653	7028e17b5029ecfdfe9a20d6d5ae3b7a64408131316c7d41a44581251a287300	ignored
notes/rewrite/fork-syscall-rewrite/04-stage-pm/.design/11-design.v1.md	11890	1788352970	983889578716d1aeb7d09f3bb60bd1529ad561af0e2901ae6a2bade63ece204e	ignored
notes/rewrite/fork-syscall-rewrite/04-stage-pm/.design/11-outline-review.v1.md	2993	1788352982	0f5d8b11ae81f12b604a3bc0dd46281007b3a43b1a6a06d34261bc11667d4a19	ignored
notes/rewrite/fork-syscall-rewrite/04-stage-pm/.design/11-outline.v1.md	15351	1788352933	2037b1f22d3fcbe179bbce6441c5fc75bc8d5c9d0721277c83e93a009df85e1c	ignored
notes/rewrite/fork-syscall-rewrite/04-stage-pm/.design/12-design.v1.md	14410	1788354034	e22cd259ce7131fd6c0c91fdcce99ff6fcfecab616e1efdbb3a480224219bab4	ignored
notes/rewrite/fork-syscall-rewrite/04-stage-pm/.design/12-outline-review.v1.md	3926	1788354005	0a9b3fe91569945b8195dfb71c9dafc6f6feda8bb2cbb5ce1e3865106bfe90d4	ignored
notes/rewrite/fork-syscall-rewrite/04-stage-pm/.design/12-outline.v1.md	14700	1788353993	5fa29136487d261c82c19e13d41d3f6f2b27037e6825e48720a62685763261e1	ignored
notes/rewrite/fork-syscall-rewrite/04-stage-pm/.design/13-design.v1.md	13098	1788354981	84aa1893ff901c9600365c7d85b7855534f0caeae0f5a31979d71f62fb2154ac	ignored
notes/rewrite/fork-syscall-rewrite/04-stage-pm/.design/13-outline-review.v1.md	3884	1788354954	40d5fc56823ca0aa1dd33bb9d291439945034690760b8aaeef41f9b55968794b	ignored
notes/rewrite/fork-syscall-rewrite/04-stage-pm/.design/13-outline.v1.md	13764	1788354943	6cfd32e67049cab305f8163c8890a0a3af826fda5d62eb23f00651892640a97f	ignored
notes/rewrite/fork-syscall-rewrite/04-stage-pm/.design/14-design.v1.md	11579	1788355462	b10d88333e4a3cd99d9d768ce709f3d197b88902ba55cdf80e6b0ce5b5ef35f8	ignored
notes/rewrite/fork-syscall-rewrite/04-stage-pm/.design/14-outline-review.v1.md	3764	1788355436	95d41ca7b84293798b4eeec2349a24268a32b73e9e5d10ca1b090823b78791f6	ignored
notes/rewrite/fork-syscall-rewrite/04-stage-pm/.design/14-outline.v1.md	14036	1788355416	95b2722cff4d9c15f8c097c2fe199d92a83566a4a65f1c53418ca0b93909fd60	ignored
notes/rewrite/fork-syscall-rewrite/04-stage-pm/.design/15-design.v1.md	12301	1788355990	9553113b3b66c08f971f65549f0eb0ebb8978ef9c03aab596ad22a8806fca762	ignored
notes/rewrite/fork-syscall-rewrite/04-stage-pm/.design/15-outline-review.v1.md	3653	1788355965	7b1070c7075cdc8449874efe7c104c41a35c599c179152c562b33f415c815631	ignored
notes/rewrite/fork-syscall-rewrite/04-stage-pm/.design/15-outline.v1.md	13290	1788355954	650a32a619eabf4c6b4a68afa1e2d648f40d8db4649e48af8bd3e987adaecbc7	ignored
notes/rewrite/fork-syscall-rewrite/04-stage-pm/.design/16-design.v1.md	12541	1788356658	c8b3a938cf76e4845d45f1a8d27e440054f3d92b183868f2e7bfce7c91ce0260	ignored
notes/rewrite/fork-syscall-rewrite/04-stage-pm/.design/16-outline-review.v1.md	3622	1788356720	ae30e4f371e9f8ba415a22c88192b3aa5a16d34fc7471cb463d6d8da8dc67ed9	ignored
notes/rewrite/fork-syscall-rewrite/04-stage-pm/.design/16-outline.v1.md	12994	1788356623	5766925d599eff3ca26cfc17fd01b68e9dc9c2319079078008dbb19ff6da7b45	ignored
notes/rewrite/fork-syscall-rewrite/04-stage-pm/.design/17-design.v1.md	11754	1788358408	4d3b8c774d57682047312f413d27254bed467ac3727bcdb36cff6f5f5cace092	ignored
notes/rewrite/fork-syscall-rewrite/04-stage-pm/.design/17-outline-review.v1.md	3815	1788358388	4e30e9c9a3e9fcc2ffba492fd62c63c5f40325da2bb76e459b5230c70988ac8a	ignored
notes/rewrite/fork-syscall-rewrite/04-stage-pm/.design/17-outline.v1.md	14669	1788358378	604b0bd24a66fea4aedcf4c0d4a64d47414cb5098f17b48456baa8b7a7c7156e	ignored
notes/rewrite/fork-syscall-rewrite/04-stage-pm/.design/18-design.v1.md	12019	1788359103	461ceef0c26886b9118a2cf70d04b7216251ddaf7faa02419bccb6c2e32df6a9	ignored
notes/rewrite/fork-syscall-rewrite/04-stage-pm/.design/18-outline-review.v1.md	3704	1788359085	eba1668336160d3c243be4e21abefd2cfeb41233463a4b52bd686237479823a8	ignored
notes/rewrite/fork-syscall-rewrite/04-stage-pm/.design/18-outline.v1.md	15451	1788359075	e8405156df9d96dba7dc7c6a0dc6cbd8ded3e4f183c347e2ad082ee6a6b9efb2	ignored
notes/rewrite/fork-syscall-rewrite/04-stage-pm/.design/19-design.v1.md	18844	1788360897	c7e78b64a7d74d113020ede84a6a9976b3da9c348f86bd64525b12ff86fe0d01	ignored
notes/rewrite/fork-syscall-rewrite/04-stage-pm/.design/19-outline-review.v1.md	4006	1788360620	d1ceb2cdffd59f60dd16f8c7ffa212b797716c6396b6b1a85634591488cf6123	ignored
notes/rewrite/fork-syscall-rewrite/04-stage-pm/.design/19-outline.v1.md	16365	1788360607	001fca88bcb57bd125ad61e80ec03e89c92f02a644b605d558f451211afbcd2e	ignored
notes/rewrite/fork-syscall-rewrite/04-stage-pm/.design/20-design.v1.md	17516	1788361599	e87f79d513d8b5203d5ebba7d1bde417bf276b3d5d29d8ffe8950d26ccb6b264	ignored
notes/rewrite/fork-syscall-rewrite/04-stage-pm/.design/20-outline-review.v1.md	3441	1788361568	59b5453d4b6b3b440f38a23b2fb697c3fb1530d56a120fa536e3d1d5cd4f81f2	ignored
notes/rewrite/fork-syscall-rewrite/04-stage-pm/.design/20-outline.v1.md	17812	1788361551	875519d470818181d5a1f640dec2300bbfa2170e9a912b242bea6342868b48f2	ignored
notes/rewrite/fork-syscall-rewrite/04-stage-pm/.design/99-design.v1.md	1836	1788967343	b71340401789d6528ef7dc3b9048867d354bc673630a2078b3a6412827efcc52	ignored
notes/rewrite/fork-syscall-rewrite/04-stage-pm/.design/99-outline-review.v1.md	875	1788967343	d0067bfc85ef18ef8bc37bed0927b12a45148b61d381224efbf77c548affdf9c	ignored
notes/rewrite/fork-syscall-rewrite/04-stage-pm/.design/99-outline.v1.md	3765	1788967343	0f79d0b9e04f890c9c9fccfd47239745280641e24d09bc122748110706a4afb9	ignored
notes/rewrite/fork-syscall-rewrite/04-stage-pm/.design/DESIGN-INDEX.md	3234	1788360100	d52a204951cac202fc317d2b4d217130dd0ebc0c61aaf0ae669f41af3166fe7a	ignored
notes/rewrite/fork-syscall-rewrite/04-stage-pm/draft/README.md	2460	1781530235	89a1701f719247b753d666edef448943dc7236c3c34052cf364e6514886ca7a0	tracked
notes/rewrite/fork-syscall-rewrite/04-stage-pm/draft/do-fork-impl.md	48151	1781530235	610eef91bfe09cc4265880ecafe44f5cec1a4b8335b047336a5decdba7f1caef	tracked
notes/rewrite/fork-syscall-rewrite/04-stage-pm/draft/exit-impl.md	4103	1781530235	39593a4c6e2b599bafff568015737fbb156e6977fa06521079653fb4cb6ff015	tracked
notes/rewrite/fork-syscall-rewrite/04-stage-pm/draft/integration-test.md	10434	1781530235	868b0fb811f271c546e578d9036a9162cf3aeecdd2b7f9ea69f56a5191969e5a	tracked
notes/rewrite/fork-syscall-rewrite/04-stage-pm/draft/mproc-design.md	86478	1781530235	6a83a56d8b181be721433fcdfbca3754cf95d82d7c568aa4a2aad023aefc1344	tracked
notes/rewrite/fork-syscall-rewrite/04-stage-pm/draft/pid-generator.md	21321	1781530235	22660bc2da2d0fd696621582a65c172c3b0f5b8d23c7b39b6925475fec9edffa	tracked
notes/rewrite/fork-syscall-rewrite/04-stage-pm/draft/pm-call-vfs-fork.md	9794	1781530235	f50831acf7ffc189f0717596c5768167c846d72314f151277ab82731d7992878	tracked
notes/rewrite/fork-syscall-rewrite/04-stage-pm/draft/srv-fork-impl.md	4259	1781530235	2b4022a24540e800a073820066c2010027a20d1b924ebbe1823e363bdfed1a6e	tracked
notes/rewrite/fork-syscall-rewrite/04-stage-pm/draft/wait-impl.md	4975	1781530235	f8d1f444e431bd1642b29b9aa70ee7c1ec5a21bff448a6aaa42a001297240408	tracked
notes/rewrite/fork-syscall-rewrite/05-stage-vfs/00-vfs-overview.md	7436	1791268698	82e7123d9d3a96e0a4b315ca85c5ad5855577a99bd4ee5913b38dbf7448c0db6	tracked
notes/rewrite/fork-syscall-rewrite/05-stage-vfs/01-vfs-init-main.md	38404	1789926608	de7af27cf1dac8c1a4b2ff6e9d251e842a4093fa17964d03cd02112e766cc61f	tracked
notes/rewrite/fork-syscall-rewrite/05-stage-vfs/02-fproc-struct.md	31179	1789741142	838bf6a5fc5597d8eeb70952e6602033b841a505ca40ebc03940ca6415ab566f	tracked
notes/rewrite/fork-syscall-rewrite/05-stage-vfs/03-fproc-table.md	25365	1789741142	45b267fb1f15aa3b797fb1de8329e515b246e091f280bca6a341a4ed5f8d5cb6	tracked
notes/rewrite/fork-syscall-rewrite/05-stage-vfs/04-filp-table.md	20084	1789741143	e698b444d8d2f74920ff930a174533443b8fd25151be2069210245c40915047d	tracked
notes/rewrite/fork-syscall-rewrite/05-stage-vfs/05-vnode-table.md	24133	1789741143	925e52e9d35b504649bbf6624bdf9d9da9a1c6f1b0599c3eec5eba546e430c0d	tracked
notes/rewrite/fork-syscall-rewrite/05-stage-vfs/06-vmnt-table.md	25789	1789741143	c9b3b38af3c99686831541443cfe0d39b6f3739825b77422338d94971d5eb69c	tracked
notes/rewrite/fork-syscall-rewrite/05-stage-vfs/07-tll-lock.md	20146	1789741143	3372c6091bdc0b4d9e18923cab1238d28a8e81383625ed36dc2ad4b8e5682168	tracked
notes/rewrite/fork-syscall-rewrite/05-stage-vfs/08-worker-thread.md	40338	1789741143	7f0c2d514fbe6bcb46d8558080944ceb4c9bc0836705b57a65a50fb2e05054fc	tracked
notes/rewrite/fork-syscall-rewrite/05-stage-vfs/09-main-loop.md	36699	1789803216	d2d940e901f76f8505647c8c19ca1bd120a44ca0f9254f53c2c9361239897be6	tracked
notes/rewrite/fork-syscall-rewrite/05-stage-vfs/10-pm-protocol.md	36395	1789741143	1ab34dc68e9ea209ff5d79c7c7104a6e4d8fde287dea42c46b1546e42e21b910	tracked
notes/rewrite/fork-syscall-rewrite/05-stage-vfs/11-fs-comm.md	37374	1789775861	6e80691ae4d1464c3a688871fcbd14a873bb20dfff7cc3656fb1e88f02e8424d	tracked
notes/rewrite/fork-syscall-rewrite/05-stage-vfs/12-request-wrappers.md	31087	1789796613	02483e568fd61b0efe4e168610bf48dba15b9121a55cced237969c824bb63db7	tracked
notes/rewrite/fork-syscall-rewrite/05-stage-vfs/13-path-lookup.md	32079	1789741143	fcb96cded051f779a11f4187efffb633825a9949eeb4fcdb70d9a0a44f3e3c7a	tracked
notes/rewrite/fork-syscall-rewrite/05-stage-vfs/14-filedes.md	29256	1789741143	7681206ed54f677faeefc5455f3f7cf5c5e99bf45537b458b1176f4b03256fd7	tracked
notes/rewrite/fork-syscall-rewrite/05-stage-vfs/15-open-close.md	23385	1789741143	4e6d3754facd9cf38009dc952d2c78566f348d7fcafa1f24bdb1500c809aacab	tracked
notes/rewrite/fork-syscall-rewrite/05-stage-vfs/16-read-write.md	22617	1789741143	69de285c491481593a1aa21071d98659bcc1794b6bcc390ac870e889ead04205	tracked
notes/rewrite/fork-syscall-rewrite/05-stage-vfs/17-pipe.md	22950	1789741143	3668a89de192390e023011dff330b5639aba70c68d553a24c9f8387fdb8d4bdb	tracked
notes/rewrite/fork-syscall-rewrite/05-stage-vfs/18-mount.md	23057	1789926608	91e25602690960dba5ed33f8c5a47e279b2b17ceff64dda7231d9679c79d110b	tracked
notes/rewrite/fork-syscall-rewrite/05-stage-vfs/19-device-map.md	26722	1789796857	1ff8095ff0ed2191b0c39d5034c22c8e58fe2821d5ace921752c8c0db73d69ec	tracked
notes/rewrite/fork-syscall-rewrite/05-stage-vfs/20-bdev.md	18126	1789741143	ad45db9c4cf32aaec6afa03d15002af17cb176ad7bedaf30a2a393b4787a4022	tracked
notes/rewrite/fork-syscall-rewrite/05-stage-vfs/21-cdev.md	23787	1789942705	93a4e36f7f6e8a42ba017689c56db00073ffa7cdce2bf318efc2f9e5cb3c3a37	tracked
notes/rewrite/fork-syscall-rewrite/05-stage-vfs/22-sdev.md	22714	1789741143	4339a660485fee4912541730990f64f67c0750d9e58f1cc78198384b4a33814a	tracked
notes/rewrite/fork-syscall-rewrite/05-stage-vfs/23-select.md	26831	1789741143	eb083bd875d473c1a268052d2f8dbd117fc8f51f62dfc381e500fe116c8ae005	tracked
notes/rewrite/fork-syscall-rewrite/05-stage-vfs/24-socket.md	25679	1789741143	ebb0b99031368168021a5f9809d8024925b76ae27bf35d84d9a75b2860449d53	tracked
notes/rewrite/fork-syscall-rewrite/05-stage-vfs/25-exec.md	25922	1789931337	e6ae796f95a93e68114f852d68625e4abd1be0fc9af1e2c95744b8d2851e6605	tracked
notes/rewrite/fork-syscall-rewrite/05-stage-vfs/26-coredump.md	23456	1789741143	550d9baedd6904fa621da806e79a88748fe5db14192d4ad92c33cfb6c5b066b3	tracked
notes/rewrite/fork-syscall-rewrite/05-stage-vfs/27-link.md	21166	1789741143	2da9496884562a19ce1b16be83de18e8b899a91dc588524d1d31f00a17e57ba8	tracked
notes/rewrite/fork-syscall-rewrite/05-stage-vfs/28-stadir.md	20422	1789741143	ab6651f660652d6d84972fcb3039007775a3a4331933801980ecc12ca50aa797	tracked
notes/rewrite/fork-syscall-rewrite/05-stage-vfs/29-protect.md	20008	1789741144	8cf9602a63b4a1b70db9943dae9f49a380fbd318dbc893a3431435526bf48c43	tracked
notes/rewrite/fork-syscall-rewrite/05-stage-vfs/30-fcntl-lock.md	26350	1789741144	c400342d8ed8a4966f2f31e717f32c7e08a4ad21cebecefb607bc3927dad8a2d	tracked
notes/rewrite/fork-syscall-rewrite/05-stage-vfs/31-misc-queries.md	32276	1789741144	5852392ebe995687b63643b0b2d355e5696f5a25172b206a0c7df68c46f6c585	tracked
notes/rewrite/fork-syscall-rewrite/05-stage-vfs/99-global-concepts.md	9421	1789741144	93ab9d25372f09e9b5aeeca75ca887fefdfc9121ea961735a8b7fe46f4aaaec4	tracked
notes/rewrite/fork-syscall-rewrite/05-stage-vfs/doc_rerank_HY4.md	143857	1789832073	39f424694a737cd2b2237b8273c1c07ec9c03dac9f3991babff5267a971509a4	tracked
notes/rewrite/fork-syscall-rewrite/05-stage-vfs/doc_rerank_deepseek.md	190992	1789772403	eff00a6d4c476b91e403f029a9bab556c7a514c191faaef813cc8ee7ffde7354	tracked
notes/rewrite/fork-syscall-rewrite/05-stage-vfs/doc_rerank_glm.md	148549	1789769891	3dca7d2d3d512606b3dd5727eb0d109e14abdd58ff9ef3a3fadb67f60672a44d	tracked
notes/rewrite/fork-syscall-rewrite/05-stage-vfs/doc_rerank_muse.md	93333	1789841802	a47fa9905ea41c272cc345a464852e73e5fb8cd79167571c6a139edfc63bd15b	tracked
notes/rewrite/fork-syscall-rewrite/05-stage-vfs/doc_rerank_qwen.md	51494	1789825228	9201e1b74aeb7dce98bce3fca8fd85a23b676a5e7333971d3240082feba48804	tracked
notes/rewrite/fork-syscall-rewrite/05-stage-vfs/plan.md	57161	1791268698	faaf1e151141f829b84dfd115b0939bf4a5d9690f1dd2566503dacdc31272cf5	tracked
notes/rewrite/fork-syscall-rewrite/05-stage-vfs/todo.md	93287	1789914403	3e01a7760b440dbfe83e631b6d3b77a524b1b67b6a8a0eea689f0b8aaa712a6e	tracked
notes/rewrite/fork-syscall-rewrite/05-stage-vfs/.design/00-design.v1.md	1981	1788894953	9478f95ec27cb32db8db269725d4af98b68df2cfa871d697f91cb41bf999cd83	ignored
notes/rewrite/fork-syscall-rewrite/05-stage-vfs/.design/00-outline-review.v1.md	1648	1788894953	dcc066769ca599cf88a3fa46fbd339cbb3c21714be22fba77c427589e81b8bd5	ignored
notes/rewrite/fork-syscall-rewrite/05-stage-vfs/.design/00-outline.v1.md	2567	1788894953	868a19821ca0d399ddcf2f9a59f676786aaa3666783c1afdee0493038e64f4ad	ignored
notes/rewrite/fork-syscall-rewrite/05-stage-vfs/.design/01-design.v1.md	5911	1786901393	04d5444e8e8eb12848a0805346b939486a3fa62b492ee456ad8d87a0c46fce90	ignored
notes/rewrite/fork-syscall-rewrite/05-stage-vfs/.design/01-outline-review.v1.md	2194	1786901393	de24817d3f488112f88ba22dc6eef9f1c7daaf6842c7c4895cfb552f6c85cacb	ignored
notes/rewrite/fork-syscall-rewrite/05-stage-vfs/.design/01-outline.v1.md	6310	1786901393	906848a001a8580ee38690c9cb9562283e08e2ed24abd8ad301d2985a4a82350	ignored
notes/rewrite/fork-syscall-rewrite/05-stage-vfs/.design/02-design.v1.md	4757	1786956120	0098eb40b5529edf1e5b61293e64cc49657cfe759f89173bcc5896dee79538cf	ignored
notes/rewrite/fork-syscall-rewrite/05-stage-vfs/.design/02-outline-review.v1.md	1045	1786954195	2f45af6400b1c3607512e5230d5150a5784f8241b4c57b2914f111644dec750e	ignored
notes/rewrite/fork-syscall-rewrite/05-stage-vfs/.design/02-outline.v1.md	2604	1786954195	faf47b510c90b075455dfeb0ac8b834e189754e238068cff56e605387e49e3fb	ignored
notes/rewrite/fork-syscall-rewrite/05-stage-vfs/.design/03-design.v1.md	6489	1788362601	0190ce363d018155ba5adcc8a642a08bd90059f8f20c0ff0fdb1e7b30aeaf2d9	ignored
notes/rewrite/fork-syscall-rewrite/05-stage-vfs/.design/03-outline-review.v1.md	1671	1788362557	52b15fe73ca61ae19f7c1a2be3ef310174b25113a9167620d89fcb71f724d60b	ignored
notes/rewrite/fork-syscall-rewrite/05-stage-vfs/.design/03-outline.v1.md	3207	1788362532	9d3b0ca5387991f8d2910e71669bd6d81a4b285bfb7b0bfbf3b708eba4b9f011	ignored
notes/rewrite/fork-syscall-rewrite/05-stage-vfs/.design/04-design.v1.md	5831	1788363260	7783b212f2e933018ba8f01dfe3cb72eec6ffd1146ead5d35caffe7c81eab7de	ignored
notes/rewrite/fork-syscall-rewrite/05-stage-vfs/.design/04-outline-review.v1.md	1412	1788363244	6434fef6ce836e78e6a8c7a9026da0fde98450f223e564173aa329abb5e224ed	ignored
notes/rewrite/fork-syscall-rewrite/05-stage-vfs/.design/04-outline.v1.md	3076	1788363235	dac1f111283c72cd1d5e7ccde0f926b281d68d57ff43055cd49f0b3094a9f5d1	ignored
notes/rewrite/fork-syscall-rewrite/05-stage-vfs/.design/05-design.v1.md	5491	1788363602	ea15468e59ae36a55c8385df843a43218ef19560788fe355c744197e47cc49d3	ignored
notes/rewrite/fork-syscall-rewrite/05-stage-vfs/.design/05-outline-review.v1.md	1405	1788363587	a1baccb9adffe0e45aeb7cff96f5446dce5b5aa43015e6c9b65cef12bdfd6ace	ignored
notes/rewrite/fork-syscall-rewrite/05-stage-vfs/.design/05-outline.v1.md	2988	1788363583	39d2b5ea10f985bc83f8ed849d15cfe4b862c6745f4dc2854fac926169aca3bb	ignored
notes/rewrite/fork-syscall-rewrite/05-stage-vfs/.design/06-design.v1.md	5968	1788364004	7e6af60ae8ad928c946e1534397322b574aae3d31c362e58dc627f122f2942d0	ignored
notes/rewrite/fork-syscall-rewrite/05-stage-vfs/.design/06-outline-review.v1.md	1376	1788363924	a54b2bc5c7bc3543bd7955d4dc24b765fbe1460d882329e5d85a46ec671693ce	ignored
notes/rewrite/fork-syscall-rewrite/05-stage-vfs/.design/06-outline.v1.md	2893	1788363919	4a295a8fba568dd125f4000d60cd85a204f2da720744e9dc7ba574e942658eb5	ignored
notes/rewrite/fork-syscall-rewrite/05-stage-vfs/.design/07-design.v1.md	6066	1788364929	9a582edd53e8cc34596f9523797f7bf141b98e79e9c4713a0a0f8bb7823889e4	ignored
notes/rewrite/fork-syscall-rewrite/05-stage-vfs/.design/07-outline-review.v1.md	1306	1788364915	966574961288553c04894037532faa4363476acd0a55eedb2aa8a9769def99da	ignored
notes/rewrite/fork-syscall-rewrite/05-stage-vfs/.design/07-outline.v1.md	2938	1788364909	334cb4513618a2414c8f7f9bc371748cea70ee29907c6fcfee5de77d4e690464	ignored
notes/rewrite/fork-syscall-rewrite/05-stage-vfs/.design/08-design.v1.md	6456	1788366062	0a906cc1da464560b4e8473e4e123d7e38876300fe10f3655d72840cb2c8932a	ignored
notes/rewrite/fork-syscall-rewrite/05-stage-vfs/.design/08-outline-review.v1.md	1646	1788366047	e9b4027b5b00ee31a0a85461e3b20085424393ad03defc847aab1407511ec8cd	ignored
notes/rewrite/fork-syscall-rewrite/05-stage-vfs/.design/08-outline.v1.md	3750	1788366040	9d5c4df9199c748c661ec1f0268649cbdabd1fcdd185c25e8175802da47f3c6e	ignored
notes/rewrite/fork-syscall-rewrite/05-stage-vfs/.design/09-design.v1.md	6001	1788366757	562d756c9df9a2960bce9c2ef2ba49af8ba18d6287ece2c1f32a2d8667f44a16	ignored
notes/rewrite/fork-syscall-rewrite/05-stage-vfs/.design/09-outline-review.v1.md	1577	1788366730	07b15de74001cec5c5d2a4f77d090c3a3839eb60708bc71d93a94c3c843d18c8	ignored
notes/rewrite/fork-syscall-rewrite/05-stage-vfs/.design/09-outline.v1.md	4226	1788366724	cf96fcb2ed35fbcd0b7bf0c884ca8babf2f39fb173d3aaef3769f25ecc2f3dee	ignored
notes/rewrite/fork-syscall-rewrite/05-stage-vfs/.design/10-design.v1.md	4831	1788367185	4b852cc91d70257a90e609219d33102e93cf982ba741f4bb8a2200e2a4b00e7e	ignored
notes/rewrite/fork-syscall-rewrite/05-stage-vfs/.design/10-outline-review.v1.md	1560	1788367174	2047ca1695013b5488380af0f06099ab539bfac8a1566aa9ca4aba9bb84954f3	ignored
notes/rewrite/fork-syscall-rewrite/05-stage-vfs/.design/10-outline.v1.md	3506	1788367168	9d2c2fed0854e883123f0e321d8899ab4cecd5d9d86e499a3456482b865ed4c2	ignored
notes/rewrite/fork-syscall-rewrite/05-stage-vfs/.design/11-design.v1.md	4585	1788368750	de4bfb65ab388211dd8a058586734267f3ab2568e9798515b582990afb9c56a8	ignored
notes/rewrite/fork-syscall-rewrite/05-stage-vfs/.design/11-outline-review.v1.md	1513	1788368742	6ef3ad9b5085f3b33385674202478630bf848b63e8a572052cfbabe81a080643	ignored
notes/rewrite/fork-syscall-rewrite/05-stage-vfs/.design/11-outline.v1.md	3698	1788368735	3e9ff20a6d2d6ba070627d30cb05c796061bd77d1bcfdabe49eac5990ba8c986	ignored
notes/rewrite/fork-syscall-rewrite/05-stage-vfs/.design/12-design.v1.md	4433	1788369374	0571dec2fa27df467cd0e21bac4fb45a06157f9e0bda7bc0bb150bcfe588f637	ignored
notes/rewrite/fork-syscall-rewrite/05-stage-vfs/.design/12-outline-review.v1.md	1443	1788369364	9f1e19c40b490e34b6ff587f0c9b9877ebc1eaa41e097473dfa551bde558a608	ignored
notes/rewrite/fork-syscall-rewrite/05-stage-vfs/.design/12-outline.v1.md	3839	1788369358	333b32560780195a711809c1d5e137f853a5443db1f8c24852ff7ffa531da492	ignored
notes/rewrite/fork-syscall-rewrite/05-stage-vfs/.design/13-design.v1.md	4223	1788369716	26510d8b675bdca4c2792fe4c854fa7950561cf27b828bcefc044fdc26b8acb0	ignored
notes/rewrite/fork-syscall-rewrite/05-stage-vfs/.design/13-outline-review.v1.md	1429	1788369707	8fc4e3ece80e6c8ded176585bbb2a997aa3afbc9343da990b065412048c4c879	ignored
notes/rewrite/fork-syscall-rewrite/05-stage-vfs/.design/13-outline.v1.md	3142	1788369702	3cff090f2386e83e0930ad71fbf83be0db90184497aeabdcb2ef96d1e878d1bc	ignored
notes/rewrite/fork-syscall-rewrite/05-stage-vfs/.design/14-design.v1.md	3715	1788370914	5af96d8c3f9231fd15b8369b633af7cfa094161c5f4048f93aa6ac1a79c5b034	ignored
notes/rewrite/fork-syscall-rewrite/05-stage-vfs/.design/14-outline-review.v1.md	1413	1788370906	156ba04247709d69b9afaf931072b575addc1f21e3ee1dccaffbeee49357da1a	ignored
notes/rewrite/fork-syscall-rewrite/05-stage-vfs/.design/14-outline.v1.md	3105	1788370900	1a472cac7279f7afdcf57dd9d602905a17a56a316309cc8f7dcb3737c96f6e0f	ignored
notes/rewrite/fork-syscall-rewrite/05-stage-vfs/.design/15-design.v1.md	8965	1788413536	74ad612bb05864d10fc699240cb135191d3976da992a7f63c4d451e0ff208b7e	ignored
notes/rewrite/fork-syscall-rewrite/05-stage-vfs/.design/15-outline-review.v1.md	1910	1788413507	eda9e4f7b5ef928bdbc4e64e1cd5688b2709ddd0d789edde384a44e6214d3854	ignored
notes/rewrite/fork-syscall-rewrite/05-stage-vfs/.design/15-outline.v1.md	4035	1788413498	16c4a18382339a5c296043d068e86a05b73ce71807af6adb3674f97fda9b9511	ignored
notes/rewrite/fork-syscall-rewrite/05-stage-vfs/.design/16-design.v1.md	8519	1788415134	6c7e42703ed604543bc716ae182640a1fee1a1a9f718c2b752566f5b3b37c8e5	ignored
notes/rewrite/fork-syscall-rewrite/05-stage-vfs/.design/16-outline-review.v1.md	1862	1788415134	c854805e3b882e045965edfd551b8b5b09a628b13f1a3925d7c378409d24ed0c	ignored
notes/rewrite/fork-syscall-rewrite/05-stage-vfs/.design/16-outline.v1.md	3752	1788415097	2c8a3bf90efad084949e2b19513bab1ea7f9e57228a518052755a7a4e67cc5c1	ignored
notes/rewrite/fork-syscall-rewrite/05-stage-vfs/.design/17-design.v1.md	8593	1788415723	3da4f8847b2627bc8bfe841254157d1e63aef1e0d5099e7009fbc6baba93a1f2	ignored
notes/rewrite/fork-syscall-rewrite/05-stage-vfs/.design/17-outline-review.v1.md	1804	1788415723	4de6b477d640bb133ffe6578e8073c0602b05a183c3857a3b9dc8f33b1028d97	ignored
notes/rewrite/fork-syscall-rewrite/05-stage-vfs/.design/17-outline.v1.md	3775	1788415698	4a6280bbbb26053457c579572e64e35625f0cf567f9c53af4d79fa2dffdcfddc	ignored
notes/rewrite/fork-syscall-rewrite/05-stage-vfs/.design/18-design.v1.md	8328	1788416651	17d6e1228cdd1acd243d619dd6192178c7633de2c98467240f55e5a23ce64ca5	ignored
notes/rewrite/fork-syscall-rewrite/05-stage-vfs/.design/18-outline-review.v1.md	1822	1788416651	ae9f3a5527d5e23f577c21cca921a67494fa47e5c2e4d3993b5ec51f03de0a87	ignored
notes/rewrite/fork-syscall-rewrite/05-stage-vfs/.design/18-outline.v1.md	3873	1788416622	7685998a1677fa15454bc04aeb357cb01e7521495c30ac8ef5e9342639835423	ignored
notes/rewrite/fork-syscall-rewrite/05-stage-vfs/.design/19-design.v1.md	7466	1788417748	8b4025dc218313cdeb5f48d0eef66516c69931836ec726099d2db3cfebf9702b	ignored
notes/rewrite/fork-syscall-rewrite/05-stage-vfs/.design/19-outline-review.v1.md	1723	1788417748	f729958f28e0ead894f94a1a8bb3c6354e5b83d403399701b7d2c01e7aebd2b0	ignored
notes/rewrite/fork-syscall-rewrite/05-stage-vfs/.design/19-outline.v1.md	4168	1788417699	0b5a6a0d459018fa343e03e6a6fcf43ff6d4d02bc7037aac79b6b8dd490af49c	ignored
notes/rewrite/fork-syscall-rewrite/05-stage-vfs/.design/20-design.v1.md	6454	1788419324	ffadb517e4a53e54eb3c4291f18f16b1a120e9cac6975b336ed5409ab349ce4c	ignored
notes/rewrite/fork-syscall-rewrite/05-stage-vfs/.design/20-outline-review.v1.md	1626	1788419324	fd5abe75db3af3ba482fb8545cb69e14ee1d351e88ffbf14e4c428193a03a3f7	ignored
notes/rewrite/fork-syscall-rewrite/05-stage-vfs/.design/20-outline.v1.md	3243	1788419264	4ab3976139033ab3f1eaabfd2abb906bf76fb10ee012a2f4a1e6805c91812809	ignored
notes/rewrite/fork-syscall-rewrite/05-stage-vfs/.design/21-design.v1.md	7312	1788420398	158d92a5e11d33a208b5cba9e9e9d8502c0a770100b865a6dbf05a847b1acec0	ignored
notes/rewrite/fork-syscall-rewrite/05-stage-vfs/.design/21-outline-review.v1.md	1739	1788420155	d41369ee5c7bff29a7212da0124072a60fa5f5d186c8fd1137e0b8219b927696	ignored
notes/rewrite/fork-syscall-rewrite/05-stage-vfs/.design/21-outline.v1.md	3636	1788420119	99bd4a1973676c3b237e379e4face969463aa09e51d2fedd2416efd0c59b81fc	ignored
notes/rewrite/fork-syscall-rewrite/05-stage-vfs/.design/22-design.v1.md	7451	1788422386	f98c1fa701415076dba759efc0d5774c03f220ba95d3d1d9fc6f64e930d23ce3	ignored
notes/rewrite/fork-syscall-rewrite/05-stage-vfs/.design/22-outline-review.v1.md	1863	1788422386	8a54132f13b3a5db0ce342860dac0f3fef20f022388323d612e3a5e498d900f7	ignored
notes/rewrite/fork-syscall-rewrite/05-stage-vfs/.design/22-outline.v1.md	4066	1788422352	7222e89cd8220382d241e2192bb1719446a00f4d5357ae43e6726b704bda010a	ignored
notes/rewrite/fork-syscall-rewrite/05-stage-vfs/.design/23-design.v1.md	8848	1788423179	e5fb816ff51d98183473edb4d6c6f72618b0b127683b075524f719206dac66d3	ignored
notes/rewrite/fork-syscall-rewrite/05-stage-vfs/.design/23-outline-review.v1.md	2142	1788423151	872365d8810fece93b6b1d9c148bd335b6fca4cf84d2cece8537708b65699c35	ignored
notes/rewrite/fork-syscall-rewrite/05-stage-vfs/.design/23-outline.v1.md	5456	1788423145	a8cdcd5eb2f5292f6084bf2625d7cf70901b5acb87c21f9f197d4d065280d38a	ignored
notes/rewrite/fork-syscall-rewrite/05-stage-vfs/.design/24-design.v1.md	8290	1788423814	1dd40be4c52073135450024f6560219bb8727afa2d0a244b93a724c4e25b7863	ignored
notes/rewrite/fork-syscall-rewrite/05-stage-vfs/.design/24-outline-review.v1.md	2370	1788423814	2c809fe5f36868ce050fbbf666c08d2cc6c4e46c230094be3ef2473522e800e1	ignored
notes/rewrite/fork-syscall-rewrite/05-stage-vfs/.design/24-outline.v1.md	4854	1788423784	ceb922cf917150f88d5686135fba90ef14121dfad9ba203cee0245726f2f707a	ignored
notes/rewrite/fork-syscall-rewrite/05-stage-vfs/.design/25-design.v1.md	7822	1788425187	d279699644aaa4399b67a8db1116cae0cc3b3d1c49d14a9ff0bba99d7701ac38	ignored
notes/rewrite/fork-syscall-rewrite/05-stage-vfs/.design/25-outline-review.v1.md	2112	1788425187	ccf2d4c7681c9d3c385a4ac29cb661a4b34b05a94c46ece907a16039fafd5fdf	ignored
notes/rewrite/fork-syscall-rewrite/05-stage-vfs/.design/25-outline.v1.md	4650	1788425155	114682d83d039e127d4f3548809ddd6b5a0a1dbaf7c5c24b2b5e5ff5af0a84bc	ignored
notes/rewrite/fork-syscall-rewrite/05-stage-vfs/.design/26-design.v1.md	6925	1788426199	bedffbbd61a0d171453f9ad0dc1b69ba054afc2ef9425fbce6424d28e96b17d7	ignored
notes/rewrite/fork-syscall-rewrite/05-stage-vfs/.design/26-outline-review.v1.md	2190	1788426186	bebf5442340530290a2da77cea13caf2e631081bd2a40136400c97584d182322	ignored
notes/rewrite/fork-syscall-rewrite/05-stage-vfs/.design/26-outline.v1.md	4268	1788426160	6845c7822ba0f9ddfaa48e8e7cc19d2c11dbc4f08e7f38a07159f9d325e4119e	ignored
notes/rewrite/fork-syscall-rewrite/05-stage-vfs/.design/27-design.v1.md	6753	1788427059	6e6093d03c57d1ad34d861a1a84d6d4bff78a74fc628996a036a978aa1c76b08	ignored
notes/rewrite/fork-syscall-rewrite/05-stage-vfs/.design/27-outline-review.v1.md	1897	1788427059	27a1ed1f10de69e31afeb0930a3fad62bbcd7ee93311116e88e38d65fbcf2147	ignored
notes/rewrite/fork-syscall-rewrite/05-stage-vfs/.design/27-outline.v1.md	4080	1788427036	d769ba852a89bf818071ab4fc70da5bbfe8758162b7667a9713efddaeda7b46c	ignored
notes/rewrite/fork-syscall-rewrite/05-stage-vfs/.design/28-design.v1.md	6670	1788430506	cb6bdfb0ef3d2b84750adeeb7cadae987ad2b095b2b60986723356ba12df1117	ignored
notes/rewrite/fork-syscall-rewrite/05-stage-vfs/.design/28-outline-review.v1.md	2046	1788430506	7d133ecb4db55e11f95906151a371f3f165b15fe06f67e3462828b267857a803	ignored
notes/rewrite/fork-syscall-rewrite/05-stage-vfs/.design/28-outline.v1.md	3977	1788430465	0b9d2a9f74a57c253bfa4ea4104dc659a6ffb98bc72daeb77375ca9ce289bd0a	ignored
notes/rewrite/fork-syscall-rewrite/05-stage-vfs/.design/29-design.v1.md	6791	1788429110	1eacbaf7ad9c62fba6f4705f989f26eb09a82cd91cc059587a43d16f230d9fd6	ignored
notes/rewrite/fork-syscall-rewrite/05-stage-vfs/.design/29-outline-review.v1.md	1952	1788429090	bbf6e3a2bde66fde6b00a714704ab54ea2d88c264c28ede9d879797939922c36	ignored
notes/rewrite/fork-syscall-rewrite/05-stage-vfs/.design/29-outline.v1.md	3814	1788429050	4e91fb5ec3a636ca97d951b8d56f7a1958634e1f59aa9573b608a67c70fb57bd	ignored
notes/rewrite/fork-syscall-rewrite/05-stage-vfs/.design/30-design.v1.md	11113	1788431245	1c3c944003de8b0b629ee100c61911463211894feb4992735ce67562cabb53f4	ignored
notes/rewrite/fork-syscall-rewrite/05-stage-vfs/.design/30-outline-review.v1.md	2415	1788431210	03a5d88a56b743132e97839c2e52005967d41c0a25f1ad1dc2d48d6c5a00f2f7	ignored
notes/rewrite/fork-syscall-rewrite/05-stage-vfs/.design/30-outline.v1.md	4761	1788431193	bb38266d0c07445b4cd6f8581ff5a9a6f895d4c3e0509394dada54aefc7fe82a	ignored
notes/rewrite/fork-syscall-rewrite/05-stage-vfs/.design/31-design.v1.md	11067	1788440719	b71af37b38ee7ebc91936f4b1718d64884d633524ecfc6785ed0839ef7c30e84	ignored
notes/rewrite/fork-syscall-rewrite/05-stage-vfs/.design/31-outline-review.v1.md	2772	1788439512	c68384b698bb21e5a5b4ed051563ff64e63f0f07783dd8ba10e8666edb08b0f4	ignored
notes/rewrite/fork-syscall-rewrite/05-stage-vfs/.design/31-outline.v1.md	4794	1788439500	52910b98b45d90f9977f532ea8c9ad4042d4f5c54c071306aed3b6c35fd8c4fd	ignored
notes/rewrite/fork-syscall-rewrite/05-stage-vfs/.design/99-design.v1.md	3109	1788895001	d4ad74f225765fdc7530c05c2b9db612c6b47aa28a98d9cc6cc6fd813fda369b	ignored
notes/rewrite/fork-syscall-rewrite/05-stage-vfs/.design/99-outline-review.v1.md	1693	1788895001	da4eb838d69d310c651b39e20657340113811318f396a25024c5b0890065eb3f	ignored
notes/rewrite/fork-syscall-rewrite/05-stage-vfs/.design/99-outline.v1.md	2485	1788895001	6b919129187c62be183cebe9e201e0abb66a2cdccdee256b7f5175d51038a5f8	ignored
notes/rewrite/fork-syscall-rewrite/05-stage-vfs/archive/todo-R1-archive-2026-09-09.md	33199	1788966822	4ab3d2ea88291f5952a5ed9f7b2b28af29bee7daf80810a9382f3269d0574505	tracked
notes/rewrite/fork-syscall-rewrite/05-stage-vfs/draft/00-vfs-overview.md	10323	1789733330	4271f4ed97150746e524239333809fdf948264ef1419bdf4130cfe65dd32b60e	tracked
notes/rewrite/fork-syscall-rewrite/05-stage-vfs/draft/01-fproc-struct.md	15400	1789733330	0bd49e6e90214ccdca8a99727371831d0d715d4e71f450c4c2772c3f6138bd3d	tracked
notes/rewrite/fork-syscall-rewrite/05-stage-vfs/draft/02-fproc-flags.md	6653	1789733331	bbdab1ccac5b19a51d4d80f9b11763f39b15fedebd3601b090002d90064a9c2e	tracked
notes/rewrite/fork-syscall-rewrite/05-stage-vfs/draft/03-fproc-cred.md	4400	1789733331	cfa1bc00f20344aa4a7594610b3b8375c2df46b2f22b37b1babcb925c3306c4c	tracked
notes/rewrite/fork-syscall-rewrite/05-stage-vfs/draft/04-filp-struct.md	6019	1789733331	31f39152b6f7b2e05fdc9b3c47ca1baa9f0714f5b8c5fe4c8d350979c8d0049e	tracked
notes/rewrite/fork-syscall-rewrite/05-stage-vfs/draft/05-vnode-struct.md	6259	1789733331	83d18e4030922c041a3689983c996bb26a5d0ebd6aaec92fd9228bba3f915318	tracked
notes/rewrite/fork-syscall-rewrite/05-stage-vfs/draft/06-vmnt-struct.md	3876	1789733331	ec9b4eede0ad0220c4b45f46bd57b195542f3c72e47fb95ba4f11340ea1f2786	tracked
notes/rewrite/fork-syscall-rewrite/05-stage-vfs/draft/07-tll-lock.md	3851	1789733331	ca2d077db0d3df54380c1550b32125830725648457ab3918fb8f9e4499241273	tracked
notes/rewrite/fork-syscall-rewrite/05-stage-vfs/draft/08-worker-thread.md	4459	1789733331	e4aba5970cbaa8ed7cd9c4e6c3c8162f4d95daec0d1cdeb27154dec5aaa8cc06	tracked
notes/rewrite/fork-syscall-rewrite/05-stage-vfs/draft/09-globals-const.md	4021	1789733331	cca7b1f06fd092c354a57f8064bd8d7470bcfd653a73bccac59c6b6626aa71e0	tracked
notes/rewrite/fork-syscall-rewrite/05-stage-vfs/draft/10-main-loop.md	17016	1789733331	aafc900346d91e9d2ed61df7c12e2b9035ec0bb78dc6eed5e07be57a43557fb7	tracked
notes/rewrite/fork-syscall-rewrite/05-stage-vfs/draft/11-service-pm.md	23230	1789733331	9338dd1e72cda621e2e286ea887e899538a1f91dc1735cfb1cd3aa92c31f5474	tracked
notes/rewrite/fork-syscall-rewrite/05-stage-vfs/draft/12-pm-fork-copy.md	5447	1789733331	304ced43e8bf5d3690e2d181dc702c57fef41e2068d57171c8520973b8901b54	tracked
notes/rewrite/fork-syscall-rewrite/05-stage-vfs/draft/13-pm-fork-filp.md	6299	1789733331	3239692a0d3f96b90719fe9605b5999e9864816981159ea9e71fa4af6e3c820c	tracked
notes/rewrite/fork-syscall-rewrite/05-stage-vfs/draft/14-pm-fork-vnode.md	11428	1789733331	b4f25e1607063e9da87bc9e46ae762796a38e58b64d720404715e04687689ad0	tracked
notes/rewrite/fork-syscall-rewrite/05-stage-vfs/draft/15-pm-fork-flags.md	8161	1789733331	b8024c69f0e709258f64ccd681774d73c90cbd7b84011447678f259ac34c1f56	tracked
notes/rewrite/fork-syscall-rewrite/05-stage-vfs/draft/16-pm-fork-reply.md	6774	1789733331	6fe0555d3d7f36f0fd986439c646a3b97a6b8af49e972db6966932ec35d0cd95	tracked
notes/rewrite/fork-syscall-rewrite/05-stage-vfs/draft/17-filedes.md	8178	1789733331	5d0dfabb71fba3aa8b3bfcae43e9c704264793ee750103089c5e3f33574a3bd2	tracked
notes/rewrite/fork-syscall-rewrite/05-stage-vfs/draft/18-comm.md	8798	1789733331	6431edeb3076eef2cf6c338d3ff98053a7411b173461a1cf765a624210966562	tracked
notes/rewrite/fork-syscall-rewrite/05-stage-vfs/draft/19-pm-exit.md	6665	1789733331	1dd0bb387fa0294179064439062424d49a6a486acf6ffc988c4a461987418c34	tracked
notes/rewrite/fork-syscall-rewrite/05-stage-vfs/draft/99-global-concepts.md	9249	1789733331	a27eff3f77ab35aa51b2ed186564a64f98a59c7e7946aea08eff3b980c5cb979	tracked
notes/rewrite/fork-syscall-rewrite/05-stage-vfs/draft/README.md	2223	1786828024	d63182eaf998a9c2efa16c55afde18b6c0429d89ef68e45bbc4610fe777e2981	tracked
notes/rewrite/fork-syscall-rewrite/05-stage-vfs/draft/fd-table-copy.md	153	1781530235	0a8c8515a3d2079c84b8f64a04d163f2f0517e5fa9290ebee0f9634b04345b8e	tracked
notes/rewrite/fork-syscall-rewrite/05-stage-vfs/draft/filp-refcount.md	140	1781530235	418b1e0131915f69c98c0fdb59b478498e8d7e0def644e446cf433089daf1269	tracked
notes/rewrite/fork-syscall-rewrite/05-stage-vfs/draft/fproc-design.md	6235	1781530235	01ded395d18ad56bc9434d38642dff9b318f6c5e9b74f7a31c15608e0047b2a3	tracked
notes/rewrite/fork-syscall-rewrite/05-stage-vfs/draft/pm-fork-impl.md	7171	1781530235	9b0adc1b27d240227d0d7bf4f80ffcce9344c515f6cbb3f29f5be0a43e5a97b9	tracked
notes/rewrite/fork-syscall-rewrite/05-stage-vfs/draft/vnode-refcount.md	141	1781530235	92f1f69903716f728cb52b8ef6db99fd1135ba9cca34713ea976438aa8dca4f0	tracked
notes/rewrite/fork-syscall-rewrite/06-stage-sched/00-sched-overview.md	6434	1791268698	0113e3665bd868d906304a3a22c743c5716ea357323a06b73b553c5c3ea69eab	tracked
notes/rewrite/fork-syscall-rewrite/06-stage-sched/01-sched-init-main.md	17916	1789741144	f8d8b65acdd892554dcad7945854c285513a372a2ce7998c8a65db2da018472c	tracked
notes/rewrite/fork-syscall-rewrite/06-stage-sched/02-sched-message-surface.md	30346	1789835960	bed1ddd9c87c4dbc860e4cf1ff51adb9726d2930094d9eda13caeaae20d4eff1	tracked
notes/rewrite/fork-syscall-rewrite/06-stage-sched/03-schedproc-struct.md	17110	1789741144	960690212e2adcb3fe6b2116a74e955fad2136714492b91e930a1f3d8ae31e29	tracked
notes/rewrite/fork-syscall-rewrite/06-stage-sched/04-schedproc-table.md	13366	1789741144	92215dcde93ef84ca19f6d494782b78fc1aa05e26488c3b3e41303f14c2777c5	tracked
notes/rewrite/fork-syscall-rewrite/06-stage-sched/05-priority-timeslice-model.md	23849	1789741144	e59504fcb973efccf0a676db35e66a2a94fe6c73e0662cf6f88efa6a3bc341d4	tracked
notes/rewrite/fork-syscall-rewrite/06-stage-sched/06-start-scheduling.md	24300	1789741144	fe05d544aa6d50f5cd624816f1a03ebad4fe068a828fdfda480bc1a3bf1158a0	tracked
notes/rewrite/fork-syscall-rewrite/06-stage-sched/07-stop-scheduling.md	18060	1789741144	abd35d15907f774255f160fb5dcf742451e0202a7ca179adb97e8409bc075a15	tracked
notes/rewrite/fork-syscall-rewrite/06-stage-sched/08-noquantum-nice.md	18529	1789741144	e08a44f086970366b44181406cfb2448e2996d11e28c62a478ad56c2138ec5ce	tracked
notes/rewrite/fork-syscall-rewrite/06-stage-sched/09-schedule-process.md	20937	1789741144	584631c4b970a3361003114a2c80b1eaecebc6a083103edcd0574e9baa287855	tracked
notes/rewrite/fork-syscall-rewrite/06-stage-sched/10-pick-cpu-smp.md	18063	1789741144	6ddd2bd12ed3d4b1f2c91d51c5654edd07ee971ada4eac9ddc90a4f2ba1b7fbe	tracked
notes/rewrite/fork-syscall-rewrite/06-stage-sched/11-balance-queues.md	20781	1789741144	c3a45faa016cc5536f92ac53b7441381655a7b86808fb3db4829cb8449a4aaf5	tracked
notes/rewrite/fork-syscall-rewrite/06-stage-sched/12-kernel-interface.md	24033	1789741144	789e75ea46eebe62e2254e405cee25bd8903225707ed17e1f3290c540fc03f3e	tracked
notes/rewrite/fork-syscall-rewrite/06-stage-sched/13-pm-interaction.md	22487	1789741144	01269b5d7474954f53fed26f39595a683b6ca3ede54dfaaae3f1895d81de71ab	tracked
notes/rewrite/fork-syscall-rewrite/06-stage-sched/14-rs-interaction.md	18615	1789741144	93c011023e1466573923d7321951c1c616633ed1969d1854c58c2c183e7e6485	tracked
notes/rewrite/fork-syscall-rewrite/06-stage-sched/99-global-concepts.md	4351	1789840310	c52bf92912913e98d3dbd655607d8ad56763acc8894d9e6101b52b4a37710e43	tracked
notes/rewrite/fork-syscall-rewrite/06-stage-sched/doc_rerank_HY4.md	104993	1789831834	8a4d5c486864de9d8555e4a36cebbacc102e4947d752ac760b638adf78b33265	tracked
notes/rewrite/fork-syscall-rewrite/06-stage-sched/doc_rerank_deepseek.md	96661	1789834103	d17a9bfc2a6f13c6495d2db536548d262ddeda0418a969db3956d7de55fad573	tracked
notes/rewrite/fork-syscall-rewrite/06-stage-sched/doc_rerank_glm.md	79980	1789770813	2d9eff18d06a7034313237bc0b85c0297964c1cc0ba087eb0f97148d27e7fb7d	tracked
notes/rewrite/fork-syscall-rewrite/06-stage-sched/doc_rerank_muse.md	72058	1789842130	0a6e317fdbe5fbfc38b6e8405025f7db9d861c68209aee9c97967750e4f54097	tracked
notes/rewrite/fork-syscall-rewrite/06-stage-sched/doc_rerank_qwen.md	103115	1789827846	9e45a384055b8585e983ace0c3a497cc89aaf3088182a99cac562d481b475d60	tracked
notes/rewrite/fork-syscall-rewrite/06-stage-sched/plan.md	40752	1788707405	b8f90724560502056e801cfef3c681e416d47be431982ac375b951d1634b14a2	tracked
notes/rewrite/fork-syscall-rewrite/06-stage-sched/todo.md	5496	1789473185	1696da466b9ed5bdc6ca55f405ef1df04948cf4c3e149cabfe5b4968810099c4	tracked
notes/rewrite/fork-syscall-rewrite/06-stage-sched/.design/00-design.v1.md	2698	1788976458	65f779ee7a3f96dcde7f0a11660c2cb254ebe083b52ffe80f1802ab1f4bdd6de	ignored
notes/rewrite/fork-syscall-rewrite/06-stage-sched/.design/00-outline-review.v1.md	1594	1788976404	bb764ee9cde1a0618c77775a64aa2e75de07d019c0ff5cd0c5eeade432091d42	ignored
notes/rewrite/fork-syscall-rewrite/06-stage-sched/.design/00-outline.v1.md	2379	1788976404	910e348f54deef44e78447a49a91dc6a3fc9fdf984030a9ee160bff4573f323d	ignored
notes/rewrite/fork-syscall-rewrite/06-stage-sched/.design/01-design.v1.md	5366	1788707725	8d5789b95fcec9eb41eca29311085973f82eaa943a78f5e575a2cb1b5f11933c	ignored
notes/rewrite/fork-syscall-rewrite/06-stage-sched/.design/01-outline-review.v1.md	1565	1788441297	c9e332a2149b989c0b5edd8e34be83c8fc43fb7b85b941b6efd9298cad69ee54	ignored
notes/rewrite/fork-syscall-rewrite/06-stage-sched/.design/01-outline.v1.md	3416	1788441272	c35fce8914ff1c69e798fa480407dbff8c0cec63b471dfc72d965b58864453b1	ignored
notes/rewrite/fork-syscall-rewrite/06-stage-sched/.design/02-design.v1.md	8220	1788707725	dc0397aa5c9031f763477142ab03ef00b2db541da3206e72211a1219b50bdce4	ignored
notes/rewrite/fork-syscall-rewrite/06-stage-sched/.design/02-outline-review.v1.md	1560	1788442264	ebd69a01825e56971021884a90f05e9b6ee21d5370cb5c159463658d3091364e	ignored
notes/rewrite/fork-syscall-rewrite/06-stage-sched/.design/02-outline.v1.md	3512	1788442983	8f9a767e676d07762aaebde3d446abbec1f8c4b2a05760f9f0fc57c3d24e7ec9	ignored
notes/rewrite/fork-syscall-rewrite/06-stage-sched/.design/03-design.v1.md	4684	1788444674	9e35a73791edab5ea5e6b6702903c0049f52f4bb4b9f7d167c81e340a2ee3218	ignored
notes/rewrite/fork-syscall-rewrite/06-stage-sched/.design/03-outline-review.v1.md	1587	1788444674	7d4fe91f47fa72d45e13e812076508cdeca00c0c0909d916d18551dd8d2601cb	ignored
notes/rewrite/fork-syscall-rewrite/06-stage-sched/.design/03-outline.v1.md	3224	1788444674	116bb58c179f2b15cb579e4f7f4d28de3ed0ff48f61d9a412219c288c32bc3aa	ignored
notes/rewrite/fork-syscall-rewrite/06-stage-sched/.design/04-design.v1.md	4787	1788446202	3ff19b62e2b5b5ed39d52e1c31c2c454ea443215a8a1de069b1943b3b9527599	ignored
notes/rewrite/fork-syscall-rewrite/06-stage-sched/.design/04-outline-review.v1.md	1436	1788446129	81221e377ce82dfb2478e0bce705f1c3f856040f9ec81d3b6e86a8473b508a72	ignored
notes/rewrite/fork-syscall-rewrite/06-stage-sched/.design/04-outline.v1.md	3001	1788446129	1e8a47048e6a516a46b93a0937a8cd3562f68beee986d1d3e0c2977265ee2ad5	ignored
notes/rewrite/fork-syscall-rewrite/06-stage-sched/.design/05-design.v1.md	5022	1788449132	3507f0dca4e24d439fd83ad7b8f26bcafdef41be221c5e72588e22b7323fa7da	ignored
notes/rewrite/fork-syscall-rewrite/06-stage-sched/.design/05-outline-review.v1.md	2570	1788449132	26f9ceed7dc815c98a2719bb3e7eed55c8d47edb847b13d09f5c594e7354c7a1	ignored
notes/rewrite/fork-syscall-rewrite/06-stage-sched/.design/05-outline.v1.md	3811	1788449078	81f4005839a51794585fc1f97563d45c56b4c1ec665d2d7d0f7f5c2db6a2a359	ignored
notes/rewrite/fork-syscall-rewrite/06-stage-sched/.design/06-design.v1.md	4311	1788450447	6e8dc1ae369c33c2592d6d3d088a4923b4b7a197a15ca9615ff832aae041bd8c	ignored
notes/rewrite/fork-syscall-rewrite/06-stage-sched/.design/06-outline-review.v1.md	2404	1788450592	1f0fe38f547bb86b304637c307a1a7798da84cc60bd662c10c082f7317b7edae	ignored
notes/rewrite/fork-syscall-rewrite/06-stage-sched/.design/06-outline.v1.md	3722	1788450447	dc2f0de2c1dff1f4c87229e8ef68fcd609e883149142a7535bb99c57399b1503	ignored
notes/rewrite/fork-syscall-rewrite/06-stage-sched/.design/07-design.v1.md	2863	1788452683	84af2bb24d0bcedbf9e7d8e226eee388a723929837e4075f7b04043dc9ecba6c	ignored
notes/rewrite/fork-syscall-rewrite/06-stage-sched/.design/07-outline-review.v1.md	1881	1788452683	64bc29e2d2c26d5e572bf3a7c6b5060ee01bea40cbeba9c63847b5e9776708fe	ignored
notes/rewrite/fork-syscall-rewrite/06-stage-sched/.design/07-outline.v1.md	3270	1788452683	94440badf54b6604604daebfe67cafcf3f9bad1da9e735d0c6429815d4421040	ignored
notes/rewrite/fork-syscall-rewrite/06-stage-sched/.design/08-design.v1.md	3205	1788453297	713790961e55cb98de61a1d9ec5ebc4d6abe492edeb9cb25334b255a6099c93e	ignored
notes/rewrite/fork-syscall-rewrite/06-stage-sched/.design/08-outline-review.v1.md	2092	1788453297	a213813bc6590d2848da375f3162b4e187c0ec0eafd83e81ab67fdeb5d913506	ignored
notes/rewrite/fork-syscall-rewrite/06-stage-sched/.design/08-outline.v1.md	3245	1788453297	c23db97ce3452ffc8b739155180b97a8405c5a9eefa1ad4220b5ef6df37fb2a5	ignored
notes/rewrite/fork-syscall-rewrite/06-stage-sched/.design/09-design.v1.md	3305	1788454202	f0a58849463698d2af3ba40968bee6538634e6abca34c4e2df5357be7163fbb1	ignored
notes/rewrite/fork-syscall-rewrite/06-stage-sched/.design/09-outline-review.v1.md	2299	1788454183	9e24db34b636bf94665bdfcf8525cc18a50e050576a4a06ba4292a80cfac5fa7	ignored
notes/rewrite/fork-syscall-rewrite/06-stage-sched/.design/09-outline.v1.md	3332	1788454183	dac1638c7d27cf2f31a47a37b8c134dd75a31c5a8c703944da4aff4040067fb0	ignored
notes/rewrite/fork-syscall-rewrite/06-stage-sched/.design/10-design.v1.md	2736	1788455565	6eaaa54931058e95d4856bb50e2a579242be1d59b50be72ed3c8c9dd0ea7b447	ignored
notes/rewrite/fork-syscall-rewrite/06-stage-sched/.design/10-outline-review.v1.md	2342	1788455565	3bcaabefaa11f95794e004d4dc56a0490ed8631732ee8a8f706d6fe47f7aa7d9	ignored
notes/rewrite/fork-syscall-rewrite/06-stage-sched/.design/10-outline.v1.md	3067	1788455565	634d7cf67243e5a1eac33f652388a2c2e41492d74e0cdfa91ff1cba4624e5133	ignored
notes/rewrite/fork-syscall-rewrite/06-stage-sched/.design/11-design.v1.md	4805	1788457620	388950aea9ebb8477c386f5fba3bde2138eb49e582fe9e3a6688057185211ca6	ignored
notes/rewrite/fork-syscall-rewrite/06-stage-sched/.design/11-outline-review.v1.md	1611	1788457620	4f0ca6bce3dfb172c1c45f3036527901b5a4f37eb1ff742f0c6203b320459ad8	ignored
notes/rewrite/fork-syscall-rewrite/06-stage-sched/.design/11-outline.v1.md	3664	1788457620	0701b6b3b522bc1afcfd2fc4d7183c4c8915d09f9232abf2480e4670f52ebca4	ignored
notes/rewrite/fork-syscall-rewrite/06-stage-sched/.design/12-design.v1.md	4985	1788458582	c2b02717f29d8937597c55da73ae7f53ce1e3f2628584b8b48b5e1cb23cb4d24	ignored
notes/rewrite/fork-syscall-rewrite/06-stage-sched/.design/12-outline-review.v1.md	1623	1788458582	32642f1875318eb20a3e44234c0f16d48f1eadec73301f4e619e56c48ea04511	ignored
notes/rewrite/fork-syscall-rewrite/06-stage-sched/.design/12-outline.v1.md	3833	1788458582	aa2ef3e7596612a78348dbe80e17dc69f6f2cba2bc0777b17acd5d54d315d264	ignored
notes/rewrite/fork-syscall-rewrite/06-stage-sched/.design/13-design.v1.md	5089	1788459019	8850825a62941b5bf40cc0462332461e53e0a24adfae0f67c373c31c0010ab30	ignored
notes/rewrite/fork-syscall-rewrite/06-stage-sched/.design/13-outline-review.v1.md	1568	1788459019	0547300ba609705d1bfef432697eba70042e48e6ada246b5a8a3c630cf82989f	ignored
notes/rewrite/fork-syscall-rewrite/06-stage-sched/.design/13-outline.v1.md	3967	1788459019	db0be421eb926bbc85bd853ff0e1cba8da1ab7bfef5ec190d7edce22d752c29d	ignored
notes/rewrite/fork-syscall-rewrite/06-stage-sched/.design/14-design.v1.md	3697	1788460929	f9131c6745ce4b9938b81c2d470eacf068311ed86f4c8ab2fb62897d879fab25	ignored
notes/rewrite/fork-syscall-rewrite/06-stage-sched/.design/14-outline-review.v1.md	1526	1788460722	b7cbd97b52b157c17e8d68ee9e53fe738c3b51fed0dc462a7c224ab0c50e9a05	ignored
notes/rewrite/fork-syscall-rewrite/06-stage-sched/.design/14-outline.v1.md	3672	1788460726	7f1e408aa576e53b9b8ddb9308d2839228a7166c91705eeee8f5b38f34626f64	ignored
notes/rewrite/fork-syscall-rewrite/06-stage-sched/.design/99-design.v1.md	2284	1788976526	ccd2f5fa3d7863c413390a8646495c1d463b21b766d626f9ab1f8c47d6d269c4	ignored
notes/rewrite/fork-syscall-rewrite/06-stage-sched/.design/99-outline-review.v1.md	1745	1788976499	8a7f3146c533dfc9595c5244d86bc4d8ba0a14b3e381172094e4808478652857	ignored
notes/rewrite/fork-syscall-rewrite/06-stage-sched/.design/99-outline.v1.md	2496	1788976499	f45818339a2acf12d131990e7dc784d2d6151d42f21c52588ff1afa8beb69680	ignored
notes/rewrite/fork-syscall-rewrite/06-stage-sched/archive/todo-V2-archive-2026-09-14.md	43918	1789404055	bcf2cd24b8594459a676fc1cf7ebe29f1afe05ffa21b59861b3b17297121db38	tracked
notes/rewrite/fork-syscall-rewrite/06-stage-sched/archive/todo-round1-archive-2026-09-06.md	37809	1788971495	47aeaa2a5d489fb9b1720b120d4b5eda5d32c7ca4e0f88b690ee74dff015a5cc	tracked
notes/rewrite/fork-syscall-rewrite/06-stage-sched/draft/00-sched-overview.md	5897	1789733332	674360fe24118c00d2f7e61514da1541c6bddea53cd46e4cb95322cbd39c482f	tracked
notes/rewrite/fork-syscall-rewrite/06-stage-sched/draft/01-sched-struct.md	4814	1789733332	0c80da372c2a0abfc4a3ea92a6df6bf88e5c4230b623a6d0c085f13312579d48	tracked
notes/rewrite/fork-syscall-rewrite/06-stage-sched/draft/02-sched-inherit.md	5425	1789733332	cbf7fd9a177b3f214f758417888844055b84e767072b7c10550ad575bb3ab062	tracked
notes/rewrite/fork-syscall-rewrite/06-stage-sched/draft/03-sched-start.md	6315	1789733332	58a2a0afdc7308892fe710d8eb809ba52480db3356935fe69e42b88aa5c9db53	tracked
notes/rewrite/fork-syscall-rewrite/06-stage-sched/draft/04-sched-quantum.md	5201	1789733332	76d183b4d42c8106d98c8bc741577c79ba3c1fdc08639bf2d585caab76bd8579	tracked
notes/rewrite/fork-syscall-rewrite/06-stage-sched/draft/99-global-concepts.md	2578	1789733332	e504be913cb66a458a91cfbd6851aa122b6ea5a0535c9e61124b59ebd2334f80	tracked
notes/rewrite/fork-syscall-rewrite/07-stage-ds/00-ds-overview.md	4998	1789840403	d63dd49c560eaa1f828aae1e17a2bef1fa2ed40ce792c14f7e7f70d6f07bb122	tracked
notes/rewrite/fork-syscall-rewrite/07-stage-ds/01-ds-init-main.md	11796	1789798089	27ff9846e251f2d4c31c4a9c832b70dab1b5726b2cb812993250706ab2584023	tracked
notes/rewrite/fork-syscall-rewrite/07-stage-ds/02-ds-message-contract.md	9135	1789741144	0afe2ef4293908ee27c3ffed9145ccd5d38d16af7b756f48ffe4bcc6059f32bf	tracked
notes/rewrite/fork-syscall-rewrite/07-stage-ds/03-ds-data-structures.md	11042	1789741144	320e88159e8214400cfa7da47f968b342f8d165b0ffa3a9ca154ed214494cf66	tracked
notes/rewrite/fork-syscall-rewrite/07-stage-ds/04-ds-slot-management.md	11313	1789741144	b3c57afb166129e6ecf839c8d311d69c82d353df721a42474c344a47c8ba1268	tracked
notes/rewrite/fork-syscall-rewrite/07-stage-ds/05-ds-identity-auth.md	8849	1789741144	c58b437d5afceb1f2941a3f21eec98f516f7cff3c1f6a5eb0d3ff58ce4536471	tracked
notes/rewrite/fork-syscall-rewrite/07-stage-ds/06-ds-boot-mapping.md	11443	1791268763	1850c967eacabbeccb1fdbd4d773f16494fced384924423244fb558a77bb2e92	tracked
notes/rewrite/fork-syscall-rewrite/07-stage-ds/07-ds-publish.md	8272	1789741145	90534ec2f7977fa14f3ab8ae2a06db73d9e0f3a8ac3ee8646a072a805d6d8be4	tracked
notes/rewrite/fork-syscall-rewrite/07-stage-ds/08-ds-retrieve.md	6599	1789741145	3cfbe44311f62e1d8785a5413cd6e10e4702f2c2b82b87b37afcfeb10cf55247	tracked
notes/rewrite/fork-syscall-rewrite/07-stage-ds/09-ds-delete.md	8129	1789741145	3333be74bfdea2e1a25247cd48a96f122d4397ee67546c4d39d794dac7b4f8a5	tracked
notes/rewrite/fork-syscall-rewrite/07-stage-ds/10-ds-subscribe-check.md	12013	1789741145	e8987d063a7886935284148c4e2fee51563de68b9c8bcc5a1c3bb5a7df9f1ac2	tracked
notes/rewrite/fork-syscall-rewrite/07-stage-ds/11-ds-getsysinfo.md	7589	1789802184	06780ff4956425a8329013503b0c35e8f49dfa6dae3cf27ba0d65eec47abe1e3	tracked
notes/rewrite/fork-syscall-rewrite/07-stage-ds/12-ds-client-library.md	8200	1789741145	28d43c594e648731491f754e43dfbe09a6a4a1015cc6b6279acaba3926d640bf	tracked
notes/rewrite/fork-syscall-rewrite/07-stage-ds/99-ds-global-concepts.md	4199	1789840528	2aa1542dda2b702d2c604825a64f00ae6a2070e6a979e14d47f119c380105461	tracked
notes/rewrite/fork-syscall-rewrite/07-stage-ds/doc_rerank_deepseek.md	73078	1789834154	1fa5f443b8bf37f8ed92c3b48ba279d338672dbcee1b185185b4002fce13aafa	tracked
notes/rewrite/fork-syscall-rewrite/07-stage-ds/doc_rerank_glm.md	89673	1789771878	96beb3c930d341892c031558ce09e9c0feb41efefe1e015ff637074f43055380	tracked
notes/rewrite/fork-syscall-rewrite/07-stage-ds/doc_rerank_muse.md	66278	1789842537	4d140ac431b15c6feca0ef27faf18f6d0d149231bbea075154d1274d537580dc	tracked
notes/rewrite/fork-syscall-rewrite/07-stage-ds/doc_rerank_qwen.md	35818	1789826181	a15e984ddf81ab6f0c19c8128a11d8efcba12ad04b61b9827872ec61d95d348c	tracked
notes/rewrite/fork-syscall-rewrite/07-stage-ds/plan.md	32135	1791268698	22dedb50153980cc05dbc18e766b1a42970b5710c902cda6b612c2e708bdb3a6	tracked
notes/rewrite/fork-syscall-rewrite/07-stage-ds/todo.md	53809	1789409205	d573be588a73cadf30f914558c51055876cf2b4502dfee093409df782bd89bd4	tracked
notes/rewrite/fork-syscall-rewrite/07-stage-ds/.design/00-design.v1.md	3573	1789403213	cecfcb8bda2ab6968793bc3ee9828452ce7ebd1e2fc2e56f4045527765230074	ignored
notes/rewrite/fork-syscall-rewrite/07-stage-ds/.design/00-outline-review.v1.md	1915	1789403213	a822766e0ed884fffde304708bc202486f2e92cf90d38e201ef075adf475c181	ignored
notes/rewrite/fork-syscall-rewrite/07-stage-ds/.design/00-outline.v1.md	3549	1789403212	87055c2b2b673dab99f87f2782e8f8c808c07afaf2d390eae2a2d69e66655c98	ignored
notes/rewrite/fork-syscall-rewrite/07-stage-ds/.design/01-design.v1.md	5131	1788462196	33c68eef53731ade50ec460d6c19bf517e1cad4f5bd3b2658a343b7e9bd77963	ignored
notes/rewrite/fork-syscall-rewrite/07-stage-ds/.design/01-outline-review.v1.md	1552	1788462162	219d8706f2ceff6058890a3804211c1c76eff19240cbe9e9511749e91a288f95	ignored
notes/rewrite/fork-syscall-rewrite/07-stage-ds/.design/01-outline.v1.md	3366	1788462200	5dbfb1d11781d043ea9d7bf31055ce3e59e7158897c170626eeac1d7362d5f44	ignored
notes/rewrite/fork-syscall-rewrite/07-stage-ds/.design/02-design.v1.md	4290	1788463995	b998ed250b6618e43bd77bab10f1121da7951aab83b7e0282b0f7ef1d16369ae	ignored
notes/rewrite/fork-syscall-rewrite/07-stage-ds/.design/02-outline-review.v1.md	1643	1788463979	6cfb7647df4d2cf926ae434b403ef03ccc64becf625567b970f6738ffccbeaf4	ignored
notes/rewrite/fork-syscall-rewrite/07-stage-ds/.design/02-outline.v1.md	3625	1788463989	677ee08f84ed3802a5733ed54865c5e6fce6903b2e616eb8c93b722b142a6390	ignored
notes/rewrite/fork-syscall-rewrite/07-stage-ds/.design/03-design.v1.md	6509	1788464874	95a15351ec9608f34d5086bb69b6c0cfe20df2c1f4e6760431d15d06af94814d	ignored
notes/rewrite/fork-syscall-rewrite/07-stage-ds/.design/03-outline-review.v1.md	1550	1788464774	461ccffb27fdc8dd7f5fe1062dc8506288bfa6d5826ac07c2072c9083113780b	ignored
notes/rewrite/fork-syscall-rewrite/07-stage-ds/.design/03-outline.v1.md	3487	1788464864	dbc86271976ff969acd099baeae8f6143b619938d68b76ccf018413ba6f70959	ignored
notes/rewrite/fork-syscall-rewrite/07-stage-ds/.design/04-design.v1.md	7542	1788465376	d898515bbb218f7c1ce8b9b1a462fb28ae7b7e959686e723e43d5da4a0fecd7b	ignored
notes/rewrite/fork-syscall-rewrite/07-stage-ds/.design/04-outline-review.v1.md	1573	1788465376	92d9b0990cc38645f94780106bb446d44dfa8d9fc7c388ec763548a8c4ae1670	ignored
notes/rewrite/fork-syscall-rewrite/07-stage-ds/.design/04-outline.v1.md	3629	1788465376	9f389d396fe7fe90ee1d2b2ba36311dc92eba9e77de2b5bdfbae1577c8f8b7b2	ignored
notes/rewrite/fork-syscall-rewrite/07-stage-ds/.design/05-design.v1.md	6365	1788466305	4fe80d39d976ceab794411b87b7f02279bc20f786e2f1a9a918526f44e9e7088	ignored
notes/rewrite/fork-syscall-rewrite/07-stage-ds/.design/05-outline-review.v1.md	1597	1788466305	1364ff70068a7353e064f76ce7dc6283aeb06e5f4384242da6a52676c62979fc	ignored
notes/rewrite/fork-syscall-rewrite/07-stage-ds/.design/05-outline.v1.md	3218	1788466305	40157bd0bd1f30e34e6e7dc90457c7a7a4acc59ebfa200cf4738a9878a300fae	ignored
notes/rewrite/fork-syscall-rewrite/07-stage-ds/.design/06-design.v1.md	7120	1788466531	381dbbe02715e3313770862f49d8233649cfa8f149c79968bdb422478c6858e1	ignored
notes/rewrite/fork-syscall-rewrite/07-stage-ds/.design/06-outline-review.v1.md	1590	1788466531	894a40e0a2d5ab75077bc04390eb2c0de0ba818f7eb1c5bbcd5a3f41151b765f	ignored
notes/rewrite/fork-syscall-rewrite/07-stage-ds/.design/06-outline.v1.md	3637	1788466531	a7d55db109b173c7e3f5fb6da01137fe2874a6df365f9034b190297638acdb40	ignored
notes/rewrite/fork-syscall-rewrite/07-stage-ds/.design/07-design.v1.md	7240	1788466689	0f1021716b64929407ee11782d0ed206a9f9ea25af4dfe21750feee50198ac81	ignored
notes/rewrite/fork-syscall-rewrite/07-stage-ds/.design/07-outline-review.v1.md	1576	1788466689	264d0d76e1896946c33307e5d018113a9ba2afa9da8266192b8b0057b20076c6	ignored
notes/rewrite/fork-syscall-rewrite/07-stage-ds/.design/07-outline.v1.md	3499	1788466709	d73d640b84c42211edc51485a9bd1ed8303e47639fa3fd886496f7871c34d1d1	ignored
notes/rewrite/fork-syscall-rewrite/07-stage-ds/.design/08-design.v1.md	1445	1788468145	e62f1af913cec056e98d6ac32842c2597c29cfe6d95cc34f9efc5620ab027bdd	ignored
notes/rewrite/fork-syscall-rewrite/07-stage-ds/.design/08-outline-review.v1.md	586	1788468145	b67601e796a5e9e3722620f12534bcc109d584aa1fe5fdfa0871af902318a36e	ignored
notes/rewrite/fork-syscall-rewrite/07-stage-ds/.design/08-outline.v1.md	1273	1788468145	d3208fa6f09077605709aaabc3191f59a6d56054b181088e05579afc00449580	ignored
notes/rewrite/fork-syscall-rewrite/07-stage-ds/.design/09-design.v1.md	1294	1788468166	39d651f341ae9d54d2f54a668da00fa902b0b7d40b3887eb320c2a611acacb16	ignored
notes/rewrite/fork-syscall-rewrite/07-stage-ds/.design/09-outline-review.v1.md	475	1788468166	f5dc268710198e727a893490f4c88c3b1a41b2c1dd6a547541ee16fd0e0bcebe	ignored
notes/rewrite/fork-syscall-rewrite/07-stage-ds/.design/09-outline.v1.md	1059	1788468166	f16fef521fe018bc2e16bc9238013740a022db932395bbb1fa11f39b8e189e0f	ignored
notes/rewrite/fork-syscall-rewrite/07-stage-ds/.design/10-design.v1.md	1619	1788468177	673bdabe9abb9c46b37a09ae844befcdbc04b58d6ff3d0cae582896a9328ebde	ignored
notes/rewrite/fork-syscall-rewrite/07-stage-ds/.design/10-outline-review.v1.md	543	1788468177	56382d880b6749298e03466fb888b543bf1158237b8e7cfc24c3502378352cb3	ignored
notes/rewrite/fork-syscall-rewrite/07-stage-ds/.design/10-outline.v1.md	1317	1788468177	f708b1d1696dd967455a056f9d916de3418f4538e87228ce105b7a701ff4338e	ignored
notes/rewrite/fork-syscall-rewrite/07-stage-ds/.design/11-design.v1.md	1005	1788468184	6dfc8c11a5120bf791db60be20e2fb38b5cfd26a38011f683253388fd57a2178	ignored
notes/rewrite/fork-syscall-rewrite/07-stage-ds/.design/11-outline-review.v1.md	457	1788468184	cc326bf9c9e44fc6461a8ac8696cb54a1820acb8e4b6483e6f15f9f1f9c9714b	ignored
notes/rewrite/fork-syscall-rewrite/07-stage-ds/.design/11-outline.v1.md	990	1788468184	1e8e99a607cc48ae095cd8aeaee35d9b9e09ccf7fd06cd0b9431270a5799d2ae	ignored
notes/rewrite/fork-syscall-rewrite/07-stage-ds/.design/12-design.v1.md	1277	1788468190	c042f70984aeea17d512e1ab8b43ab29e647c5239f79114fcfe1990671716b09	ignored
notes/rewrite/fork-syscall-rewrite/07-stage-ds/.design/12-outline-review.v1.md	475	1788468190	1781d6c95b6b9645176d46945fee01d604654df6fb2ea8b93ec6624b8daf212f	ignored
notes/rewrite/fork-syscall-rewrite/07-stage-ds/.design/12-outline.v1.md	1074	1788468190	806b694014080e7961b5256d050596297bbf0014cd8a42d46079967abab2aaa8	ignored
notes/rewrite/fork-syscall-rewrite/07-stage-ds/.design/99-design.v1.md	5024	1789403213	5af2591625f64ca9ae98602be580b754b98f1dfca68d9dd551c1345022f160ca	ignored
notes/rewrite/fork-syscall-rewrite/07-stage-ds/.design/99-outline-review.v1.md	1963	1789403213	82e117331fd4e4533de86f930d9e45310dc4561ee62f310667ff595e68f29e59	ignored
notes/rewrite/fork-syscall-rewrite/07-stage-ds/.design/99-outline.v1.md	3372	1789403213	88a94e56da839ffe6da6139a2546b9a3e4caaec4e19b17d3548d124de4f8fca6	ignored
notes/rewrite/fork-syscall-rewrite/07-stage-ds/draft/README.md	1639	1786717867	168716d5725adf1ac6b6a21b45dd4e17948d36c66930dfffb35cae7d23f59d42	tracked
notes/rewrite/fork-syscall-rewrite/07-stage-ds/draft/tmp_main.c.md	23249	1786645398	fd1a42a873a267d9cb199175a5c07b19bf62710e1dd9f71eec12469320fe77f5	tracked
notes/rewrite/fork-syscall-rewrite/07-stage-ds/draft/tmp_store.c.md	45880	1786645398	26dfdcd2dba383ae8562bab7db3f339c250190460aef5ae3267b155de0d52c5f	tracked
notes/rewrite/fork-syscall-rewrite/08-stage-is/00-is-overview.md	2878	1789741145	4775d3f366a449199cd4814faff9d8fafa1f3e6e7eec181237c7c55a5c98b6be	tracked
notes/rewrite/fork-syscall-rewrite/08-stage-is/01-is-init-main.md	37353	1791285539	a67ceb49ef9c4ab84bdfac896f18c18e5dcc591e572016c621e37c5e42023e12	tracked
notes/rewrite/fork-syscall-rewrite/08-stage-is/02-is-fkey-contract.md	26558	1789741145	fd75ec079c466b3a544a90d6a74234022a63c6427bda86972fd84551b5371922	tracked
notes/rewrite/fork-syscall-rewrite/08-stage-is/03-is-dump-dispatch.md	17018	1789741145	6e923b93ca1e66cc78533968fbcbe5a1556486f8666dcc270288ccc82a6b51cd	tracked
notes/rewrite/fork-syscall-rewrite/08-stage-is/04-is-data-acquisition.md	27555	1789801604	949589284134b5cf7b6ecf9e0ac2e82608a95a779a15989a74788cfcff303824	tracked
notes/rewrite/fork-syscall-rewrite/08-stage-is/05-is-dump-kernel.md	16179	1789741145	29b8ecf228db55b7b30dd851864836b4173d4bf47e04b15bae7f659629819dad	tracked
notes/rewrite/fork-syscall-rewrite/08-stage-is/06-is-dump-pm.md	8539	1789801116	e995b05b852382b24a6c90be41e9e8b49f4cf4cc0dbc3c7d2a7baa23f01221bb	tracked
notes/rewrite/fork-syscall-rewrite/08-stage-is/07-is-dump-vfs.md	7876	1789802869	7b728120b144ed593425c1514276b7b26f0fd95baee6a1f76403613600cf374a	tracked
notes/rewrite/fork-syscall-rewrite/08-stage-is/08-is-dump-rs.md	6388	1789802664	94ffc9e6bab99f1317f123e9b9300845a4132b5be4720a807e65d649bd9547b7	tracked
notes/rewrite/fork-syscall-rewrite/08-stage-is/09-is-dump-ds.md	7146	1789802184	7d318b581469414b6a62e33ecacf2303f9bc1e1a4dfe42d28be2a0efe99e2186	tracked
notes/rewrite/fork-syscall-rewrite/08-stage-is/10-is-dump-vm.md	9458	1789803500	338239512ab226e3aa4c9380e154b3c8769aa3f80731f7bbb2a9a7b27d7c261f	tracked
notes/rewrite/fork-syscall-rewrite/08-stage-is/99-is-global-concepts.md	3093	1789741145	9db1225d03131c99234dea9db7d053a74009c7ab4a494039fbb9ff5d2e67ef85	tracked
notes/rewrite/fork-syscall-rewrite/08-stage-is/doc_rerank_deepseek.md	67423	1789833533	ea1fe86eef4ae5183e57b60250fecc3a307701f78565adcd093df8e3552cadc9	tracked
notes/rewrite/fork-syscall-rewrite/08-stage-is/doc_rerank_glm.md	61266	1789771953	8516876f5454ce6c5c34486881cf12f76af9bcd66dde7db58bfcebfcfcfa2e29	tracked
notes/rewrite/fork-syscall-rewrite/08-stage-is/doc_rerank_muse.md	88874	1789843940	0c888cf18d6a9cc3e2c9de6825321ac5dd42fddfdc439fd3d0017bcbe69db303	tracked
notes/rewrite/fork-syscall-rewrite/08-stage-is/doc_rerank_qwen.md	100103	1789827182	5afe39b72e2265e737773bcbd620bc1ab5166a3ddd470bedda8964e7cf514c2f	tracked
notes/rewrite/fork-syscall-rewrite/08-stage-is/plan.md	39020	1789410190	4e411a8a9316352745e82b5f97d3781b8dece88d71d6e8da340895496168b393	tracked
notes/rewrite/fork-syscall-rewrite/08-stage-is/todo.md	48527	1789410268	40da2c9997073dabf0bdc93d8fabe96e05ca3de99c07348815a9bf8e186bf5de	tracked
notes/rewrite/fork-syscall-rewrite/08-stage-is/.design/00-design.v1.md	467	1789410190	98e1f27299d976ebdd5a54b7bcf64194bb59d74657bc37851e7bf7e0d3b24a0a	ignored
notes/rewrite/fork-syscall-rewrite/08-stage-is/.design/00-outline-review.v1.md	403	1789410190	f317f71c2066c9eaaa5f8aa3af3af8275e256421533e1d289bcb5317d0071ef6	ignored
notes/rewrite/fork-syscall-rewrite/08-stage-is/.design/00-outline.v1.md	1	1789410190	334359b90efed75da5f0ada1d5e6b256f4a6bd0aee7eb39c0f90182a021ffc8b	ignored
notes/rewrite/fork-syscall-rewrite/08-stage-is/.design/01-design.v1.md	6850	1788501216	d5a4dec19a785ef9b98dae7abc33d8fbfb89d994845605232c52705f4a764e04	ignored
notes/rewrite/fork-syscall-rewrite/08-stage-is/.design/01-outline-review.v1.md	2333	1788500969	9344d08e9197e9a53bde4e575733894b178b9ca28d72d8b83a685ddb42a983fd	ignored
notes/rewrite/fork-syscall-rewrite/08-stage-is/.design/01-outline.v1.md	3811	1788500961	00b96a15fcc96c33ebe0259c16a97133677a2597efdf1c03da77d49a27bb3d4d	ignored
notes/rewrite/fork-syscall-rewrite/08-stage-is/.design/02-design.v1.md	5205	1788503392	cbf9c44adcc94aedd9eb22ae94f91cb850061438a1eca335b875a98a76c52409	ignored
notes/rewrite/fork-syscall-rewrite/08-stage-is/.design/02-outline-review.v1.md	1727	1788502092	a365ff58d2e7bdec425d33e110d5b3393cd26c6fd18da2f38ac5bc5fd874c3c1	ignored
notes/rewrite/fork-syscall-rewrite/08-stage-is/.design/02-outline.v1.md	3982	1788502072	8e55daf15f0e2ab865700e041dbdd65ce5e6740480e393eadcfbee903d8f815f	ignored
notes/rewrite/fork-syscall-rewrite/08-stage-is/.design/03-design.v1.md	4436	1788503920	edeb80ad943f269343e3b9a100cc9a42854083409fdb2c7b382912343670e2dc	ignored
notes/rewrite/fork-syscall-rewrite/08-stage-is/.design/03-outline-review.v1.md	1107	1788503920	92af7322f0d635b6b5fccadbecbcce58e7c00d438b83861a5c4cbd0907f6602d	ignored
notes/rewrite/fork-syscall-rewrite/08-stage-is/.design/03-outline.v1.md	3558	1788503905	e27fa71fbb94b9a88b98dfeff7c431320aaa8470c7e8fff75282c0ec56de31ee	ignored
notes/rewrite/fork-syscall-rewrite/08-stage-is/.design/04-design.v1.md	5215	1788505005	96df4a0c4a0fec082adcf0c27f27e9d82629f06fa3a4f31598f71ba7e832e6e3	ignored
notes/rewrite/fork-syscall-rewrite/08-stage-is/.design/04-outline-review.v1.md	1306	1788504639	4f317714491471758dc34f47ba5583e7901c433356cdffd9be2ed07167e5ae7e	ignored
notes/rewrite/fork-syscall-rewrite/08-stage-is/.design/04-outline.v1.md	3992	1788504617	7226645976194287c560ce4e8039e57b4c28fa5d51dc107fa3b79cbb4c12b717	ignored
notes/rewrite/fork-syscall-rewrite/08-stage-is/.design/05-design.v1.md	3885	1788505879	a948eeaa34e314f377bc0677bf3db6edd3f77bb7954902f5106d1f3676d4a1c9	ignored
notes/rewrite/fork-syscall-rewrite/08-stage-is/.design/05-outline-review.v1.md	1237	1788505879	2f1f5960bc5f6633e712809ce37898f0f0c7abce7c0a0a030adc4b01d0fe01a8	ignored
notes/rewrite/fork-syscall-rewrite/08-stage-is/.design/05-outline.v1.md	2954	1788505847	c73532ad02133a9d3d0bc22522733ed64bb7cb75fb9c87052995f5b049c0ee2a	ignored
notes/rewrite/fork-syscall-rewrite/08-stage-is/.design/06-design.v1.md	1868	1788506305	4e82cba624a02e0599789e8634aab92ae24223a2dd0055207fd56ae0b3564f90	ignored
notes/rewrite/fork-syscall-rewrite/08-stage-is/.design/06-outline-review.v1.md	803	1788506212	603a797eadef10d24486645f8653df43b286f2a0b9169062fb40c922b055179d	ignored
notes/rewrite/fork-syscall-rewrite/08-stage-is/.design/06-outline.v1.md	2245	1788506212	3e9628d65399a583d24630a5929cafe4843ffe59c20fdd447a0d8004b482629f	ignored
notes/rewrite/fork-syscall-rewrite/08-stage-is/.design/07-design.v1.md	2682	1788506431	1bca97c7a530396608992061abb65bef18a8e656c48b37f2bb5869f17eaf16b1	ignored
notes/rewrite/fork-syscall-rewrite/08-stage-is/.design/07-outline-review.v1.md	825	1788506431	9b01f46d03ca9d9239cc9d3c618e5e3d2b30459f637e5129628a873412ee4180	ignored
notes/rewrite/fork-syscall-rewrite/08-stage-is/.design/07-outline.v1.md	2242	1788506431	7de7edc6ed09ab5949c4a750db8b9903a23c04d130955efea5b1e5382d25ae9c	ignored
notes/rewrite/fork-syscall-rewrite/08-stage-is/.design/08-design.v1.md	1385	1788506621	5688c1709be792c34c66c0413c359836d450f7548d7b8e6919d821979a65b6b6	ignored
notes/rewrite/fork-syscall-rewrite/08-stage-is/.design/08-outline-review.v1.md	738	1788506621	a577585609b82cf0546f487b2853f0c814b5904ae925d354ee57ada205ed217b	ignored
notes/rewrite/fork-syscall-rewrite/08-stage-is/.design/08-outline.v1.md	1932	1788506621	daa6e2fe56aba40cdeb310b5958f8cc92b761c92fad99368514c1c6f6457cbb8	ignored
notes/rewrite/fork-syscall-rewrite/08-stage-is/.design/09-design.v1.md	1691	1788506922	9f509e190d2bb57d191f103321b203050a4f808388c0d3a00f2c3619f8d1b706	ignored
notes/rewrite/fork-syscall-rewrite/08-stage-is/.design/09-outline-review.v1.md	884	1788506922	8716c6bfe5120d5964c338d278b3731b8bb177b26b188b5d26de878b6967f4c1	ignored
notes/rewrite/fork-syscall-rewrite/08-stage-is/.design/09-outline.v1.md	2269	1788506922	5dee2037a4af3f1398f6a637effd60e909797aa021c66a3cbb716ecfc2dcd46b	ignored
notes/rewrite/fork-syscall-rewrite/08-stage-is/.design/10-design.v1.md	1894	1788507112	1a623076ea40f5271b4fd8b07a8c480e7702140b6efa5f8bf0fad2bff3985610	ignored
notes/rewrite/fork-syscall-rewrite/08-stage-is/.design/10-outline-review.v1.md	885	1788507112	6d751fb4534899df385552f393a75465fba0084d34896c53ff2bf8df7da86130	ignored
notes/rewrite/fork-syscall-rewrite/08-stage-is/.design/10-outline.v1.md	2274	1788507112	08895841b010e3369e84c7e00830804d9cff6a89c7e9998c22cc8ba602e5549b	ignored
notes/rewrite/fork-syscall-rewrite/08-stage-is/.design/99-design.v1.md	569	1789410190	1ad8fad1709ca75b494acb5d8f4941e65aa867ccefe5e486591da6c53368df72	ignored
notes/rewrite/fork-syscall-rewrite/08-stage-is/.design/99-outline-review.v1.md	312	1789410190	60beea7c7c912fdd9e003cc712b932590b5fade9aec8eb0105fc1e5d0be653e6	ignored
notes/rewrite/fork-syscall-rewrite/08-stage-is/.design/99-outline.v1.md	548	1789410190	a89acd46baba80559991648321f70a5497358da9ac7db0855006b1cc2d2f0228	ignored
notes/rewrite/fork-syscall-rewrite/08-stage-is/draft/README.md	1408	1788333750	5ef6a904a05c3fa35f4a8e3d629c4d65d23bbd5c22284a46a042eddc4e1dbd26	tracked
notes/rewrite/fork-syscall-rewrite/08-stage-is/draft/tmp_dmp.c.md	14895	1786645398	a1cdec0a7a14ce06b43dee1576a3f74017f877f38c792c000ec7299a463db384	tracked
notes/rewrite/fork-syscall-rewrite/08-stage-is/draft/tmp_dmp_ds.c.md	3005	1786645398	7345ebd5e31a707fd9d57d3815956feb6c8b78c05d7e37e59e819c739c8efc19	tracked
notes/rewrite/fork-syscall-rewrite/08-stage-is/draft/tmp_dmp_fs.c.md	4350	1786645398	2b9adb868bf7fd9e96e71fc24c74e74bbde893056db87692b23f90e421844c35	tracked
notes/rewrite/fork-syscall-rewrite/08-stage-is/draft/tmp_dmp_kernel.c.md	19205	1786645398	4711b4d8ca648bcec23e04a2446d502da42008ee3655080262f0b8c8844f8250	tracked
notes/rewrite/fork-syscall-rewrite/08-stage-is/draft/tmp_dmp_pm.c.md	6440	1786645398	d7ee04b6a46871c71df232826e42da5a4f03fa23fd0d2dcd08ec152c5cb54e2e	tracked
notes/rewrite/fork-syscall-rewrite/08-stage-is/draft/tmp_dmp_rs.c.md	4125	1786645398	e3ee6dda02a4680f756c880e5bf06a46bd502b521c6018b0443b95d1787ea8dd	tracked
notes/rewrite/fork-syscall-rewrite/08-stage-is/draft/tmp_dmp_vm.c.md	5793	1786645398	9267653a72e89a0ba5b56b4a91f3dde7f32b301a19b13550b0e38dbfc5e1aeec	tracked
notes/rewrite/fork-syscall-rewrite/08-stage-is/draft/tmp_main.c.md	14407	1786645398	728537c3866b4c8fc704a0cdb8ed9153131ff513226203754ab60c0912e035a8	tracked
notes/rewrite/fork-syscall-rewrite/09-stage-init/00-init-overview.md	2142	1789741145	3d11d950bc345dbd0b73637528e62370d0d7698816863bad3712d4a883ed6311	tracked
notes/rewrite/fork-syscall-rewrite/09-stage-init/01-init-main-entry.md	18849	1789741145	563830d62f27d1f626a2993207650b3227687bdda57a4bcf420bc239baad5e36	tracked
notes/rewrite/fork-syscall-rewrite/09-stage-init/02-init-state-machine.md	13266	1789741145	c807dbf134a7ef0315622ac22976cd5dc73c9cce70214a2414de8ee23f4cdaf8	tracked
notes/rewrite/fork-syscall-rewrite/09-stage-init/03-init-logging-failure.md	7270	1789741145	5d81cae9e89d45221b8db076960c1578d9117546ff9697d35a52009fad52b9f0	tracked
notes/rewrite/fork-syscall-rewrite/09-stage-init/04-init-single-user.md	7877	1789741145	22fc2ddda3bf66cb9def1d9a5cad6aaf2b52a94bdbb246a1d22490b142e38f48	tracked
notes/rewrite/fork-syscall-rewrite/09-stage-init/05-init-runcom.md	6301	1789741145	1e67eb7e26a94d44fc78436c7d1588180ab85b40923bbe763c1689291476a7a0	tracked
notes/rewrite/fork-syscall-rewrite/09-stage-init/06-init-read-ttys.md	6059	1789741145	678475e08533fc1f41aecf13ccbd8bb729d378301d4ecb68b672392cf48a48ff	tracked
notes/rewrite/fork-syscall-rewrite/09-stage-init/07-init-session-model.md	4478	1789741145	e265baa401005d8c7c0e113ef22ca809ad3bf928ce6a81b755daabf836d4e31b	tracked
notes/rewrite/fork-syscall-rewrite/09-stage-init/08-init-session-db.md	4089	1789837115	16a34d737642d9d3d246120d8f0224c8eb11abb2e9fe0ba7d556c2c5e649d06d	tracked
notes/rewrite/fork-syscall-rewrite/09-stage-init/09-init-multi-user.md	4738	1789741145	32b7b99b9b8a974a503b575bb5a7a62f97e46c0b033cecefee727ec72cba1dc8	tracked
notes/rewrite/fork-syscall-rewrite/09-stage-init/10-init-clean-ttys.md	3457	1789741146	209d1d19f9c60dd96045935a0226f1c3b6b8045dcd107700f86453f4e39308b1	tracked
notes/rewrite/fork-syscall-rewrite/09-stage-init/11-init-shutdown.md	3312	1789741146	818f26317effc7c383b5fd0fd5f27e999ca22eeda70cbfd6350a72285d3ba049	tracked
notes/rewrite/fork-syscall-rewrite/09-stage-init/12-init-sysctl-interaction.md	3345	1789741146	d656ee33fd562507c335d702cc66b139f25b4659fa710f9be9c9447e30cc0eda	tracked
notes/rewrite/fork-syscall-rewrite/09-stage-init/13-init-utmp.md	4353	1789741146	e4ce5fa1b93ca605bbf8ac7c90e54231f16383450a6d7c5f5103781ee38c084b	tracked
notes/rewrite/fork-syscall-rewrite/09-stage-init/14-init-external-contracts.md	4959	1789741146	fccd00a68274f70f71c9b5399734fcf8eae978e55b3247b42afb8e0a10938aa6	tracked
notes/rewrite/fork-syscall-rewrite/09-stage-init/99-init-global-concepts.md	3141	1789741146	ba9da31a92bbe83f172b2c914210e5c53d62ac39ee30f48e02a50f683f340734	tracked
notes/rewrite/fork-syscall-rewrite/09-stage-init/README.md	2311	1789672074	d0ae16aa8ec583379345706e798cfc5bbb35cc4d702ec9994a58c53da9ab9087	tracked
notes/rewrite/fork-syscall-rewrite/09-stage-init/doc_rerank_HY4.md	103151	1789833529	1d17078c60058a59a9e27136e11a68499f2a87131fb0488d9d464512e8767219	tracked
notes/rewrite/fork-syscall-rewrite/09-stage-init/doc_rerank_deepseek.md	71346	1789834236	62bf20cccb122ecafa0494448da2fd4706d1050bc650ccf76a7014aa58a38467	tracked
notes/rewrite/fork-syscall-rewrite/09-stage-init/doc_rerank_glm.md	53573	1789772680	30059eb37809183e58d61f16abb9a8af154ce95f6744ad1334d4c6c24129fcc9	tracked
notes/rewrite/fork-syscall-rewrite/09-stage-init/doc_rerank_muse.md	72926	1789844743	0dbbe895ef53508cd3620cf1d420aa88bd8983b74362d35b7804f42b33e3899c	tracked
notes/rewrite/fork-syscall-rewrite/09-stage-init/doc_rerank_qwen.md	31596	1789826188	ca738ecf3b07625e02bc1498b6d9c4c581b884be900db6a4c0eb13b37ac833d5	tracked
notes/rewrite/fork-syscall-rewrite/09-stage-init/plan.md	32774	1791268698	74ec696929a1f085cd3199f8cc2dc30c231fe2e7e1ed9367139cd2ddcff243ec	tracked
notes/rewrite/fork-syscall-rewrite/09-stage-init/todo.md	10517	1789914403	6ab8eca7f99a29ac2b357c9010e3551b85ccb5d4e4031a2bb7f894c152db6949	tracked
notes/rewrite/fork-syscall-rewrite/09-stage-init/.design/00-design.v1.md	760	1789672047	45b9ee1240c67e9046cd2d2b5384bc7995a17b220220b1f1721613f34f2362b6	ignored
notes/rewrite/fork-syscall-rewrite/09-stage-init/.design/00-outline-review.v1.md	556	1789672047	77036fceedb65049857332f9e66f9c3f22041b0a5a8ab7506308b9c0aac5c114	ignored
notes/rewrite/fork-syscall-rewrite/09-stage-init/.design/00-outline.v1.md	973	1789672047	e08367f289599061b17f5d19b55bca361f4da8796aba26c826cc0d975fb0c577	ignored
notes/rewrite/fork-syscall-rewrite/09-stage-init/.design/01-design.v1.md	3271	1788508422	ca12eabb7353de4c3e4e1e96b9448d1634d337eaa4edd2b0ed99fcad3c986e9c	ignored
notes/rewrite/fork-syscall-rewrite/09-stage-init/.design/01-outline-review.v1.md	686	1788508410	69cdd482ac5cd7d181d05421ecf16a6f09b3232d79b1c114df1c0d448c2e4f6f	ignored
notes/rewrite/fork-syscall-rewrite/09-stage-init/.design/01-outline.v1.md	2113	1788508404	76daf1cf767bd6d9ca715b024a45101b2fb0959f75e31b805f39b602798e4c82	ignored
notes/rewrite/fork-syscall-rewrite/09-stage-init/.design/02-design.v1.md	2273	1788508669	b78cb36bf4e98135ecaeb9ee86b47b047d2d28fec5a3b3db900204e73e2e9050	ignored
notes/rewrite/fork-syscall-rewrite/09-stage-init/.design/02-outline-review.v1.md	369	1788508659	e9c381e66d94a3dfcc9de8d8a15e20a1d1d46289cc3a0b247979248a19cfb2db	ignored
notes/rewrite/fork-syscall-rewrite/09-stage-init/.design/02-outline.v1.md	1597	1788508655	c954f739171bd0b70f169b53e314bbd42d8fa442a00b59c6490eaf0910501736	ignored
notes/rewrite/fork-syscall-rewrite/09-stage-init/.design/03-design.v1.md	1303	1788508788	04ab0456da1801a11499c8f3b0bb8ed5f91921735ca65787f4c296df00ca69fd	ignored
notes/rewrite/fork-syscall-rewrite/09-stage-init/.design/03-outline-review.v1.md	290	1788508781	83be74bbfe3e28053b10720c235cd09396f6d0b89a18ddffeb295a343ba12bc0	ignored
notes/rewrite/fork-syscall-rewrite/09-stage-init/.design/03-outline.v1.md	601	1788508777	3d78914b60672c90762b49777e06604d265b511710dbc95248183114ec9530eb	ignored
notes/rewrite/fork-syscall-rewrite/09-stage-init/.design/04-design.v1.md	1524	1788508872	c08b4e6a3df83e9f51ed8b43cb245976b26b181ba533730530d8ce98866b8fd9	ignored
notes/rewrite/fork-syscall-rewrite/09-stage-init/.design/04-outline-review.v1.md	257	1788508863	2938708f551dd290b8539f794365c19715031634f4422180719500d6c789c7d6	ignored
notes/rewrite/fork-syscall-rewrite/09-stage-init/.design/04-outline.v1.md	612	1788508860	1e012aff3781dddf03c4b3dd8b34c527f47b167ed26e84c838a6863c7dc37dc7	ignored
notes/rewrite/fork-syscall-rewrite/09-stage-init/.design/05-design.v1.md	795	1788508940	963ef0cf9257ae76698060e7a298e0cf32d065272a689803cf788790bdcc6bb4	ignored
notes/rewrite/fork-syscall-rewrite/09-stage-init/.design/05-outline-review.v1.md	184	1788508934	407218f2b16c1f743512bc16013aa7b5d32842bde83dda1ff3edad5eeae6ad1d	ignored
notes/rewrite/fork-syscall-rewrite/09-stage-init/.design/05-outline.v1.md	509	1788508931	8d1f6b42b7d7ed1e93416c5975c1d0c6b4d554041d01b27829e9a167f3a071e2	ignored
notes/rewrite/fork-syscall-rewrite/09-stage-init/.design/06-design.v1.md	773	1788509014	31e3fc83be09cab5c9fc94974f2660a24c0174684ed84a3499bca30afc2ccb82	ignored
notes/rewrite/fork-syscall-rewrite/09-stage-init/.design/06-outline-review.v1.md	187	1788509009	8416af7ca4d338f64a64560690432339de8ded42defda83b2efd64f368ae71c6	ignored
notes/rewrite/fork-syscall-rewrite/09-stage-init/.design/06-outline.v1.md	564	1788509006	48b679930c0709fe8b0fbf3c2b447feef27c5e7306943d04d3395658bdeed6a5	ignored
notes/rewrite/fork-syscall-rewrite/09-stage-init/.design/07-design.v1.md	1081	1788509109	c4ecef6101bb4e1457d3d4192cd4e3f45b4c0937c4e003beb66010961bdf370c	ignored
notes/rewrite/fork-syscall-rewrite/09-stage-init/.design/07-outline-review.v1.md	196	1788509102	2366149e025c6e2415eb397e428b0f86189e03f232aea859bd8c75a03c44055d	ignored
notes/rewrite/fork-syscall-rewrite/09-stage-init/.design/07-outline.v1.md	468	1788509099	a0eb1b2113d9533fdb8ed352a0c4008e3be477424fa5ea4a56e21562f9eb5439	ignored
notes/rewrite/fork-syscall-rewrite/09-stage-init/.design/08-design.v1.md	575	1788509175	90ea34d87c25b71f3ceca4cc4710e2be98004c648954ab6fcda3fde65ffb2d5d	ignored
notes/rewrite/fork-syscall-rewrite/09-stage-init/.design/08-outline-review.v1.md	161	1788509171	b47e11a019d40c32741e3e85f3d3e1c2a7ad16972aab86f3d3d3b066954ec6d6	ignored
notes/rewrite/fork-syscall-rewrite/09-stage-init/.design/08-outline.v1.md	406	1788509167	088bdc9548a627b957a1cbc9df39f46434d7f745178065389e8b18cef91deca2	ignored
notes/rewrite/fork-syscall-rewrite/09-stage-init/.design/09-design.v1.md	720	1788509235	15ba54cfc3d1a2cf202e9e257f425af0020c7f3782b632687f0fd210721363bb	ignored
notes/rewrite/fork-syscall-rewrite/09-stage-init/.design/09-outline-review.v1.md	164	1788509231	20d6edbe8d7854d5e2a91fb3d4b77870c35cbf3a99c149d03218d10d34cb5dd4	ignored
notes/rewrite/fork-syscall-rewrite/09-stage-init/.design/09-outline.v1.md	441	1788509227	8794cdf60d923de95be9cee08d983118a9dc538572b48488674e0a54fe4da194	ignored
notes/rewrite/fork-syscall-rewrite/09-stage-init/.design/10-design.v1.md	367	1788509292	40c8392c5b0574290a31609596027b7cfa4c8712ab41508791bbb962ee254581	ignored
notes/rewrite/fork-syscall-rewrite/09-stage-init/.design/10-outline-review.v1.md	154	1788509288	764b4233dfff1a066c087459d8482e6510de2a90594688cfca30a204b4b5a845	ignored
notes/rewrite/fork-syscall-rewrite/09-stage-init/.design/10-outline.v1.md	301	1788509284	9fcbb6edea468a3346e4c9dfabfb5412b9d7eba36f8ab0886a82fe69c084a23a	ignored
notes/rewrite/fork-syscall-rewrite/09-stage-init/.design/11-design.v1.md	557	1788509350	bcc0d2a608d86cae31098521c93fd1a1ef13eb397e2a713e62f474b59ea56d76	ignored
notes/rewrite/fork-syscall-rewrite/09-stage-init/.design/11-outline-review.v1.md	157	1788509346	f551580c3ff07ec8aeb93f50339fc0146d2921e20a277cdbea20a402eaa5e5b4	ignored
notes/rewrite/fork-syscall-rewrite/09-stage-init/.design/11-outline.v1.md	332	1788509342	df2ff651a78ee2eb4eb7a4e22b1df25cb647da1e296e17233a98810be76fddfd	ignored
notes/rewrite/fork-syscall-rewrite/09-stage-init/.design/12-design.v1.md	632	1788509411	f48abadf2eaca6265aac7f4a6c22561c3ca288ffbdd4b6fc26f6dab54e74b286	ignored
notes/rewrite/fork-syscall-rewrite/09-stage-init/.design/12-outline-review.v1.md	157	1788509406	74f677bfc1c70e8c38b1513fbf3cc45f8e44337a48af6cbca425cc3fc8d83042	ignored
notes/rewrite/fork-syscall-rewrite/09-stage-init/.design/12-outline.v1.md	356	1788509402	77369bbf6149062ad27f655a50730184642fa213b0909c095cf05b71949708fa	ignored
notes/rewrite/fork-syscall-rewrite/09-stage-init/.design/13-design.v1.md	636	1788509486	1275156ccc2924be46a02ed1a8352565666d2e951ac3d40480b8ae092e6dc74b	ignored
notes/rewrite/fork-syscall-rewrite/09-stage-init/.design/13-outline-review.v1.md	142	1788509481	f33b1711546b03c0d3c1b39c82644b5641f641f4c13bea9cba97b08d645e65d9	ignored
notes/rewrite/fork-syscall-rewrite/09-stage-init/.design/13-outline.v1.md	384	1788509478	5f72806bd1699463ae04e489e3fe780cbc32ea89fa7abd84d1c274e6fa0b4d9b	ignored
notes/rewrite/fork-syscall-rewrite/09-stage-init/.design/14-design.v1.md	491	1788509550	d93164634c6996b0c8684a3646f6e92c393c6c7ee535ca0d991f93c1af801ec9	ignored
notes/rewrite/fork-syscall-rewrite/09-stage-init/.design/14-outline-review.v1.md	164	1788509546	9ffa6b26f63a7382572e65dcdae0e0744aed157cb3a19213789692eb5246db44	ignored
notes/rewrite/fork-syscall-rewrite/09-stage-init/.design/14-outline.v1.md	360	1788509542	a590f5be5743659d6b7bea28b50b64de92fac9df3b1aeb255d45a52901d4f7c2	ignored
notes/rewrite/fork-syscall-rewrite/09-stage-init/.design/99-design.v1.md	1085	1789672047	2342e57b520698dfd9d5e13ee2a58756989a5d212be6050c40be01b56bcea300	ignored
notes/rewrite/fork-syscall-rewrite/09-stage-init/.design/99-outline-review.v1.md	557	1789672047	210aadb37d171cc1d2bedd4ed9e1aff4a9bb2443e24150a6a0a40ef184ecdf8f	ignored
notes/rewrite/fork-syscall-rewrite/09-stage-init/.design/99-outline.v1.md	821	1789672047	c4c0063f14050c8451d4a039301649fed49f6ebdaa7d906028211f6f83099dcc	ignored
notes/rewrite/fork-syscall-rewrite/09-stage-init/archive/todo-V1-archive-2026-09-18.md	7533	1789671456	da6d37594ce14ef637bc6f9fb18d1c32e9a28c600fa704d8ef1ed8855efd1758	tracked
notes/rewrite/fork-syscall-rewrite/09-stage-init/draft/README.md	1736	1788333750	c70523038a1131db778eb862b7275a730176acfaf5bff0ac6e4efc7be486967e	tracked
notes/rewrite/fork-syscall-rewrite/10-stage-mib/00-mib-overview.md	9171	1789741146	3b468c206db66358b7883277ae3568d80d896246f836a0028f254b7f816364fb	tracked
notes/rewrite/fork-syscall-rewrite/10-stage-mib/01-mib-init-main.md	23082	1789939807	b192dcc64d323f03fada3a8a852eeeceaee07ac0b7243108734217914f20f93f	tracked
notes/rewrite/fork-syscall-rewrite/10-stage-mib/02-mib-message-contract.md	26016	1789939807	1024d074dbd4787a91519a4a9c0199516774a4f828171a14e5856612a9b4826f	tracked
notes/rewrite/fork-syscall-rewrite/10-stage-mib/03-mib-node-model.md	18669	1789741146	2cf4a96bd45920ff34d6105e899ca3b152a749f334df1da26db0e826ab213dfb	tracked
notes/rewrite/fork-syscall-rewrite/10-stage-mib/04-mib-static-tree-init.md	11876	1789741146	ced0b33bd7a7b20903005710534b1665e96aadf176e20d7e78a18c006ef422d7	tracked
notes/rewrite/fork-syscall-rewrite/10-stage-mib/05-mib-tree-lookup.md	7469	1789741146	b95e23522ec5529117555b7f5cf88b8da1ddb80dbb3105431173e2def1854dda	tracked
notes/rewrite/fork-syscall-rewrite/10-stage-mib/06-mib-copy-io.md	13424	1789741146	e82c6fbfacfb7dec8c2201c086f75ff5eb50d12a8f99ab10003cb3e6649c3dc8	tracked
notes/rewrite/fork-syscall-rewrite/10-stage-mib/07-mib-auth-model.md	10101	1789741146	44d245bdb94a6d231a81209c68c00d0d716446caabbf2ae3aa44f50fd77e520e	tracked
notes/rewrite/fork-syscall-rewrite/10-stage-mib/08-mib-dynamic-nodes.md	14139	1789741146	4f9622d9953e12d8589453e9dceb7d40924b9ceb7149b93287bdc6012ecf3c5c	tracked
notes/rewrite/fork-syscall-rewrite/10-stage-mib/09-mib-data-access.md	10478	1789741146	d3afeb9335ed3d40eb39bed9cc9cf5263d0d881554dae9a53049be4f095005d1	tracked
notes/rewrite/fork-syscall-rewrite/10-stage-mib/10-mib-dispatch.md	12917	1789741146	800c712171513bb680105baeb5f3658085edc5ddf01ce76a71aa7e8bb03b6d85	tracked
notes/rewrite/fork-syscall-rewrite/10-stage-mib/11-mib-query-describe.md	12467	1789741146	2538e2507b5101d3d5ac6b702563c77249316626f40ca9c03d06fe8bfac7bf3a	tracked
notes/rewrite/fork-syscall-rewrite/10-stage-mib/12-mib-remote-subtrees.md	16547	1789741146	8c157de2a7958c0ca73771c422730637c668614e67fdbbe9ecac7e6ac065fc59	tracked
notes/rewrite/fork-syscall-rewrite/10-stage-mib/13-mib-subtree-kern.md	22423	1789741146	b1d502dbb24dcd385a8fa25ee4c68373bf31548801303096152a6b8966a60f03	tracked
notes/rewrite/fork-syscall-rewrite/10-stage-mib/14-mib-subtree-vm-hw.md	15841	1789741146	39caf376701e82799c7b89c7db757961e78d79b1d0cf847dfe6939f1dfc300a1	tracked
notes/rewrite/fork-syscall-rewrite/10-stage-mib/15-mib-subtree-minix.md	14177	1789741146	4f99a59995a2a7aa23d1f854e6526b600eb07f7038c65d1a3bd62377aec29715	tracked
notes/rewrite/fork-syscall-rewrite/10-stage-mib/16-mib-proc-tables.md	13600	1789741146	de9c40ff43c1532f94e33fef2f114034feebc947820cf5c15d36c9bcfcf6e3c6	tracked
notes/rewrite/fork-syscall-rewrite/10-stage-mib/17-mib-proc-lwp.md	20054	1789741146	b139d9b37b6c806d1d80c5b3c7e37d6e4f0ce217ee0f0561a4e8aadc177765e2	tracked
notes/rewrite/fork-syscall-rewrite/10-stage-mib/18-mib-proc2.md	15803	1789741146	f4261d337d7749b1a3c768abe1105cb5d07dcd878cf0678da2fcf4794e43981f	tracked
notes/rewrite/fork-syscall-rewrite/10-stage-mib/19-mib-proc-args.md	11892	1789741146	b9fea6e1d571fc2703acd54013c5c69330c7ae557da3282232eba2a25ef4e39f	tracked
notes/rewrite/fork-syscall-rewrite/10-stage-mib/20-mib-minix-proc.md	10918	1789741146	7bdbd62ceef07cf2523bc4a25b272ef586d8ea0a696ae82d5847d57790ba92c9	tracked
notes/rewrite/fork-syscall-rewrite/10-stage-mib/21-mib-client-libc.md	8320	1789741146	a0c7fe9a798cfa2310b6496750f6fc648004dc97811d6d3f9b671de200471163	tracked
notes/rewrite/fork-syscall-rewrite/10-stage-mib/22-mib-rmib-client.md	11293	1789741146	bf2d487f031f734eb3c1f1fd2bece1db86aad4a0da329f26d6dabf4a978cff3d	tracked
notes/rewrite/fork-syscall-rewrite/10-stage-mib/99-mib-global-concepts.md	6062	1789939807	3bee1695f4d03876ee188692ef1b890a0efa6346b1d3c63f62e65839c5dc040b	tracked
notes/rewrite/fork-syscall-rewrite/10-stage-mib/README.md	3625	1789418808	44c046f818e938f9a7b1a2dcf752d010c388b987e3bd2b5ac77d17caf60f1276	tracked
notes/rewrite/fork-syscall-rewrite/10-stage-mib/doc_rerank_deepseek.md	123629	1789835857	f0d1e090e586a9b13ac91085811521296e37a16d932380b9c187bda32f9469b5	tracked
notes/rewrite/fork-syscall-rewrite/10-stage-mib/doc_rerank_glm.md	116061	1789773478	fbe1376aa06ff02b9d27012ecb0fa3a7666556c049d7208090ed46faa4c22c6f	tracked
notes/rewrite/fork-syscall-rewrite/10-stage-mib/doc_rerank_hy4.md	129789	1789833297	4580a4d67c32d78a65108b5d30a8a3165f47ec9f76e7c91d5c2997583b42afc1	tracked
notes/rewrite/fork-syscall-rewrite/10-stage-mib/doc_rerank_muse.md	82066	1789845192	901cc434fd81ab364d40fdf7ec3b23deb86f17f1bc1b747491b3a65e3d8f284e	tracked
notes/rewrite/fork-syscall-rewrite/10-stage-mib/doc_rerank_qwen.md	33701	1789826216	023c2cb1028e5aef552252382afc1c88e82eb89b8c472d2d41db71c931fd8874	tracked
notes/rewrite/fork-syscall-rewrite/10-stage-mib/plan.md	47723	1789420949	1ab90ac6308bd85cbf34e412a66b806ea2b77dc89c8f25989f62de21057444b6	tracked
notes/rewrite/fork-syscall-rewrite/10-stage-mib/todo.md	48205	1789469791	08e9fad29fd26b36825578b80b01600149da6506ef2692358575eba11fb2ec89	tracked
notes/rewrite/fork-syscall-rewrite/10-stage-mib/.design/01-design.v1.md	2175	1788510571	60ddcdc7dc2b26fcb3353a6ced5ccb7616e01c923be023578eb5fa30c0d1b7e0	ignored
notes/rewrite/fork-syscall-rewrite/10-stage-mib/.design/01-outline-review.v1.md	1301	1788510571	7fec37296babf6ba69aa7594dc5496ae9bdb62b2ac49a1a6e51a9cd8acfaec85	ignored
notes/rewrite/fork-syscall-rewrite/10-stage-mib/.design/01-outline.v1.md	1740	1788510571	c05ff1b946efd2ea731f17431e39c0b2229f91bc0effb4f2c3a7e4e80c9b30c5	ignored
notes/rewrite/fork-syscall-rewrite/10-stage-mib/.design/02-design.v1.md	2475	1788515487	f990fcb52739047b45e35665ad43bb37da9964216e3c1ff0e23ab018fd58a51e	ignored
notes/rewrite/fork-syscall-rewrite/10-stage-mib/.design/02-outline-review.v1.md	1084	1788515487	d2f8e7bce7f0d9fe07dd8b9ced3a920023c9809897d294fe2095e25d1036a737	ignored
notes/rewrite/fork-syscall-rewrite/10-stage-mib/.design/02-outline.v1.md	1677	1788515487	12f2cb6c0a32ac0446795e4def264edb01eb9d19e4693f02d2648c17f5c5cac1	ignored
notes/rewrite/fork-syscall-rewrite/10-stage-mib/.design/03-design.v1.md	1573	1788517965	b5d62ae1042ceacccbc5534f91f7497091b8a73be55e5ec73335fcab42926e00	ignored
notes/rewrite/fork-syscall-rewrite/10-stage-mib/.design/03-outline-review.v1.md	949	1788515839	6d7aee108a187d3479dfb50b4323cdb330c7bf7677793ed8c496720e483751ca	ignored
notes/rewrite/fork-syscall-rewrite/10-stage-mib/.design/03-outline.v1.md	1274	1788515839	e0dda8e41e2bb68b902fbca3c6ecd979f474b7c411db6111833e5cace05f61ce	ignored
notes/rewrite/fork-syscall-rewrite/10-stage-mib/.design/04-design.v1.md	1141	1788518478	f5a27360f17d1942d63b967ec9cfedadebf0c7aec804609ce1ed91f65cc73d77	ignored
notes/rewrite/fork-syscall-rewrite/10-stage-mib/.design/04-outline-review.v1.md	800	1788518478	e6baf8b2e701c1f27dd1c66c69befd14e938d13dd5484734c51dce667b031062	ignored
notes/rewrite/fork-syscall-rewrite/10-stage-mib/.design/04-outline.v1.md	958	1788518478	e882f4a652bb2ab896a02f3b44e0675421f515807604cfca849f958532f68db7	ignored
notes/rewrite/fork-syscall-rewrite/10-stage-mib/.design/05-design.v1.md	874	1788518628	003411059f85884bacbb9db2d2773192d2e7a2178e95764509efa11a6e9d3486	ignored
notes/rewrite/fork-syscall-rewrite/10-stage-mib/.design/05-outline-review.v1.md	699	1788518628	5ce30562bede22d31a698da01cfdb1369c82a845793b2c0c1601a03e4f1da64a	ignored
notes/rewrite/fork-syscall-rewrite/10-stage-mib/.design/05-outline.v1.md	815	1788518628	2405eb8f43f5066c4956cb72cdd792c2625bf719f56856d4550b307b9ea25aad	ignored
notes/rewrite/fork-syscall-rewrite/10-stage-mib/.design/06-design.v1.md	1311	1788518846	ac4b8e2b156dd63250b2a02ec45e6aa693bf3f634f822352340e0ee8eba2216f	ignored
notes/rewrite/fork-syscall-rewrite/10-stage-mib/.design/06-outline-review.v1.md	751	1788518846	5c148bb62b434c3260440f60a0e275a97339f931a3b94893128b7cbfbab71cc4	ignored
notes/rewrite/fork-syscall-rewrite/10-stage-mib/.design/06-outline.v1.md	918	1788518846	e28c71919613012e3d677e6401dff6da063c6a812deadb7d31e1cf98ce5094a4	ignored
notes/rewrite/fork-syscall-rewrite/10-stage-mib/.design/07-design.v1.md	914	1788518998	8b1066487035f719eb675c88abe64d2defa960e9ea431465edcba2afed3d330e	ignored
notes/rewrite/fork-syscall-rewrite/10-stage-mib/.design/07-outline-review.v1.md	571	1788518998	d07f43719ae6a7b79741e3df07d5b650a860c8eb82626e372ab88cc71d6b0fc5	ignored
notes/rewrite/fork-syscall-rewrite/10-stage-mib/.design/07-outline.v1.md	869	1788518998	931de4799b6ca039207d50b51ff23faec1f8996a1fb7998053f7d4c504ba6c55	ignored
notes/rewrite/fork-syscall-rewrite/10-stage-mib/.design/08-design.v1.md	1243	1788519354	c57f5d6bd9a6c983926d9e6db8b75e86c1fea9b0116b08bc11b030edc2ff4c3c	ignored
notes/rewrite/fork-syscall-rewrite/10-stage-mib/.design/08-outline-review.v1.md	712	1788519353	319b183c77862cd9ac43dfbca1186d93a33a98bc0c67afe6388a4d0bee0889fa	ignored
notes/rewrite/fork-syscall-rewrite/10-stage-mib/.design/08-outline.v1.md	849	1788519353	78764a78c8b01f1426f55fc7d6e69f2ac073b5fe8d47fca43c834c3111a0c41c	ignored
notes/rewrite/fork-syscall-rewrite/10-stage-mib/.design/09-design.v1.md	1151	1788519603	ad6a6cbc66f788b31ea7b3acba420d907cc5b7ba662e0c0a56454711d489203d	ignored
notes/rewrite/fork-syscall-rewrite/10-stage-mib/.design/09-outline-review.v1.md	569	1788519603	50b33195e6a5fe664ca2b833f9ec0c00b7d7c214a0af0c75f1e9229c6b7434e9	ignored
notes/rewrite/fork-syscall-rewrite/10-stage-mib/.design/09-outline.v1.md	822	1788519603	8b717b8c99b1eb1ce430edf60aa3250056f27ae28be900b60155aa6f6dfaf726	ignored
notes/rewrite/fork-syscall-rewrite/10-stage-mib/.design/10-design.v1.md	1071	1788519901	fbb410d09718a25de576ed5c44ee03802e827f96aff910c1b7dc86ecc93bc08d	ignored
notes/rewrite/fork-syscall-rewrite/10-stage-mib/.design/10-outline-review.v1.md	712	1788519901	1637e3c4e2d6d03575930bbc318e9d4b00478db82b2a08d32e0dd6ef060beaca	ignored
notes/rewrite/fork-syscall-rewrite/10-stage-mib/.design/10-outline.v1.md	926	1788519901	60123932a431133c8927f82cc2fb04d682930b803d4ea00dd57d99e5473e17b9	ignored
notes/rewrite/fork-syscall-rewrite/10-stage-mib/.design/11-design.v1.md	1359	1788521708	ea96a7b0ab1ada7a868ab0cd08e7a5d2270a58eeb1fc19f6e1c2d93bb21500ea	ignored
notes/rewrite/fork-syscall-rewrite/10-stage-mib/.design/11-outline-review.v1.md	595	1788521708	a81ad93943a70785d4fb2c78b92c0bdac1eea2e7bfe4287cc36bb2ba8d7246e1	ignored
notes/rewrite/fork-syscall-rewrite/10-stage-mib/.design/11-outline.v1.md	909	1788521708	a7d2433ec9dd3a4e8168e7e943795b723aacd964f23be7069c2b8f4c60db239e	ignored
notes/rewrite/fork-syscall-rewrite/10-stage-mib/.design/12-design.v1.md	1632	1788522364	21aec1f9f5e20cf50b5150df45ded4d1568fc03116a1c103c82bcf31b359eca7	ignored
notes/rewrite/fork-syscall-rewrite/10-stage-mib/.design/12-outline-review.v1.md	827	1788522364	12f0cdc34598478abb94317b6f9b6dac5095851efac03f45d7b419235fa04dff	ignored
notes/rewrite/fork-syscall-rewrite/10-stage-mib/.design/12-outline.v1.md	981	1788522364	038d6720658e10b483941e7252cb48c0be6c6af379173d3a7303a0ba4a80be38	ignored
notes/rewrite/fork-syscall-rewrite/10-stage-mib/.design/13-design.v1.md	1374	1788522806	f38163d98675dfe330d3a767f3d1d73b70306327dd6971d99d576b4956e0cc3e	ignored
notes/rewrite/fork-syscall-rewrite/10-stage-mib/.design/13-design.v2.md	2016	1788543607	44226513d89693832cf28b14f9b35ef882a4ae81870fdc0f6d90e00bff8cc2b1	ignored
notes/rewrite/fork-syscall-rewrite/10-stage-mib/.design/13-design.v3.md	671	1788543643	597d4f6b569af14f9110694caac71966eafc4792261df5d01a526f7b39440752	ignored
notes/rewrite/fork-syscall-rewrite/10-stage-mib/.design/13-outline-review.v1.md	654	1788522806	6ff4d0d1775c5061578a47b4d9cb74c725357f9efca8d3d769873e8594e55511	ignored
notes/rewrite/fork-syscall-rewrite/10-stage-mib/.design/13-outline-review.v2.md	815	1788543607	c8de0266a78bd0f33b49aacf5eecf7c98a1ea5160170a20a7dc615b47080aed9	ignored
notes/rewrite/fork-syscall-rewrite/10-stage-mib/.design/13-outline-review.v3.md	538	1788543643	13ca6dfcd70ba7c8911948a5f4faece2a2fa3a5cab04caaba58f418cb65acf72	ignored
notes/rewrite/fork-syscall-rewrite/10-stage-mib/.design/13-outline.v1.md	868	1788522806	872bc4d4248be2ff024ffbb712b9dd03d1e2dc9c78ccaed85a068b9b4d4b2169	ignored
notes/rewrite/fork-syscall-rewrite/10-stage-mib/.design/13-outline.v2.md	2317	1788543607	82a43f26ba650413ff295796b7be486056fb7410f7c16a6984ead9c0771c20e4	ignored
notes/rewrite/fork-syscall-rewrite/10-stage-mib/.design/13-outline.v3.md	1655	1788543643	e9777a44a16e129b1c6bc3c21e3c3953dc647dc7e66cd70c0760633903f2ee4e	ignored
notes/rewrite/fork-syscall-rewrite/10-stage-mib/.design/14-design.v1.md	963	1788523631	88665eefbd0ab0f6b2130f5466875ee1e034d187ec1d956b4ef34993d744a500	ignored
notes/rewrite/fork-syscall-rewrite/10-stage-mib/.design/14-design.v2.md	1755	1788543607	f39a6a8faf03a0d8d325f1c470ce6bca50d01720b3cb4d10961c1f1ffa7a7c55	ignored
notes/rewrite/fork-syscall-rewrite/10-stage-mib/.design/14-design.v3.md	599	1788543653	984a0277ded5c5f86b73066057a94087d30dafb1e487266d9781fc767a761fd1	ignored
notes/rewrite/fork-syscall-rewrite/10-stage-mib/.design/14-outline-review.v1.md	547	1788523631	145e99486e130b1adc4d5fc6209257c0da40229910c22982a719f7b5da9d7fcd	ignored
notes/rewrite/fork-syscall-rewrite/10-stage-mib/.design/14-outline-review.v2.md	669	1788543607	cc1a2b112959fed6c8ecb4beadbe9d44fc3da75033a65e9a85620f03ccae7c69	ignored
notes/rewrite/fork-syscall-rewrite/10-stage-mib/.design/14-outline-review.v3.md	542	1788543653	5a0bca9d8d5e519b5373ad286c32fe60813c927438eb8f1419f62f84dc729801	ignored
notes/rewrite/fork-syscall-rewrite/10-stage-mib/.design/14-outline.v1.md	854	1788523631	7c266325e97fae08f8267500936c84f6b2087c23b791b8dec714b00c97ecf6c9	ignored
notes/rewrite/fork-syscall-rewrite/10-stage-mib/.design/14-outline.v2.md	2233	1788543607	63b399841aa2151a1b74851c841d4bb30b9694d051786117a8a593635cb5f3ee	ignored
notes/rewrite/fork-syscall-rewrite/10-stage-mib/.design/14-outline.v3.md	1456	1788543653	cc41b6f07e9a9566f7e7466972d63ff936e08ba0e1770fcbc1fd85c6efa14c99	ignored
notes/rewrite/fork-syscall-rewrite/10-stage-mib/.design/15-design.v1.md	1033	1788523944	00b578dee6d48899feb2d592b0f4eb7d293fd00fbc5d42a4b4e80713ccae420a	ignored
notes/rewrite/fork-syscall-rewrite/10-stage-mib/.design/15-design.v2.md	1376	1788543607	704a64fe48bc9df9f8aef61e4d40a2e575b00a05993d890d6ff326c23855e6f6	ignored
notes/rewrite/fork-syscall-rewrite/10-stage-mib/.design/15-design.v3.md	635	1788543663	0914d85302050a10e04140e2628bac47a66df1c5f6945de0feb72fbd6c86be39	ignored
notes/rewrite/fork-syscall-rewrite/10-stage-mib/.design/15-outline-review.v1.md	499	1788523944	fb7c0322498db2c607085e39f7768b606bdebc0ebb62a91abcae4647ef89f72b	ignored
notes/rewrite/fork-syscall-rewrite/10-stage-mib/.design/15-outline-review.v2.md	684	1788543607	b1c702c26f072d33369af605545e4fa4cb16e9eaf10612984ef04baed83b2e79	ignored
notes/rewrite/fork-syscall-rewrite/10-stage-mib/.design/15-outline-review.v3.md	524	1788543663	a04e86e26d1b0ee0f368a44f308a99b96ebe79da233ccf9203ccacb11d10388d	ignored
notes/rewrite/fork-syscall-rewrite/10-stage-mib/.design/15-outline.v1.md	747	1788523944	8a8924b774eef47c46efba199792cef7e53d3c4e1e1eaf847b1cd33b40d13111	ignored
notes/rewrite/fork-syscall-rewrite/10-stage-mib/.design/15-outline.v2.md	1753	1788543607	09cbdd503f0d5a75b6bb5d14a30cf952de7fb061bcb02d180b268124fed51bd5	ignored
notes/rewrite/fork-syscall-rewrite/10-stage-mib/.design/15-outline.v3.md	1542	1788543663	4a840262640ebd8969b2cbc1a8bde715931c633659d592ac808a5df568c3bcfe	ignored
notes/rewrite/fork-syscall-rewrite/10-stage-mib/.design/16-design.v1.md	996	1788524410	765d96e78f7f3b16b8a352ff29521b4c25d873c00a4059f5d74c177332837754	ignored
notes/rewrite/fork-syscall-rewrite/10-stage-mib/.design/16-design.v2.md	1455	1788543441	7dd855f01a1174384bad2559fb566848a30e23cbcaa359bc19ba7c14629df157	ignored
notes/rewrite/fork-syscall-rewrite/10-stage-mib/.design/16-outline-review.v1.md	500	1788524410	c3da5c47a610d557696f38fa435c5c1548efe2e2f36a043dca9a46dccebbf52d	ignored
notes/rewrite/fork-syscall-rewrite/10-stage-mib/.design/16-outline-review.v2.md	673	1788543441	06aeeb2fc5cd3fb48c45c10bd88933a94eaaf64b6a61aba852892fda1555de12	ignored
notes/rewrite/fork-syscall-rewrite/10-stage-mib/.design/16-outline.v1.md	799	1788524410	b489c9397e006f67dd2403c6b3a404a7be819ceb9d5452b02b596ec56c1b5df8	ignored
notes/rewrite/fork-syscall-rewrite/10-stage-mib/.design/16-outline.v2.md	1931	1788543441	9f4cb6fca2f74a42e54adb563783187875bd76a94c0ef774a1e19b4761924f6d	ignored
notes/rewrite/fork-syscall-rewrite/10-stage-mib/.design/17-design.v1.md	2661	1788526890	84d96588df826ba6b3fae2617c7a46f877593ebe302cb099292d30e138a35dad	ignored
notes/rewrite/fork-syscall-rewrite/10-stage-mib/.design/17-design.v2.md	1678	1788543457	2044ce194f41fac820e92cdeb43bb359a5bb7971367650ba043d5a849049609b	ignored
notes/rewrite/fork-syscall-rewrite/10-stage-mib/.design/17-outline-review.v1.md	697	1788526890	9b93b2a379239ec1406286bb6753e43c210e16afd55904ca776b0a2d1993d210	ignored
notes/rewrite/fork-syscall-rewrite/10-stage-mib/.design/17-outline-review.v2.md	596	1788543457	d86d3221ecee76e4d499d9fcc2cf547597e060d1d05e53cb29b75a303e55fa48	ignored
notes/rewrite/fork-syscall-rewrite/10-stage-mib/.design/17-outline.v1.md	2481	1788526890	1ed32dc2dfbcbcd5335c2c6da71c544bf521ddfd589541713950749c70cb1ebb	ignored
notes/rewrite/fork-syscall-rewrite/10-stage-mib/.design/17-outline.v2.md	2089	1788543457	eb38e2bf62acf40f60c49b4a6c3f2384df0f920934ffeda500b8e4e58047f0ca	ignored
notes/rewrite/fork-syscall-rewrite/10-stage-mib/.design/18-design.v1.md	1851	1788543482	929bd4c75633888d6355c3825e146c6a4093f993e1f9339f07fe43bd3af05d37	ignored
notes/rewrite/fork-syscall-rewrite/10-stage-mib/.design/18-outline-review.v1.md	566	1788543482	3a5f2be4fd21729be05a9682fbbd8a49759716179757c1705afb53b64315a92b	ignored
notes/rewrite/fork-syscall-rewrite/10-stage-mib/.design/18-outline.v1.md	1765	1788543482	5576031571f9d560bcb4e8ed799f35d9340e9adc3f80b595f9b0ace66963fb5a	ignored
notes/rewrite/fork-syscall-rewrite/10-stage-mib/.design/19-design.v1.md	1731	1788544819	5d6f806f80b28d11c0c55c02c3c91533cae9e007929ed82507a0ae908f97c086	ignored
notes/rewrite/fork-syscall-rewrite/10-stage-mib/.design/19-outline-review.v1.md	556	1788544819	2bbacb0ebfc8119164dee39f7fdb336e624e7adc42593253158513df11dde06e	ignored
notes/rewrite/fork-syscall-rewrite/10-stage-mib/.design/19-outline.v1.md	1272	1788544819	50a31c69fb5121df54be9580f27814d234654621ea6710f260b3cfb1a2c3f626	ignored
notes/rewrite/fork-syscall-rewrite/10-stage-mib/.design/20-design.v1.md	1349	1788544832	c5284a536c6e9a517bc1e7b461545a970a93492ad0e8be036371eee2fe438c84	ignored
notes/rewrite/fork-syscall-rewrite/10-stage-mib/.design/20-outline-review.v1.md	545	1788544832	e0a1552b815aa676ff5b0e5919831fbea1ed65a76a7de3a6c16a8cbd9f270134	ignored
notes/rewrite/fork-syscall-rewrite/10-stage-mib/.design/20-outline.v1.md	1333	1788544832	eafebe7e3290e6e439d9b851d540dabaf4c1ab06f0b6e53486079587cb2a3bc5	ignored
notes/rewrite/fork-syscall-rewrite/10-stage-mib/.design/21-design.v1.md	805	1788544845	9ede61fa4a40d670539a6616caba5c77c6b5c8c9f8d58a2473eb091a5bd5499b	ignored
notes/rewrite/fork-syscall-rewrite/10-stage-mib/.design/21-outline-review.v1.md	518	1788544845	650e8572cec8a62c197408e8867a22f9375ef12a6deca65f661947fd2e1ac692	ignored
notes/rewrite/fork-syscall-rewrite/10-stage-mib/.design/21-outline.v1.md	1098	1788544845	e7fa2cb287afe5a21a4bfdf0602263e954541263905c392c4bd8f09477a3be39	ignored
notes/rewrite/fork-syscall-rewrite/10-stage-mib/.design/22-design.v1.md	1229	1788545101	cdba630053afb379824a268990129b7e74f395f14c1f975b88104616d4475c31	ignored
notes/rewrite/fork-syscall-rewrite/10-stage-mib/.design/22-outline-review.v1.md	534	1788544863	d8261aedf03bdf9530d5f93b0f767d6e8a21d31829fbd9ac467e0c24bc84a542	ignored
notes/rewrite/fork-syscall-rewrite/10-stage-mib/.design/22-outline.v1.md	1349	1788545101	f15ac6cb35cc82d7dc819e22aecc86fb3c31a9e42b20911cd697ac599f3d39ef	ignored
notes/rewrite/fork-syscall-rewrite/10-stage-mib/draft/README.md	1327	1788333750	c85b5883c74619e4e322343e62b79d3d0561c546ef2790190cffdd6de7a49aab	tracked
notes/rewrite/fork-syscall-rewrite/11-stage-devman/00-devm-overview.md	14274	1789741147	e89049a8ce5af483ba62c41acd19ef85d95a3a2158c5b85d1833063069e98f34	tracked
notes/rewrite/fork-syscall-rewrite/11-stage-devman/01-devm-init-main.md	29146	1789741147	d378c19e7ed74a069304dd1d04a94197cb6564f39d82328e6278b3ea1b9f4348	tracked
notes/rewrite/fork-syscall-rewrite/11-stage-devman/02-vtreefs-framework.md	28450	1789804337	830f2f41e6163b34661afc6f0f045f3f7a4e20cc867a08de399dd442b2669ca5	tracked
notes/rewrite/fork-syscall-rewrite/11-stage-devman/03-devm-structs.md	13812	1789741147	483f35a5e8fc5d216cb73fddae84883ae9c39d5e15b325b4d4dbe6db3a30567b	tracked
notes/rewrite/fork-syscall-rewrite/11-stage-devman/04-device-tree.md	13497	1789741147	c7cafbe5210f0b8e3e243230d2557d97c9f9eaf34952da04e5c745fb77dbf4c9	tracked
notes/rewrite/fork-syscall-rewrite/11-stage-devman/05-devm-message-contract.md	15511	1789741147	94bf7faa71a165b2dc61f77b70aa8be7c8304f992df24b1f5d0a5a3bb7859317	tracked
notes/rewrite/fork-syscall-rewrite/11-stage-devman/06-event-buf.md	14925	1789741147	b6f7b227802fc5c36e4d230f934f405fca46a8ad97faa936549ef63b9af524a6	tracked
notes/rewrite/fork-syscall-rewrite/11-stage-devman/07-devm-add-device.md	12569	1789741147	e58e3d08078bf5b7746f94fd7e4c72c12d0eb78fc3247c0ede56cc8a0693aa2c	tracked
notes/rewrite/fork-syscall-rewrite/11-stage-devman/08-devm-del-device.md	10221	1789741147	4f7e46b9230d143c831b0f8c546ab1902c2763526c3443cf2bd056755f97ae88	tracked
notes/rewrite/fork-syscall-rewrite/11-stage-devman/09-devm-bind-unbind.md	10080	1789741147	805ca37976c8a449f36adacf6cd761e9dfd8a0d9de9aef482a374f974e80d393	tracked
notes/rewrite/fork-syscall-rewrite/11-stage-devman/10-libdevman-client.md	10489	1789741147	21e7d5c17ab8cefe2dc27f2dc5b5e843e0ce011d8840c51f6cc2685619be8c5c	tracked
notes/rewrite/fork-syscall-rewrite/11-stage-devman/11-usb-device-model.md	9981	1789741147	d037641f62f7f216a6a249ab282a7e758ad3340e32d47314888a9cd1335f094a	tracked
notes/rewrite/fork-syscall-rewrite/11-stage-devman/12-rs-integration.md	8303	1789741147	f69d2afb0d0f13227f45c79dbe737093c496737d0e562b0d3b924200b3d0637a	tracked
notes/rewrite/fork-syscall-rewrite/11-stage-devman/13-devmand-consumer.md	12421	1789741147	c2e1b1f1e8da18fd66e2772ea62b0520ac723436a0a513f49c4eb7e9c2521c9e	tracked
notes/rewrite/fork-syscall-rewrite/11-stage-devman/99-devm-global-concepts.md	5835	1789741147	eb6e124f2b73298ef5ddd175ac6c766f26341cebce79260a43ccc4f545801f56	tracked
notes/rewrite/fork-syscall-rewrite/11-stage-devman/README.md	4849	1789433006	053cfe378146cdff3243fcd3cd7aab154c09116271ad554e903a0c50bdfab3ac	tracked
notes/rewrite/fork-syscall-rewrite/11-stage-devman/doc_rerank_HY4.md	140736	1789833501	bd52f9c8dc828606c7923d193f6eaca518810757fab836773a71fc16897a97e2	tracked
notes/rewrite/fork-syscall-rewrite/11-stage-devman/doc_rerank_deepseek.md	104134	1789834176	3cba77020f3c40cc4af68af908193fc2d0f319d7fd5bdf622a7439dffedb0092	tracked
notes/rewrite/fork-syscall-rewrite/11-stage-devman/doc_rerank_glm.md	48853	1789773402	bbf0074321ae90cee49c1833683973c6e62ee349c16ba8a4f9f4926f186d052d	tracked
notes/rewrite/fork-syscall-rewrite/11-stage-devman/doc_rerank_muse.md	81475	1789845804	549cc07dd455bc96a86ee93e1c8b65ea5b56e2d343798683c27b78a2257b28da	tracked
notes/rewrite/fork-syscall-rewrite/11-stage-devman/doc_rerank_qwen.md	79066	1789827186	77719623172a2162511d9e7614a670050fc7e822b29413da114a1e22d284f709	tracked
notes/rewrite/fork-syscall-rewrite/11-stage-devman/plan.md	44148	1788536866	a1c36bae104b568ec8d1283c32002845c84cf95a54bb0d6429f2913ba24cde11	tracked
notes/rewrite/fork-syscall-rewrite/11-stage-devman/todo.md	35640	1789472149	a2b6ba8e5858c2afd3e789b8835ab6b8d704df2e8404b6bad5047ccb3f49b624	tracked
notes/rewrite/fork-syscall-rewrite/11-stage-devman/.design/00-design.v1.md	1536	1788526727	f8f6016d8663287d5d1a4a547fe5481d40d7ec3cc109462dd3f2dd859bccd30f	ignored
notes/rewrite/fork-syscall-rewrite/11-stage-devman/.design/00-outline-review.v1.md	1481	1788526727	d7b12e7ece34bbb949e524f751136b7db77994649811d645014b9fdcae6e99c0	ignored
notes/rewrite/fork-syscall-rewrite/11-stage-devman/.design/00-outline.v1.md	2673	1788526727	c33214a5343726f3f6325976012d66146b3f420ccb96d2c5c9c66af433b849fe	ignored
notes/rewrite/fork-syscall-rewrite/11-stage-devman/.design/01-design.v1.md	5776	1788524513	50fdf25122c5574dbed284f33b4b6ce9664f2c9f9780426ee1b1833f8f072580	ignored
notes/rewrite/fork-syscall-rewrite/11-stage-devman/.design/01-design.v2.md	8398	1788526293	ffead72b45c0fa710f5b83528027644fbc50b995d004bd7f024daf8b7e622096	ignored
notes/rewrite/fork-syscall-rewrite/11-stage-devman/.design/01-outline-review.v1.md	2165	1788524489	5f34a3d84233de9648f5076a506303778c2c970f9e44f60209d5f1d8c2aada02	ignored
notes/rewrite/fork-syscall-rewrite/11-stage-devman/.design/01-outline-review.v2.md	3810	1788526280	d2a71fc0641291a2f2b52648cf1c80ef7b02d78b280cbee91efbc8ae822e5744	ignored
notes/rewrite/fork-syscall-rewrite/11-stage-devman/.design/01-outline.v1.md	5122	1788524475	8fa6efa00dd471fc9ecfda1cfcc1626c3316e6e1f7150b96b24bfc9b2c5e79cc	ignored
notes/rewrite/fork-syscall-rewrite/11-stage-devman/.design/01-outline.v2.md	7664	1788526280	f7e78cadad044a5355bb6d25ff4164b6d7fbd2eb80f3c99f40c1f238fc147c4a	ignored
notes/rewrite/fork-syscall-rewrite/11-stage-devman/.design/02-design.v1.md	3452	1788527979	ce8c45c10263c20ae882c3ed428ec0fc7bf58c8d47d3b94cb78d88eb6021a30c	ignored
notes/rewrite/fork-syscall-rewrite/11-stage-devman/.design/02-outline-review.v1.md	2216	1788527966	350d04ea7cc88e3986360fb80a4dfdfbe2dc48af686638439171d7dd47378608	ignored
notes/rewrite/fork-syscall-rewrite/11-stage-devman/.design/02-outline.v1.md	3432	1788527966	05237b5799f07f1fadaaeffd58b233be7c40d788f31453f8ba6b7ddd234cbae7	ignored
notes/rewrite/fork-syscall-rewrite/11-stage-devman/.design/03-design.v1.md	1354	1788529133	4b526201d669f9f3a55226cbdcf6405d585da86fcd4af72d079faf49955489d2	ignored
notes/rewrite/fork-syscall-rewrite/11-stage-devman/.design/03-outline-review.v1.md	1564	1788529133	e7ef5b8febe1c5eba59dd9c6e6eacc3eb26a6fcf8b4ad914e881dea33d1ac546	ignored
notes/rewrite/fork-syscall-rewrite/11-stage-devman/.design/03-outline.v1.md	2277	1788529206	7f10322da81abe9b82f962074b1aa651ef00aadb37e27a840f36894c30a1127f	ignored
notes/rewrite/fork-syscall-rewrite/11-stage-devman/.design/04-design.v1.md	1112	1788529133	b366db7eb34b30c02557b55e5a996a46b9f3b3ce963539b8b50677b8a8f6b437	ignored
notes/rewrite/fork-syscall-rewrite/11-stage-devman/.design/04-outline-review.v1.md	1127	1788529133	039dcde519cd7a0466deef08803893cb9269d7e9e27d2f58421421a391e2426c	ignored
notes/rewrite/fork-syscall-rewrite/11-stage-devman/.design/04-outline.v1.md	1888	1788529133	5a3e3b61154fb42033577836925aa74619a8cf707db60229856ce82a014e1cbe	ignored
notes/rewrite/fork-syscall-rewrite/11-stage-devman/.design/05-design.v1.md	1051	1788530037	1b197025347c45cb9072a985d5da1921746f5a6a4619110fadf0a48d139c6c11	ignored
notes/rewrite/fork-syscall-rewrite/11-stage-devman/.design/05-outline-review.v1.md	1195	1788530037	b52245ccda3ae6794efe030f0a481652e33ea280cdc206f45257b661e80a8ae7	ignored
notes/rewrite/fork-syscall-rewrite/11-stage-devman/.design/05-outline.v1.md	2115	1788530037	956d27e93c02f4fc373fd8e626d5b068f25b7cf410d0eba166adae9b7f63347c	ignored
notes/rewrite/fork-syscall-rewrite/11-stage-devman/.design/06-design.v1.md	1244	1788530037	c973c05212d779641af983d7606013affbbeef78b580797d95911802b28cbfc3	ignored
notes/rewrite/fork-syscall-rewrite/11-stage-devman/.design/06-outline-review.v1.md	1210	1788530037	69ea7817cf949a4a938fe867edf8721af5f207d2865ae15d3a5c8c0d17ade90e	ignored
notes/rewrite/fork-syscall-rewrite/11-stage-devman/.design/06-outline.v1.md	1951	1788530037	848f98e057eafa4113a14c76ec6ad050d43e09602aac9e5179d5eb470a60ecd1	ignored
notes/rewrite/fork-syscall-rewrite/11-stage-devman/.design/07-design.v1.md	1035	1788531235	f0b4e54e248a7131f6b4a20155bdefe81704c1bbbc175603e7c0f9bc283c115b	ignored
notes/rewrite/fork-syscall-rewrite/11-stage-devman/.design/07-outline-review.v1.md	1015	1788531235	50b8114ff5b98f545985974f8a0f73cf0dae94ca3bd4ff51daf10ed4dd9f8906	ignored
notes/rewrite/fork-syscall-rewrite/11-stage-devman/.design/07-outline.v1.md	1945	1788534594	f38cedad7bf1d5a5041a771b82d92b2b67c8edc28caaa9630ad7bd3be7be9b08	ignored
notes/rewrite/fork-syscall-rewrite/11-stage-devman/.design/08-design.v1.md	934	1788531235	bc19b00399273d176e48a45b708c237a7a362b0365e019198e9d330ad1f02077	ignored
notes/rewrite/fork-syscall-rewrite/11-stage-devman/.design/08-outline-review.v1.md	895	1788531235	d5400c2631bc575519c1bd60fd0ce90b1e099a8acc275dd35aa19802ca32955a	ignored
notes/rewrite/fork-syscall-rewrite/11-stage-devman/.design/08-outline.v1.md	1563	1788531235	7c7b16e167709413b88e3ce2a9fb2cb818df561e9415f2b31ef280cdc4881deb	ignored
notes/rewrite/fork-syscall-rewrite/11-stage-devman/.design/09-design.v1.md	1309	1788531235	34c1eb0d553516641943727d350e8d56e472d48c2e50993286fa6ea063932098	ignored
notes/rewrite/fork-syscall-rewrite/11-stage-devman/.design/09-outline-review.v1.md	973	1788531235	819c1146a115fd5485413e4fa85378640cd1fe762ecd32c2dd933a5970978267	ignored
notes/rewrite/fork-syscall-rewrite/11-stage-devman/.design/09-outline.v1.md	1748	1788531235	c554b0d038a8dbebd2ac6495256704f0d2942e6e0170886dcaee2413a098bff1	ignored
notes/rewrite/fork-syscall-rewrite/11-stage-devman/.design/10-design.v1.md	1165	1788532064	c8b79efb7afed20906269f108370ff891178c23a993c821c40cdd41375642d40	ignored
notes/rewrite/fork-syscall-rewrite/11-stage-devman/.design/10-outline-review.v1.md	1101	1788532064	d79e46e1cb98d9d02f58c682ff10028c9cca5faf2e5bfae7f352768bc2543d40	ignored
notes/rewrite/fork-syscall-rewrite/11-stage-devman/.design/10-outline.v1.md	1822	1788532064	c2373a675e1d10f627351f57d46abf203f363ef0b954d7e3c5f9001f6625e4ea	ignored
notes/rewrite/fork-syscall-rewrite/11-stage-devman/.design/11-design.v1.md	1188	1788532064	24d391221f6f23b0caccbda9cc442c21a8963c084c55404554784f6a44ddf325	ignored
notes/rewrite/fork-syscall-rewrite/11-stage-devman/.design/11-outline-review.v1.md	1119	1788532064	2db03faac02bdb5e49cbb5b8628cd951043c1473606c2c84a06d07e8d3de46dc	ignored
notes/rewrite/fork-syscall-rewrite/11-stage-devman/.design/11-outline.v1.md	1770	1788532064	3b4a7ccb226e5655313eb4aa6ac1abb81980ccef2bd94a2f7187a18a7914f28c	ignored
notes/rewrite/fork-syscall-rewrite/11-stage-devman/.design/12-design.v1.md	887	1788532574	c00f809bc20601cfa1f8010bdf9d4c73cd1fc824f53538c6f8959d3c985281fc	ignored
notes/rewrite/fork-syscall-rewrite/11-stage-devman/.design/12-outline-review.v1.md	812	1788532574	64d5db179b5354e812ae65b3ec3974d4446de8e9068a6755dc097fb589acb7f1	ignored
notes/rewrite/fork-syscall-rewrite/11-stage-devman/.design/12-outline.v1.md	1488	1788532574	9f000e58c7b26aa7ab41d9abc4924978d7813f45348d1cf79e84f4ca25adaa5e	ignored
notes/rewrite/fork-syscall-rewrite/11-stage-devman/.design/13-design.v1.md	757	1788532574	f2079acc1dace19072d67941e880790b9245107ffec579abb6e8de48b1d067fb	ignored
notes/rewrite/fork-syscall-rewrite/11-stage-devman/.design/13-outline-review.v1.md	1251	1788532574	6a9a20d26427054715d379b66db2522dba6a42b1f08bfa92851ca8aa02ae94d0	ignored
notes/rewrite/fork-syscall-rewrite/11-stage-devman/.design/13-outline.v1.md	2116	1788532917	d4e4164397e190fab3735b475129fb35b0baf3a414b55770dca434b0c4505134	ignored
notes/rewrite/fork-syscall-rewrite/11-stage-devman/.design/99-design.v1.md	493	1788532574	879c38d7ebe2d73a2f68a2c2d7339955637edddd3ade3ae144bc11b502633eea	ignored
notes/rewrite/fork-syscall-rewrite/11-stage-devman/.design/99-outline-review.v1.md	1048	1788532574	213ce6eeacd76d10e36a3034cb758f8631accb4d8959561e9e1bd84465b1cbd3	ignored
notes/rewrite/fork-syscall-rewrite/11-stage-devman/.design/99-outline.v1.md	1113	1788532574	79d5f15161a116164b66e80b4993c175214831871594cf05982536add59e245b	ignored
notes/rewrite/fork-syscall-rewrite/11-stage-devman/draft/README.md	1209	1788333750	a9e666ab3a2369513b086c2bfb68ba1f0bd216d01f75d40fc34cb0cb0eebb7e4	tracked
notes/rewrite/fork-syscall-rewrite/12-stage-input/00-input-overview.md	9998	1789741147	0493c9f22925767eb6acad31c67e8d61d97df08456c43b21eae7328652b9d949	tracked
notes/rewrite/fork-syscall-rewrite/12-stage-input/01-input-init-main.md	25941	1789741147	41e16bce58ddc1d34f77bca040278918476fcdf92fc6e8ec58bd76c2d2f09681	tracked
notes/rewrite/fork-syscall-rewrite/12-stage-input/02-chardriver-framework.md	35325	1789758313	b436ee55ea4cf7ee712884a8ee4a4d7c2362fdf5014692ce27541ac5d7984961	tracked
notes/rewrite/fork-syscall-rewrite/12-stage-input/03-input-device-structs.md	25806	1789741147	0f83941694b762d0bc099baa07f9470a593b936c185a35e7d17447513eb3d478	tracked
notes/rewrite/fork-syscall-rewrite/12-stage-input/04-input-event-format.md	27357	1789741147	c49bda462ced62988cc2d0dca4441795095de91924cb995f1c231d24abe3b144	tracked
notes/rewrite/fork-syscall-rewrite/12-stage-input/05-input-message-contract.md	31410	1789741147	a7a88c8767442da36f6ee495e67630369454e93aba3013c14e1765b8f9698bbc	tracked
notes/rewrite/fork-syscall-rewrite/12-stage-input/06-input-open-close.md	17310	1789741147	340bc7ef6a74fe0e5aa38fd787dad358675e0811b59864623e7890b86a007848	tracked
notes/rewrite/fork-syscall-rewrite/12-stage-input/07-input-read-suspend.md	23863	1789741147	1acedef550c647d8e51c5814613116e6abdb61773e4c695c48b6036bb7840aac	tracked
notes/rewrite/fork-syscall-rewrite/12-stage-input/08-input-ioctl-cancel-select.md	22450	1789741147	c5bd1db3b401dad6beb37a4487e943cc7929378cd51e9c072c03d8fd9ad52d06	tracked
notes/rewrite/fork-syscall-rewrite/12-stage-input/09-input-event-processing.md	24711	1789741147	a79555620935a622bce1948d29dfbcf551dad9979ac4138e9ad3e4b1860592e9	tracked
notes/rewrite/fork-syscall-rewrite/12-stage-input/10-input-setleds.md	15013	1789741147	a2f07d94a38922f37f5c1ee85cc5b5bbddf8bb7f46f3e5b5f3443a84ed65b958	tracked
notes/rewrite/fork-syscall-rewrite/12-stage-input/11-input-driver-connect.md	27429	1789741147	6574d0cbcf22828b359e2a7780f508732ff5c351ccc346a014e73aad99b2619b	tracked
notes/rewrite/fork-syscall-rewrite/12-stage-input/12-libinputdriver.md	28506	1789741148	a4ac5eaa023e43a10b800dc8f6830eda4adec2cb1b108d9a8468d7788fdcd0de	tracked
notes/rewrite/fork-syscall-rewrite/12-stage-input/13-tty-consumer.md	21327	1789741148	ad09f9bedf12646abe18ef55de1e94b22ccfe5ac452626480da091c3e3a7020c	tracked
notes/rewrite/fork-syscall-rewrite/12-stage-input/14-pckbd-driver.md	23531	1789741148	e6adc90ec801af60f07b5a85fca69bdc3842d992f20c7cae8c41e696c5689416	tracked
notes/rewrite/fork-syscall-rewrite/12-stage-input/99-input-global-concepts.md	9543	1789741148	373d93969332aa81bddf451e0fe1d1e536a70e77fbfabba9db560f6737c5de8e	tracked
notes/rewrite/fork-syscall-rewrite/12-stage-input/doc_rerank_HY4.md	134452	1789833676	fd80e5a328a30a4f0bf3f3739a840318a1db8f0ba481e4b621532b0250689980	tracked
notes/rewrite/fork-syscall-rewrite/12-stage-input/doc_rerank_deepseek.md	94142	1789834256	3dc58ba9ed42d1e0c29eb8dbb2f27074e2bdd5c47b313d02745cabf7ea78bf64	tracked
notes/rewrite/fork-syscall-rewrite/12-stage-input/doc_rerank_glm.md	47485	1789774211	682e0d02443ef7af5944d44afbac2fb1bbecab2621f0c1342fa86efed7ffd19a	tracked
notes/rewrite/fork-syscall-rewrite/12-stage-input/doc_rerank_muse.md	76377	1789846416	cb3ddb847fdb726e1f1e4e646c2995af337c89fc17324251d0b0e5b8f9d9474e	tracked
notes/rewrite/fork-syscall-rewrite/12-stage-input/doc_rerank_qwen.md	32106	1789826263	9c0958ddc3c04c5fd9581cc73efa024b5b5f6f0a24b787544b9e4738a9713398	tracked
notes/rewrite/fork-syscall-rewrite/12-stage-input/plan.md	52076	1789496320	bbe516e6b8848bc8022c9e7a130f0014324ec8affe613c486e7bd7d143733b77	tracked
notes/rewrite/fork-syscall-rewrite/12-stage-input/todo.md	36234	1789497214	158ae9f123a61009934f76ea21cea3cc7e4216471cec0939709c61c5f789e85d	tracked
notes/rewrite/fork-syscall-rewrite/12-stage-input/.design/00-design.v1.md	354	1789496293	24edab3db1082aa472f9f7dad8d9cf88fb031a00a086db86bf10bf4539bcb5d0	ignored
notes/rewrite/fork-syscall-rewrite/12-stage-input/.design/00-outline-review.v1.md	494	1789496293	866df07c1a8a5121b3dde222699d1cd5061c8dc668e7e6bb11b1747e898647f0	ignored
notes/rewrite/fork-syscall-rewrite/12-stage-input/.design/00-outline.v1.md	928	1789496293	9ea3d2ed351aef413ce8bdc42555e9c2dc1c6725feab2e51604237bbeced97d7	ignored
notes/rewrite/fork-syscall-rewrite/12-stage-input/.design/01-design.v1.md	2407	1788548053	cf670a901d5ba4f8f2012eb7d872bf44131bcebe472d6ab3ebb7a2f218bb3ee2	ignored
notes/rewrite/fork-syscall-rewrite/12-stage-input/.design/01-outline-review.v1.md	1125	1788548053	3fe049f4170368a0527368650339f8c1219aa43ce04f1664353416ed7f0e0285	ignored
notes/rewrite/fork-syscall-rewrite/12-stage-input/.design/01-outline.v1.md	2375	1788548053	10b7b47fa20e40e7e518f6565e28cb8e7d78bdae134632a747fb67caf2caaaef	ignored
notes/rewrite/fork-syscall-rewrite/12-stage-input/.design/02-design.v1.md	2487	1788548082	3230537b80088001faf982af89fc0e7e1353a82b26498ba3c64313ebf3c21711	ignored
notes/rewrite/fork-syscall-rewrite/12-stage-input/.design/02-outline-review.v1.md	925	1788548082	230c0e14c128b91af6e00a3ebfd43064c83c70353682b44b9a06d223340f6e6d	ignored
notes/rewrite/fork-syscall-rewrite/12-stage-input/.design/02-outline.v1.md	2580	1788548082	d53dec9d5e2e9f4856bcefe1aa4bcad8a8dcf1c0db867d966d9b580403239a63	ignored
notes/rewrite/fork-syscall-rewrite/12-stage-input/.design/03-design.v1.md	2253	1788553940	02e4b9a7115487eeeed911a9475104b21fd749c574297d64f628dd80faac9303	ignored
notes/rewrite/fork-syscall-rewrite/12-stage-input/.design/03-outline-review.v1.md	876	1788548104	8eeb8fd510d27a5e4903cb48cbecf928b06bf8ac53905c66b0d6244860746339	ignored
notes/rewrite/fork-syscall-rewrite/12-stage-input/.design/03-outline.v1.md	2151	1788548104	50ad4245365d32257e50b670cd1f5e8eb5c505580cd0d7837ee8fcfb70379b4c	ignored
notes/rewrite/fork-syscall-rewrite/12-stage-input/.design/04-design.v1.md	2546	1789495673	ab0ecf97ee836d8d2149d37ed90a0da76a21604e516e3dc60d2ced54c6820b29	ignored
notes/rewrite/fork-syscall-rewrite/12-stage-input/.design/04-outline-review.v1.md	941	1788548125	1c55fe52accab123ea8e826b7fa356a46ea732dbd2082d5b708a5937085226f6	ignored
notes/rewrite/fork-syscall-rewrite/12-stage-input/.design/04-outline.v1.md	2342	1788551733	aa115242519240bfab0276b1a50b2e32558cad3e1660b5c4f32845dbc6a1a947	ignored
notes/rewrite/fork-syscall-rewrite/12-stage-input/.design/05-design.v1.md	2217	1788551241	4bc9590791f245f50ed8190a5e98bf4eb7c95e0daecc1832eca9018c02f4b587	ignored
notes/rewrite/fork-syscall-rewrite/12-stage-input/.design/05-outline-review.v1.md	948	1788551241	b410a36f6c72e757397d7cae75d80a8dc9d3e87a7de23aa2476218aa8cf82d99	ignored
notes/rewrite/fork-syscall-rewrite/12-stage-input/.design/05-outline.v1.md	2737	1788551241	194827fb811b22d1c38e75e08bb1173a7d8820a12ebb6f7ad05bbccb37bd5e55	ignored
notes/rewrite/fork-syscall-rewrite/12-stage-input/.design/06-design.v1.md	1508	1789497011	5e53e9050c58204af4f27291088189ba88ba9c252e38f84029a904bc24246ed2	ignored
notes/rewrite/fork-syscall-rewrite/12-stage-input/.design/06-outline-review.v1.md	854	1788551332	d3ddb1312f1e9a0f4865181b570130b7c5eb8bff264b5e013dad683ec9f67fc4	ignored
notes/rewrite/fork-syscall-rewrite/12-stage-input/.design/06-outline.v1.md	1789	1788551332	13ebc4b02f4518646ba7fbf858a888b0fafa3c5135064e16f6bb7b902fab7626	ignored
notes/rewrite/fork-syscall-rewrite/12-stage-input/.design/07-design.v1.md	1998	1789492846	c6922fecd400a395e9675be0e7817e5d0bf5547855df7793ded81aa62bd9279a	ignored
notes/rewrite/fork-syscall-rewrite/12-stage-input/.design/07-outline-review.v1.md	946	1788551351	536b31b9b75104a46e7284518c4e11b1d7dc727dce30a0a3f59b93f9126ef36d	ignored
notes/rewrite/fork-syscall-rewrite/12-stage-input/.design/07-outline.v1.md	1821	1788551351	07f60a3c4454a94e3a2c72c7efefe80c5c254892cd5a4739d5ca8bec077d027e	ignored
notes/rewrite/fork-syscall-rewrite/12-stage-input/.design/08-design.v1.md	1578	1788551378	44ddf056ffab784e857a5d8a15e46e7975cbd13c17bba7f593661ca0b9eb5538	ignored
notes/rewrite/fork-syscall-rewrite/12-stage-input/.design/08-outline-review.v1.md	905	1788551378	b60084e85245602db8ef758a49faee2b3a60b0e98ee9ba055bc088fa85572004	ignored
notes/rewrite/fork-syscall-rewrite/12-stage-input/.design/08-outline.v1.md	1897	1788551378	bb40f01f8bfa528d6aef3a6a5d2593faa751f9ad2012cca69da1224d4a4600bc	ignored
notes/rewrite/fork-syscall-rewrite/12-stage-input/.design/09-design.v1.md	1309	1788554248	293952429ed3dcb6598611c61cc264ad8f82148e5e8b1a633bc9d04942a3532e	ignored
notes/rewrite/fork-syscall-rewrite/12-stage-input/.design/09-outline-review.v1.md	807	1788554248	8027ed87439190f281be86a92348b4a63840a230452cf4cbdcea76a0cc7009d2	ignored
notes/rewrite/fork-syscall-rewrite/12-stage-input/.design/09-outline.v1.md	2018	1788554248	c99e099b56a92e7ffea0b1c4df022518aace1e48609e1ff0a5d6e78e021dae9b	ignored
notes/rewrite/fork-syscall-rewrite/12-stage-input/.design/10-design.v1.md	1120	1788554259	fa5b9539c38ced4b0887cf35276a2709649a69e7349d0c1ff5d57c3d6d47325a	ignored
notes/rewrite/fork-syscall-rewrite/12-stage-input/.design/10-outline-review.v1.md	742	1788554259	fcf6eca228fb2f9d15d215236931c57181f127b964aed235812f6b449ce0eb49	ignored
notes/rewrite/fork-syscall-rewrite/12-stage-input/.design/10-outline.v1.md	1440	1788554259	4d3ecb52c9595978b880267abe1e1f501aba9055a54b4ad65afa3311b80f7253	ignored
notes/rewrite/fork-syscall-rewrite/12-stage-input/.design/11-design.v1.md	1246	1788554274	0096d07e3ba5aa20d1504dbedb1e38d21b5517c8f020cfbb79277afb812d46b4	ignored
notes/rewrite/fork-syscall-rewrite/12-stage-input/.design/11-outline-review.v1.md	871	1788554274	190758ee3b093a061025d690ea3348a1714d70054961fe5a2d6f9df197fca8e7	ignored
notes/rewrite/fork-syscall-rewrite/12-stage-input/.design/11-outline.v1.md	2181	1788554274	20af4969c0a70f66b29563b1e27194ed9a36c0f045b5ae1cdf30f845b10266a4	ignored
notes/rewrite/fork-syscall-rewrite/12-stage-input/.design/12-design.v1.md	1771	1788554290	b654f6170e287157debce5fbb8dd550c03ca37a2503b57269cb9dfa4d861946d	ignored
notes/rewrite/fork-syscall-rewrite/12-stage-input/.design/12-outline-review.v1.md	858	1788554290	ed384e891af5a0b44f8bf544cb9e6886fe3040f317d7368227b25ebcf14520ae	ignored
notes/rewrite/fork-syscall-rewrite/12-stage-input/.design/12-outline.v1.md	2281	1788554290	2b4559dff006874256c158e3eefd31c47d7f51b22a2eb151224f70fe7b3b8d16	ignored
notes/rewrite/fork-syscall-rewrite/12-stage-input/.design/13-design.v1.md	1245	1788555684	846967fe00a8a1fe59dab9d14dbc6e40de7e0a28b29b03fa01c9edfb1791d55c	ignored
notes/rewrite/fork-syscall-rewrite/12-stage-input/.design/13-outline-review.v1.md	745	1788555684	edcc406b275dc84ccc44b55eea092e5823148ed2dddddd29a3d095f2d4abf27d	ignored
notes/rewrite/fork-syscall-rewrite/12-stage-input/.design/13-outline.v1.md	1993	1788555684	2098018c6e5febe105a884e7c9d729df896bec8ec394f595de6c011a2457142a	ignored
notes/rewrite/fork-syscall-rewrite/12-stage-input/.design/14-design.v1.md	1258	1788555698	db47c12ea90ca49e2215effd8fcd4357c28186477a9c287f3c3356d8dc15e424	ignored
notes/rewrite/fork-syscall-rewrite/12-stage-input/.design/14-outline-review.v1.md	766	1788555698	75a49d8cc3c4f25c5f8fcc09f96aeeb82bc2e5c611e7f015a54da9fa30748910	ignored
notes/rewrite/fork-syscall-rewrite/12-stage-input/.design/14-outline.v1.md	2114	1788555698	18b28fe0786676ee3d5b9758c74a6dcafcfa163c0bd80469be505252d11f0af4	ignored
notes/rewrite/fork-syscall-rewrite/12-stage-input/.design/99-design.v1.md	494	1789496293	ac7e3f1464fa5c6660d58e87c7b190e56e06523f7ff3b235995b83b1f4b54d46	ignored
notes/rewrite/fork-syscall-rewrite/12-stage-input/.design/99-outline-review.v1.md	479	1789496293	9542b69a183f185edb39ad797d2a7944e921baed8eeedee791ccf6099e85b2f3	ignored
notes/rewrite/fork-syscall-rewrite/12-stage-input/.design/99-outline.v1.md	893	1789496293	931403e7db2552e9b6f38fdce7890728de11d7b1fdd561c16806044d795f12f9	ignored
notes/rewrite/fork-syscall-rewrite/12-stage-input/draft/README.md	1167	1788333750	c186cc5a2a902c9688ac7fa50f872fe1251738a76094779fe2b19130230fa40d	tracked
notes/rewrite/fork-syscall-rewrite/13-stage-ipc/00-ipc-overview.md	4369	1789741148	cfd9269bef27fd71a02bd6cbaef658d4e51680cbeef8e8b8844a6987054df233	tracked
notes/rewrite/fork-syscall-rewrite/13-stage-ipc/01-ipc-init-main.md	26134	1789741148	73dd3f4fb5efd6b2536b2980c83635fb3af34e883e2c965284718c77157e9d9d	tracked
notes/rewrite/fork-syscall-rewrite/13-stage-ipc/02-ipc-message-contract.md	24780	1789741148	048d81d0349a4a4df588992f7e0a962bc4204dc6cb55ab04e709fd288f6ee565	tracked
notes/rewrite/fork-syscall-rewrite/13-stage-ipc/03-ipc-mib-registration.md	22764	1789778015	9f6d5e2056981364efce5a5d1048ee7330d5c6dd36e5af21d50dd9b494b84a65	tracked
notes/rewrite/fork-syscall-rewrite/13-stage-ipc/04-ipc-permissions.md	15952	1789741148	0aa823bb77a750fb434796f1f97855796083dfe88e26bd6b84afcb2e71fdfbcb	tracked
notes/rewrite/fork-syscall-rewrite/13-stage-ipc/05-ipc-sem-table.md	21877	1789741148	96140c0b7ca5eb117467dbf1f4230ffc66bab22e15cccce39802f5fb43f105d6	tracked
notes/rewrite/fork-syscall-rewrite/13-stage-ipc/06-ipc-semop.md	20290	1789741148	edf5727630aee51f2f4c18fa428761e73713cbc3a54dfeb8ced34e946cbaec47	tracked
notes/rewrite/fork-syscall-rewrite/13-stage-ipc/07-ipc-shm-segment.md	15367	1790158214	06c3586b3ff3aee5e09da58a670e7564d93305d80f553725e5af7b7198c6ff5d	tracked
notes/rewrite/fork-syscall-rewrite/13-stage-ipc/08-ipc-shm-attach.md	19647	1789741148	1c392409fac74d4c8080a5519096fe608ce1fd1a5242de69b22fec686fab76af	tracked
notes/rewrite/fork-syscall-rewrite/13-stage-ipc/09-ipc-proc-events.md	12477	1789741148	4376f7fe0a6863758c1db584e446aaa92c53acb204726c48ccbb6212de4b9db2	tracked
notes/rewrite/fork-syscall-rewrite/13-stage-ipc/10-ipc-lifecycle.md	10298	1789741148	1149fad3e7cb9d40a765192c6833d5947ba4473aae71271b47866a2f9dc85e55	tracked
notes/rewrite/fork-syscall-rewrite/13-stage-ipc/99-ipc-global-concepts.md	7960	1789741148	5cbcf7dd373229b9b7cd89bbfece47318472910b337124f8eadab4614a00423a	tracked
notes/rewrite/fork-syscall-rewrite/13-stage-ipc/README.md	2846	1789504730	b0f4809ce03e7329f2be8f436e62a4b6d050f23360740a1f0c89a4eca24ec6a9	tracked
notes/rewrite/fork-syscall-rewrite/13-stage-ipc/doc_rerank_HY4.md	102289	1789833353	b7cccd2bc8443c16ae12bde94fcae47a2abc6e31d0d63ded8b05c3068c7138e9	tracked
notes/rewrite/fork-syscall-rewrite/13-stage-ipc/doc_rerank_deepseek.md	84982	1789834395	d1a4691315f82de5dbd17aeed774afc4f2e26fae23cfda1717ef10a783f259ab	tracked
notes/rewrite/fork-syscall-rewrite/13-stage-ipc/doc_rerank_glm.md	42081	1789774766	1a82973ccd4c9af530ed378afeb4ea30b4b68a00bb59af91dccdac2093385237	tracked
notes/rewrite/fork-syscall-rewrite/13-stage-ipc/doc_rerank_muse.md	44577	1789846859	acc1878d735bc1011ffd31d464381271daae696ad6bdfaa02d53f8204fe13a56	tracked
notes/rewrite/fork-syscall-rewrite/13-stage-ipc/doc_rerank_qwen.md	49164	1789826772	5053b67e6337ac9207e171b8413d56e8de238fbd9041b1de709289ea49f322ca	tracked
notes/rewrite/fork-syscall-rewrite/13-stage-ipc/plan.md	37985	1789505018	1aefa054bc28375a3385bc8733b6a9104778a5475a036db8ba6c769ff2f759a7	tracked
notes/rewrite/fork-syscall-rewrite/13-stage-ipc/todo.md	5072	1789505161	c7a769d94fbff3acdd101a75e308d58d704b65c8e428e4595c8136f231f85f29	tracked
notes/rewrite/fork-syscall-rewrite/13-stage-ipc/.design/00-design.v1.md	1687	1789776094	e38b3100d0fb03631107bebef7414696448b23c8562170774d1aaf19c018d7cf	ignored
notes/rewrite/fork-syscall-rewrite/13-stage-ipc/.design/00-outline-review.v1.md	769	1789776079	50f83217799bfdcabe552d8cf4b2925d8d58ff0958cc302b09068f6f51dd038f	ignored
notes/rewrite/fork-syscall-rewrite/13-stage-ipc/.design/00-outline.v1.md	2430	1789776072	09bf5074cfe8633364feac35ce458f7c196a18640176dcc497eccdf774099031	ignored
notes/rewrite/fork-syscall-rewrite/13-stage-ipc/.design/01-design.v1.md	2041	1788581527	0285e62676b6f2c2f2fefc7ecbe04072686c2a5c5b782b6b0755d0d777a293dd	ignored
notes/rewrite/fork-syscall-rewrite/13-stage-ipc/.design/01-outline-review.v1.md	877	1788581527	aa9e4215c25189a112f1e5ce81f040dd756443d858e1696658520b5cde504c88	ignored
notes/rewrite/fork-syscall-rewrite/13-stage-ipc/.design/01-outline.v1.md	2563	1788581527	3a2d53412739c1a92f4d5065d5a98c233705d82ab42f40fd27ca35e8a6565540	ignored
notes/rewrite/fork-syscall-rewrite/13-stage-ipc/.design/02-design.v1.md	1633	1788581536	6a9e3da686f63dd83f3238b1c2ee3e653247cc04fb556ac178c58100d3f79a3b	ignored
notes/rewrite/fork-syscall-rewrite/13-stage-ipc/.design/02-outline-review.v1.md	735	1788581536	535ea29fda09500c036eafb3846fdf62b53e40291e9664cd48eecf26f27b6f09	ignored
notes/rewrite/fork-syscall-rewrite/13-stage-ipc/.design/02-outline.v1.md	2010	1788581536	4ce8ec7de12d3a896a3c76074cf960303b4e86b776a436b3759cc32335b47e53	ignored
notes/rewrite/fork-syscall-rewrite/13-stage-ipc/.design/03-design.v1.md	1521	1788581544	e9772088b25293e7c8970c70853fd75d445fcb73bc8ba8ea14fd97f8322305d4	ignored
notes/rewrite/fork-syscall-rewrite/13-stage-ipc/.design/03-outline-review.v1.md	739	1788581544	b0b9c1e1dd6e6607a04e8a75e231b4bc82efed5ba20b3c6b1f24e3ff232c05ce	ignored
notes/rewrite/fork-syscall-rewrite/13-stage-ipc/.design/03-outline.v1.md	1771	1788581544	9f95640de3cd78762b5468aa6c30b70956667020f0feb74cba022daa0b2fde72	ignored
notes/rewrite/fork-syscall-rewrite/13-stage-ipc/.design/04-design.v1.md	1287	1788582615	66e6172bbff7122d901d79f9305cddcbc21ce76636184d02a111475346276126	ignored
notes/rewrite/fork-syscall-rewrite/13-stage-ipc/.design/04-outline-review.v1.md	691	1788582615	d0bb901480f8065d78f98694cbf094c626716ef196039c1f9bdf47258bbef72a	ignored
notes/rewrite/fork-syscall-rewrite/13-stage-ipc/.design/04-outline.v1.md	1619	1788582615	561e0a11cb44ff57dd14a84a7c362965274427f8034fee93482d7e1dfc540ffb	ignored
notes/rewrite/fork-syscall-rewrite/13-stage-ipc/.design/05-design.v1.md	1538	1788582622	c780b31ec7bfdb3c7d8ad8feaa99147d992986572d5bc53ce010375c0cd9ce84	ignored
notes/rewrite/fork-syscall-rewrite/13-stage-ipc/.design/05-outline-review.v1.md	693	1788582622	0d941fb94a1ce88e974e5453d37aa00527dda54f19cee71114258d02f548a355	ignored
notes/rewrite/fork-syscall-rewrite/13-stage-ipc/.design/05-outline.v1.md	1756	1788582622	bf1e6ef3bb9270cfe355071968a199fd890e02b2a224a85684a8ac5bfdecbbe3	ignored
notes/rewrite/fork-syscall-rewrite/13-stage-ipc/.design/06-design.v1.md	1622	1788582629	024a7dc47b56cae359910b4f926dcb189d29b48fd2c277f037536b2d6c353c9f	ignored
notes/rewrite/fork-syscall-rewrite/13-stage-ipc/.design/06-outline-review.v1.md	684	1788582629	a49365ff82b7ab0f473fa6162e47702e85d463ffd0a6926472ed8647d016b88a	ignored
notes/rewrite/fork-syscall-rewrite/13-stage-ipc/.design/06-outline.v1.md	1709	1788582629	00709e1e4d416e78582f07b318d2b911c01523fee1821ecf3a41c361b2abc98a	ignored
notes/rewrite/fork-syscall-rewrite/13-stage-ipc/.design/99-design.v1.md	2233	1789776152	aad2dcc38c3ca4a7eece85e6f36c273e86fc183a003e0213a5414cd752a0a865	ignored
notes/rewrite/fork-syscall-rewrite/13-stage-ipc/.design/99-outline-review.v1.md	803	1789776131	e1cde226a9f0d3925cdb3861097eed520d8ce4c9bd5a7203a6cc5cffa27328f9	ignored
notes/rewrite/fork-syscall-rewrite/13-stage-ipc/.design/99-outline.v1.md	2633	1789776122	560998e439f68595dca12fa41e32977392acf8752c8fff3c97e8f092cb3ee87e	ignored
notes/rewrite/fork-syscall-rewrite/13-stage-ipc/archive/todo-R1-archive-2026-09-16.md	55450	1789505061	19851dad98a44565b1d01005950be4ecc5c1c297465026233b70d912bf61f42b	tracked
notes/rewrite/fork-syscall-rewrite/13-stage-ipc/draft/README.md	1402	1786888452	dcf727e61f021bfccabaac3f279e548990e5c46b6f6256db955470dec4b76148	tracked
notes/rewrite/fork-syscall-rewrite/14-stage-runtime/00-runtime-overview.md	4114	1789741148	b0526c6e0043c78af58641cd2847d1182c6fa7fb02e3b4402ed02a67ff4175a9	tracked
notes/rewrite/fork-syscall-rewrite/14-stage-runtime/01-kernel-handoff.md	23888	1789741148	f44f052898c574196fa682615087612c25f59101c3034ad8287e7c554002fafe	tracked
notes/rewrite/fork-syscall-rewrite/14-stage-runtime/02-crt0-start.md	21666	1789923004	cfc3b9ec6c62bdbd29e171ca63a4ba8bd0e6ca0cc2525307b73787d1156ee0f0	tracked
notes/rewrite/fork-syscall-rewrite/14-stage-runtime/03-runtime-init.md	21675	1789741148	6d41b155ca4658b1abcf8f8c6b04e9312a08b1c4eaa11075bcdb42395a02b14a	tracked
notes/rewrite/fork-syscall-rewrite/14-stage-runtime/04-ipc-primitives.md	18948	1789741148	94a6c3da704717f58728d23b8c8a3081325532cba0713bb53e3edd0a561fc97d	tracked
notes/rewrite/fork-syscall-rewrite/14-stage-runtime/05-syscall-mechanism.md	15083	1789741148	5ddacbd4219674486001284f31caba6d06e67e5dbf96e4946888277ed5ab6da2	tracked
notes/rewrite/fork-syscall-rewrite/14-stage-runtime/06-allocator.md	15871	1789741148	5e73292f9ac2a8e0426d522521c1da77321c64f05caa569dbb762b9fd7035ff8	tracked
notes/rewrite/fork-syscall-rewrite/14-stage-runtime/07-panic-output.md	17950	1789920453	1ae307d5a3c7699972f17d937d0c0f7cb8005a7ed9207a3d6532e9209411dafe	tracked
notes/rewrite/fork-syscall-rewrite/14-stage-runtime/08-pm-syscalls.md	16038	1789920453	e284a0c83b9a0894712070b55be80183cc28b08596d5da275ec4374bf5f3e973	tracked
notes/rewrite/fork-syscall-rewrite/14-stage-runtime/09-vfs-syscalls.md	20196	1789940668	91c97144265ce96ed8aa6dc7ed5e2db3baf327c2b7290f4bcc26d00585c66c2f	tracked
notes/rewrite/fork-syscall-rewrite/14-stage-runtime/10-vm-syscalls.md	16801	1789741148	16b0369c3317007a82426a18bce801f215197bed5febcdeaa6e0c5394002e6d9	tracked
notes/rewrite/fork-syscall-rewrite/14-stage-runtime/11-misc-syscalls.md	13037	1789939807	2e16032567fdb4fbb2e74c565d795146cac92c5f7b83aba6b2644eb1004cf458	tracked
notes/rewrite/fork-syscall-rewrite/14-stage-runtime/12-rs-query.md	10371	1789741149	b1838e08ccb1f63744cb6dd619607163784903556eafc4962646633e4990d18c	tracked
notes/rewrite/fork-syscall-rewrite/14-stage-runtime/13-constants-abi.md	9825	1789750723	0f9d3b3e46965e19c9faff1b7bc2d1c1bcc303577a8490f64c63c7f6b7e6fada	tracked
notes/rewrite/fork-syscall-rewrite/14-stage-runtime/99-global-concepts.md	3503	1789741149	53c2c9cc69a5907c093ebcc905cda9266772bdd96b5b72f65bd41d4aa0ed3943	tracked
notes/rewrite/fork-syscall-rewrite/14-stage-runtime/doc_rerank_deepseek.md	89411	1789834042	ea73c8caf9f1bc9ff488b748974db9569ab0ba85ec4b0675edd088d74fc52e6b	tracked
notes/rewrite/fork-syscall-rewrite/14-stage-runtime/doc_rerank_glm.md	84382	1789774811	26c63968c681d287555dcbc8e2acfad35e4b0239f43ab24bc47223ed007452cf	tracked
notes/rewrite/fork-syscall-rewrite/14-stage-runtime/doc_rerank_muse.md	16587	1789847068	8d0146977fe0beed756417241f906e0edbd15d5d670bca771b6fda233cb1fabd	tracked
notes/rewrite/fork-syscall-rewrite/14-stage-runtime/doc_rerank_qwen.md	36763	1789827818	b46d5c02a210b319ca6205bb0434275f1203f93fbab932f92aa9a6141391e453	tracked
notes/rewrite/fork-syscall-rewrite/14-stage-runtime/doc_rerank_qwen.pool.tsv	10761	1789827818	fd3ed82716182ee59d17187df593ae70875a7f7d0cfe49c25ed731a3e67fef0f	tracked
notes/rewrite/fork-syscall-rewrite/14-stage-runtime/plan.md	34297	1789670769	f654212567bd16007f8b9e15964fe188b2fa6c8ac880366421f4a26e91b34431	tracked
notes/rewrite/fork-syscall-rewrite/14-stage-runtime/todo.md	63716	1789914403	6a5ffb3474322fa59992db1ba792570fa8e1a311f329e0b5fa041d4312591ef6	tracked
notes/rewrite/fork-syscall-rewrite/14-stage-runtime/.design/01-design.v1.md	3668	1788587054	d856a35a6b9a6587d6d389534dee980377b534944bf5f7754b388b0c243922fb	ignored
notes/rewrite/fork-syscall-rewrite/14-stage-runtime/.design/01-outline-review.v1.md	1582	1788587054	d08a205564ef83066801092d974691d0b29b4c0f37cf9276508e33f1b3c9ed25	ignored
notes/rewrite/fork-syscall-rewrite/14-stage-runtime/.design/01-outline.v1.md	3511	1788587054	e75806cf89d65751056fcb37b5c8fedfe4d585d8d73949483d2a60c54cb37af1	ignored
notes/rewrite/fork-syscall-rewrite/14-stage-runtime/.design/02-design.v1.md	3088	1788587064	4b6bf3e769401a48d7f4a942c405ce7409fc00f5f5a90560ab7821ec63876137	ignored
notes/rewrite/fork-syscall-rewrite/14-stage-runtime/.design/02-outline-review.v1.md	993	1788587064	4c111998b6b0bf7aaafd06b2308ad9c366025de338d16151cb5fad93155b35a2	ignored
notes/rewrite/fork-syscall-rewrite/14-stage-runtime/.design/02-outline.v1.md	2862	1788587064	ac0561132a73eb4718d3c6cc9c6ebb50d0698a8589b38d5fb713653865915301	ignored
notes/rewrite/fork-syscall-rewrite/14-stage-runtime/.design/03-design.v1.md	3479	1788587075	5a8f396174448d5abde44890a6e74ff7a4b1283f4cec86ae6a79861f42fbf1b4	ignored
notes/rewrite/fork-syscall-rewrite/14-stage-runtime/.design/03-outline-review.v1.md	1045	1788587075	76f2f62b1c645a9aff74d42b03a4b120658c2a49baa994f451aef68170c35837	ignored
notes/rewrite/fork-syscall-rewrite/14-stage-runtime/.design/03-outline.v1.md	2789	1788587075	253c35302747238eb5f08d44854f6da7f756d75b3cc00f2825fc1c4bca22e1ec	ignored
notes/rewrite/fork-syscall-rewrite/14-stage-runtime/.design/04-design.v1.md	3375	1788588975	169b468efe72d181c15639cfdf392c88f2b662bdd08f6fa329b1de46b29b91e3	ignored
notes/rewrite/fork-syscall-rewrite/14-stage-runtime/.design/04-outline-review.v1.md	999	1788588975	03a044981cc06c115e9e28e470b67723a57f6821734b0d9554b35153fc61b324	ignored
notes/rewrite/fork-syscall-rewrite/14-stage-runtime/.design/04-outline.v1.md	2809	1788588975	5b831bef5bccb32a6369c4cc0b1585681c995fa42b82bd9466daf0ca72b9b789	ignored
notes/rewrite/fork-syscall-rewrite/14-stage-runtime/.design/05-design.v1.md	2348	1788588985	cda9d2e3f208974411d138f8e834f84c1c02b24399516cd1812b2e31aa32100c	ignored
notes/rewrite/fork-syscall-rewrite/14-stage-runtime/.design/05-outline-review.v1.md	933	1788588985	d7670c69e42760d8712226ac4d11c8149348d5c75732617885bfab83580f1d26	ignored
notes/rewrite/fork-syscall-rewrite/14-stage-runtime/.design/05-outline.v1.md	2401	1788588985	dfdf3a069bfaaddd91cc3bf0d61e1e4e341484910db5275efa297b59c8713fdb	ignored
notes/rewrite/fork-syscall-rewrite/14-stage-runtime/.design/06-design.v1.md	2873	1788588996	868d911e523cf91c2404c4556ea7c22549ad116051b67a99f62585d9ab7d4327	ignored
notes/rewrite/fork-syscall-rewrite/14-stage-runtime/.design/06-outline-review.v1.md	991	1788588996	cb72b993880cfdbef1df4b47ce81ba99bac1b08d7ec52b78d05f0769fca0f50e	ignored
notes/rewrite/fork-syscall-rewrite/14-stage-runtime/.design/06-outline.v1.md	2513	1788588996	64a7bb8b0581027e711bc7b6a05ee0751bac9624589f06e1380352a5851a4748	ignored
notes/rewrite/fork-syscall-rewrite/14-stage-runtime/.design/07-design.v1.md	2203	1788590315	42783bb3d6822a49d33b9617d4144143adefb100d8f38db62551dfd70113babe	ignored
notes/rewrite/fork-syscall-rewrite/14-stage-runtime/.design/07-outline-review.v1.md	958	1788590315	3aa8cad6e9e51a4868adedf4262e885abfc6415e09f846de32a3673cd3bedb0f	ignored
notes/rewrite/fork-syscall-rewrite/14-stage-runtime/.design/07-outline.v1.md	2474	1788590315	72443dd19fb5b72f71de2cf819bd8ca8ebfdb6f5b14625dc8c614b592fd261c9	ignored
notes/rewrite/fork-syscall-rewrite/14-stage-runtime/.design/08-design.v1.md	2489	1788590326	b25cdf41a49214ea234c69734506eb1a4958c2dc9d6ae7b9ba876f73317aceb6	ignored
notes/rewrite/fork-syscall-rewrite/14-stage-runtime/.design/08-outline-review.v1.md	931	1788590326	6cbc7f8ae94026bb358442123c9ca8f9fb720ad55d3ba6b9796f391b97b0feb2	ignored
notes/rewrite/fork-syscall-rewrite/14-stage-runtime/.design/08-outline.v1.md	2325	1788590326	1b684946932e925c8c114112cc448b4ddf2f6d8810ea3d7a38819c69eaf05dc9	ignored
notes/rewrite/fork-syscall-rewrite/14-stage-runtime/.design/09-design.v1.md	2204	1788590342	f43ac63b3771b77bc29c85f390dd1e744b24a6a558622311a51ce228ddee0430	ignored
notes/rewrite/fork-syscall-rewrite/14-stage-runtime/.design/09-outline-review.v1.md	947	1788590335	24f045532f19e514b0e815459305289d86212c90232349d2f086dac02e467d7d	ignored
notes/rewrite/fork-syscall-rewrite/14-stage-runtime/.design/09-outline.v1.md	2258	1788590335	487b85cc264f6e5b84d950f5bf03cb15dea6ec7d244e013e928d2fb6bd8fc492	ignored
notes/rewrite/fork-syscall-rewrite/14-stage-runtime/.design/10-design.v1.md	1873	1788591190	2cfcb51a83639f4cb1ea748c61bd31744c44b1d03cbed6fa51171066895ef7a0	ignored
notes/rewrite/fork-syscall-rewrite/14-stage-runtime/.design/10-outline-review.v1.md	960	1788591190	e5f957eaa1d2dff7cb811aacfff01a21cba2d9eb553f28fe252e9bb0dd33600d	ignored
notes/rewrite/fork-syscall-rewrite/14-stage-runtime/.design/10-outline.v1.md	2199	1788591190	dd79296fa8e06f21a19f674ace11dc58c6624bcb0ce41f2e98d7e4b90bff9ae4	ignored
notes/rewrite/fork-syscall-rewrite/14-stage-runtime/.design/11-design.v1.md	2309	1788591199	2d79f9cfb94ec6294d8719531f97ae3fa885a35987084939ad41d11f7d3c605b	ignored
notes/rewrite/fork-syscall-rewrite/14-stage-runtime/.design/11-outline-review.v1.md	956	1788591199	8bb1d6d80d448a9985dfa9dbb9ccd011cc090d35044e106aa0f56f854aa75a68	ignored
notes/rewrite/fork-syscall-rewrite/14-stage-runtime/.design/11-outline.v1.md	2177	1788591209	c16a1337532f40b4d40cf99dea7928467a6412b30b7b1818bfb1adc8f2cac30e	ignored
notes/rewrite/fork-syscall-rewrite/14-stage-runtime/.design/12-design.v1.md	1772	1788591209	28b8197cff6528edb4e0501720bf9ddc7dc52383b0a104f1187298806de09be2	ignored
notes/rewrite/fork-syscall-rewrite/14-stage-runtime/.design/12-outline-review.v1.md	882	1788591209	bc0df5fa307b01bd250571c8ed0f1b1a310b434771eb5e1332edf2609155e063	ignored
notes/rewrite/fork-syscall-rewrite/14-stage-runtime/.design/12-outline.v1.md	2000	1788591209	07c855d1abd35c04d7d074b668738012a36b363033db4cc4b11c3d40a20c9906	ignored
notes/rewrite/fork-syscall-rewrite/14-stage-runtime/.design/13-design.v1.md	1821	1788591219	d3922116b3dda8a657ac0c665bc1f556842ac927a5100c96b9a01ad58ffd8dd2	ignored
notes/rewrite/fork-syscall-rewrite/14-stage-runtime/.design/13-outline-review.v1.md	958	1788591219	3b5eaef2d61599ea3e6ad09da91eeeade93b4aa61bb907bddf2c200a82d5fbb5	ignored
notes/rewrite/fork-syscall-rewrite/14-stage-runtime/.design/13-outline.v1.md	1956	1788591219	88713f3405c8c304537cc6052f89e0f3950e0163c18675929e3c3487d7f700c9	ignored
notes/rewrite/fork-syscall-rewrite/14-stage-runtime/.design/99-design.v1.md	702	1789591884	bd74848d0c0c6edd4a08e24ecdb21ce6adc0ad39c1aaa261a674be20dfe8719c	ignored
notes/rewrite/fork-syscall-rewrite/14-stage-runtime/.design/99-outline.v1.md	780	1789591884	b50fe2cd28a2ae254f09dbde56f5dbefffc36cc8af02293d69ffbd7aacb795ba	ignored
notes/rewrite/fork-syscall-rewrite/14-stage-runtime/draft/README.md	957	1786888452	1a75616c9ee891e24ce1108666763262f5f24403608782b649995fb588ef0315	tracked
notes/rewrite/fork-syscall-rewrite/15-stage-fs/00-fs-overview.md	4524	1789840671	5572827b6f989c6a61ed1b7947f958a0f4f3d399544a1ce6a04d2787373f3865	tracked
notes/rewrite/fork-syscall-rewrite/15-stage-fs/01-fsdriver-task.md	36476	1789741149	b05831e81cbab92107c81f2d58af84773e4f7ddba8a660bafae2be7b5c8400c3	tracked
notes/rewrite/fork-syscall-rewrite/15-stage-fs/02-fsdriver-call.md	25650	1789741149	d88445f714f13d33abaf1edbd60131088a3b65a9eb6ca29967630a068bc88065	tracked
notes/rewrite/fork-syscall-rewrite/15-stage-fs/03-fsdriver-utility.md	23791	1789741149	81f9f384e54c816b59eb4651ba16ead0b447ed46af85643c8bf1f4fabde68f33	tracked
notes/rewrite/fork-syscall-rewrite/15-stage-fs/04-block-cache.md	33978	1789818322	180cc2f080c0c604d1ba8dd2b40646460816646329652c3f2a8c4910a96e9017	tracked
notes/rewrite/fork-syscall-rewrite/15-stage-fs/05-block-io.md	18635	1789760023	df823fb21d6cd70719b80eeb6d20d50fd306a07f8f8bb48d42cc6fb48d9afe8c	tracked
notes/rewrite/fork-syscall-rewrite/15-stage-fs/06-pfs.md	20377	1789741149	5c3e6ba73f4e423a4fee2e50b556c0ef49e9066b7a98e95094e18681b1489e5e	tracked
notes/rewrite/fork-syscall-rewrite/15-stage-fs/07-mfs-init-main.md	20826	1789817825	0f8609d9912298b7a01edc163a18c2394460eb361ddd2ec971aba6a2db85ce6c	tracked
notes/rewrite/fork-syscall-rewrite/15-stage-fs/08-mfs-super.md	19147	1789741149	5e05a8feab4a03264da6f64f9c6e54de456de94bca377b31eb319c0b83596c7a	tracked
notes/rewrite/fork-syscall-rewrite/15-stage-fs/09-mfs-inode.md	17858	1789741149	ceb5e053de5160304bb35ea17cd2b62f1dda6c6473e23993c030a14159ff8ccd	tracked
notes/rewrite/fork-syscall-rewrite/15-stage-fs/10-mfs-mount.md	13772	1789817825	13a8df1e67538f8db10218a661ae25dba06ad8089c9566b1dae7cb683a4a5b5a	tracked
notes/rewrite/fork-syscall-rewrite/15-stage-fs/11-mfs-path.md	11803	1789741149	9b4c21587eaa0ca7a671b62b3aca036bb504e91539519886bc8525299f567f97	tracked
notes/rewrite/fork-syscall-rewrite/15-stage-fs/12-mfs-open.md	12787	1789741149	e0acd5293e1b370e85b54cb7631e2352fe09c38d01c17ea698533e437ef29927	tracked
notes/rewrite/fork-syscall-rewrite/15-stage-fs/13-mfs-link.md	30298	1789741149	6f4233e74ac1d5eace240eff18e6fd7e757c6d7fbfc00b35b8851b4865c17d2a	tracked
notes/rewrite/fork-syscall-rewrite/15-stage-fs/14-mfs-read.md	27648	1789817841	511f12559148ff7553a39482edc0239d52845678029a9cf4b223367a9858295a	tracked
notes/rewrite/fork-syscall-rewrite/15-stage-fs/15-mfs-write.md	20359	1789817841	07826a494376cc467cfc7ee14731fab18b54713b921d0d0379dbd6c2df83b4ad	tracked
notes/rewrite/fork-syscall-rewrite/15-stage-fs/16-mfs-metadata.md	19506	1789741149	11c3c603d0c0d334591eef55e3c3aafcf71b14988bd6dc435d561f0e0a466473	tracked
notes/rewrite/fork-syscall-rewrite/15-stage-fs/17-mfs-maint.md	17113	1789741149	89efd1f2eda5490b0ab8614b411cdceffb30bce4b654d1edb6ef13a91c46f861	tracked
notes/rewrite/fork-syscall-rewrite/15-stage-fs/18-vtreefs.md	23920	1789741149	852eece64b02cbc27131253d89230d192edb08dae9fc85e6a66a337cc6591ce5	tracked
notes/rewrite/fork-syscall-rewrite/15-stage-fs/19-procfs.md	21323	1789741149	87848330df7b6dcafe5274d570efe230ee07764f348b4c531c496d413d07542a	tracked
notes/rewrite/fork-syscall-rewrite/15-stage-fs/20-ptyfs.md	15887	1789741149	c1b6ccf616c20a81a0ff219b581d8c15ca5814256e27e5753ef51769a9c006ef	tracked
notes/rewrite/fork-syscall-rewrite/15-stage-fs/21-ext2-init-mount.md	18293	1789741149	ae97458d7a067bdf30c9b0f3c12d162621d4664db0d328627d4d9e87616d44fb	tracked
notes/rewrite/fork-syscall-rewrite/15-stage-fs/22-ext2-namespace-data.md	13588	1789925485	be90abb4e895b8037863e48372e8a066fe1c9c45c2617f76e5778e017deb256e	tracked
notes/rewrite/fork-syscall-rewrite/15-stage-fs/23-isofs.md	14748	1789741149	9fbd775b999ba2f66048312dcab0249677d53f8a693b5c7485b8b0881feeab27	tracked
notes/rewrite/fork-syscall-rewrite/15-stage-fs/24-vbfs-hgfs.md	17904	1789741149	6f50fc0dc1cd3a70d3aa388bc477e9683ea91f7aee3d8383fae11a0f04f0937b	tracked
notes/rewrite/fork-syscall-rewrite/15-stage-fs/99-global-concepts.md	3866	1789840756	43ffee1d9704e71e05c288f718d1062dc469cd90efda8900bac4eb56815893f4	tracked
notes/rewrite/fork-syscall-rewrite/15-stage-fs/doc_rerank_deepseek.md	430806	1789833866	3ca5ea1f8ae1733d2925f78c2561eb840fea47ac1305e1c05c0f8efdc3836f26	tracked
notes/rewrite/fork-syscall-rewrite/15-stage-fs/doc_rerank_glm.md	57725	1789775756	4fa4211dd69cdae350d1c839adb7b191f21594b95f0bc24dec3e86049574bcde	tracked
notes/rewrite/fork-syscall-rewrite/15-stage-fs/doc_rerank_muse.md	46703	1789847754	4e0fcf83bb7a6a01ecf20f79a1f7ed45944c5631750ac70e107dd2c26177f97d	tracked
notes/rewrite/fork-syscall-rewrite/15-stage-fs/doc_rerank_qwen.md	104230	1789830276	c15aa44518d8d43edd44215a33e11375b35f20ed4c92554ce7cc655fdc72a526	tracked
notes/rewrite/fork-syscall-rewrite/15-stage-fs/plan.md	32686	1786890583	6381c6c5b6ff98befc8cbf91b84f60fcf8ca576d8b39be015bf72be1f2a03b4b	tracked
notes/rewrite/fork-syscall-rewrite/15-stage-fs/todo.md	55134	1789914403	83f3734c90ea532bc519e12489ab068525974057ec72495035efec66102f9fd0	tracked
notes/rewrite/fork-syscall-rewrite/15-stage-fs/.design/01-design.v1.md	2223	1788592405	e815989f2c0026afa97d6f3b2a2d10172f9517d2f9291233e2323a3b872ea415	ignored
notes/rewrite/fork-syscall-rewrite/15-stage-fs/.design/01-outline-review.v1.md	1271	1788592398	b36a6ffa99861f5d9718846e6df5acf4bb1054afac08f0ed2c828d8ad34b7793	ignored
notes/rewrite/fork-syscall-rewrite/15-stage-fs/.design/01-outline.v1.md	4277	1788592390	10270821d3ed530e2f24f99d875f76a2fc85ef3086b22a879cd41edc76f29095	ignored
notes/rewrite/fork-syscall-rewrite/15-stage-fs/.design/02-design.v1.md	1680	1788592478	edadd906c7f3c406c858e2485b0fc659bd8f9d5aac3672a5a0950c8ac636ed72	ignored
notes/rewrite/fork-syscall-rewrite/15-stage-fs/.design/02-outline-review.v1.md	762	1788592472	5c25663ada65487ac237330b0518913cb98ceb4e74c53d0db0344af53323f430	ignored
notes/rewrite/fork-syscall-rewrite/15-stage-fs/.design/02-outline.v1.md	3559	1788592468	08d4f95961c569d4f55c85937b9e5b42efb69a9b5ad79148f62d5b23db6c5c71	ignored
notes/rewrite/fork-syscall-rewrite/15-stage-fs/.design/03-design.v1.md	1797	1788592561	9f71f419c278ced45d9d41b4cffd77464dcff2ba2b10e5fb9a812fc4835f2e84	ignored
notes/rewrite/fork-syscall-rewrite/15-stage-fs/.design/03-outline-review.v1.md	660	1788592556	b6c16b4aed368f1bb79dfd6b7765acf8656a206f056c9b6151ef7cfd53e279c2	ignored
notes/rewrite/fork-syscall-rewrite/15-stage-fs/.design/03-outline.v1.md	2299	1788592550	efb5e594d8fca7ec87eae42321a1c0ce2d79536f4fee5b6f79abfbc6017a6f0a	ignored
notes/rewrite/fork-syscall-rewrite/15-stage-fs/.design/04-design.v1.md	1927	1788592705	0a228e2951d2d8137dbb66d2648df86e1f8a1f5ac638ffd1528eac2a76175c3a	ignored
notes/rewrite/fork-syscall-rewrite/15-stage-fs/.design/04-outline-review.v1.md	814	1788592698	4e781fcf357a770638e13b296bdb470ce8331c36cd444462ecf0443058f60ac1	ignored
notes/rewrite/fork-syscall-rewrite/15-stage-fs/.design/04-outline.v1.md	3283	1788592903	72888bb6056e7c81aff00a6c4f760e17b280dc87d3437e001f58fc41694a2a18	ignored
notes/rewrite/fork-syscall-rewrite/15-stage-fs/.design/05-design.v1.md	1281	1788594192	add263bbafd0741dc13523399fb5761c9cf13a34431c9240fb094bba61bc2431	ignored
notes/rewrite/fork-syscall-rewrite/15-stage-fs/.design/05-outline-review.v1.md	544	1788594192	24979947563bd0299bbe21673f7802883402f84ef40bc1be85f98f9e6cd18503	ignored
notes/rewrite/fork-syscall-rewrite/15-stage-fs/.design/05-outline.v1.md	1590	1788594184	d60b1df97329c490bcaba1ad203e5f306986e270f48399729a41681ca1183fdd	ignored
notes/rewrite/fork-syscall-rewrite/15-stage-fs/.design/06-design.v1.md	1365	1788594207	2354c9dd382be8867fce0f32d05ba91dade25715bf70ebdce1778a91eee0d703	ignored
notes/rewrite/fork-syscall-rewrite/15-stage-fs/.design/06-outline-review.v1.md	575	1788594207	bd56cc2605f4df1bb15563ce5f2d7e245da6a112aaa3af59b6f974803f157e69	ignored
notes/rewrite/fork-syscall-rewrite/15-stage-fs/.design/06-outline.v1.md	2423	1788594199	d95e5bdd5d5b581819672ed942f95f2bf1c24fcb26817285a4e8de1531c58761	ignored
notes/rewrite/fork-syscall-rewrite/15-stage-fs/.design/07-design.v1.md	1357	1788594219	26f65c705034a28c877ae284293c844dde68434d56a54763446fd2640140feed	ignored
notes/rewrite/fork-syscall-rewrite/15-stage-fs/.design/07-outline-review.v1.md	556	1788594219	d56786c30ee02e5b4a0f419eb02a176e0301eaf789543b798387144bfcaecb43	ignored
notes/rewrite/fork-syscall-rewrite/15-stage-fs/.design/07-outline.v1.md	1900	1788600542	ee5454c5a7064e6b4424fddfe01c07944cefd04e9bccd0296158eec0f61904d0	ignored
notes/rewrite/fork-syscall-rewrite/15-stage-fs/.design/08-design.v1.md	1348	1788594234	32bdb6d7db21339ae456d076ec242df3f5596cf27b397e547ef6ae896a7d0585	ignored
notes/rewrite/fork-syscall-rewrite/15-stage-fs/.design/08-outline-review.v1.md	557	1788594234	886e294d942d3e15f23665eb76f3eea112b3d4632b392dc77f72a2dfbb600b1e	ignored
notes/rewrite/fork-syscall-rewrite/15-stage-fs/.design/08-outline.v1.md	2133	1788594226	65758f74a90ecfd708c205a67614f89768451953fa4dcb72b1b4b8b85b0bdfa4	ignored
notes/rewrite/fork-syscall-rewrite/15-stage-fs/.design/09-design.v1.md	1059	1788600714	19dc03ba80d8d1c72c0d7519dcd04205c3b1f0ce23fb9b7d448270898649798f	ignored
notes/rewrite/fork-syscall-rewrite/15-stage-fs/.design/09-outline-review.v1.md	457	1788600714	51e1fb8757a0f6d8218bda3636acffff8d37dd920d7767aa26fdae8d9825fa0b	ignored
notes/rewrite/fork-syscall-rewrite/15-stage-fs/.design/09-outline.v1.md	2007	1788600714	bd56e191937a2dbe7e880d8ca052b65b86205cf671ef76fd5fdb65bd1c64ea8a	ignored
notes/rewrite/fork-syscall-rewrite/15-stage-fs/.design/10-design.v1.md	1200	1788600725	5b629736844e077ba1098d052eea25962a7f6b5d7ce43e73469a1de9d385c44a	ignored
notes/rewrite/fork-syscall-rewrite/15-stage-fs/.design/10-outline-review.v1.md	424	1788600725	571ab5848f624a99743b709f6a2fd962b0acf8d1e51ed6a26d54e15db6a22b9f	ignored
notes/rewrite/fork-syscall-rewrite/15-stage-fs/.design/10-outline.v1.md	1524	1788600725	e0ec6a66d26ebb51b4197c4f6d201b38116ddcf7e72e11df9dfa419992f51bef	ignored
notes/rewrite/fork-syscall-rewrite/15-stage-fs/.design/11-design.v1.md	896	1788600733	b9ccf8a8641fd46ea6d60d3302f03258f1aa018934c50a7e82a7debd4eb56a69	ignored
notes/rewrite/fork-syscall-rewrite/15-stage-fs/.design/11-outline-review.v1.md	390	1788600733	78f21ea155831bc3d3027fddacbb6285dfef96fdc82a56ab51f041b6355855e3	ignored
notes/rewrite/fork-syscall-rewrite/15-stage-fs/.design/11-outline.v1.md	1260	1788600733	05aa5ce5da591c4d1be50a1c27d545c84897999a5e799fdecb0ecd89d5530ba5	ignored
notes/rewrite/fork-syscall-rewrite/15-stage-fs/.design/12-design.v1.md	1113	1788600743	703cbac88019600d9e6bbaf9ca63b4c01916d81b41a1e5e33273d0475a46ec46	ignored
notes/rewrite/fork-syscall-rewrite/15-stage-fs/.design/12-outline-review.v1.md	372	1788600743	de53ca2152a370e3f57c2e0e7b11e3e85d8a143221d6551039d21a5225d7e7b9	ignored
notes/rewrite/fork-syscall-rewrite/15-stage-fs/.design/12-outline.v1.md	1334	1788600743	bd11cf8422c28d16e554a9f3732af43410932417174faabfe0efa6e0ab37901f	ignored
notes/rewrite/fork-syscall-rewrite/15-stage-fs/.design/13-design.v1.md	1917	1788603302	0827ce49c128e96fc92ddfdcc54729ea7be378c23135cd7fc8fde9f7ebc7361b	ignored
notes/rewrite/fork-syscall-rewrite/15-stage-fs/.design/13-outline-review.v1.md	1497	1788603276	362bd78f90e54654fdfd7579494af6e0d58c8d3f9224fbaafe07c8e0f4084650	ignored
notes/rewrite/fork-syscall-rewrite/15-stage-fs/.design/13-outline.v1.md	5366	1788603270	083c81de79df169b9f6efe35cc3040266cfe73a392f89f43924a6f0e7b21a480	ignored
notes/rewrite/fork-syscall-rewrite/15-stage-fs/.design/14-design.v1.md	1547	1788603322	ce2d75792913320fa3d80344db30528ebffda167d1d25fdd9739b10f6306c8a7	ignored
notes/rewrite/fork-syscall-rewrite/15-stage-fs/.design/14-outline-review.v1.md	1192	1788603317	e7609f0a0b1dc5199484cab8279c426d948969b15a5d5c2ea29c568c73ea7e45	ignored
notes/rewrite/fork-syscall-rewrite/15-stage-fs/.design/14-outline.v1.md	4439	1788603312	9628b6189778d45502e744929a0cd2485103449f155f570d7ac927b2a21de215	ignored
notes/rewrite/fork-syscall-rewrite/15-stage-fs/.design/15-design.v1.md	1221	1788603341	c11f7ab0c9c728be0561fb38304e4b719b2b7a820bd2aef551f6ded77ae471d0	ignored
notes/rewrite/fork-syscall-rewrite/15-stage-fs/.design/15-outline-review.v1.md	1074	1788603337	0f7a98d860fcc14de4922eb0369093fb001c23a9680d3ed5fdab47a00c914f7e	ignored
notes/rewrite/fork-syscall-rewrite/15-stage-fs/.design/15-outline.v1.md	3722	1788603329	ea7b85636a8bea6a6f5e1b7d29d09578b97ce41a4a4445278c003750ff8f33fe	ignored
notes/rewrite/fork-syscall-rewrite/15-stage-fs/.design/16-design.v1.md	1663	1788603358	c0d1a4e568cfa9bc98647cc4221eac89022baff0ad3935194864ee99d9d3dd1c	ignored
notes/rewrite/fork-syscall-rewrite/15-stage-fs/.design/16-outline-review.v1.md	1145	1788603353	aa555d8ba3caed083a27f854813fd5a66d60ad89f1d4f5e2dc657ae7409ccc3c	ignored
notes/rewrite/fork-syscall-rewrite/15-stage-fs/.design/16-outline.v1.md	4293	1788603349	aae960e51ea4513c08234f6a305b28941b18956cdb5b4de497eb32a257a29bad	ignored
notes/rewrite/fork-syscall-rewrite/15-stage-fs/.design/17-design.v1.md	1250	1788604993	665d18bd669ea8a921816f158817152eb0ae8ac4fb96783ff36be7334c790aba	ignored
notes/rewrite/fork-syscall-rewrite/15-stage-fs/.design/17-outline-review.v1.md	958	1788604989	008185216a766ccc956d91a2b9471dff8e80d03ce592cfefa62ba4e592b4ffac	ignored
notes/rewrite/fork-syscall-rewrite/15-stage-fs/.design/17-outline.v1.md	3918	1788604984	0054cff803ed7250db1b485063068d9c7fc8f552a910bb25aac15b2b7dcfc0b2	ignored
notes/rewrite/fork-syscall-rewrite/15-stage-fs/.design/18-design.v1.md	1456	1788605015	9882c7c4a8d939b769f6c02ec320ce97512e40f4f4f92628bbf4aac6650e16cb	ignored
notes/rewrite/fork-syscall-rewrite/15-stage-fs/.design/18-outline-review.v1.md	1089	1788605009	a4005e5b7c3252303bb837c5816e25273033071472ed935ec3103f000c7267b1	ignored
notes/rewrite/fork-syscall-rewrite/15-stage-fs/.design/18-outline.v1.md	5222	1788605004	f3f3959ede16c9b73cbcd5cb0dbe13baa65f93399de50c336d47e44bb88400a2	ignored
notes/rewrite/fork-syscall-rewrite/15-stage-fs/.design/19-design.v1.md	1381	1788605034	c94f4c37a5166acf3db97ec20056892037d58b588d81add9b54aafc26486cdb4	ignored
notes/rewrite/fork-syscall-rewrite/15-stage-fs/.design/19-outline-review.v1.md	1013	1788605029	85e7c5995ab207f12fe8787942263325f8affdce83c98a0ce2dabfba9b729687	ignored
notes/rewrite/fork-syscall-rewrite/15-stage-fs/.design/19-outline.v1.md	4678	1788605025	81e66b7da515075087dc1746293cc25e985c3a1e52eb7ded6dbce543f4ce1a8e	ignored
notes/rewrite/fork-syscall-rewrite/15-stage-fs/.design/20-design.v1.md	1583	1788605054	b402a72db2ffa32601c536eb70b0e398e9563af53922be47510e09ae269c9fd5	ignored
notes/rewrite/fork-syscall-rewrite/15-stage-fs/.design/20-outline-review.v1.md	961	1788605048	c3d9fd452faa9a8c69912bb264454dab1040ca04c8c313b7572621a60af0a804	ignored
notes/rewrite/fork-syscall-rewrite/15-stage-fs/.design/20-outline.v1.md	4145	1788605044	831aafbf82d577c82e3ec704a81e66c9285475e2ebb395c2232d25ba21629f23	ignored
notes/rewrite/fork-syscall-rewrite/15-stage-fs/.design/21-design.v1.md	1534	1788605948	e5b364b107acec96764d0bff13ba56ecd7c717d5b6ad22bd64969d7a280b152f	ignored
notes/rewrite/fork-syscall-rewrite/15-stage-fs/.design/21-outline-review.v1.md	916	1788605943	6f1b57e0c7bc3408e17dd4e895c2561db78f06b9559a77e7aec4eb8f562cf1a7	ignored
notes/rewrite/fork-syscall-rewrite/15-stage-fs/.design/21-outline.v1.md	3802	1788605939	e45335f1e741dd4f68726363143ef2530054b5be2321187a97168f4164945b43	ignored
notes/rewrite/fork-syscall-rewrite/15-stage-fs/.design/22-design.v1.md	1077	1788605965	948396d9c152adffb3ff6abd1daf1ea856e80eee3be99c0d82d981ed9b81a0ba	ignored
notes/rewrite/fork-syscall-rewrite/15-stage-fs/.design/22-outline-review.v1.md	943	1788605960	3d4f0ec3174cd0a3d54391d1afb1d03306ddf667fb91bdada73165f36c44ec19	ignored
notes/rewrite/fork-syscall-rewrite/15-stage-fs/.design/22-outline.v1.md	3201	1788605955	d950bf7d427d2db8cb4fdaf9bcca81ed7062182e96a2a005691684786bb19230	ignored
notes/rewrite/fork-syscall-rewrite/15-stage-fs/.design/23-design.v1.md	1254	1788605995	0202f90f1addc5eeafd3e5857aaa5c5e010cea9786630169a7263d217d1549b2	ignored
notes/rewrite/fork-syscall-rewrite/15-stage-fs/.design/23-outline-review.v1.md	947	1788605990	49b1ef3a8243d6ed1db0d337c32bc27e61dbef15e6e0909c813f11f8bc297fa4	ignored
notes/rewrite/fork-syscall-rewrite/15-stage-fs/.design/23-outline.v1.md	3668	1788605972	138792dd631a48873cd3ae176d1ee27b5a17b515964f56b22642bd8b4718d53f	ignored
notes/rewrite/fork-syscall-rewrite/15-stage-fs/.design/24-design.v1.md	1567	1788606019	f0cdc61106d10c056419d54c5230ae25fc5792e1f16b1e911ba122f3f1491374	ignored
notes/rewrite/fork-syscall-rewrite/15-stage-fs/.design/24-outline-review.v1.md	972	1788606013	ac0c8ccff63db7418a5ea7a15333f972b70b0a9ac45c3f715d0f65af3834679b	ignored
notes/rewrite/fork-syscall-rewrite/15-stage-fs/.design/24-outline.v1.md	4107	1788606003	df1ca61d493e429ed2cca720fd2e67c83029cb353390604757ba0210f97db784	ignored
notes/rewrite/fork-syscall-rewrite/15-stage-fs/draft/README.md	665	1786888452	944ef026852054ba406f74fd98c23a2c42fb4f6fff8326f2088fc53072e897d9	tracked
notes/rewrite/fork-syscall-rewrite/16-stage-drivers/00-drivers-overview.md	4592	1789741150	7b1421c667f18506977d2e173746886efa74f84d7f59c6bc732d0f2fbeb5db33	tracked
notes/rewrite/fork-syscall-rewrite/16-stage-drivers/01-chardriver-framework.md	29241	1789758331	b682b84fd3ef367fea1f0e0cbd94286c666fecb698684a48fb40c9c2a4773322	tracked
notes/rewrite/fork-syscall-rewrite/16-stage-drivers/02-blockdriver-framework.md	23718	1789741150	53394b0048a85907111f58edab3a5652a580d2b1e0c172925a82834916f8a776	tracked
notes/rewrite/fork-syscall-rewrite/16-stage-drivers/03-netdriver-framework.md	22149	1789741150	9a752f10049ab30ffe8fcf0c375b57d0453f83ab8fe5b86e723c1b36f2418f96	tracked
notes/rewrite/fork-syscall-rewrite/16-stage-drivers/04-bdev-client.md	21965	1789741150	c58bc37eb99d4566ca15627811cf4f1d935877020ff5ace63e12e82e0b007981	tracked
notes/rewrite/fork-syscall-rewrite/16-stage-drivers/05-memory-driver.md	25738	1789920617	55d6dbe428a72f07f8ec16f592b59ff9113f8b7ecfea6278b53aabfd5edf2f47	tracked
notes/rewrite/fork-syscall-rewrite/16-stage-drivers/06-tty-driver.md	32523	1789937915	faaf14523b3608a96d834f7cad4237dc36823ae04c56f7a6ca12ad110cb9438e	tracked
notes/rewrite/fork-syscall-rewrite/16-stage-drivers/07-pty-driver.md	18706	1789741150	46ef3e6892fda516e4e6e87aa9758bce838ecbe5f4804948e49b10cffcebdc80	tracked
notes/rewrite/fork-syscall-rewrite/16-stage-drivers/08-log-driver.md	20154	1789741150	32c0fa7e92f917f55e04770070f9f9586fa555eeac1fe1e858257f05739f318d	tracked
notes/rewrite/fork-syscall-rewrite/16-stage-drivers/09-random-driver.md	18756	1789741150	ab296ca1ec14db2a1fb8e01cf430777a479de2a0063d9ced74f57ee101c13df9	tracked
notes/rewrite/fork-syscall-rewrite/16-stage-drivers/10-readclock-driver.md	17287	1789741150	cf291074f9a79d92465b781d5585c189b96d10e1bc65e5dc70aef3923c457491	tracked
notes/rewrite/fork-syscall-rewrite/16-stage-drivers/11-pci-driver.md	18317	1789741150	8ce6844b771998f766be802ffab31188c89738488086c4d5d58d3b25f4b439be	tracked
notes/rewrite/fork-syscall-rewrite/16-stage-drivers/12-gpio-devman.md	17049	1789741150	9c0cc1335150da7f19922bff18dae569ab41ac574373ca7a0ba3d7ccad6bc3c0	tracked
notes/rewrite/fork-syscall-rewrite/16-stage-drivers/13-pckbd-driver.md	22757	1789893132	9d591f6d61d350de4b08b270a556ef6b2fc47adcb209cc0b048df49706f6525f	tracked
notes/rewrite/fork-syscall-rewrite/16-stage-drivers/14-virtio-framework.md	15357	1789741150	b8bf20027077fe432f587d70068b1b111b02f9a5255ed37405710978608580c8	tracked
notes/rewrite/fork-syscall-rewrite/16-stage-drivers/15-virtio-blk-driver.md	11978	1789741150	9dcc50cc4e9816e49019b40f8b887a5c4c4640a3ad3b09219351dd316602b909	tracked
notes/rewrite/fork-syscall-rewrite/16-stage-drivers/16-ahci-ata-driver.md	15618	1789741150	18c5482563a32e710e0bf955c17ade1989b62d01d14e5ce5cff4a11d535eaca7	tracked
notes/rewrite/fork-syscall-rewrite/16-stage-drivers/17-storage-misc-driver.md	26136	1789741150	b1cd11ebc882a7e65461f5a41c3d48d97d7eee339f2516f0e0a0231a5abce647	tracked
notes/rewrite/fork-syscall-rewrite/16-stage-drivers/18-usb-framework.md	15668	1789741150	8018dff7c6cd711d3419d0d88476e30e706452fb4878c2abcfa14a381501d4eb	tracked
notes/rewrite/fork-syscall-rewrite/16-stage-drivers/19-usb-storage-hub.md	17325	1789741150	5080e1f3d618db8e0f4c0b1eee2848d326df52f6f93798fa2a05f02ffb704bd4	tracked
notes/rewrite/fork-syscall-rewrite/16-stage-drivers/20-fb-driver.md	17325	1789741150	fd5a1a86c66d1ba160a5e7fdd116699ea7e72a4db2e9dd847ec66abfd9ccda27	tracked
notes/rewrite/fork-syscall-rewrite/16-stage-drivers/21-audio-drivers.md	15479	1789741150	91d36e3442b95a3722693085092badeaef4f8db35c1035a9429db6a102e211d8	tracked
notes/rewrite/fork-syscall-rewrite/16-stage-drivers/22-net-driver-reference.md	14711	1789741150	d9bcf6a000fe3476f304be4f1a5294f04b46a3c6e442df780dc9b1d17f9a615d	tracked
notes/rewrite/fork-syscall-rewrite/16-stage-drivers/23-net-driver-variants.md	13394	1789741150	0adf3390db1966ff3002b144ad3847c9ac1f5fdc936f4383ff5f158a8bb99a7f	tracked
notes/rewrite/fork-syscall-rewrite/16-stage-drivers/24-misc-drivers.md	15796	1789741150	f1ac8dd1c972ad410a07a40dcd32392f436b9ed001429ca56f173a7f6b6e5080	tracked
notes/rewrite/fork-syscall-rewrite/16-stage-drivers/25-dma-memory-contract.md	8585	1789754027	90b11c1881d5fa419cd3f8e15fbdff0d6e2bfff9dacdd9728b4879429bf6f028	tracked
notes/rewrite/fork-syscall-rewrite/16-stage-drivers/99-global-concepts.md	6995	1789741150	c01b0aa5929004a5bf6748aaac82816ae47f61e9924d353c03e68db386731ee9	tracked
notes/rewrite/fork-syscall-rewrite/16-stage-drivers/doc_rerank_deepseek.md	382703	1789829747	91a03d3ef91e0f2c041742d9136bde51ebccc7d148f90f7fd89d8ad50ca03bfc	tracked
notes/rewrite/fork-syscall-rewrite/16-stage-drivers/doc_rerank_glm.md	33172	1789775475	8f7c702e956d25dca9ea79f6146472bb2c673c1d0d1c359127a1971e6b8d8385	tracked
notes/rewrite/fork-syscall-rewrite/16-stage-drivers/doc_rerank_muse.md	45702	1789848809	8c5f4db90d67eedcb3a7c3822e8b709d4fb415e82d8801077b1d72a4fed06604	tracked
notes/rewrite/fork-syscall-rewrite/16-stage-drivers/doc_rerank_qwen.md	63612	1789828209	b4bc54f0677af36243bc0c8994e6dad374f22790501f0d0fde5ebba039a6af86	tracked
notes/rewrite/fork-syscall-rewrite/16-stage-drivers/plan.md	36885	1789659958	84568b97d9e3f5a8a8d44ca553a140ba60a29e4bc97f67f4dab978baf224320e	tracked
notes/rewrite/fork-syscall-rewrite/16-stage-drivers/todo.md	52855	1789914403	251506ee52bf9b54b41c8a8c35c94af685b74942a8eef302e742f9ca4a7f1b72	tracked
notes/rewrite/fork-syscall-rewrite/16-stage-drivers/.design/00-design.v1.md	991	1789606749	f51bd983ee40b8790177adcd45b15336f95d9aaa40e1631c11980555a5ea4d34	ignored
notes/rewrite/fork-syscall-rewrite/16-stage-drivers/.design/00-outline-review.v1.md	692	1789606749	0c17940116485227b7a69dfb13e021d207c8e90dd8028a5b7f88a3cfc898174f	ignored
notes/rewrite/fork-syscall-rewrite/16-stage-drivers/.design/00-outline.v1.md	1454	1789606749	0cc274d601713f4c99c922db1ed27094ffc85084661218ad990fde04a4002010	ignored
notes/rewrite/fork-syscall-rewrite/16-stage-drivers/.design/01-design.v1.md	2873	1788606720	001410ead1eac9a6f3045e826115817b491f95b15d9ab4aaad87c210226628b5	ignored
notes/rewrite/fork-syscall-rewrite/16-stage-drivers/.design/01-outline-review.v1.md	1102	1788606720	f77a1fa2142eeb140e49e01cf4377b5f6ea79f00aaf0f8dff88caa75c02113db	ignored
notes/rewrite/fork-syscall-rewrite/16-stage-drivers/.design/01-outline.v1.md	2355	1788606720	368c5a44fe398fdfbd6e8150443d81e13190b124dc943493c2a9fe40d66e72d0	ignored
notes/rewrite/fork-syscall-rewrite/16-stage-drivers/.design/02-design.v1.md	2097	1788606982	562e8dd0c73bb969ce75afe5d4786e3b3e88fe9b80ae10a53f0918e99fa36ba8	ignored
notes/rewrite/fork-syscall-rewrite/16-stage-drivers/.design/02-outline-review.v1.md	913	1788606982	6427e34af4995e9d51236d6fc181fcaba97f523bc32842d883a924bc14efb030	ignored
notes/rewrite/fork-syscall-rewrite/16-stage-drivers/.design/02-outline.v1.md	1476	1788606982	3ae9467b4bd38ac576945f009835e2ebd83428b2e5deeef564bc16a47d23f90c	ignored
notes/rewrite/fork-syscall-rewrite/16-stage-drivers/.design/03-design.v1.md	2001	1788607014	303feb7cd79eb8d4a35c909e7e415985f5745e46c62ffe7da48680a513ce9d07	ignored
notes/rewrite/fork-syscall-rewrite/16-stage-drivers/.design/03-outline-review.v1.md	841	1788607014	284726f11b465b477a31f19c49ed62daeb192e2c0c90e645a4a5b89d584db255	ignored
notes/rewrite/fork-syscall-rewrite/16-stage-drivers/.design/03-outline.v1.md	1438	1788607014	aa75c59c8adee435ecf6033c623f4c709204557e1b50d2a01e84114ecd5e8ed1	ignored
notes/rewrite/fork-syscall-rewrite/16-stage-drivers/.design/04-design.v1.md	2232	1788607054	28d8e2661216abe2f3f033230cfdeef8d93db74d4289cfe6ef657eb5170a4752	ignored
notes/rewrite/fork-syscall-rewrite/16-stage-drivers/.design/04-outline-review.v1.md	926	1788607054	be97131f14e47a4ac2e79aba1d5f37d05507fa59b8c636cf5045e7ba64827ca0	ignored
notes/rewrite/fork-syscall-rewrite/16-stage-drivers/.design/04-outline.v1.md	1428	1788607054	f7b9eadc9bf5a92053965154c7404c5eb223ffea71c6d3e0d44cebd74afab0bf	ignored
notes/rewrite/fork-syscall-rewrite/16-stage-drivers/.design/05-design.v1.md	1902	1788608649	2a501aebc90f2ef89676f899fca4df06fc489af9772cee327c914aaf77d00c10	ignored
notes/rewrite/fork-syscall-rewrite/16-stage-drivers/.design/05-outline-review.v1.md	807	1788608649	99a16c55c572f6b5cf42a145b87acd1b18a80c9cac3ad9675b2113903df42b43	ignored
notes/rewrite/fork-syscall-rewrite/16-stage-drivers/.design/05-outline.v1.md	1301	1788608649	38fe38856c2dd14af7d27ba28fa9d4ae797c42d225af7d982bd1167d4e4a8d7c	ignored
notes/rewrite/fork-syscall-rewrite/16-stage-drivers/.design/06-design.v1.md	1738	1788608840	19b74a159dacf257e581c14eb5ba0eac0f014bb6b67e0a12e6f5c0a36a8d0f70	ignored
notes/rewrite/fork-syscall-rewrite/16-stage-drivers/.design/06-outline-review.v1.md	766	1788608840	38a2b15aa91010e608d1977902cc0610c1486bbaf08aab96119cf14273babab9	ignored
notes/rewrite/fork-syscall-rewrite/16-stage-drivers/.design/06-outline.v1.md	1269	1788608840	6630191dd7140fa94577e468c67e9e5eb893fb40d27726fe729c1b3d9146ccd3	ignored
notes/rewrite/fork-syscall-rewrite/16-stage-drivers/.design/07-design.v1.md	1477	1788609011	18f2e2f26e9ff1659a02dde1003ea6f65cfc6c1a88e8eff48fd47df9150bbfc9	ignored
notes/rewrite/fork-syscall-rewrite/16-stage-drivers/.design/07-outline-review.v1.md	703	1788609011	d0968762928970fd131fa292f471d4375c8a67ac78ed4bb59ce5a9d4dd975ebe	ignored
notes/rewrite/fork-syscall-rewrite/16-stage-drivers/.design/07-outline.v1.md	1196	1788609011	a5f3f47140b968a748c1ffa9e0ad13b14c2238112b39b438e23a4f60c3a136b5	ignored
notes/rewrite/fork-syscall-rewrite/16-stage-drivers/.design/08-design.v1.md	1098	1788609129	f96bbff9c3cebd97ea4e5ae7f2103ef3de3d6cd04867c1f0040e4e34f8751db0	ignored
notes/rewrite/fork-syscall-rewrite/16-stage-drivers/.design/08-outline-review.v1.md	742	1788609129	209525b3e5ce68b8306328e0bd93f2572650591587cc0fc43de02ac0691ccef6	ignored
notes/rewrite/fork-syscall-rewrite/16-stage-drivers/.design/08-outline.v1.md	1132	1788609129	ef720f802840716c11a62c0ced86fd1faa10ee187a3d8ae859ac365edf71ba50	ignored
notes/rewrite/fork-syscall-rewrite/16-stage-drivers/.design/09-design.v1.md	1390	1788610279	bbf152e31efbe324bfa046007fd97cadc1751aa64ed34fe8d1ff6b40ce9976dc	ignored
notes/rewrite/fork-syscall-rewrite/16-stage-drivers/.design/09-outline-review.v1.md	664	1788610279	f882b94334c215503305bdb3e094976c22b1ffb82eda52514912af1e2eee4a65	ignored
notes/rewrite/fork-syscall-rewrite/16-stage-drivers/.design/09-outline.v1.md	1142	1788610279	b18a5e4ccd07f61171fb824061a3d951dc5114f87fc056aceeb08dfa776fe663	ignored
notes/rewrite/fork-syscall-rewrite/16-stage-drivers/.design/10-design.v1.md	1253	1788610399	74a643e904f54229e716b57082f5e742fe5df6d90df86df68b12b300bea6acc9	ignored
notes/rewrite/fork-syscall-rewrite/16-stage-drivers/.design/10-outline-review.v1.md	676	1788610399	d996abc07213445121b6f5a58b29750b407fb9b839034bf39c12838d0287032a	ignored
notes/rewrite/fork-syscall-rewrite/16-stage-drivers/.design/10-outline.v1.md	1141	1788610399	72adc3ae8a012faa0e06483fb58e4b1c72ed19a8e711556aae376f42014de6f3	ignored
notes/rewrite/fork-syscall-rewrite/16-stage-drivers/.design/11-design.v1.md	1209	1788610591	dc00bfd382ec4e4989629ea02c961d21b5530ec22ef5d23e7d25bb06447e19cc	ignored
notes/rewrite/fork-syscall-rewrite/16-stage-drivers/.design/11-outline-review.v1.md	664	1788610591	fa27ab89bfff92f8893fb31d6f7728297ccf3a1fa60ffd9b754d4e63138fa7ee	ignored
notes/rewrite/fork-syscall-rewrite/16-stage-drivers/.design/11-outline.v1.md	1125	1788610591	bcbbd48e7ec99bf9ce39370c4a5dd155307cba40c8f8c1870b304a31eb97e730	ignored
notes/rewrite/fork-syscall-rewrite/16-stage-drivers/.design/12-design.v1.md	1345	1788610766	09bdbf1b2ab15cf028be90d18213c50464f30e7ca4969261a10a1ba2cad09982	ignored
notes/rewrite/fork-syscall-rewrite/16-stage-drivers/.design/12-outline-review.v1.md	694	1788610766	9a0852e6c2b9c37e443d1496436d82b34fc360faaeacf128e2ebd00545ca0a94	ignored
notes/rewrite/fork-syscall-rewrite/16-stage-drivers/.design/12-outline.v1.md	1044	1788610766	d057ce088c9db80bd417164db2250f8679382e104e19f7bf5a9ae889ee55d961	ignored
notes/rewrite/fork-syscall-rewrite/16-stage-drivers/.design/13-design.v1.md	1187	1788612459	c37fa05927e63b41f0398d119f13c1649ee679cfa4bd3808023e649cfe464ca5	ignored
notes/rewrite/fork-syscall-rewrite/16-stage-drivers/.design/13-outline-review.v1.md	655	1788612459	09210f2676740ebb94d5546f010c324296458637f4600537d4b375cfed84c245	ignored
notes/rewrite/fork-syscall-rewrite/16-stage-drivers/.design/13-outline.v1.md	1086	1788612459	374d5510a1d70091db6dd5c615faf189868f83b49c13f3adfea1adb305c50664	ignored
notes/rewrite/fork-syscall-rewrite/16-stage-drivers/.design/14-design.v1.md	1097	1788614081	adf5f72fe61cf007f42d47116e474c378a71404df19010fc59e211f6d9c5796e	ignored
notes/rewrite/fork-syscall-rewrite/16-stage-drivers/.design/14-outline-review.v1.md	646	1788614081	64111d47a6769b3ba649ee9ad4f6b46e92b92d90e77e2b8fbac1648b140d5ac2	ignored
notes/rewrite/fork-syscall-rewrite/16-stage-drivers/.design/14-outline.v1.md	1065	1788614081	f0d0596a2c28508f9d41d43f916e8b45c0d8ec257de63288c9ba4d94f2ccddd1	ignored
notes/rewrite/fork-syscall-rewrite/16-stage-drivers/.design/15-design.v1.md	931	1788614171	c8652772207906efd1ff4c7e6b5c431ac6d7868d3896500b28b29fc6fe93b72d	ignored
notes/rewrite/fork-syscall-rewrite/16-stage-drivers/.design/15-outline-review.v1.md	649	1788614171	0a8a3aea6cc2dca0e3d373f531128ac56adda0b2e681b1084678a8efcbcea7e0	ignored
notes/rewrite/fork-syscall-rewrite/16-stage-drivers/.design/15-outline.v1.md	1008	1788614171	7d2de3a5c1cb811b70cb624825eb451306421e4a2ebf16c99ff74f4c078ae58a	ignored
notes/rewrite/fork-syscall-rewrite/16-stage-drivers/.design/16-design.v1.md	1073	1788614383	d0f674ed66373a4c0b99c97f7da89d10b57305cbc41ff5d968c96b50b5bb8e39	ignored
notes/rewrite/fork-syscall-rewrite/16-stage-drivers/.design/16-outline-review.v1.md	667	1788614383	44cdf60f9d9327f90bc334cbd9eb963f665022f4a49e054c51c2277fe7c762b1	ignored
notes/rewrite/fork-syscall-rewrite/16-stage-drivers/.design/16-outline.v1.md	1143	1788614383	505f8d2a170b8a7e8bd23c0d1da4e55779ac547c992a71af6ba771e2b834635b	ignored
notes/rewrite/fork-syscall-rewrite/16-stage-drivers/.design/17-design.v1.md	1596	1788615655	4124607d05b2f628c6a2932fb51d5ec0a847f3709c087ee2bad95028155fa9f1	ignored
notes/rewrite/fork-syscall-rewrite/16-stage-drivers/.design/17-outline-review.v1.md	873	1788615655	56dd6ed510e838d9c2bb323274f0747812375b342d1fd96b1052ca29107569f9	ignored
notes/rewrite/fork-syscall-rewrite/16-stage-drivers/.design/17-outline.v1.md	1431	1788615655	42a68c85138c629d005199680cb10c4265ec6eaf11b7eb62e303323722be30f5	ignored
notes/rewrite/fork-syscall-rewrite/16-stage-drivers/.design/18-design.v1.md	1135	1788615661	b99671971ccaf7b8fc667d87fa3627c7b87c53d6eaecf719fe7d5d10369464e1	ignored
notes/rewrite/fork-syscall-rewrite/16-stage-drivers/.design/18-outline-review.v1.md	820	1788615661	6f8feefa4b1255f463a2e534dde8e5dd959e567284de5baa907b439b5bfd1490	ignored
notes/rewrite/fork-syscall-rewrite/16-stage-drivers/.design/18-outline.v1.md	1238	1788615661	7ee3417c4402d8a0878511242abd7570b10194b4a32166faf640fa93665a885b	ignored
notes/rewrite/fork-syscall-rewrite/16-stage-drivers/.design/19-design.v1.md	1230	1788615667	651d1a97af48cf55e093bfa1dd460dbb1e590b2033a85936e4fb004c46cbf2ea	ignored
notes/rewrite/fork-syscall-rewrite/16-stage-drivers/.design/19-outline-review.v1.md	805	1788615667	e5e5ba55d1fa5ab413c99b5da93a3df3b82a6ad8e7fdb5d4423b25499e28d231	ignored
notes/rewrite/fork-syscall-rewrite/16-stage-drivers/.design/19-outline.v1.md	1244	1788615667	2c15f94188aeb09fdea7e5cd19994db1a30c0bd0c8d53d11ef0cc738ea48257d	ignored
notes/rewrite/fork-syscall-rewrite/16-stage-drivers/.design/20-design.v1.md	1421	1788615673	94cea75f5e4145f7373dbf9c124477a0801c5f1e9c61a4320c78343be9655d59	ignored
notes/rewrite/fork-syscall-rewrite/16-stage-drivers/.design/20-outline-review.v1.md	832	1788615673	a7ce158193c39ba40ed18fd863653e6d60b9acb496ec80bca8a5f7cf054b7da3	ignored
notes/rewrite/fork-syscall-rewrite/16-stage-drivers/.design/20-outline.v1.md	1256	1788615673	79946708c14e2805a4ae7b9b18cf51ccd81b713bafec559b86e1cd8e7733878c	ignored
notes/rewrite/fork-syscall-rewrite/16-stage-drivers/.design/21-design.v1.md	1024	1788617022	4022c5aa849f4c0d1bca788d5aeeeac0ac3aae16ff346cbed30f9e44f12d92bb	ignored
notes/rewrite/fork-syscall-rewrite/16-stage-drivers/.design/21-outline-review.v1.md	814	1788617022	95988cb66bdf6977c6c1961ed59f9d3f41067a3c3b89944e0d836a2cd4e1fad8	ignored
notes/rewrite/fork-syscall-rewrite/16-stage-drivers/.design/21-outline.v1.md	1265	1788617022	5ac4f60cedb8d08f18a5f3f991f0950d054bc5fdaab1ee10f0fa738583958563	ignored
notes/rewrite/fork-syscall-rewrite/16-stage-drivers/.design/22-design.v1.md	1047	1788617028	a035cdbb40aa564e0ca0b244ea373e57d4e34fea7664ab32d857b16bc31fe6a8	ignored
notes/rewrite/fork-syscall-rewrite/16-stage-drivers/.design/22-outline-review.v1.md	799	1788617028	06d210a55db6254074b30f72c35890348a5322e3bcac41f37388f11d694ca611	ignored
notes/rewrite/fork-syscall-rewrite/16-stage-drivers/.design/22-outline.v1.md	1268	1788617028	ef60bfaf94a52715b6604ba6102877569f49e5914bbde9645931929b39bf4884	ignored
notes/rewrite/fork-syscall-rewrite/16-stage-drivers/.design/23-design.v1.md	985	1788617046	10a7a081c54e1c10b5039e1f4c1cdde1e212868f8a2618a013ff96f3d7851803	ignored
notes/rewrite/fork-syscall-rewrite/16-stage-drivers/.design/23-outline-review.v1.md	766	1788617046	85679f58da0252cb3c55e9a90210b7801f13dfde787d007c4f3db916952cb804	ignored
notes/rewrite/fork-syscall-rewrite/16-stage-drivers/.design/23-outline.v1.md	1193	1788617046	4df271ed5f891832a2557161e4f21bf1bc38cb6c043251992be2b1f1a84bd6fb	ignored
notes/rewrite/fork-syscall-rewrite/16-stage-drivers/.design/24-design.v1.md	1138	1788617053	0170d6608833693585f36961b5800654079a450bb049f164bb94e7b34297b521	ignored
notes/rewrite/fork-syscall-rewrite/16-stage-drivers/.design/24-outline-review.v1.md	793	1788617053	4afe5b86c0a09cf8f8d73839ae7db2b51962be5ccc4f49e0550771a3c9c2c4d6	ignored
notes/rewrite/fork-syscall-rewrite/16-stage-drivers/.design/24-outline.v1.md	1220	1788617053	ebd11257903cf24ca779550deaedf9b925767bc8e9525d6bcea6bbe9e6d4b917	ignored
notes/rewrite/fork-syscall-rewrite/16-stage-drivers/.design/99-design.v1.md	1048	1789606749	bbd157daac7c30deb94124acea9c951663975836a6972b07d5830e96d14d0e09	ignored
notes/rewrite/fork-syscall-rewrite/16-stage-drivers/.design/99-outline-review.v1.md	715	1789606749	5cca053dbf5a8499607391fa9dc3c1942a29ec8ed3795d161c8cf28f28eb567e	ignored
notes/rewrite/fork-syscall-rewrite/16-stage-drivers/.design/99-outline.v1.md	1144	1789606749	c7523daac4048e0cb16781f96713292158fce4eb9eebe217c8edd12fb6132076	ignored
notes/rewrite/fork-syscall-rewrite/16-stage-drivers/draft/README.md	774	1786888452	23a663138681f733ada5474f166d0dc4b21306f9cccd691e335d67a544a1a085	tracked
notes/rewrite/fork-syscall-rewrite/17-stage-net/00-net-overview.md	5607	1789741150	5c452a0e3b9dad82dacb98f3ad19a06da784eab6b6d1ca14dfba800cf23a00ba	tracked
notes/rewrite/fork-syscall-rewrite/17-stage-net/01-sockdriver-framework.md	17561	1789757738	8963834f2a855e64dee1df569e0068b0e745d74790150bf75f1d73b6ac72b117	tracked
notes/rewrite/fork-syscall-rewrite/17-stage-net/02-sockevent-framework.md	18900	1789741151	9d65423d6e77630effd9077fc577a2f8484f8c3643a36c33eb31a4fe7d93bd4c	tracked
notes/rewrite/fork-syscall-rewrite/17-stage-net/03-lwip-main-init.md	16344	1789859318	844133a6e0c29b2623f56b970defb9aaa121213778e3930b0bb973a14f2caf14	tracked
notes/rewrite/fork-syscall-rewrite/17-stage-net/04-lwip-mempool.md	13557	1789741151	ca86fff21de82f1ca6a97cceeeac06028830297256598e0448e150ce9b94f377	tracked
notes/rewrite/fork-syscall-rewrite/17-stage-net/05-lwip-util-addr.md	33538	1789741151	a556ef2161b6a3761b3443988692fd9448f49ff2e3dbe6d147f8726429af66f2	tracked
notes/rewrite/fork-syscall-rewrite/17-stage-net/06-lwip-ipsock.md	21226	1789741151	0eda813c8a886d6a9aad727384274c299c157e4db7e739ee759fd6ffc842eced	tracked
notes/rewrite/fork-syscall-rewrite/17-stage-net/07-lwip-pktsock.md	17205	1789741151	3f2f0eef1b1a9c590ea65a3df731b5967a5fbec6b97f42f3350583ee21524832	tracked
notes/rewrite/fork-syscall-rewrite/17-stage-net/08-lwip-tcpsock.md	18776	1789741151	42333492442c3dd9fa7fa686fe0064ca73de68bd2d95cba2375d9be3c74ad1a5	tracked
notes/rewrite/fork-syscall-rewrite/17-stage-net/09-lwip-udpsock.md	15471	1789741151	48aa606a73d6914edeffcf45168a8b1c3a7af49f09afe372d0c21ba72431d45d	tracked
notes/rewrite/fork-syscall-rewrite/17-stage-net/10-lwip-rawsock.md	15089	1789741151	57517674befd7b541a09d34b3ba04b503168e8385b3c8a88d8b005851489b32c	tracked
notes/rewrite/fork-syscall-rewrite/17-stage-net/11-lwip-lnksock.md	13963	1789862155	f9891db72d62d89e3cff25056b7b5405667647080247913d5a8327792f5bdf76	tracked
notes/rewrite/fork-syscall-rewrite/17-stage-net/12-lwip-mcast.md	16004	1789741151	8f16e7b2666ef980b70fe9879f4c5f54782e6cfab23e9362d5b151ca4218193c	tracked
notes/rewrite/fork-syscall-rewrite/17-stage-net/13-lwip-ndev.md	12899	1789741151	05329860280a8eba703b8c42b159a00cdc96a7e31144ee5575f0639a40b96f65	tracked
notes/rewrite/fork-syscall-rewrite/17-stage-net/14-lwip-ifdev.md	11166	1789741151	817c0ff6b0877cbd2d000de2ef56ee0424a4932103d2249d8a44b8f7dbc4c89e	tracked
notes/rewrite/fork-syscall-rewrite/17-stage-net/15-lwip-ethif.md	9146	1789741151	d16e1484a92b7fd73cb614c2a651c63a782315c44df7d683ce2c608f5a3239e2	tracked
notes/rewrite/fork-syscall-rewrite/17-stage-net/16-lwip-ifaddr.md	10105	1789741151	d719400661ee641b767ea7b5e1184906e6178ef06bd17475492ed40da6dccffe	tracked
notes/rewrite/fork-syscall-rewrite/17-stage-net/17-lwip-ifconf.md	10345	1789741151	1149e660b74a6122249db449a99892438c63ce81742ccbd7a80fb6b7eefc29f5	tracked
notes/rewrite/fork-syscall-rewrite/17-stage-net/18-lwip-bpfdev.md	10461	1789741151	2fb3e5051042fefe354ad4abf769d20f137bbbf4a63c9259c2f0c099278dfff3	tracked
notes/rewrite/fork-syscall-rewrite/17-stage-net/19-lwip-route.md	10648	1789741151	1062df66fe3dd96539d100038cc4b294437c20aba5088f501c9200588acd26be	tracked
notes/rewrite/fork-syscall-rewrite/17-stage-net/20-lwip-rtsock.md	13626	1789862147	13795e3897e1d74675ed129f90b13d646f922cd85acd4f758ae9463207397467	tracked
notes/rewrite/fork-syscall-rewrite/17-stage-net/21-uds-core.md	13004	1789741151	e5895d03dc4cf8774920d0fd9cf40a7b8acad43f6391e7af7bff732e82445cab	tracked
notes/rewrite/fork-syscall-rewrite/17-stage-net/22-uds-io.md	10552	1789741151	0b79b231111acd8061761af80e67d1b5a1f3bcce8b149bb58ac715d3f4ba4985	tracked
notes/rewrite/fork-syscall-rewrite/17-stage-net/23-libc-socket.md	9584	1789741151	49d53904d164cde0c83af74b7bdcb2dfc2a21155085c0eb60291b2909c95273a	tracked
notes/rewrite/fork-syscall-rewrite/17-stage-net/24-liblwip-port.md	15921	1789741151	cfe3aa181cd6729785aad58056ff0714e593d55f7948ec2d075ab6923dd557d2	tracked
notes/rewrite/fork-syscall-rewrite/17-stage-net/25-smoltcp-shim.md	13120	1789861911	8542f309a961833decf520986042704dbbc0ae2401f91a46cf3e519d7094a343	tracked
notes/rewrite/fork-syscall-rewrite/17-stage-net/99-net-global-concepts.md	7324	1789741151	a5eb00b2d6b8f4e7f530a669bb51b3dde1a26cb3a1a50b0c8468dd5eb3983f88	tracked
notes/rewrite/fork-syscall-rewrite/17-stage-net/doc_rerank_deepseek.md	272230	1789834085	a5a13db0307bc6e8d60286e5f7940c479f756124cbc8b9d36c8aec9814f611d2	tracked
notes/rewrite/fork-syscall-rewrite/17-stage-net/doc_rerank_glm.md	43570	1789776849	f44a505945357f3b6ddb9847e3128d61e207ff731f8a3ea8a11574af0a3b3222	tracked
notes/rewrite/fork-syscall-rewrite/17-stage-net/doc_rerank_muse.md	77547	1789850988	ac10b247d686445ae0bb1352c966b744fa6ae1fd4682d7bab79483921896c7e5	tracked
notes/rewrite/fork-syscall-rewrite/17-stage-net/doc_rerank_qwen.md	44011	1789827866	4591edaf24dd70f26edcc41a749ae9f419840a8bcdbfecf4502ba059c5ee7fbb	tracked
notes/rewrite/fork-syscall-rewrite/17-stage-net/plan.md	42905	1789604136	9fa544b2f298625e5ae5de0727aff7c597bf747af0bee96bb42f27c1499e692a	tracked
notes/rewrite/fork-syscall-rewrite/17-stage-net/todo.md	7572	1789604136	bb10f1eafcac3005bc49deadea540f9d8e59e4db59f34cd136c6e3bfc115ac35	tracked
notes/rewrite/fork-syscall-rewrite/17-stage-net/.design/01-design.v1.md	950	1788618608	ccbbabc4ffc84b64eddfbcd05fa9452d44aa6a132d8ccd9f3793f655806bff07	ignored
notes/rewrite/fork-syscall-rewrite/17-stage-net/.design/01-outline-review.v1.md	751	1788618608	dadb50997b7ef0b7f38f4740bca1e4d6570afd646fb2cb5e8e533c9f823d7175	ignored
notes/rewrite/fork-syscall-rewrite/17-stage-net/.design/01-outline.v1.md	1172	1788618608	60116fd0ced4af19ba03b8c72c656b66be297175a234bbe285bab48f95d076da	ignored
notes/rewrite/fork-syscall-rewrite/17-stage-net/.design/02-design.v1.md	903	1788618614	108436f834a605d67c4e9b47ea13c81f2ca009d895784e783fa62ee91fe75fb1	ignored
notes/rewrite/fork-syscall-rewrite/17-stage-net/.design/02-outline-review.v1.md	757	1788618614	e8b9b8754d08c8d901a2012eaa77256a725cb2f9d498ff17e87d859a2973766d	ignored
notes/rewrite/fork-syscall-rewrite/17-stage-net/.design/02-outline.v1.md	1166	1788618614	3ff93678bca18e271afc9b700e6a5adf706e88b578f1280ada61c3881c921a24	ignored
notes/rewrite/fork-syscall-rewrite/17-stage-net/.design/03-design.v1.md	879	1788618622	f5063a4b8ed8d17f5e86de8defd94a10049d3c1a9d8beb39d185765227813044	ignored
notes/rewrite/fork-syscall-rewrite/17-stage-net/.design/03-outline-review.v1.md	718	1788618622	12fcb466b56fb6f0fa1961f5e85e8a13c4cb831a04f3f92db553d5538d640c62	ignored
notes/rewrite/fork-syscall-rewrite/17-stage-net/.design/03-outline.v1.md	1123	1788618622	3734118a4a2edad1df2c5858c5998fa1bf228ae9c1532458ae09b411d250bdc9	ignored
notes/rewrite/fork-syscall-rewrite/17-stage-net/.design/04-design.v1.md	807	1788618628	7d7f8bdd440a830e8d2dde5a838a402f15fb0429c1d446933323cf06b61978f4	ignored
notes/rewrite/fork-syscall-rewrite/17-stage-net/.design/04-outline-review.v1.md	712	1788618628	e355e62b859f4f256dcaac77492c72748c1f15c45d21a3493b66623b85cf9d6c	ignored
notes/rewrite/fork-syscall-rewrite/17-stage-net/.design/04-outline.v1.md	1075	1788618628	e9ba9678b9fd2681a610e1b581d90a65ef59b1db12771fce56f0f2b5493621f1	ignored
notes/rewrite/fork-syscall-rewrite/17-stage-net/.design/05-design.v1.md	892	1788620127	9d2d52d1d9dd0bbf590d77fd693389f80ac687cf753ed558aaf06a918f630793	ignored
notes/rewrite/fork-syscall-rewrite/17-stage-net/.design/05-design.v2.md	3208	1788621188	a87de0d4aadd02021acd78ba1dd7767926e5ab56e75815bc2647404cbfa8150a	ignored
notes/rewrite/fork-syscall-rewrite/17-stage-net/.design/05-outline-review.v1.md	730	1788620127	8128363d5f8c59ddee572d6ec9884d73d8ca207e8b591310cf0c98b4b509e1b3	ignored
notes/rewrite/fork-syscall-rewrite/17-stage-net/.design/05-outline-review.v2.md	970	1788621181	273534334caa3def9b392e11d61bce420967ed4c813b1ce61fe0de7121a6dfd2	ignored
notes/rewrite/fork-syscall-rewrite/17-stage-net/.design/05-outline.v1.md	1142	1788620127	eeae859efb0d02a7bb30eb96e04ab424477ecb77047413f7eebb7e2e0238b8f5	ignored
notes/rewrite/fork-syscall-rewrite/17-stage-net/.design/05-outline.v2.md	2458	1788621176	77ed4116b9ebc383cdd5a6bd964e15ac2594ee3362a6a01a11cce4349889ad42	ignored
notes/rewrite/fork-syscall-rewrite/17-stage-net/.design/06-design.v1.md	740	1788620145	ff4ed4fe9d4826c919a54e5d872a8b8c738e6ca8c1a062d2fb9442f3306bd60e	ignored
notes/rewrite/fork-syscall-rewrite/17-stage-net/.design/06-design.v2.md	1674	1788621209	5f624daff2324b9f5aef050509c21483e4fa93381512614fa94c6413e04f7eca	ignored
notes/rewrite/fork-syscall-rewrite/17-stage-net/.design/06-outline-review.v1.md	718	1788620145	28da1d631283f8be7f54ba6cb7f324cbe9697c8a75f626792dcbf46002962a92	ignored
notes/rewrite/fork-syscall-rewrite/17-stage-net/.design/06-outline-review.v2.md	610	1788621201	d85322fe3310930f062354079bd2fe4b82ea87e592d0d6d58f48bfc5cae77197	ignored
notes/rewrite/fork-syscall-rewrite/17-stage-net/.design/06-outline.v1.md	972	1788620145	f6e9507230856c0d65616c0eb453c826ef7aff9c8bea4c3d5e60319d2eed5641	ignored
notes/rewrite/fork-syscall-rewrite/17-stage-net/.design/06-outline.v2.md	1975	1788621197	88ac9c399ddb9623c894534c3b40e5c8d660e51155d7bda0d20f48b5b9249a49	ignored
notes/rewrite/fork-syscall-rewrite/17-stage-net/.design/07-design.v1.md	782	1788620151	5eefcc0214539ac92498d09cd3058fec3ceaf477fe20439cb52cdcfe274ccb41	ignored
notes/rewrite/fork-syscall-rewrite/17-stage-net/.design/07-design.v2.md	1461	1788621224	93ebb5cb0d8def45446afbd91ea10cd80756e9f20b77072d646437992e4fe563	ignored
notes/rewrite/fork-syscall-rewrite/17-stage-net/.design/07-outline-review.v1.md	709	1788620151	10cf148b855944f99e1969d652955d27329db258fe8dcfbb8da9899fe203de69	ignored
notes/rewrite/fork-syscall-rewrite/17-stage-net/.design/07-outline-review.v2.md	478	1788621216	af1f1dc9e8b0801dfaa5a08ddde7fd36758220b4bcf15c69fae395d5d5c6da5c	ignored
notes/rewrite/fork-syscall-rewrite/17-stage-net/.design/07-outline.v1.md	1051	1788620151	7eadbded870984168803a5ecd2372e9fad9b898b18e1e06138b5dfec5aa9f9d2	ignored
notes/rewrite/fork-syscall-rewrite/17-stage-net/.design/07-outline.v2.md	1678	1788621212	77a6fcdaaa2e2e8296e65386bc78e49dac1fa5fc10b19082e7fb1e327b596cd2	ignored
notes/rewrite/fork-syscall-rewrite/17-stage-net/.design/08-design.v1.md	806	1788620157	e6644f743de7191a7fd30dd8d559f2bae44800b9e86da54d1682fd3cf5822be8	ignored
notes/rewrite/fork-syscall-rewrite/17-stage-net/.design/08-design.v2.md	1513	1788621242	2bcc88155b2ce10d19d3a3eeda2138eb2f9adf997955643d8dd3d96c2fa8a251	ignored
notes/rewrite/fork-syscall-rewrite/17-stage-net/.design/08-outline-review.v1.md	712	1788620157	3dbe660453d6c542d9a6e70a8e49394cab1639d5e5117e330ab6a8003b9b1fb5	ignored
notes/rewrite/fork-syscall-rewrite/17-stage-net/.design/08-outline-review.v2.md	499	1788621234	49aa5e053001ee793d271ac881bbe8703f51db12ee4bc21d6b0bf264085fbf0f	ignored
notes/rewrite/fork-syscall-rewrite/17-stage-net/.design/08-outline.v1.md	1142	1788620157	cb374e593297044f9a43c795f9245f827677a4f31f1258d82fbab4973308a28a	ignored
notes/rewrite/fork-syscall-rewrite/17-stage-net/.design/08-outline.v2.md	1752	1788621231	085bc945c48d589786888626e8c461710cedfac581a7fc406bb3733297334d80	ignored
notes/rewrite/fork-syscall-rewrite/17-stage-net/.design/09-design.v1.md	1343	1788622176	e983309ee50bc709d9ea2c519e2f58e78e58c1981caa3e0a4fdff0424c475055	ignored
notes/rewrite/fork-syscall-rewrite/17-stage-net/.design/09-outline-review.v1.md	508	1788622172	2c9c7ed6077ae201bfac342a23be6d7976c403cb4161d0e7df0730658a7cf0be	ignored
notes/rewrite/fork-syscall-rewrite/17-stage-net/.design/09-outline.v1.md	1603	1788622168	81853bcd6b8e4600ffe8db646cfe6ad4859c4847d435ae4320c7e8b1379d7e5b	ignored
notes/rewrite/fork-syscall-rewrite/17-stage-net/.design/10-design.v1.md	1158	1788622187	eacfe826d1b438444c989c8f715e8530fe37ee9881b3915b8d6f03e3da1507ea	ignored
notes/rewrite/fork-syscall-rewrite/17-stage-net/.design/10-outline-review.v1.md	445	1788622184	31a10dd301bea621ed62ddf4511613c96eeabd9f964d495eaa0eb4dfa9f9577b	ignored
notes/rewrite/fork-syscall-rewrite/17-stage-net/.design/10-outline.v1.md	1470	1788622179	b3c667174b4146e950f9d9df7612539209d2679b9ed30ea2fadf20e81803b326	ignored
notes/rewrite/fork-syscall-rewrite/17-stage-net/.design/11-design.v1.md	1110	1788622199	987d5a05941fe7ef277314ff3b64449fb54508f8aabff9ff504389cdb20dc73e	ignored
notes/rewrite/fork-syscall-rewrite/17-stage-net/.design/11-outline-review.v1.md	439	1788622195	17f5adcfdebc274171d4cb3d8a43c0b85ffeb602225d25404a08352bd32b213c	ignored
notes/rewrite/fork-syscall-rewrite/17-stage-net/.design/11-outline.v1.md	1311	1788622192	3715e1d29c32a25db27ed74f680e6dc6af51d726e0126780389f5a5d90744d11	ignored
notes/rewrite/fork-syscall-rewrite/17-stage-net/.design/12-design.v1.md	1154	1788622210	dfbf8047bc99cbfcbe8d96720f638f2a83fc45abf3eb36c15694701fcaa7f771	ignored
notes/rewrite/fork-syscall-rewrite/17-stage-net/.design/12-outline-review.v1.md	448	1788622207	5972fa9924f0d693f3278b210fa396462c11e89abaf003bdf2e105dce1798ede	ignored
notes/rewrite/fork-syscall-rewrite/17-stage-net/.design/12-outline.v1.md	1379	1788622203	c89e10988f71b7a80114e9c32461c835f5616b682b0ed1bc7236e7160dea51a1	ignored
notes/rewrite/fork-syscall-rewrite/17-stage-net/.design/13-design.v1.md	1314	1788624162	40320b96fe472d18eb1fa2d0df7961c0c9ad3d25cb1f515be374cd3461277434	ignored
notes/rewrite/fork-syscall-rewrite/17-stage-net/.design/13-outline-review.v1.md	427	1788624158	2d2443782f9ecbeaf62a00b2a02bb84d3fd6651edbf266f8d249eb5fec1d4466	ignored
notes/rewrite/fork-syscall-rewrite/17-stage-net/.design/13-outline.v1.md	1370	1788624155	8f6c0f78a1d09e1bc60c07fe8f8c32054e6f0384d55d691d90839b0f02a1617c	ignored
notes/rewrite/fork-syscall-rewrite/17-stage-net/.design/14-design.v1.md	1135	1788624175	5d03660966aa7902b044cb40e59b85c5961e60e1dbfc4009e300bf98420e7790	ignored
notes/rewrite/fork-syscall-rewrite/17-stage-net/.design/14-outline-review.v1.md	418	1788624172	1d886cf65c1e68ddb3d111dfe5c1052242d32a2e31ec0a42fad82b28eaa7b163	ignored
notes/rewrite/fork-syscall-rewrite/17-stage-net/.design/14-outline.v1.md	1294	1788624168	0fe0cd81edbdd901012c04908c18e745142f364399a3bb3fec9e6dd387a2d900	ignored
notes/rewrite/fork-syscall-rewrite/17-stage-net/.design/15-design.v1.md	1022	1788624186	7ab90110c32981966b0af9839edda42c0278beca5cb384c687e37599ffbfcfcd	ignored
notes/rewrite/fork-syscall-rewrite/17-stage-net/.design/15-outline-review.v1.md	454	1788624182	8485e20936d2cdf0a72076fbc977133d2b75ec35ce4e3faafac3ccf9b2899431	ignored
notes/rewrite/fork-syscall-rewrite/17-stage-net/.design/15-outline.v1.md	1067	1788624179	ad11596d40973190603e7f8bc958bac6fe5f2444b306b779f7eeccf305e061f9	ignored
notes/rewrite/fork-syscall-rewrite/17-stage-net/.design/16-design.v1.md	915	1788624196	9bab7979c9f776320eed82854695240b504b3fe11af35f566db1c3d27e689c55	ignored
notes/rewrite/fork-syscall-rewrite/17-stage-net/.design/16-outline-review.v1.md	427	1788624193	ca6d8790a4f3b430a069cdf54278233a31607ca637bcf3bc201e5325e24abc9c	ignored
notes/rewrite/fork-syscall-rewrite/17-stage-net/.design/16-outline.v1.md	1150	1788624190	7d242c028861decbb4f52d18101c05abb0bdb65a6c228a7d76fdc782ab1d5cf4	ignored
notes/rewrite/fork-syscall-rewrite/17-stage-net/.design/17-design.v1.md	883	1788624723	d1a93be16d54d87a1239e9ceb383bf0b5e041890818eff4b2a960d18ee4f1ef0	ignored
notes/rewrite/fork-syscall-rewrite/17-stage-net/.design/17-outline-review.v1.md	433	1788624719	6c61641a7a7ddb1dc34c7638d576e83bfe586da8eca360cbbd20b654cb14d355	ignored
notes/rewrite/fork-syscall-rewrite/17-stage-net/.design/17-outline.v1.md	1169	1788624788	9caf2d8ec2d412a1a4748913112f972dd23ac83dd6269d76c78de1ed8ab0d99d	ignored
notes/rewrite/fork-syscall-rewrite/17-stage-net/.design/18-design.v1.md	924	1788624740	99549bb822b9408c256cc7add82ffad99e8d34b3bf66cbb5dd5ae61d5ab47fe0	ignored
notes/rewrite/fork-syscall-rewrite/17-stage-net/.design/18-outline-review.v1.md	433	1788624736	4e45ad2fe50f3b53fc8425f617b65c4a113b64db1b6126d6388bf44a60799ce1	ignored
notes/rewrite/fork-syscall-rewrite/17-stage-net/.design/18-outline.v1.md	1128	1788624732	dbf7d575ba23163b797f31af5c1c50ad874571c825e1d0d2e12c073a05d82a66	ignored
notes/rewrite/fork-syscall-rewrite/17-stage-net/.design/19-design.v1.md	769	1788624751	7b43fdec7dde113dc236860a7b439a5ea7e44fa8159bc80f738fa76909997f68	ignored
notes/rewrite/fork-syscall-rewrite/17-stage-net/.design/19-outline-review.v1.md	421	1788624748	8ed58fb42f2439dfa21e11022bf88b524619d9b75abab7d7db915ecffade9d81	ignored
notes/rewrite/fork-syscall-rewrite/17-stage-net/.design/19-outline.v1.md	1146	1788624744	83a1957c8db1cd869c959e7c9887755eadabbfb7a4315c75abe13f230b4f8efc	ignored
notes/rewrite/fork-syscall-rewrite/17-stage-net/.design/20-design.v1.md	869	1788624762	62124d36fef1f9b111e947c8fec969ac35cf084044f79d30eb953c9940c7ac6f	ignored
notes/rewrite/fork-syscall-rewrite/17-stage-net/.design/20-outline-review.v1.md	430	1788624758	40da5cf29ba63b9590a1ca3742280a034ac744a421465073e7e1a45486245c01	ignored
notes/rewrite/fork-syscall-rewrite/17-stage-net/.design/20-outline.v1.md	1096	1788624755	efbce93611f9be62861f2d4de19884d83e6015f0dceeae813dc9295920fa2149	ignored
notes/rewrite/fork-syscall-rewrite/17-stage-net/.design/21-design.v1.md	1054	1788627916	b95736fdf5f0e6e1d9db6e302c32376871cd47efe2a60bcd3c3ee01149a56e63	ignored
notes/rewrite/fork-syscall-rewrite/17-stage-net/.design/21-outline-review.v1.md	421	1788627911	8088185c182f823df6ec6ee2b5e0dcd52e93d2c5f728f3b4bc39b3edb6a6394d	ignored
notes/rewrite/fork-syscall-rewrite/17-stage-net/.design/21-outline.v1.md	1429	1788627907	1a7259317e7bc1ab4da08a1bbf493f6499ae737621a2c409921ed2e4aa3b2007	ignored
notes/rewrite/fork-syscall-rewrite/17-stage-net/.design/22-design.v1.md	986	1788627929	5c19c5d2fbc7cf6bcd684614c43c1750107996a8bce7d9d8a69d082e145445f2	ignored
notes/rewrite/fork-syscall-rewrite/17-stage-net/.design/22-outline-review.v1.md	424	1788627924	675f829fb8427813538e12375929e7a793ae6ad4debdfe4a6118ba8978d73611	ignored
notes/rewrite/fork-syscall-rewrite/17-stage-net/.design/22-outline.v1.md	1218	1788627920	3335403cadc74ec9948971d8ab2a43444d57f190705678d533137cc6e456ad70	ignored
notes/rewrite/fork-syscall-rewrite/17-stage-net/.design/23-design.v1.md	994	1788627943	f4083540077ea1cb0989913bac077f6929bfeb63b62fe93fbdb694a8330f7323	ignored
notes/rewrite/fork-syscall-rewrite/17-stage-net/.design/23-outline-review.v1.md	430	1788627939	c5d718bc97c8a2ca7bcf42fcb339662b8d9be10d0a3b7e128b2733a452e3df9a	ignored
notes/rewrite/fork-syscall-rewrite/17-stage-net/.design/23-outline.v1.md	1118	1788627934	d62f3ec4aee61eaaa21c8ebeaacac3e84c86dd9aea4d196cdfa58a6cc194a6ae	ignored
notes/rewrite/fork-syscall-rewrite/17-stage-net/.design/24-design.v1.md	893	1788627956	7e0ecce86f09606ee4a4f6539a82e2ca6deb5ed889f78fc222465f0fae4e021a	ignored
notes/rewrite/fork-syscall-rewrite/17-stage-net/.design/24-outline-review.v1.md	442	1788627952	087d7d72c990be554c760d483224c0c467074c45b5398e80a70814bbc923ac28	ignored
notes/rewrite/fork-syscall-rewrite/17-stage-net/.design/24-outline.v1.md	1230	1788627948	70a896ea47840d3a9b9acf27517ca608421c9c7c62923030655029c9411bf7f4	ignored
notes/rewrite/fork-syscall-rewrite/17-stage-net/archive/todo-N1-archive-2026-09-17.md	20458	1789604136	fb09af6b5728540d2328b835c3d1409bae3794dc7741f20e85444ec7cd31f098	tracked
notes/rewrite/fork-syscall-rewrite/17-stage-net/draft/README.md	393	1786888452	9a60ef85101d0b9f15fd035cb661597619d7ad6ce3bf0332bb330c258a3e13c4	tracked
notes/rewrite/fork-syscall-rewrite/18-stage-commands/00-commands-overview.md	4888	1789840865	f427c10ed10923bfaaee4a5e8ead9d5fab6fa8953349ead094b68ccecbd43926	tracked
notes/rewrite/fork-syscall-rewrite/18-stage-commands/01-init-rc-scripts.md	29032	1789741151	2d2b7e9602d4bc4b7117a139e561f1fbb2f6c0e6a6fcc858d927a6b76c6a22ec	tracked
notes/rewrite/fork-syscall-rewrite/18-stage-commands/02-service-scheduler.md	22439	1789741151	3407da7163b81779eafd503bebfe23a16a826ad190e637023a15ac10a13000be	tracked
notes/rewrite/fork-syscall-rewrite/18-stage-commands/03-login-passwd.md	22341	1789741151	055edb459b5d0095a927cd75a6399b2583fead7944469640e95aabc251ab912c	tracked
notes/rewrite/fork-syscall-rewrite/18-stage-commands/04-device-database.md	19796	1789741151	29a2481a32c7faae4920f521a4c41bb8a288d9fede1c34901cd922d2e86e69c7	tracked
notes/rewrite/fork-syscall-rewrite/18-stage-commands/05-shell-family.md	22006	1789845788	65ee96bb06cb6d14730a4a5e4af65fbc2a382de55b0f18b1bb9f47050e9b94b1	tracked
notes/rewrite/fork-syscall-rewrite/18-stage-commands/06-file-ops.md	25364	1789910098	7a75a1d16db8a29aa45bea7b4fb3f91eb649b6867edbf1cb12966e1d19f85b18	tracked
notes/rewrite/fork-syscall-rewrite/18-stage-commands/07-text-filter.md	30740	1789741152	3920e1651dbc3cc465b08784d26d94ae154644a1eedf0b2693395083e718921d	tracked
notes/rewrite/fork-syscall-rewrite/18-stage-commands/08-grep-sed.md	19622	1789741152	b873a4915cfa574bdab99cb7859f731f58ebb02c28d65e8831e245f30d92dc96	tracked
notes/rewrite/fork-syscall-rewrite/18-stage-commands/09-editors.md	26281	1789864389	7e4b6236c031b14e98a0ad6859858110a7881751e52fcf195717fb3bc8cc1b3e	tracked
notes/rewrite/fork-syscall-rewrite/18-stage-commands/10-doc-man-tools.md	18573	1789844083	036bd0e26bbdd1bb28dc29daa3fc56a93daeac5bb8358f5cc5d31890a48b18c8	tracked
notes/rewrite/fork-syscall-rewrite/18-stage-commands/11-compress-archive.md	15710	1789842519	6d8764ffe1c5de05dc94cfa4facf5faad0fc61fa920b4a40599c1f31af10d350	tracked
notes/rewrite/fork-syscall-rewrite/18-stage-commands/12-process-tools.md	16731	1789842902	3de63dbcc433da81245ce800f72f44743d139814229c68a9eeb8b658fb61777e	tracked
notes/rewrite/fork-syscall-rewrite/18-stage-commands/13-terminal-termios.md	16951	1789931435	7d986c39f12e63ae7993799f873b4a214246ec4119a1a71d265e482a93e383cf	tracked
notes/rewrite/fork-syscall-rewrite/18-stage-commands/14-mount-fsck.md	13627	1789864721	61eae676110142f23b59178a902cf8dda8d908ccefbec833b9c9e3414c3635ca	tracked
notes/rewrite/fork-syscall-rewrite/18-stage-commands/15-partition-format.md	14248	1789862508	5692a4b0a87ece29d7e58c26254314265ffb4b541061b24a7bda62c8f398ad5b	tracked
notes/rewrite/fork-syscall-rewrite/18-stage-commands/16-image-media.md	10858	1789741152	2de15a860ccd7a29937429d9ee9cb47264340007d5a708188ecde477b7d4b8c6	tracked
notes/rewrite/fork-syscall-rewrite/18-stage-commands/17-backup-maintenance.md	23490	1789741152	c6e603ea426915f864d5ba662c7695e64a0e99de8f3792472f1a43867e3dcc64	tracked
notes/rewrite/fork-syscall-rewrite/18-stage-commands/18-network-config.md	18847	1789741152	7c4faae29726937d8a1c42942d89fbecd38cd21e6fac9862642db93b197a3eee	tracked
notes/rewrite/fork-syscall-rewrite/18-stage-commands/19-network-services.md	16925	1789741152	cacb1c303a66fe3cb15a2b21d69b8910c8a505a13384a8412a8d7b876e8edb39	tracked
notes/rewrite/fork-syscall-rewrite/18-stage-commands/20-minix-system.md	16501	1789741152	bc001dc2ef395800753f9df55796606249fb63037ed1cd587eee84687ec8c901	tracked
notes/rewrite/fork-syscall-rewrite/18-stage-commands/21-package-tools.md	16315	1789741152	0b781d0b4f7c0e65635b6f9381d7b273d5d27d90503d909377e93adacd6f6602	tracked
notes/rewrite/fork-syscall-rewrite/18-stage-commands/22-stdio-games.md	21595	1789741152	5d124fa63147737a2a10ce0cd61c96f3e2088499ac2e2eb1e5b89d95129bdc89	tracked
notes/rewrite/fork-syscall-rewrite/18-stage-commands/23-terminal-games.md	15538	1789741152	2b344b073d587939de3a23b7f31e22e326bb3bca316174d9837ff26756461e8e	tracked
notes/rewrite/fork-syscall-rewrite/18-stage-commands/24-text-games.md	16052	1789846030	741f74c8d18d6e50492510246e1ec7f95cf3b4eed3ef92e305339d8d8329615f	tracked
notes/rewrite/fork-syscall-rewrite/18-stage-commands/99-global-concepts.md	7859	1789840937	969b8d192732cf2b2e779dd8165e2b2315909e2ca17e2958b0291660d1e9fd61	tracked
notes/rewrite/fork-syscall-rewrite/18-stage-commands/doc_rerank_deepseek.md	346007	1789834024	4151102b7dc9464b957a7e705ff522a4b26970db7ff0fdf2836a9a826af49956	tracked
notes/rewrite/fork-syscall-rewrite/18-stage-commands/doc_rerank_glm.md	46831	1789777672	542560d4c3c9e1e021084a9909370844a8a2491e8a5c471b3029afa35156e52f	tracked
notes/rewrite/fork-syscall-rewrite/18-stage-commands/doc_rerank_muse.md	59929	1789851926	d157aabeb2e0f4e50be9ba59636bd64b75ddd0b2cc5a0bd8ef019c37b919409d	tracked
notes/rewrite/fork-syscall-rewrite/18-stage-commands/doc_rerank_qwen.md	33655	1789827778	7c948d9e1d2c8c85e5559092bee4bb31c8b1c697cf922136ace23c24df2e4800	tracked
notes/rewrite/fork-syscall-rewrite/18-stage-commands/plan.md	38646	1789600368	adf8ea0f5e8bb4661c08c86f04e765a58227e1775259f42793e47386bb35060b	tracked
notes/rewrite/fork-syscall-rewrite/18-stage-commands/todo.md	53500	1789930355	c01df0fec070ac51461f7887397efdfa0df42e3632b269edb2a3a4343d269359	tracked
notes/rewrite/fork-syscall-rewrite/18-stage-commands/.design/01-design.v1.md	2193	1788629688	976e1f272cbea83e0b35ae2ea62097bc34993dda8524fa906631421af1280488	ignored
notes/rewrite/fork-syscall-rewrite/18-stage-commands/.design/01-outline-review.v1.md	1254	1788629488	4521d742061fa922dd8532764c9e72f3ce610ce9cfc1312ce0ec7a1888c023ea	ignored
notes/rewrite/fork-syscall-rewrite/18-stage-commands/.design/01-outline.v1.md	3095	1788629482	9428996f852d2da598866706ffb0df6f9e6e87c3247aed4822ee0f4037a6e757	ignored
notes/rewrite/fork-syscall-rewrite/18-stage-commands/.design/02-design.v1.md	1800	1788629515	8358a59d5dc21926cb87a3a517e78c322d2e55379d52e3d2fe7de0daa469ba5b	ignored
notes/rewrite/fork-syscall-rewrite/18-stage-commands/.design/02-outline-review.v1.md	1103	1788629507	624cc62b624d7f779a0c6b4fd7c03eb582bd7bf1cbe2e33029f5c7e1a968ec57	ignored
notes/rewrite/fork-syscall-rewrite/18-stage-commands/.design/02-outline.v1.md	2843	1788629502	352ecd1ad1311f10b105537dbbdb44e1b833dc351ddeab27dfdee34e1b44b0b7	ignored
notes/rewrite/fork-syscall-rewrite/18-stage-commands/.design/03-design.v1.md	1680	1788629535	bc6778e4792eabb32ae5b7de1941e6d245bd913229c09e0bef602dccaa86c166	ignored
notes/rewrite/fork-syscall-rewrite/18-stage-commands/.design/03-outline-review.v1.md	936	1788629526	7aa0c51f6d28628faeb1ab1a73c430f36ebfc91c8a32659a036de0bd91a1a792	ignored
notes/rewrite/fork-syscall-rewrite/18-stage-commands/.design/03-outline.v1.md	2999	1788629522	b1e7a5ac1031ecaab6d112a2cc618b28d2c2c860a2d7af7faeeb5761a2aaa998	ignored
notes/rewrite/fork-syscall-rewrite/18-stage-commands/.design/04-design.v1.md	1526	1788629551	089d3081068655cf2122bd3ca4752058da895171ea63e3425bd99ef5a5d66d0c	ignored
notes/rewrite/fork-syscall-rewrite/18-stage-commands/.design/04-outline-review.v1.md	995	1788629546	f4a9e01a1e3483d41cb5defe54c3fc4ef67368ad5d1e37521b189dd63ba00a2b	ignored
notes/rewrite/fork-syscall-rewrite/18-stage-commands/.design/04-outline.v1.md	2773	1788629541	8f84445c2f699c516f0d24415d713306bf06c545c73ad0627a4f0afbfb111227	ignored
notes/rewrite/fork-syscall-rewrite/18-stage-commands/.design/05-design.v1.md	1392	1788631979	fb897cd0cb7ac3233b9bac2e154d409cbae70c639dcdc076d2086db30a7ad9e4	ignored
notes/rewrite/fork-syscall-rewrite/18-stage-commands/.design/05-outline-review.v1.md	827	1788631979	1e4f7c0e574b880d155fc5a644320891988a591e031d69462f26fe2ebae85d3d	ignored
notes/rewrite/fork-syscall-rewrite/18-stage-commands/.design/05-outline.v1.md	2503	1788631966	a698fc758105d767a526790d50b22db53d02573f8041ab495e2a3584168908ff	ignored
notes/rewrite/fork-syscall-rewrite/18-stage-commands/.design/06-design.v1.md	1277	1788631995	5f262ec0301526c2ef75b2900b05402a31012be873c5cbe5c9e08cbb34132d9e	ignored
notes/rewrite/fork-syscall-rewrite/18-stage-commands/.design/06-outline-review.v1.md	805	1788631990	14a995ca3f36fef7b61b3440b3f24b22780dd1babbc1d252a48c8af95c71e022	ignored
notes/rewrite/fork-syscall-rewrite/18-stage-commands/.design/06-outline.v1.md	2220	1788631985	db87a3e981daaa2d8bed0b6623ac441fde07d7bab5ef77a2b6235b78bc4dc410	ignored
notes/rewrite/fork-syscall-rewrite/18-stage-commands/.design/07-design.v1.md	1484	1788632020	a3401c0b82e696cfd0adc0ed2e2942b1bb21bada319a266541b86de36f474b8e	ignored
notes/rewrite/fork-syscall-rewrite/18-stage-commands/.design/07-outline-review.v1.md	762	1788632007	86e9e04346c4c2a195121bd0fcc98358e405cc8ca42623feb84efaa6f24ce54b	ignored
notes/rewrite/fork-syscall-rewrite/18-stage-commands/.design/07-outline.v1.md	2267	1788632003	80e45f54a0e570392142354371f8597f56481c990821a0116b7364ac81b5754f	ignored
notes/rewrite/fork-syscall-rewrite/18-stage-commands/.design/08-design.v1.md	1763	1788632031	16bccb2729b752e268cfbfcf05dc763d5b66fe25ba02bfa5b24f0979f51b577c	ignored
notes/rewrite/fork-syscall-rewrite/18-stage-commands/.design/08-outline-review.v1.md	827	1788632025	e903e9a967159b6681edf052d62896a014a03107a99d3246d67646ec49c519d4	ignored
notes/rewrite/fork-syscall-rewrite/18-stage-commands/.design/08-outline.v1.md	2365	1788632020	933292c13451324ca27b5fb36940cf6a119a9347735738a7fe4e6753efb45245	ignored
notes/rewrite/fork-syscall-rewrite/18-stage-commands/.design/09-design.v1.md	1209	1788633817	b1e9bfe1982906978f6e77fe0fb0dab7dfd91ee197a588294c2cd7df319de8cb	ignored
notes/rewrite/fork-syscall-rewrite/18-stage-commands/.design/09-outline-review.v1.md	713	1788633811	2c88057a0ddd856f99bbc20b991df4a023eabf7216202049f79e2ffc6b58e06c	ignored
notes/rewrite/fork-syscall-rewrite/18-stage-commands/.design/09-outline.v1.md	2194	1788633806	9af15e08a36f2d1dad851fb90bbcd3dfb882273624715d16e4d5938e918cfd77	ignored
notes/rewrite/fork-syscall-rewrite/18-stage-commands/.design/10-design.v1.md	1081	1788633838	e39fc98d44367b22113196060cfd163b97da43f9c627517a94e32008401e5dec	ignored
notes/rewrite/fork-syscall-rewrite/18-stage-commands/.design/10-outline-review.v1.md	745	1788633831	5a9df7479446d84fc1eab64b79c66d4e3e3d9865e77b0c8d0e05f38b46cec59e	ignored
notes/rewrite/fork-syscall-rewrite/18-stage-commands/.design/10-outline.v1.md	2057	1788633825	3b6a2d2c1d6af423804fd28b9c2b601a7fb5552521f9b00f6b9d706d5fe508cf	ignored
notes/rewrite/fork-syscall-rewrite/18-stage-commands/.design/11-design.v1.md	1259	1788633855	4c2f02215b29db0d22254ee4ff5a72b48e0666abea62da1a574087ed6bc5b150	ignored
notes/rewrite/fork-syscall-rewrite/18-stage-commands/.design/11-outline-review.v1.md	774	1788633850	87d07c5cb339bc7920f7291038bc05b8fd9a114692acef277b31b97eb58a72e4	ignored
notes/rewrite/fork-syscall-rewrite/18-stage-commands/.design/11-outline.v1.md	2043	1788633844	cc5270956355bef4dba177a7367f8e1d0e9a9d0bb7f40535c179be9b5ae86007	ignored
notes/rewrite/fork-syscall-rewrite/18-stage-commands/.design/12-design.v1.md	1202	1788633875	f71d4a63af170d0410d05630af0717e374f7c327cb4f88d18003a6183dd93b71	ignored
notes/rewrite/fork-syscall-rewrite/18-stage-commands/.design/12-outline-review.v1.md	704	1788633866	3626c9952fcf55c01ae27b873e4aa1f8cd3ec5d72db5d317adf46d43c8e722a7	ignored
notes/rewrite/fork-syscall-rewrite/18-stage-commands/.design/12-outline.v1.md	1978	1788633861	0aca2fb43c4182efbb51ca95819d130eb58b7856412b8ff5bd7ff3985c25e781	ignored
notes/rewrite/fork-syscall-rewrite/18-stage-commands/.design/13-design.v1.md	1066	1788635237	18ee1873ddea7324737f4743154c9a5e1e09d44caead89b809d6968373e04627	ignored
notes/rewrite/fork-syscall-rewrite/18-stage-commands/.design/13-outline-review.v1.md	771	1788635232	f16308acb9293c3c1f6d08ba28a60d8a82903031b5eaffec0d7a471c89af8aad	ignored
notes/rewrite/fork-syscall-rewrite/18-stage-commands/.design/13-outline.v1.md	2081	1788635227	53c8cfec9f949d84d6da3fd58dd4eb8080c823819857d4da2703792ee9a30c43	ignored
notes/rewrite/fork-syscall-rewrite/18-stage-commands/.design/14-design.v1.md	1035	1788635268	23b0ad36613e2ff8828915b55749d6fe0a1bf8b66164b6f43fb1e47788f466ef	ignored
notes/rewrite/fork-syscall-rewrite/18-stage-commands/.design/14-outline-review.v1.md	712	1788635262	4d86c2822085a68b0b3000f1def8c8df04832b1c0d67607cc57683a44a00e7c1	ignored
notes/rewrite/fork-syscall-rewrite/18-stage-commands/.design/14-outline.v1.md	1723	1788635243	683e13f3cfa833c9d95a9a15283b4f17db40c9dab933d26c1fae9f02d121d7da	ignored
notes/rewrite/fork-syscall-rewrite/18-stage-commands/.design/15-design.v1.md	1033	1788635293	d4077f86946699f21331bae9edc919fc5aa4600ead9000a4a69d7b6d37f8703f	ignored
notes/rewrite/fork-syscall-rewrite/18-stage-commands/.design/15-outline-review.v1.md	652	1788635280	9bd58f483de172f1a0d0abc9bd373d465d62ee5f27affdb7e736dbd53bbada9b	ignored
notes/rewrite/fork-syscall-rewrite/18-stage-commands/.design/15-outline.v1.md	1798	1788635274	05b8a641494d407fbd86e94e4b213000fb544112dc9933f986d45147d2442900	ignored
notes/rewrite/fork-syscall-rewrite/18-stage-commands/.design/16-design.v1.md	1133	1788635599	8a16ae7aa88e31bb07d77fb89444f057446f3dfc6aff7c956abb071264bac24c	ignored
notes/rewrite/fork-syscall-rewrite/18-stage-commands/.design/16-outline-review.v1.md	664	1788635298	ae697d41cf1f97c908f1ebbaa5ad8ec44f56ec4d27843c27994a15a691b6b065	ignored
notes/rewrite/fork-syscall-rewrite/18-stage-commands/.design/16-outline.v1.md	1722	1788635532	5b584a31ecde4166e3b37251dcdf1497599bcefeefec066c3f90f1b10a080731	ignored
notes/rewrite/fork-syscall-rewrite/18-stage-commands/.design/17-design.v1.md	2779	1788636784	572e1a1452b88428a90433768ee4fb14bcc42be4bb373fc19fd87d11d3aaa08f	ignored
notes/rewrite/fork-syscall-rewrite/18-stage-commands/.design/17-outline-review.v1.md	1309	1788636778	597e77bdb49bedd8bd428ca06737b05b558b786268b3927854787fa952d68733	ignored
notes/rewrite/fork-syscall-rewrite/18-stage-commands/.design/17-outline.v1.md	2911	1788636773	dbb3b653823509bb01004abdc221918528586d223d8db9021009beb8ad30423e	ignored
notes/rewrite/fork-syscall-rewrite/18-stage-commands/.design/18-design.v1.md	2553	1788636801	475a8c0067c719f3b05f2d54e2d009caa52f2f55bd97706339576d1bf526402e	ignored
notes/rewrite/fork-syscall-rewrite/18-stage-commands/.design/18-outline-review.v1.md	1159	1788636794	ad649e813bd6cb4a3d8980e0e1ac14fcbbd3f3ae7de1b0365859fe90503dd30c	ignored
notes/rewrite/fork-syscall-rewrite/18-stage-commands/.design/18-outline.v1.md	2719	1788636790	df19e037b463f780c7998f201c1afd3842df1f62890470beba5cfb5781211d46	ignored
notes/rewrite/fork-syscall-rewrite/18-stage-commands/.design/19-design.v1.md	2559	1788636816	bf58d1c67288c3c2bc896198cdaafe34287253b4537975d45d6d9931429f7866	ignored
notes/rewrite/fork-syscall-rewrite/18-stage-commands/.design/19-outline-review.v1.md	1129	1788636810	069d8db4a50dacb7356fa2233e1306612822031a1d11bc09bc0620efb49efdd5	ignored
notes/rewrite/fork-syscall-rewrite/18-stage-commands/.design/19-outline.v1.md	2444	1788636805	b0659b7eb5036d68c0bbc43a534a55b5bdf6e8143ab52c6c112957949b584dc7	ignored
notes/rewrite/fork-syscall-rewrite/18-stage-commands/.design/20-design.v1.md	2648	1788636831	7bd3693366930226233c827bf0d8d4e70246f8e5e6863993fc86739c5ba5c16a	ignored
notes/rewrite/fork-syscall-rewrite/18-stage-commands/.design/20-outline-review.v1.md	1101	1788636825	4d2e312e9a133c4f909da1329e11d4d638c68cbea16f3d838a9252722f858e3e	ignored
notes/rewrite/fork-syscall-rewrite/18-stage-commands/.design/20-outline.v1.md	2566	1788636821	0e309aba6606c9270f66147671275d98bd5a62aa8e7e94b5c5db7786b3e7bc5f	ignored
notes/rewrite/fork-syscall-rewrite/18-stage-commands/.design/21-design.v1.md	2182	1788638078	7e91764bc7179dab1a262a5546898e22e89d98ac1e3f20ccda130a2ca6780210	ignored
notes/rewrite/fork-syscall-rewrite/18-stage-commands/.design/21-outline-review.v1.md	1207	1788638072	8a2ea7aa06eb23fcfb90f906b82ca8652a44c1587f953dcbd050c0195609d0f7	ignored
notes/rewrite/fork-syscall-rewrite/18-stage-commands/.design/21-outline.v1.md	2554	1788638066	18549a67e1fbe32eacbcecb61cbce858e374436a280bd300e835c37174a9ad3a	ignored
notes/rewrite/fork-syscall-rewrite/18-stage-commands/.design/22-design.v1.md	2056	1788638109	9368d9afe50c0e3b30d2affbf426183b25198182bfa08da023d0b5349ee3695e	ignored
notes/rewrite/fork-syscall-rewrite/18-stage-commands/.design/22-outline-review.v1.md	1132	1788638089	dd683b111e4be216fb34256107e40428f72197925a89042ea7269a9b222a1ad7	ignored
notes/rewrite/fork-syscall-rewrite/18-stage-commands/.design/22-outline.v1.md	2603	1788638084	7c97b243da4d1383e7baae4c6e403274a971a3accd1a5101aebfb372aaa9824b	ignored
notes/rewrite/fork-syscall-rewrite/18-stage-commands/.design/23-design.v1.md	2185	1788638128	44c3607145d05cf6b8b612337d27b25dcd0175352bde214584af90df956b7a60	ignored
notes/rewrite/fork-syscall-rewrite/18-stage-commands/.design/23-outline-review.v1.md	1081	1788638122	f878c593a51a1fbbd9967fa63d1301758f85ef30bc95771d01fdfb17e59cbf0e	ignored
notes/rewrite/fork-syscall-rewrite/18-stage-commands/.design/23-outline.v1.md	2345	1788638117	feb9c7e0ee0f66f20b126384c15e6960c286d72b367b7d4d555c24d72235eb3f	ignored
notes/rewrite/fork-syscall-rewrite/18-stage-commands/.design/24-design.v1.md	1820	1788638145	545f61a0e64fa974b470ba9ec742b8b22f311df23f63d4f6923a1a7958bd112e	ignored
notes/rewrite/fork-syscall-rewrite/18-stage-commands/.design/24-outline-review.v1.md	1093	1788638137	b078d5694ec3f4257aa1c97c3e396a68641781e884c1745d9ad78dd24b0b33f1	ignored
notes/rewrite/fork-syscall-rewrite/18-stage-commands/.design/24-outline.v1.md	2370	1788638133	d450054e0d176b2492c84fc6121866a2b243767494b0bd42ef30bddea6c1b122	ignored
notes/rewrite/fork-syscall-rewrite/18-stage-commands/draft/README.md	1074	1786888452	0f84e37e7d8c7b549441425811f6b90d0dca0cbe3d22808cc6316a5c89d7ec72	tracked
notes/rewrite/fork-syscall-rewrite/19-stage-integration/06-code.md	20769	1789741152	a32edbe4699955870c75860fac5c36d90959b13022a910235477c6d000f113e9	tracked
notes/rewrite/fork-syscall-rewrite/19-stage-integration/README.md	976	1790092683	2533932e9b5d6a8ded9a90ddc53ec7223720af13b363d38e0fa6f3e27bdcb7bb	tracked
notes/rewrite/fork-syscall-rewrite/19-stage-integration/cross-service-msg.md	10519	1788333750	8299807ca957d8854ad48eeb277b8404878d37d9a23fedade44ad02b8b7f784f	tracked
notes/rewrite/fork-syscall-rewrite/19-stage-integration/error-rollback.md	144	1788333750	921e72dddc468359b576feb259da7e4a370ff4012d39e1ed2d84791235b1fd32	tracked
notes/rewrite/fork-syscall-rewrite/19-stage-integration/integration-tests.md	141	1788333750	f5854a1d4c24f6de72eae80d98909fa0afc8ca0061dcce41de7c0ab4b757b8c8	tracked
notes/rewrite/fork-syscall-rewrite/19-stage-integration/lib-syscall-iface.md	4091	1788333750	a77f206b84d52b7799878c377bc9a47b556eed15c80ebb951a70d84e8e06827f	tracked
notes/rewrite/fork-syscall-rewrite/19-stage-integration/minix3-tree-migration.md	27700	1790108886	0db831ca1df5efbfd6301dd12326be68404070c47ba4e9dcf4f0ed10f277715f	tracked
notes/rewrite/fork-syscall-rewrite/19-stage-integration/state-machine.md	152	1788333750	a96360e547566b7e93cee69132d9d7106e8facca1d48ca23d37172aaee2809d5	tracked
notes/rewrite/fork-syscall-rewrite/19-stage-integration/suspend-wakeup.md	161	1788333750	f97c78895bc286aac1da1fe2d2d8cb8159a2e89b20d921a67d0e07c8708f8bff	tracked
notes/rewrite/fork-syscall-rewrite/20-redesign/rs-cross-layer-pollution.md	6530	1788333750	a4ace523ab2782186a2dcc59c5e8de65cd8455e823bb7d2ecc8634eff6548c7a	tracked
notes/rewrite/fork-syscall-rewrite/20-redesign/tocutou-and-distributed-consistency.md	4175	1788333750	15c3441d72923aff0f31fe17d0b7cbe0dff48890a79200e08ff44bf638fbd74a	tracked
notes/rewrite/fork-syscall-rewrite/evidence/20260921-2320/c1.log	203	1790004019	e0a50dd1beae4da9722a7c2f46d46359f268d548bd779739e288d392c0334cb4	ignored
notes/rewrite/fork-syscall-rewrite/evidence/20260921-2320/c2.log	209	1790004019	ec772d9ef7c73a7e7dd4d2578331ad1ae5933d573b422e8f67b8f99eb74b8925	ignored
notes/rewrite/fork-syscall-rewrite/evidence/20260921-2320/c3.log	264	1790004019	1b6703f7ca201b26c886cf697d4384880029e87ad067cd9285bcc7511add9d27	ignored
notes/rewrite/fork-syscall-rewrite/evidence/20260921-2320/c4.log	273	1790004019	091601697437474cb553c96446360a17b7cd3fbb2394bd853db67db2f4360cf6	ignored
notes/rewrite/fork-syscall-rewrite/evidence/20260921-2320/c5.log	196	1790004019	b53622a110c5aa15e1553cd45a94d974e61c267213b1f47c61d17734bdad1d9d	ignored
notes/rewrite/fork-syscall-rewrite/evidence/20260921-2320/chk28.log	14423	1790004019	820015165f57c35b8d8982e16b0ae9906d3097ab1aa82650072ebba141eef2f4	ignored
notes/rewrite/fork-syscall-rewrite/evidence/20260921-2320/chk29.log	264	1790004019	fe0594917fd8fb0624c8966f39d3f5094079184ecfd3d8613ed0f26ee490897b	ignored
notes/rewrite/fork-syscall-rewrite/evidence/20260921-2320/chk30c.log	7	1790004019	d34014ea42d9c184a3822fdd68374d849e5967d881b2696381c29b970df176bd	ignored
notes/rewrite/fork-syscall-rewrite/evidence/20260921-2320/chk36.log	6	1790004019	052dfab1db5280a328957ab434b560db0de421634c303d946aac589d037194b9	ignored
notes/rewrite/fork-syscall-rewrite/evidence/20260921-2320/f34.log	550	1790004019	b1d95a743aa90d99cb45e34abd850dc26ad5d4719438c466f266c384f7c9602c	ignored
notes/rewrite/fork-syscall-rewrite/evidence/20260921-2320/fix27_check.log	44275	1790004019	1fe1570b46793747bf49235dcd73ebfd37d1d625e62ddf2399ada10946b4df5f	ignored
notes/rewrite/fork-syscall-rewrite/evidence/20260921-2320/fix27_check2.log	122453	1790004019	a15db4ea9534ffdcc32ab29ee9d9a58f037f1fe872aff74794d31585e1b3390b	ignored
notes/rewrite/fork-syscall-rewrite/evidence/20260921-2320/fix27_test1.log	18782	1790004019	07aa6e51e5f1620449d6102475a8a06002282c4569f848e99e45b1022a362168	ignored
notes/rewrite/fork-syscall-rewrite/evidence/20260921-2320/gs.log	12720	1790004019	17cdc0905ff8c1d456655c4e3461317198002235a60ece957dcbe5d45acf3850	ignored
notes/rewrite/fork-syscall-rewrite/evidence/20260921-2320/img27.log	57541	1790004019	3bc63570694fe3e4a1870dbf55d7765b46eb39243b9264bd6dfe95cfb7b74208	ignored
notes/rewrite/fork-syscall-rewrite/evidence/20260921-2320/img28.log	53837	1790004019	3f976d05e885b1bb92d3be30162eb9dbc1817e5d36711dc58214c17e7bc63cd1	ignored
notes/rewrite/fork-syscall-rewrite/evidence/20260921-2320/img29.log	53917	1790004019	5e24f0b08f2c249c3a95a6e0598f396f0b691da49ff687a620fff123fce9e5d5	ignored
notes/rewrite/fork-syscall-rewrite/evidence/20260921-2320/img30b.log	29944	1790004019	fcc9208be282544989b024b880c39f190e1e2cb5c6fb16cb7605bd0393ab0ef8	ignored
notes/rewrite/fork-syscall-rewrite/evidence/20260921-2320/img30d.log	53910	1790004019	33473e63c7522870e7227fee83346148f7b0a48322edad5f19d5a0e447f63fa2	ignored
notes/rewrite/fork-syscall-rewrite/evidence/20260921-2320/img31.log	53910	1790004019	74b9f963cd6838e60dddba11be8d4b22c5b8c8a2e166fa5dd58af910cbb5ebda	ignored
notes/rewrite/fork-syscall-rewrite/evidence/20260921-2320/img32.log	53685	1790004019	5c3ba8355266bd3876332577498ad8214c282e0379ef2ecf28bbb1f72383536d	ignored
notes/rewrite/fork-syscall-rewrite/evidence/20260921-2320/img33.log	53910	1790004019	fa4e5c15cbd3fe07ea1f68e7dcaccb1664cff6714ae95f456cef365025ed931e	ignored
notes/rewrite/fork-syscall-rewrite/evidence/20260921-2320/img34.log	54121	1790004019	52934320b106e6a23b8d880875aa904cd96163d9a7a615a8bbb37657027f5e0a	ignored
notes/rewrite/fork-syscall-rewrite/evidence/20260921-2320/img35.log	54121	1790004019	472e45d3ea4a393980e43ff2569129bb76611f68f4d2baf4666c017f614ea785	ignored
notes/rewrite/fork-syscall-rewrite/evidence/20260921-2320/img36.log	28211	1790004019	06b690573c995c41a6602d1bab6718c7dc9c739a36655189ff2cc94aba7da0ef	ignored
notes/rewrite/fork-syscall-rewrite/evidence/20260921-2320/img37.log	53910	1790004019	7099787344ac5bc63d714d39a1257f706d22e76cd13b2ff9f7d4f6852d2105d3	ignored
notes/rewrite/fork-syscall-rewrite/evidence/20260921-2320/names.log	4441	1790004019	59c5ed71550fecbb527595c3e9d74e9ad09a59c0ca33d3d24bc716297099a30b	ignored
notes/rewrite/fork-syscall-rewrite/evidence/20260921-2320/nk4a_c3_serial1.log	8436	1790014258	e46745d1b0bf857b1fa9a2b4fdbd5466e461883bdb651ca76b09f2b90330aaeb	ignored
notes/rewrite/fork-syscall-rewrite/evidence/20260921-2320/nk4a_c3_serial10.log	8894	1790014258	f79196cbffc2073ef47352a11b0919d70d84f2a1ea12dde6ae66db2df8f8e810	ignored
notes/rewrite/fork-syscall-rewrite/evidence/20260921-2320/nk4a_c3_serial11.log	8955	1790014258	9624a0cb6c90484c1cedd19ca47cafd0fe3a3a6b8097735bdbc25714ddb109bc	ignored
notes/rewrite/fork-syscall-rewrite/evidence/20260921-2320/nk4a_c3_serial12.log	9507	1790014258	a1c5df8e5e820a5a61584da1ab6d09d750a7533bea0a21feffe787271e462d74	ignored
notes/rewrite/fork-syscall-rewrite/evidence/20260921-2320/nk4a_c3_serial13.log	9526	1790014258	5d48e4c22d918eab2a1e8552774c87552ac8226a363bd913e90c57b361fca545	ignored
notes/rewrite/fork-syscall-rewrite/evidence/20260921-2320/nk4a_c3_serial14.log	10813	1790014258	01b639fc4a6d751dde779a4bb71d06635bccb88a3944ce70c38d3cc53c5d25a8	ignored
notes/rewrite/fork-syscall-rewrite/evidence/20260921-2320/nk4a_c3_serial15.log	54166823	1790014258	eb8eff867ed93724e1f25934d297aa56680952f6ea117b26d67f557f3d9c71f1	ignored
notes/rewrite/fork-syscall-rewrite/evidence/20260921-2320/nk4a_c3_serial16.log	44275685	1790014258	637aacefe13b47eb5d9a99efb1eed245681b31222d823640964beb28452fac7e	ignored
notes/rewrite/fork-syscall-rewrite/evidence/20260921-2320/nk4a_c3_serial17.log	51234332	1790014258	a2f84e3df986cb21367d15a782ee80398cbfb94495708ef7ae5f486f539ab78e	ignored
notes/rewrite/fork-syscall-rewrite/evidence/20260921-2320/nk4a_c3_serial18.log	50476435	1790014259	c458f1e2dde125c56338493c3e6c6d10d07fea3f5e4084ea2489a5e64d651c90	ignored
notes/rewrite/fork-syscall-rewrite/evidence/20260921-2320/nk4a_c3_serial19.log	50192830	1790014259	0ab860fad934af0ff598a9952dea74b4d136abcaea1fbf4c5b864447b5f480b7	ignored
notes/rewrite/fork-syscall-rewrite/evidence/20260921-2320/nk4a_c3_serial2.log	8436	1790014259	e46745d1b0bf857b1fa9a2b4fdbd5466e461883bdb651ca76b09f2b90330aaeb	ignored
notes/rewrite/fork-syscall-rewrite/evidence/20260921-2320/nk4a_c3_serial20.log	50588230	1790014259	0fd8b0577cb4f70ea98435abd556a904e74ca175dd0fe61052f5d859988df530	ignored
notes/rewrite/fork-syscall-rewrite/evidence/20260921-2320/nk4a_c3_serial21.log	11174	1790014259	b9ac2dda1ee74835e7c79b2f181096d901dfe99f6e236c49fb1b8803fa6fde8d	ignored
notes/rewrite/fork-syscall-rewrite/evidence/20260921-2320/nk4a_c3_serial22.log	11174	1790014259	b9ac2dda1ee74835e7c79b2f181096d901dfe99f6e236c49fb1b8803fa6fde8d	ignored
notes/rewrite/fork-syscall-rewrite/evidence/20260921-2320/nk4a_c3_serial23.log	11268	1790014259	d2bbf1d2bf8b95a9454f82b812f8f9dc3ab2310f7c6bb0bdc99132058f8a1646	ignored
notes/rewrite/fork-syscall-rewrite/evidence/20260921-2320/nk4a_c3_serial24.log	11268	1790014259	d2bbf1d2bf8b95a9454f82b812f8f9dc3ab2310f7c6bb0bdc99132058f8a1646	ignored
notes/rewrite/fork-syscall-rewrite/evidence/20260921-2320/nk4a_c3_serial25.log	11268	1790014259	d2bbf1d2bf8b95a9454f82b812f8f9dc3ab2310f7c6bb0bdc99132058f8a1646	ignored
notes/rewrite/fork-syscall-rewrite/evidence/20260921-2320/nk4a_c3_serial26.log	11268	1790014259	d2bbf1d2bf8b95a9454f82b812f8f9dc3ab2310f7c6bb0bdc99132058f8a1646	ignored
notes/rewrite/fork-syscall-rewrite/evidence/20260921-2320/nk4a_c3_serial27.log	11303	1790014259	0deed0e7b84b7aabc7d117712d5c346f772965e30e6bcf76f95a7744f4b0f78c	ignored
notes/rewrite/fork-syscall-rewrite/evidence/20260921-2320/nk4a_c3_serial3.log	8621	1790008418	3c4a4a7edbbd2ad3e07fe0d47db983f275f31dbf647caced128cc971c2a68621	ignored
notes/rewrite/fork-syscall-rewrite/evidence/20260921-2320/nk4a_c3_serial4.log	6382	1790008418	29c4919374a37f723e316d2beae1f6b52ac714cbe8f0ce0673acb4ab8777ed49	ignored
notes/rewrite/fork-syscall-rewrite/evidence/20260921-2320/nk4a_c3_serial5.log	7684	1790009888	077564c5d7dbebb89f81b5407a995480404013575b3ff740debba4ec8b954b01	ignored
notes/rewrite/fork-syscall-rewrite/evidence/20260921-2320/nk4a_c3_serial6.log	7684	1790009888	077564c5d7dbebb89f81b5407a995480404013575b3ff740debba4ec8b954b01	ignored
notes/rewrite/fork-syscall-rewrite/evidence/20260921-2320/nk4a_c3_serial7.log	8630	1790009888	18fa8d76319cf09b9db02a367b50855f9cb16739d1711cc9d6b24629427731fc	ignored
notes/rewrite/fork-syscall-rewrite/evidence/20260921-2320/nk4a_c3_serial8.log	8894	1790009888	ffe9fd79d5bc1d30007ff576d995af97b74cfc0a86be73d89dbf1dda59d369aa	ignored
notes/rewrite/fork-syscall-rewrite/evidence/20260921-2320/nk4a_c4_serial1.log	11303	1790021861	0deed0e7b84b7aabc7d117712d5c346f772965e30e6bcf76f95a7744f4b0f78c	ignored
notes/rewrite/fork-syscall-rewrite/evidence/20260921-2320/nk4a_c4_serial10.log	49471167	1790021861	8bad911e4d026a5730049c331059583553a8e271f159d5226540e9a6edca17f5	ignored
notes/rewrite/fork-syscall-rewrite/evidence/20260921-2320/nk4a_c4_serial11.log	49831776	1790021861	8166fe019e89804143e00e607c3a27b1253cde0d4f40cd41d70329ecb746b152	ignored
notes/rewrite/fork-syscall-rewrite/evidence/20260921-2320/nk4a_c4_serial12.log	49372985	1790021861	6e79585e5b71ca3a2170c990de023b878a79b9a919a01ff331d2c84edf246b04	ignored
notes/rewrite/fork-syscall-rewrite/evidence/20260921-2320/nk4a_c4_serial13.log	45100569	1790021861	520953f4de3e897c773ebed7b7d8ff598238687f34e8d537d6d70155497b4bf3	ignored
notes/rewrite/fork-syscall-rewrite/evidence/20260921-2320/nk4a_c4_serial14.log	48478514	1790021861	70cb83f63967b717ed8ce2fb99c00f93f178ba0a409c2e570a718626f2626980	ignored
notes/rewrite/fork-syscall-rewrite/evidence/20260921-2320/nk4a_c4_serial15.log	13112	1790021861	5f82a55e1fbeb255e7b9e1c3d51b47bee8d56ea6a3dd2157587c9d5132db8126	ignored
notes/rewrite/fork-syscall-rewrite/evidence/20260921-2320/nk4a_c4_serial16.log	13112	1790021861	5f82a55e1fbeb255e7b9e1c3d51b47bee8d56ea6a3dd2157587c9d5132db8126	ignored
notes/rewrite/fork-syscall-rewrite/evidence/20260921-2320/nk4a_c4_serial17.log	13685	1790021861	bb621750f08f31b960552fe23b0cc9b2339470c9d0ad55b563389a71e3d13005	ignored
notes/rewrite/fork-syscall-rewrite/evidence/20260921-2320/nk4a_c4_serial18.log	13727	1790021861	fdb41ff1645fb3a093aba3828bf5b3154ea47d8d78c4363a3e2611a31b0c9990	ignored
notes/rewrite/fork-syscall-rewrite/evidence/20260921-2320/nk4a_c4_serial19.log	13727	1790021861	e31921a2585985fe5252c84681c53770b463e89d4cc3fd98be0468c87054b2e7	ignored
notes/rewrite/fork-syscall-rewrite/evidence/20260921-2320/nk4a_c4_serial2.log	11303	1790018086	0deed0e7b84b7aabc7d117712d5c346f772965e30e6bcf76f95a7744f4b0f78c	ignored
notes/rewrite/fork-syscall-rewrite/evidence/20260921-2320/nk4a_c4_serial3.log	11303	1790018086	0deed0e7b84b7aabc7d117712d5c346f772965e30e6bcf76f95a7744f4b0f78c	ignored
notes/rewrite/fork-syscall-rewrite/evidence/20260921-2320/nk4a_c4_serial4.log	11585	1790018086	f5a36b97f6cb2bde1f0e4bd776630283329dfffeb36bacb193dbfff3e44961cf	ignored
notes/rewrite/fork-syscall-rewrite/evidence/20260921-2320/nk4a_c4_serial5.log	13890	1790018086	b1ef9c8c52893c7bc8a99a56e29290f6543cebc0c4b217a785c39c99464c58b3	ignored
notes/rewrite/fork-syscall-rewrite/evidence/20260921-2320/nk4a_c4_serial6.log	14306	1790018086	ef52695db74d0377d680e0eeae297e42420275ff84bbd456a317682f67a48d93	ignored
notes/rewrite/fork-syscall-rewrite/evidence/20260921-2320/nk4a_c4_serial7.log	14306	1790018086	108630a5862cbe52a00cad4e1f2d824c1d375d3e95818b84b6abfe49c3c0479f	ignored
notes/rewrite/fork-syscall-rewrite/evidence/20260921-2320/nk4a_c4_serial8.log	53110156	1790018086	32af8a66ab2817c5e3cd3e086c1b358052bf1572f1f746583fe08bc161616744	ignored
notes/rewrite/fork-syscall-rewrite/evidence/20260921-2320/nk4a_c4_serial9.log	56268855	1790018086	d76659d3537f7f9876e44b3f4c5dd724784338236c1c7a27fe46db8e599a89bc	ignored
notes/rewrite/fork-syscall-rewrite/evidence/20260921-2320/nk4a_c5_serial1.log	8154	1790024539	73e5de638a749d5559d24dc234dd081b86e4363ca163ba0ffacf1afe8950339c	ignored
notes/rewrite/fork-syscall-rewrite/evidence/20260921-2320/nk4a_c5_serial2.log	8154	1790024539	73e5de638a749d5559d24dc234dd081b86e4363ca163ba0ffacf1afe8950339c	ignored
notes/rewrite/fork-syscall-rewrite/evidence/20260921-2320/nk4a_c5_serial3.log	8154	1790024539	73e5de638a749d5559d24dc234dd081b86e4363ca163ba0ffacf1afe8950339c	ignored
notes/rewrite/fork-syscall-rewrite/evidence/20260921-2320/nk4a_c5_serial4.log	8154	1790024539	51e1a6899067add953b9eddcc001106f353cdae021e250b73f9ea6dfe874e9a6	ignored
notes/rewrite/fork-syscall-rewrite/evidence/20260921-2320/nk4a_c5_serial5.log	8154	1790024539	51e1a6899067add953b9eddcc001106f353cdae021e250b73f9ea6dfe874e9a6	ignored
notes/rewrite/fork-syscall-rewrite/evidence/20260921-2320/nk4a_c5_serial6.log	11194	1790024539	60ba6301a365f38f2886ebf9d4741d87d89b87b834ba6cdbf0d82060e770e284	ignored
notes/rewrite/fork-syscall-rewrite/evidence/20260921-2320/nk4a_c5_serial7.log	11680	1790024539	1c51889b46bd9fb3ecd8519c0ffa601c920c3787ae17e8f15d3e18b76d3a4e98	ignored
notes/rewrite/fork-syscall-rewrite/evidence/20260921-2320/nk4a_c5_serial8.log	11680	1790024539	f9a0fba290200b2e6d4f848794c50469ea0d4fc14dbf884ed337476e9384cab6	ignored
notes/rewrite/fork-syscall-rewrite/evidence/20260921-2320/nk4a_c5_serial9.log	11680	1790024539	d8039797e71e0aa5a1a8f5ab81d66907a86ceefe8cc5493823128cdbeea24724	ignored
notes/rewrite/fork-syscall-rewrite/evidence/20260921-2320/run27.log	3883	1790004019	3d954a694ecc73f92312ec34f15cfc11176ac61e83163093f256114c2755a48d	ignored
notes/rewrite/fork-syscall-rewrite/evidence/20260921-2320/run28.log	3883	1790004019	8249b5aefe5f50c503c9ecb74d4c539eb6cad1a01636689e893e06542f82a7c8	ignored
notes/rewrite/fork-syscall-rewrite/evidence/20260921-2320/run29.log	3930	1790004019	ceffb423d6af42d531d1990e0faa34cc5fa1a4316c2938879b67dea8692f6441	ignored
notes/rewrite/fork-syscall-rewrite/evidence/20260921-2320/run30.log	3930	1790004019	ceffb423d6af42d531d1990e0faa34cc5fa1a4316c2938879b67dea8692f6441	ignored
notes/rewrite/fork-syscall-rewrite/evidence/20260921-2320/run30b.log	3930	1790004019	ceffb423d6af42d531d1990e0faa34cc5fa1a4316c2938879b67dea8692f6441	ignored
notes/rewrite/fork-syscall-rewrite/evidence/20260921-2320/run30e.log	3979	1790004019	39175fbd0ca130f2d4b7c4734503ce9bad5f683abbd9123684a240353bebfc7c	ignored
notes/rewrite/fork-syscall-rewrite/evidence/20260921-2320/run31.log	2531	1790004019	eeae32b1f080c42864018b90e0bd7bd84477951f542d96fc926ecb04104de058	ignored
notes/rewrite/fork-syscall-rewrite/evidence/20260921-2320/run32.log	2644	1790004019	7c02a20d767e4726737ebedabc2b15a79c07b2972079e10658ccbee62e1cc3e7	ignored
notes/rewrite/fork-syscall-rewrite/evidence/20260921-2320/run33.log	4024	1790004019	545de5821cb66910a80ebae599c6611d61bf29f61d097ab2cabfc14972f49050	ignored
notes/rewrite/fork-syscall-rewrite/evidence/20260921-2320/run35.log	4025	1790004019	d14cf67bac359607b95baa18c7365a5b8e727ad4cf0b28f8bfffb2ba9d8ac89f	ignored
notes/rewrite/fork-syscall-rewrite/evidence/20260921-2320/run36.log	4025	1790004019	3ac6f0b1a49d44fb9dc62e24c3ac8a3951b5a5ed5dbe8c72c79cca1908c3c61f	ignored
notes/rewrite/fork-syscall-rewrite/evidence/20260921-2320/run37.log	4192	1790004019	7eb8f181d72dc5945e6a21162df3cafdae0017808f23b75b25bc234fd414589d	ignored
notes/rewrite/fork-syscall-rewrite/evidence/20260921-2320/s29.log	4	1790004019	ad0fadf63cc7cd779ce475e345bf4063565b63a3c2efef1eebc89790aaa6acba	ignored
notes/rewrite/fork-syscall-rewrite/evidence/20260921-2320/sed32.log	0	1790004019	e3b0c44298fc1c149afbf4c8996fb92427ae41e4649b934ca495991b7852b855	ignored
notes/rewrite/fork-syscall-rewrite/evidence/20260921-2320/smoke-at-tip-232125.log	54464	1790004207	53381dfdf4ad22bfb9393f19b806a2d28e44ff8544b807644e30716b50dc2307	ignored
notes/rewrite/fork-syscall-rewrite/evidence/20260921-2320/smoke10.log	53418	1790004019	b0161fe6e0c420023fe4ce40bf3194d62f0f46e8c181e6df2bc2658dd83143bc	ignored
notes/rewrite/fork-syscall-rewrite/evidence/20260921-2320/smoke11.log	53627	1790004019	71b08b0677ad0e907f8c964fabac3b1833ec5fc5796ffc0353e6a4200082fedb	ignored
notes/rewrite/fork-syscall-rewrite/evidence/20260921-2320/smoke12.log	53627	1790004019	6d6192935cccd1dc61d82cd56c5bdb3f77318407d540c67db885e6a75c7ec0ca	ignored
notes/rewrite/fork-syscall-rewrite/evidence/20260921-2320/smoke13.log	53596	1790004019	d27da12e577add53b008caba34dd592d6b62c8420ec70b541c06aac801965473	ignored
notes/rewrite/fork-syscall-rewrite/evidence/20260921-2320/smoke14.log	53166	1790004019	983cfcb306b81ee5bbe675044a28a4bbd0032ff740f2220421c03382afe4c6bf	ignored
notes/rewrite/fork-syscall-rewrite/evidence/20260921-2320/smoke16.log	53298	1790004019	482283771d9d17c23109591bfa9c1168c23355d0f7b639dd8279fc019bdf4ec3	ignored
notes/rewrite/fork-syscall-rewrite/evidence/20260921-2320/smoke17.log	53238	1790004019	6ff3043fd7240253abcb50aa193fc1feef6930f61a1620f059a4dd64b400c80a	ignored
notes/rewrite/fork-syscall-rewrite/evidence/20260921-2320/smoke18.log	29646	1790004019	92a3ea937c808ece29738a160417880e2930ab1a3d2974a10c2f550635e760d4	ignored
notes/rewrite/fork-syscall-rewrite/evidence/20260921-2320/smoke19.log	53395	1790004019	6e3c371a9b6d157cfdcde1d14ba243bb4e483377216ea65709bcee4bdafa06b8	ignored
notes/rewrite/fork-syscall-rewrite/evidence/20260921-2320/smoke2.log	53880	1790004019	205cfb31fa61dee376af12cfc257a60f12903cfcb9d990d0648c893fb85cfa10	ignored
notes/rewrite/fork-syscall-rewrite/evidence/20260921-2320/smoke3.log	53770	1790004019	dac8d1f861ff48eaeb01775d3938d9de83dfdbe98226f19a8642f45838858df5	ignored
notes/rewrite/fork-syscall-rewrite/evidence/20260921-2320/smoke4.log	53868	1790004019	0eb520108b7f1b9211b0038b162d3d1032865ff967900ef35ac4b580090ef3a5	ignored
notes/rewrite/fork-syscall-rewrite/evidence/20260921-2320/smoke5.log	54890	1790004019	30ff8e73aca41ff25c993a47e70c1068217787c02be47970dae180a54a7f18eb	ignored
notes/rewrite/fork-syscall-rewrite/evidence/20260921-2320/smoke6.log	53473	1790004019	8599118b157ac2aac5547d17da1d5039d714014ca81c4cff796a7097fad088e9	ignored
notes/rewrite/fork-syscall-rewrite/evidence/20260921-2320/smoke7.log	53392	1790004019	f1d6f210527313b562a819ad3958f64e367a7d854917fbd6d1c8b2bc66482c10	ignored
notes/rewrite/fork-syscall-rewrite/evidence/20260921-2320/smoke8.log	53392	1790004019	c31db3c98bbe5846ba6776ef41c68f9837045bb331a0289be1090b8bd7cd68bb	ignored
notes/rewrite/fork-syscall-rewrite/evidence/20260921-2320/smoke9.log	53319	1790004019	857b6cbd3e42825df0eb6efe0d19eb29192bf967c1306cae9e29be7db28180c1	ignored
notes/rewrite/fork-syscall-rewrite/evidence/20260921-2320/smoke_real.log	57521	1790004019	55566145c6f368b709c8c50bde00c397383725642f6658048476d6ddd5befa55	ignored
notes/rewrite/fork-syscall-rewrite/evidence/20260921-2320/str28.log	9	1790004019	27792acfb40c0292e8f0ac84ab1cd205c9f70f3520a24914b13d195126774f77	ignored
notes/rewrite/fork-syscall-rewrite/evidence/20260921-2320/sysboot_debug.log	2512	1790004019	6f195428b2b4839ab019834d7c354a23cffe4b808b48fbfd4fd4ab6caf6f2f1b	ignored
notes/rewrite/fork-syscall-rewrite/evidence/20260921-2320/sysboot_serial.5UtoD9.log	1004	1790004019	ef3dd2e7e0fa63850556d9e06e8f4b65966ebc4d135d062c156a627834e4892d	ignored
notes/rewrite/fork-syscall-rewrite/evidence/20260921-2320/sysboot_serial.7i0Kz4.log	2507847	1790004019	b807a4aa675da88bd3a273a8528690f4ab2658cfa8ac5b9e62c0e39f5c604c50	ignored
notes/rewrite/fork-syscall-rewrite/evidence/20260921-2320/sysboot_serial.9OPFTM.log	1464	1790004019	c396680a4bdb360caa00e63ce56031488d3351b2a08d330b453543267ef92ae9	ignored
notes/rewrite/fork-syscall-rewrite/evidence/20260921-2320/sysboot_serial.Cou0ik.log	1616	1790004019	ea594e80631b60fe8aac7a16da4183e5bd430ca8d1c91c7e9ec85ac45f3d41eb	ignored
notes/rewrite/fork-syscall-rewrite/evidence/20260921-2320/sysboot_serial.GbmhZU.log	1230	1790004019	eea34cb61c3b3fe01a0a5fd4a94298383333d5b83204a66c1c211ed6f10939a3	ignored
notes/rewrite/fork-syscall-rewrite/evidence/20260921-2320/sysboot_serial.MfkjKQ.log	2070	1790004019	5c92bc6658e2d34e268e03f9b0cda57c0186739d253a53b0da462cb2ee609117	ignored
notes/rewrite/fork-syscall-rewrite/evidence/20260921-2320/sysboot_serial.U30S9U.log	1680	1790004019	7043481b23ccf6f5c44ebb843bf5cf0c7465875e885920e68cc2b91ec9c56bc2	ignored
notes/rewrite/fork-syscall-rewrite/evidence/20260921-2320/sysboot_serial.UQM4nR.log	1327	1790004019	eec68c1f687df609ba2f6c18236cc85023941733c4a1698e3c89377510a2bab2	ignored
notes/rewrite/fork-syscall-rewrite/evidence/20260921-2320/sysboot_serial.ViZgR7.log	1732	1790004019	b5fbf68b4b1b091f7953130967effaad8a3e6c8e4af293b1eab9c4b61c08c810	ignored
notes/rewrite/fork-syscall-rewrite/evidence/20260921-2320/sysboot_serial.YtxGh7.log	1486	1790004019	82d56fdeef4cc3a8298d7b548e622b9da80f2b51e6e499b3ed29a3545865f349	ignored
notes/rewrite/fork-syscall-rewrite/evidence/20260921-2320/sysboot_serial.a5kaQN.log	1133	1790004019	ef73ab22199a35470542e7b4c058f2dfb1f2ae8e0b8b9127e44a69c192ee951b	ignored
notes/rewrite/fork-syscall-rewrite/evidence/20260921-2320/sysboot_serial.hhH6j1.log	1486	1790004019	82d56fdeef4cc3a8298d7b548e622b9da80f2b51e6e499b3ed29a3545865f349	ignored
notes/rewrite/fork-syscall-rewrite/evidence/20260921-2320/sysboot_serial.iOA6pb.log	1229	1790004019	151d68ba4ae65e4381a75519420cfd9ae9631b88fda14a1579744c643b1fbe08	ignored
notes/rewrite/fork-syscall-rewrite/evidence/20260921-2320/sysboot_serial.ivLVaJ.log	2512	1790004019	6f195428b2b4839ab019834d7c354a23cffe4b808b48fbfd4fd4ab6caf6f2f1b	ignored
notes/rewrite/fork-syscall-rewrite/evidence/20260921-2320/sysboot_serial.k5wySS.log	1588	1790004019	3c24e272eb7e2acc210a904284b9a3d542b1b545d2c030f5b59d4e56bc7bec32	ignored
notes/rewrite/fork-syscall-rewrite/evidence/20260921-2320/sysboot_serial.mL9G9V.log	2023	1790004019	6b6649e91c6690fb1f9cbac312eb572f8ffc8503457c17929d88f2ef05655bd8	ignored
notes/rewrite/fork-syscall-rewrite/evidence/20260921-2320/sysboot_serial.p2QVrR.log	1539	1790004019	7361b9229342b8210876201e255158beeb0790d25f908be1ad34be21efa16561	ignored
notes/rewrite/fork-syscall-rewrite/evidence/20260921-2320/sysboot_serial.pc665m.log	1513	1790004019	7d3969b7fbe896710d83ab3dd36fdcaf1617a6cd781dd6536c6b40c1734c5de8	ignored
notes/rewrite/fork-syscall-rewrite/evidence/20260921-2320/sysboot_serial.qsmDkB.log	1300	1790004019	addb99dbd1a2065fbbad04058bb27cda910aa530b5e7b813a1b5d82e5c9975d4	ignored
notes/rewrite/fork-syscall-rewrite/evidence/20260921-2320/sysboot_serial.sd9GYI.log	1548	1790004019	266e96251929c89a2f4bd974abe2dd08fea8ed0f44a0adbc6ef41f9ced1b51e2	ignored
notes/rewrite/fork-syscall-rewrite/evidence/20260921-2320/sysboot_serial.uhjET8.log	943	1790004019	9ac4ff566d70e4f387b4bd7e749bee495e9a022f81a70d4805eb8bd6186722e1	ignored
notes/rewrite/fork-syscall-rewrite/evidence/20260921-2320/sysboot_serial.zPLJUJ.log	1835	1790004019	66056907123835bdb58b4892bfd6911f9eef5f7c249fb6311b8debd54f9e22c3	ignored
notes/rewrite/fork-syscall-rewrite/evidence/20260921-2320/t.log	9632	1790004019	5b646a8c2a00238737bf7a9d095ea7da29d54e803758fd8310900fb3cc5f5675	ignored
notes/rewrite/fork-syscall-rewrite/evidence/20260921-2320/t1.log	24801	1790004019	8050facd618074f2073ed3748a95930e8fb0edcd009248fb2e030cffa19d018f	ignored
notes/rewrite/fork-syscall-rewrite/evidence/20260921-2320/t2.log	1612	1790004019	8ca0f066d3bc2f972a2521c373145a26741ff76e35533bbe7db90814ee3e7ef8	ignored
notes/rewrite/fork-syscall-rewrite/evidence/20260921-2320/t3.log	20645	1790004019	75631d56c714fe080d7597cf6f62c6a2d74d4f72107297c9e1998a186490e84d	ignored
notes/rewrite/fork-syscall-rewrite/evidence/20260921-2320/t30f.log	227	1790004019	32f25070b628e835af25f57c3d721ddeab5a4effebbfd21a27259c040bc12acb	ignored
notes/rewrite/fork-syscall-rewrite/evidence/20260921-2320/t30g.log	1595	1790004019	33a19392a4b2218c3e67fdb82f05053586b9907d38097bc1d1a5fda35dc8450b	ignored
notes/rewrite/fork-syscall-rewrite/evidence/20260921-2320/t30h.log	98	1790004019	7a1a5967e45d2073bd39f9ee06f0cff1b37cba855e4298513e71c2efe33c4f1f	ignored
notes/rewrite/fork-syscall-rewrite/evidence/20260921-2320/t33.log	159	1790004019	5eee4226dac841689d954cefdc83aa83d6f5398347044ed7c033e78ffa893ec9	ignored
notes/rewrite/fork-syscall-rewrite/evidence/20260921-2320/t34.log	100	1790004019	45233f96b961c21451672deacbd9f7afa6b187e09b2fc2659ab16f89b2c458bf	ignored
notes/rewrite/fork-syscall-rewrite/evidence/20260921-2320/t35.log	284	1790004019	76a0be47dacad4af6ab73070f0af868944fa5da91b3602cd0259bcde6d95b8fe	ignored
notes/rewrite/fork-syscall-rewrite/evidence/20260921-2320/t4.log	74565	1790004019	292cc81ed44f0aa22c5bd52eb701b9f1e6afe7f485f6187221c56a9b56b1e9d0	ignored
notes/rewrite/fork-syscall-rewrite/evidence/20260921-2320/t5.log	66499	1790004019	51d84434cf2bb4ef69e7e87e0d8be3eb28166276b4f0ca707cd1be8f2b31ccc8	ignored
notes/rewrite/fork-syscall-rewrite/evidence/20260921-2320/t6.log	15312	1790004019	fc3fb401c918d31c671917967bc379c3b2dc7fbd695f9068387dbf82cababd60	ignored
notes/rewrite/fork-syscall-rewrite/evidence/20260921-2320/t64a.Lw5R.log	0	1790004019	e3b0c44298fc1c149afbf4c8996fb92427ae41e4649b934ca495991b7852b855	ignored
notes/rewrite/fork-syscall-rewrite/evidence/20260921-2320/t7.log	75709	1790004019	4cfa88c79ce934cc2519efc189555fcac28e804ac3c8edf4f4629c184a1f8933	ignored
notes/rewrite/fork-syscall-rewrite/evidence/20260921-2320/timer_rv_debug.log	2675	1790004019	30b29d872f8abcf2231f7d6c2e29bc73c3212add8d64caab025a933684888329	ignored
notes/rewrite/fork-syscall-rewrite/evidence/20260922-nk4a-iter11-18/serial_c10a.log	21450	1790036299	3c98edc45d417d1a38e1f97469915dc5c3f35ef2c8a4562a876c8adce6494db5	tracked
notes/rewrite/fork-syscall-rewrite/evidence/20260922-nk4a-iter11-18/serial_c11a.log	27400	1790036299	fa8374b30fc1b9e162d22d7bc8e4552f19448b59064d471c42ee1fefca8cc5a1	tracked
notes/rewrite/fork-syscall-rewrite/evidence/20260922-nk4a-iter11-18/serial_c12a.log	64943	1790036299	0cdf9a9b5b3c03d8a0e9bb338816edba5860e72faa9cd0a16a80c3ff0f4765d4	tracked
notes/rewrite/fork-syscall-rewrite/evidence/20260922-nk4a-iter11-18/serial_c13a.log	221287	1790036299	b73ff01c85c0939834f74fb92abdd11c369c4f7005c0753402accb14680c432a	tracked
notes/rewrite/fork-syscall-rewrite/evidence/20260922-nk4a-iter11-18/serial_c14a.log	220779	1790036299	d8c220701918a2178cfc3f11671c131c49bfc1f1a0e8502d78f4067c4b536b19	tracked
notes/rewrite/fork-syscall-rewrite/evidence/20260922-nk4a-iter11-18/serial_c15a.log	221998	1790036299	af932409e51ae8ebbed30ad038a471c28550a7f1c51316cd4d9720924c7b00c4	tracked
notes/rewrite/fork-syscall-rewrite/evidence/20260922-nk4a-iter11-18/serial_c16a.log	218883	1790036299	6a6749fb6fdf8c316be8062b31419fc766d8a55d985746cbbfd876a95a5cd9a5	tracked
notes/rewrite/fork-syscall-rewrite/evidence/20260922-nk4a-iter11-18/serial_c7a.log	36336	1790036298	dd6c539a63de56d1cc11ec33041925b44423c59e0de56e73e8577b8d9d3fbf91	tracked
notes/rewrite/fork-syscall-rewrite/evidence/20260922-nk4a-iter11-18/serial_c8a.log	17970	1790036298	e857f49f74d3c09b17d0fea1c718464e1cedad9937412fc569d4df57a9896693	tracked
notes/rewrite/fork-syscall-rewrite/evidence/20260922-nk4a-iter11-18/serial_c9a.log	615177374	1790036298	17c6ec6576d465b6cf80ee2d6918d499112ad4fdca162a8b7818f5f8ff36d135	ignored
notes/rewrite/fork-syscall-rewrite/evidence/20260922-nk4a-taskA-c17a-c18/serial_c17a.log	220714	1790056457	157874edb7ccbea8f02459ef841121e5cbe351e9056f57cdb9b635aba77ca3b5	tracked
notes/rewrite/fork-syscall-rewrite/evidence/20260922-nk4a-taskA-c17a-c18/serial_c18a.log	221556	1790056457	2c6c5ddd66d88c61dace054b5ba19e3f64702140736a34d8adafc9074384bf4f	tracked
notes/rewrite/fork-syscall-rewrite/evidence/20260922-nk4a-taskA-c17a-c18/serial_c18b.log	221662	1790056457	583096e394bc755444b6bb81de1e5dc9727043e957c03afb36d88f88569c2b80	tracked
notes/rewrite/fork-syscall-rewrite/evidence/20260922-nk4a-taskC-c19a-c21a/serial_c19a.log	229224	1790060470	7019c03f889cae124f7eea62e879e10b50b4c1109da6b3cd1146786868fd7319	tracked
notes/rewrite/fork-syscall-rewrite/evidence/20260922-nk4a-taskC-c19a-c21a/serial_c20a.log	225471	1790060470	4a72f63f57f9868e5255580a480e595150a70e3c6996a20a67dce533d8a34f4a	tracked
notes/rewrite/fork-syscall-rewrite/evidence/20260922-nk4a-taskC-c19a-c21a/serial_c21a.log	227045	1790060470	a74fdbf66da3b94e63b911a9673f9c63a72645c71d71b513ef55303086f5353d	tracked
notes/rewrite/fork-syscall-rewrite/evidence/20260922-nk4a-taskC-c22/serial_c22a.log	227257	1790063024	01dd6fe95a197cf038ff69832f868dea3079f8f01755ed03951f322addec120d	tracked
notes/rewrite/fork-syscall-rewrite/evidence/20260922-nk4a-taskC-c23/img_c23.log	56015	1790066242	16fe376453bb2d42cceefa15e4748a72a0d8ba91e098550c48bdf9ce088578bc	tracked
notes/rewrite/fork-syscall-rewrite/evidence/20260922-nk4a-taskC-c23/qemu_c23a.out	82	1790066242	523918cbfd1313146856feffada1a1223133e9162d11eb9a8bb72b1e0981dddb	tracked
notes/rewrite/fork-syscall-rewrite/evidence/20260922-nk4a-taskC-c23/serial_c23a.log	235354	1790066242	bfae25c69c3dc7849127bc847acc8ad91401f244f0b2179fc25860f00d829a8c	tracked
notes/rewrite/fork-syscall-rewrite/evidence/20260922-nk4a-taskC-c24/img_c24.log	56015	1790066242	ba8517e0ab98bdf353ee4be685ec9aaf46b92281424f6da8f3d6018be69ac3c7	tracked
notes/rewrite/fork-syscall-rewrite/evidence/20260922-nk4a-taskC-c24/qemu_c24a.out	82	1790066242	bfad03be8832266bac0f5b88a247cecfbb0809c0990a63e9e748fb50748003fc	tracked
notes/rewrite/fork-syscall-rewrite/evidence/20260922-nk4a-taskC-c24/serial_c24a.log	239242	1790066242	0850125330cc3624fda19d62d8d70349ca3da9cf261dd0ccfe9c5210abd43be6	tracked
notes/rewrite/fork-syscall-rewrite/evidence/20260922-nk4b-p0/host-tests-kernel-arch-vm.txt	820	1790072011	77a081e374f0c8aff4c9de664195aacb240310805c6542c85b906858c08f0f10	tracked
notes/rewrite/fork-syscall-rewrite/evidence/20260922-nk4b-p0/host-tests-rs-rt-sys.txt	1775	1790071888	f78a4c717fd2f67e028c9b677c6426fe9955910b39c9083de9cb18c61bed1c95	tracked
notes/rewrite/fork-syscall-rewrite/evidence/20260922-nk4b-p0/smoke-stdout.txt	57277	1790071888	3156810542bf7a10562e07737e9bfbee96f653d3058979567c9fe59fb9413fe5	tracked
notes/rewrite/fork-syscall-rewrite/evidence/20260922-nk4b-p1-r7-9/img_c26.log	56015	1790073489	20ac91401eeae9825d22af7644a9eefca9e3d126c670ac12ea9a862561819f17	tracked
notes/rewrite/fork-syscall-rewrite/evidence/20260922-nk4b-p1-r7-9/img_c27.log	57249	1790073489	536a272dfe042cf58885bd3c5d10a0100abf4377f551e41ed6eeddbd00a325c6	tracked
notes/rewrite/fork-syscall-rewrite/evidence/20260922-nk4b-p1-r7-9/serial_c25a.log	245447	1790073489	55df576b0d8f6118109b2a21a59955343dc01e73f159462f575900a976e881da	tracked
notes/rewrite/fork-syscall-rewrite/evidence/20260922-nk4b-p1-r7-9/serial_c26a.log	246991	1790073489	d1d5d169ad16779aab2d367416686a92de84e37b0cfff0d0ca700186ca15b04c	tracked
notes/rewrite/fork-syscall-rewrite/evidence/20260922-nk4b-p1-r7-9/serial_c27a.log	248210	1790073489	0efe3f23d66bb2f312f53fc5534899f2b7e60ffd7cf149209416143315fe49bc	tracked
notes/rewrite/fork-syscall-rewrite/evidence/20260922-nk4b-p1-r7-9/serial_c27b.log	247857	1790073489	d7266946ba7644617a1a51ad3d3c50c27f346155df9986e367a71e12d21fdb3a	tracked
notes/rewrite/fork-syscall-rewrite/evidence/20260922-nk4b-p3-m31/carrier-build-before-fix.log	30397	1790075630	cffba00fc54f5d5d80d3a9275c473c8d1ab0ee2911bed907d5fca21c8273b015	tracked
notes/rewrite/fork-syscall-rewrite/evidence/20260922-nk4b-p3-m31/host-test-minix-kernel.txt	297	1790075630	a2bbfb80dfab0af474d595fb597c97b187a084f70797a14a406df822901c2ea7	tracked
notes/rewrite/fork-syscall-rewrite/evidence/20260922-nk4b-p3-m31/serial_a64_b1.log	817	1790075630	f9453c68c230284ed32ca927bd150c422018ada739e4e4d542d51a9556ff985b	tracked
notes/rewrite/fork-syscall-rewrite/evidence/20260922-nk4b-p3-m31/serial_a64_b2.log	817	1790075630	f9453c68c230284ed32ca927bd150c422018ada739e4e4d542d51a9556ff985b	tracked
notes/rewrite/fork-syscall-rewrite/evidence/20260922-nk4b-p3-m31/serial_c28a.log	247911	1790075630	fde139176018dc5f7a14af317ed81fa61f956504c76eccf90a1577c651e61860	tracked
notes/rewrite/fork-syscall-rewrite/evidence/20260922-nk4b-p3-m31/test-script-after-fix.log	56346	1790075630	62c2c35a5ec06faf9a0057b9d2505570859e239e8a2945e750870a53cea2c4b2	tracked
notes/rewrite/fork-syscall-rewrite/evidence/20260922-nk4b-p3-m31/x86_64-img-build.log	55448	1790075630	4fc375998245e3d47759ba56f37917cf8687edb3fc0e0cefcf1ec3772de437cc	tracked
notes/rewrite/fork-syscall-rewrite/evidence/20260922-nk4b-p3-m32/build-aarch64-unknown-none.log	27573	1790077964	f48f8971a77417a766094b679776201408132e4ae4e4627a3e88da8920408260	tracked
notes/rewrite/fork-syscall-rewrite/evidence/20260922-nk4b-p3-m32/build-x86_64-unknown-none.log	12965	1790077964	191cb63b6ac40b92765bcf594c765e0a8fb144493552255e9a7572c401a034ca	tracked
notes/rewrite/fork-syscall-rewrite/evidence/20260922-nk4b-p3-m32/check-layout-all.log	2406	1790080378	caf635876ef5399fbcb1e4fb0afaf54f614434d4cf20c8c7732848f94519e7ae	tracked
notes/rewrite/fork-syscall-rewrite/evidence/20260922-nk4b-p3-m32/check-layout-l0-uniqueness-matrix.log	3928	1790080366	9a52628da9546281c7d83c2cc85d2f4810fda54b146d8c52e4baa264451e9f64	tracked
notes/rewrite/fork-syscall-rewrite/evidence/20260922-nk4b-p3-m32/check-layout-negative-L0-symbol-drift.log	1203	1790080378	0064fe6a8525377919507bfdb94e3ee742cba7a1030972c5907c52dfc058745e	tracked
notes/rewrite/fork-syscall-rewrite/evidence/20260922-nk4b-p3-m32/check-layout-negative-L0-value-drift.log	1203	1790080378	a9dbabac45cf3eccc1290c01343618574ae7790af38749bf09e2bf133d53f774	tracked
notes/rewrite/fork-syscall-rewrite/evidence/20260922-nk4b-p3-m32/check-layout-negative-aarch64.log	1030	1790077964	89f8e80f7e38f9a5912655444d1570b4c9efc3f202e1fbd96825acb2417d0721	tracked
notes/rewrite/fork-syscall-rewrite/evidence/20260922-nk4b-p3-m32/check-layout-negative-nm-unreadable.log	423	1790080392	b75802dfcde473dc464ee3fcd703b591b21fe88ebb354502c35c4050f5a7b189	tracked
notes/rewrite/fork-syscall-rewrite/evidence/20260922-nk4b-p3-m32/check-layout-negative-unknown-vma-mode.log	100	1790080112	5d39ca4c984d62b8189700b5c9e5db9e701614f1b981fde3cbf2ae792bcbd758	tracked
notes/rewrite/fork-syscall-rewrite/evidence/20260922-nk4b-p3-m32/check-layout-sideeffect-star-filter.log	524	1790080188	e58f5db469aead3e1d1670185b761d98b9f907c11cca5ea1b18d4a0b7341f395	tracked
notes/rewrite/fork-syscall-rewrite/evidence/20260922-nk4b-p3-m32/clippy-aarch64.log	60782	1790077964	5236e0201ca38547f0444a14032793e82697ea3d51950674f03f212465d3d894	tracked
notes/rewrite/fork-syscall-rewrite/evidence/20260922-nk4b-p3-m32/host-test-counts-p2closure.txt	897	1790079523	1a1dcabd0c55d1cae9aea9e93d2f9d3e63209a1f8ececb318186be92010f7421	tracked
notes/rewrite/fork-syscall-rewrite/evidence/20260922-nk4b-p3-m32/host-test-counts.txt	1044	1790077975	44b8821be8582d53e21056637c57656ca87b594ecbb1a04f9e2a1398250a08a2	tracked
notes/rewrite/fork-syscall-rewrite/evidence/20260922-nk4b-p3-m32/img-x86_64-build.log	55139	1790077964	9d21ce177d5a12b351192db23ae63c74a92ac4a470d9da65fd5ed9b5504bdd55	tracked
notes/rewrite/fork-syscall-rewrite/evidence/20260922-nk4b-p3-m32/layout-raw.txt	1776	1790077964	2f8d1a7332706e542ea2f4ed732d89f331852d9dc504c8d5be574d2faabe10a8	tracked
notes/rewrite/fork-syscall-rewrite/evidence/20260922-nk4b-p3-m32/smoke-x86_64-r1.log	56699	1790077964	5b5249c723589f893f68a4593bc462870b58d7ce0e3b8229bf837fc51ca7436a	tracked
notes/rewrite/fork-syscall-rewrite/evidence/20260922-nk4b-p3-m32/smoke-x86_64-r2.log	56699	1790077964	bc35c626fce4634ad4161b8e6730da0aa73d018c6c3b83fc92c32e4cebf06d1d	tracked
notes/rewrite/fork-syscall-rewrite/evidence/20260922-nk4b-p3-m33/m33-carrier-negative.log	2661	1790087212	73fca161c58e10e3740c2946dcbe0e61df86f13a49fe5b83bdeb4121f1b40733	tracked
notes/rewrite/fork-syscall-rewrite/evidence/20260922-nk4b-p3-m33/m33-carrier-pass.txt	3158	1790087165	7d26c7d772f3e5dae09b0a6cd06bb8f6f9c819e1080d73bc4df7c725719389ac	tracked
notes/rewrite/fork-syscall-rewrite/evidence/20260922-nk4b-p3-m33/m33-probe-modules.txt	226	1790080991	e6695865d27953fce654248b48f43381d7846ceffacb8f5d2b47a4c677993cc1	tracked
notes/rewrite/fork-syscall-rewrite/evidence/20260922-nk4b-p3-m33/m33-review-closeout.log	2541	1790088004	907c5b2c6d989a76c2f4dc712b32eeebd3196f35e0259e88d9cd97c9611ec020	tracked
notes/rewrite/fork-syscall-rewrite/evidence/20260922-nk4b-p3-m33/m33-shim-gate-negative.log	728	1790083861	df280fe0b576128ed97459d67cf10f089c2f3f398788b8d59f3b6df1e862aab6	tracked
notes/rewrite/fork-syscall-rewrite/evidence/20260922-nk4b-p3-m33/m33-shim-gates.log	2754	1790083893	7f0277815cfdb1537e86f7a3be475d300ecde60af36a88ddbeda49f55179d3bf	tracked
notes/rewrite/fork-syscall-rewrite/evidence/20260922-nk4b-p3-m33/m33-xtask-aarch64-image.log	2149	1790086827	ccfd37d3dc3e666c0ab28960b97653e4080e90764280fbfbe8b37c3528fc44c5	tracked
notes/rewrite/fork-syscall-rewrite/evidence/20260922-nk4b-p3-m33/m33-xtask-table-mutation.log	1178	1790086827	cac6cb852c11bebea8f6cb32a34247e688f99731f13ecea86a15ef08330e2555	tracked
notes/rewrite/fork-syscall-rewrite/evidence/20260922-nk4b-p3-m33/pl011-aarch64-build.txt	464	1790082643	81f12cf589712827ca529b274b4294145943b475271587819bf2c1a015de647b	tracked
notes/rewrite/fork-syscall-rewrite/evidence/20260922-nk4b-p3-m33/pl011-host-tests.txt	1191	1790082074	e941a8d17e2f30625dba63cc149b7d923966b7647fcef2eb8260a6e30ef10f6a	tracked
notes/rewrite/fork-syscall-rewrite/evidence/20260922-nk4b-p3-m33/pl011-throttle-negative-mutation.log	1913	1790082551	43a3a5173c414ddea751a40d2f39e24f85182a5f1893b7a8180a0658ba2939cc	tracked
notes/rewrite/fork-syscall-rewrite/evidence/20260922-nk4b-p3-m33/serial_m33d.log	1793	1790087182	83e6eeb968bbc7ce38e6957e07d8b4deb3855791e373e9342a8243728742542c	tracked
notes/rewrite/fork-syscall-rewrite/evidence/20260922-nk4b-p3-m33/serial_m33e.log	1793	1790087182	83e6eeb968bbc7ce38e6957e07d8b4deb3855791e373e9342a8243728742542c	tracked
notes/rewrite/fork-syscall-rewrite/evidence/20260922-nk4b-p3-m33/serial_m33f.log	1793	1790088036	83e6eeb968bbc7ce38e6957e07d8b4deb3855791e373e9342a8243728742542c	tracked
notes/rewrite/fork-syscall-rewrite/evidence/20260922-nk4b-p3-m33/serial_m33g.log	1793	1790088036	83e6eeb968bbc7ce38e6957e07d8b4deb3855791e373e9342a8243728742542c	tracked
notes/rewrite/fork-syscall-rewrite/evidence/20260922-nk4b-p3-m33/shim-move-x86-equiv.txt	680	1790083388	c21f8181d82a35cd5bf07e0993db57e67bf62e87daac5a84e9d79284f85108a2	tracked
notes/rewrite/fork-syscall-rewrite/evidence/20260922-nk4b-p3-m34/m34-gicgate-1-legs.log	1166	1790089305	adb7160c6c151b2cdb3eaab00593e9dcea26d1dd0b5c4ae90d364e7b51fe45ef	tracked
notes/rewrite/fork-syscall-rewrite/evidence/20260922-nk4b-p3-m34/m34-gicgate-2-context.log	1906	1790089361	c0bb43ff3cb8f571b80388cd92dc40e28896c79c06c0226809b3ac210789e88d	tracked
notes/rewrite/fork-syscall-rewrite/evidence/20260922-nk4b-p3-m34/virt-gic3.dtb	1048576	1790089347	4d84dffbd7b3672ca5da6cdcf41f1aea007aad92d13caf90543dd3811b680c78	tracked
notes/rewrite/fork-syscall-rewrite/evidence/20260922-nk4b-p3-m34/x86-regress-smoke-2.log	57277	1790090143	9c1df3f4678fe4d14501af195792cf88238c959d9cb16e1bb89ddb85e3a51d2d	tracked
notes/rewrite/fork-syscall-rewrite/evidence/20260922-nk4b-p3-m34/x86-regress-smoke.log	57277	1790090007	028b5c8cdaec1576f7960ca1704f4f40396be82a327c1fae526bda4d960cddef	tracked
notes/rewrite/fork-syscall-rewrite/evidence/20260922-nk4b-p4-m41/m41-build-sweep.log	2956	1790090747	5b0ea53a7cf5b3eef8d59c821b92b41ea4d3dcb6a8f746844d1c14c7812063c8	tracked
notes/rewrite/fork-syscall-rewrite/evidence/20260922-nk4b-p4-m41/m41-host-prereqs.log	1520	1790090665	763fc1d867056e73faa67c26ccb71821900a5dc052fc157bed6a27df10d0fa99	tracked
notes/rewrite/fork-syscall-rewrite/evidence/20260922-nk4b-p4-m41/m41-rt-birth-run1.log	59026	1790090314	69f5d536230e3be64792da5daed475b40fa45fa03867f1f4328abf6d1a3e1e2c	tracked
notes/rewrite/fork-syscall-rewrite/evidence/20260922-nk4b-p4-m41/m41-rt-birth-run2.log	58235	1790090658	cb92fa95c059b23af3512e47ae13107fe719767c899ffbc3f303ee3e969e3af9	tracked
notes/rewrite/fork-syscall-rewrite/evidence/20260922-nk4b-p4-m41/m41-timer-irq-run1.log	371	1790090236	1ab0c76eafd12646ff9af4fae406dac4c34118e1b14f67503fcbf66d92ca570a	tracked
notes/rewrite/fork-syscall-rewrite/evidence/20260922-nk4b-p4-m41/m41-uboot-run1.log	51	1790090213	b388d06933273e9491f6649acb3eeafc994eca06b56b9926e72b531a9ae62f69	tracked
notes/rewrite/fork-syscall-rewrite/evidence/20260922-nk4b-p4-m41/m41-x86-rt-birth-control.log	16176	1790090862	2fc462d1dd511f8b8cd9e1740945167f13f64d25a07a01f197168f33a212fc85	tracked
notes/rewrite/fork-syscall-rewrite/evidence/20260922-nk4b-p4-m42/m42-check-layout-all-after-p2closure.log	4720	1790094791	c82999361a84dcdc442a6585ce65f64a7d25c8ba37462407075046c84f7dda86	tracked
notes/rewrite/fork-syscall-rewrite/evidence/20260922-nk4b-p4-m42/m42-check-layout-all.log	3793	1790091912	a2477abba40e108a3e5d48314561611a707ff2e13bf1754d3d1beb6898b579d4	tracked
notes/rewrite/fork-syscall-rewrite/evidence/20260922-nk4b-p4-m42/m42-check-layout-riscv64.log	1358	1790092092	63d1493a2d124aaf033a003e71e284bd92110cccbfeb0b6654b2f0bcd39e4a72	tracked
notes/rewrite/fork-syscall-rewrite/evidence/20260922-nk4b-p4-m42/m42-host-isolation-gate.log	37451	1790092016	53fabe6c0e15edda9ff628cc05611d5ee0dee4fc22d870abc2fc4dbfb63c8b5a	tracked
notes/rewrite/fork-syscall-rewrite/evidence/20260922-nk4b-p4-m42/m42-host-tests.log	96679	1790091959	8eb35cdf355debf75453ce67722a7d4b72e50a311114fba4fec2d239d2de0c6d	tracked
notes/rewrite/fork-syscall-rewrite/evidence/20260922-nk4b-p4-m42/m42-reverse-x86-as-riscv.log	1607	1790091897	82419600a9e1d63a2008715abd8c1a137d579c20b3aa85d07ebea0b73dab57e1	tracked
notes/rewrite/fork-syscall-rewrite/evidence/20260922-nk4b-p4-m43/m43-exploratory-first-contact.log	2843	1790094738	c84a8e8835435c97dc72a59cf228872f45bcf4333af17db68b797e51cf71bd39	tracked
notes/rewrite/fork-syscall-rewrite/evidence/20260922-nk4b-p4-m43/m43-prereqs-container.log	510	1790093391	d4a6a9c13c5ab5238a0a408913263ff74d8fc6ab18388f00a8459a45ffd172fd	tracked
notes/rewrite/fork-syscall-rewrite/evidence/20260922-nk4b-p4-m43/m43-prereqs-host.log	1251	1790093381	bfa441bfd764540c7f567d5e59a8d27230d51eab2af07548cc4ea3b0440411be	tracked
notes/rewrite/fork-syscall-rewrite/evidence/20260922-nk4b-p4-m43/m43-raw-paddr-shifted-manual.log	2739	1790094738	2ce119761d0d1d69fcb648ffa9a956473ea8bc5c1706baa51f6ec7d7fabff935	tracked
notes/rewrite/fork-syscall-rewrite/evidence/20260922-nk4b-p4-m43/m43-reverse-paddr-shifted.log	1993	1790094738	94af57cff6c5598249d6ffd7df82bbb0c09d7c4f24688ca51c904e29d2e795f5	tracked
notes/rewrite/fork-syscall-rewrite/evidence/20260922-nk4b-p4-m43/m43-reverse-x86-artifact.log	1817	1790093400	4b2fec79329d534150c270eaeb0a99ba7b08e6cd1f6319f6fc4d21b2eea945c6	tracked
notes/rewrite/fork-syscall-rewrite/evidence/20260922-nk4b-p4-m43/m43-reverse-x86-v2.log	1802	1790094738	be938e9a3292417d05c2f0c2e5aac96bf33b56c5515b231514f659ba90e5d489	tracked
notes/rewrite/fork-syscall-rewrite/evidence/20260922-nk4b-p4-m43/m43-serial-m43a.log	2303	1790093381	075acfa6619aa279eed0c6d82cc35f25d9f2852a6b0d6ece5b4650ee6185ac08	tracked
notes/rewrite/fork-syscall-rewrite/evidence/20260922-nk4b-p4-m43/m43-serial-m43b.log	2303	1790093381	075acfa6619aa279eed0c6d82cc35f25d9f2852a6b0d6ece5b4650ee6185ac08	tracked
notes/rewrite/fork-syscall-rewrite/evidence/20260922-nk4b-p4-m43/m43-serial-m43c.log	2303	1790093381	075acfa6619aa279eed0c6d82cc35f25d9f2852a6b0d6ece5b4650ee6185ac08	tracked
notes/rewrite/fork-syscall-rewrite/evidence/20260922-nk4b-p4-m43/m43-serial-m43d.log	2303	1790093553	075acfa6619aa279eed0c6d82cc35f25d9f2852a6b0d6ece5b4650ee6185ac08	tracked
notes/rewrite/fork-syscall-rewrite/evidence/20260922-nk4b-p4-m43/m43-serial-m43e.log	2303	1790094723	075acfa6619aa279eed0c6d82cc35f25d9f2852a6b0d6ece5b4650ee6185ac08	tracked
notes/rewrite/fork-syscall-rewrite/evidence/20260922-nk4b-p4-m43/m43-serial-m43f.log	2303	1790094723	075acfa6619aa279eed0c6d82cc35f25d9f2852a6b0d6ece5b4650ee6185ac08	tracked
notes/rewrite/fork-syscall-rewrite/evidence/20260922-nk4b-p4-m44/m44-elf-sections-and-symbols.log	2781	1790096104	ca1559134de45f2e5908e5b0c415a7827e242634614c45491bb160b2abf05a84	tracked
notes/rewrite/fork-syscall-rewrite/evidence/20260922-nk4b-p4-m44/m44-entry-sequence-compare.log	1044	1790096115	5b73e6565cd7277c62d126b006aae41258b4fb3c2474ceac5d53505afb0d42e6	tracked
notes/rewrite/fork-syscall-rewrite/evidence/20260922-nk4b-p4-m44/m44-kernel-build-warming-census.log	3204	1790096245	997d1ee59b153fe2cb1489f21feebe981bdcb0129be67c3062579e48fccb96e3	tracked
notes/rewrite/fork-syscall-rewrite/evidence/20260922-nk4b-p4-m44/m44-serial-m44a.log	2303	1790096356	075acfa6619aa279eed0c6d82cc35f25d9f2852a6b0d6ece5b4650ee6185ac08	tracked
notes/rewrite/fork-syscall-rewrite/evidence/20260922-nk4b-p4-m44/m44-serial-m44b.log	2303	1790096356	075acfa6619aa279eed0c6d82cc35f25d9f2852a6b0d6ece5b4650ee6185ac08	tracked
notes/rewrite/fork-syscall-rewrite/evidence/20260922-nk4b-p4-m44-clock/clk-discriminate.log	3143	1790097340	0e49102196e1eb9a75f12fc52e061b771bd060d5323998945c21721c3c7e9e81	tracked
notes/rewrite/fork-syscall-rewrite/evidence/20260922-nk4b-p4-m44-clock/serial_clk1.log	3651	1790096868	31e7502e6e888dd21aafa0dacffbc39f8c198401db8708afa69abe7ae0f566ba	tracked
notes/rewrite/fork-syscall-rewrite/evidence/20260922-nk4b-p4-m44-clock/serial_clk2.log	3651	1790097224	31e7502e6e888dd21aafa0dacffbc39f8c198401db8708afa69abe7ae0f566ba	tracked
notes/rewrite/fork-syscall-rewrite/evidence/20260922-nk4b-p4-m44-clock/sum-user-access-forensics.log	37089	1790105629	b9b45fc69db486ae6d02752c8246a96140028ceedbfd3a3c72ca64b712abcdc3	tracked
notes/rewrite/fork-syscall-rewrite/evidence/20260923-c61-pattern-gate/diff-run-worktree.log	1092	1790111461	69cca79259b14aecce8fccdb2dd347677220039763a1253a9e8f46035711b3f2	tracked
notes/rewrite/fork-syscall-rewrite/evidence/20260923-c61-pattern-gate/full-run-worktree.log	867	1790111461	b26cb5fc7cd9b8f8d4e6a3d961d8cb94cbd276e19dcf63960b6907c1a9f5e54a	tracked
notes/rewrite/fork-syscall-rewrite/evidence/20260923-c61-pattern-gate/mutation-negative.log	754	1790111461	397ab2d9896a656d96a65489adf5e22a7473763e043892f5c9315d4c7e921f80	tracked
notes/rewrite/fork-syscall-rewrite/evidence/20260923-c61-pattern-gate/selftest.log	1284	1790111461	3aa40f0c0fe2715a02856de4d6692107867aa6621b09312823bc2330c3b4bea4	tracked
notes/rewrite/fork-syscall-rewrite/evidence/20260927-c62-pattern-gate/diff-run-worktree.log	1231	1790501717	adc2d1f7b4d6dad9ab1409e25ee1fc1489fe14188d326e2bcbe285bce569f942	tracked
notes/rewrite/fork-syscall-rewrite/evidence/20260927-c62-pattern-gate/full-run-worktree.log	1007	1790501717	b5b211caf9fd88bbc43900a11592bb8b0e4ce88c1881fcabe1604ad3b2e76b78	tracked
notes/rewrite/fork-syscall-rewrite/evidence/20260927-c62-pattern-gate/selftest.log	1529	1790501717	9d30a74f6bb7efbb53753592b5007b95c5f74811c64e72501b9fe6d948f54bf1	tracked
notes/rewrite/fork-syscall-rewrite/evidence/20260927-c63-pattern-gate/diff-run-worktree.log	1231	1790504395	a01caa9bc2a99615f96fe9390b3874c7c4768af8171c3b950e45dadee2a01700	tracked
notes/rewrite/fork-syscall-rewrite/evidence/20260927-c63-pattern-gate/full-run-worktree.log	1007	1790504395	a4ce910d4622184d23aea8890b9df155ac33e398808a12c5f85fd2710abaa49f	tracked
notes/rewrite/fork-syscall-rewrite/evidence/20260927-c63-pattern-gate/selftest.log	1529	1790504395	2c73f1a3811d2e2372fdfee0ab5a7bf0f534373b3e2cd0335ffcacaa97ac6c3f	tracked
notes/study/daily.md	45	1790178027	28e6d712ccfa5c00e80adc136491d9fa25e372e8bafa36918d4eb7523209d05e	tracked
notes/study/learning-path.md	4520	1790178027	b0fcc7601462907d5c75712821089ba7c93309c98844ad30aec34ccd2a0a0d3f	tracked
notes/study/minix_structure.md	16585	1790178027	e9d398c17fc6a1f8aa765e9c91a15081b22ea86fa4aca79381dccdfdf2cba833	tracked
notes/study/progress.md	42670	1790178027	f9fad5cd4baca5871c36a050aaf8624691bb39109935c7c3b32e8604cba23ae6	tracked
notes/study/progress.md.backup_20260329_233603	29184	1790178027	36dbda19014249df383f252e2291a6ac22a83e8bfdcf91d9aa2771bbfd6efa94	tracked
notes/study/roadmap.md	6751	1790178027	12ab2d1fdc179056a264731bc706eed707f7798e52275ac06c64b553b98ab69c	tracked
notes/study/arch/arch.md	4311	1790178027	18f36024051a1a046fbdba6b66d86485855b913dac95e28962519659b4192ae9	tracked
notes/study/boot/boot-detail.md	21234	1790178027	ea8c1c40368dd8b7eb212e1a4303e9aec76693e47dc3352410ad83cfce7e8b05	tracked
notes/study/boot/boot.md	2518	1790178027	6285f747071a60cffb863ee79b18b801b1b0441d22125646a4b09c8eee63ebee	tracked
notes/study/interrupt/interrupt-detail.md	40436	1790178027	0027b10a6d4efb37d90b30e4cf0e9dbb53136bde1d5d85a5b4cd4284aca25c28	tracked
notes/study/interrupt/interrupt.md	3257	1790178027	78c613560683f9199d47f0ccf4233317ce575d53c5ed0917e1320caf5e51d94a	tracked
notes/study/ipc/ipc-detail.md	55673	1790178027	e80c79112dd47671850c7446ae1c23c45ae901cc272206bce02d9f1470ed5256	tracked
notes/study/ipc/ipc.md	20024	1790178027	d9de80c29e7fffbb1f0167eb51d8bc289244a2208c3430dabd084fa610501c25	tracked
notes/study/pm/debug-profile.md	48136	1790178027	9f0de200a0bf5fefe43ce45266072ac267b75211300b0e6cd19c18497b23150f	tracked
notes/study/pm/pm-core-architecture.md	66830	1790178027	5f5cf33d7464547a05a7921461420ad2fd74ada46c440c8a77b2d431fdd90701	tracked
notes/study/pm/pm.md	10054	1790178027	666339c922114991d46e350e13d853639455f27599fb35d5a119ef14962785aa	tracked
notes/study/pm/process-lifecycle.md	44258	1790178027	8763a29d32a85f2fffd3dca84eb24a17c7dd739dd90ee0ed75c5c64cf41365b7	tracked
notes/study/pm/process-tree-model.md	43287	1790178027	f7535a37921db8dec158af300ed2adc5e4b545ffcfde09e59c6c7edcbd90b6ca	tracked
notes/study/pm/schedule-time.md	42925	1790178027	fc278f190d890bbbd04c8e9503ff2f07b15bbcf1b66eb802ad3b16b037bbc923	tracked
notes/study/pm/signal-event.md	52942	1790178027	5143573f95ba77d29c46b3687db9145b9f0355a5f86b26fae29abd197e039974	tracked
notes/study/pm/syscall-interface.md	38481	1790178027	459aff8aed976363a87b8760bb78e1ab66a5f48d5b78aa020cc42e01867d9bab	tracked
notes/study/pm/utility-functions.md	46155	1790178027	cb60a364156df27e42910a2ac49e11cba64e3260218c8271c0d52ffab99e9939	tracked
notes/study/pm/archive/tmp_alarm.c.md	43589	1790178027	031f3748aa875a73fb21568f61ae0b61edf51a193c9ef287624006d09db518aa	tracked
notes/study/pm/archive/tmp_const.h.md	30342	1790178027	c0703c94a230ee7f9ec2a0882bbe2624d271d34037cb43be63a23377bfff8525	tracked
notes/study/pm/archive/tmp_event.c.md	29249	1790178027	5272cb901aaba3a1aa3f606d311cd6326e7def24c49797b51bd6dae44d6d313a	tracked
notes/study/pm/archive/tmp_exec.c.md	46474	1790178027	863316a3e20185df63c776344828ab0d37d3cb47022298e5cec09f2fcbb01a3b	tracked
notes/study/pm/archive/tmp_forkexit.c.md	210182	1790178027	c610ae843ec39c965195168b0eb721cd8ad825a450ecc345cb278f5f90c33db8	tracked
notes/study/pm/archive/tmp_getset.c.md	21651	1790178027	e5405057bb04fcfa753981632c03a7ba0707c11f1ef0bb738a2f2577b0764716	tracked
notes/study/pm/archive/tmp_glo.h.md	34689	1790178027	5095dd48b079cbd4824eabd443879789df7769e2c3fa150bb6f2863636c69756	tracked
notes/study/pm/archive/tmp_main.c.md	121040	1790178027	e0b0d86a76d9c89179139c9d846b895f8fc55b99cce4c34d0c32e75d47ee34f4	tracked
notes/study/pm/archive/tmp_mcontext.c.md	13208	1790178027	c78a24dc4502395c2771ca7d1b6b222d69c37037c09e5fae901d86fba81f763a	tracked
notes/study/pm/archive/tmp_misc.c.md	32199	1790178027	28c57d875e9f2a0ca8b8d121c2f0beb50afac28c3be90c457ab2c8531555ce6b	tracked
notes/study/pm/archive/tmp_mproc.h.md	56323	1790178027	f1cc21f8d867e650b9b7323afe98ba967f37f30bb1c591ebad0811a3b6002408	tracked
notes/study/pm/archive/tmp_pm.h.md	17194	1790178027	cccb58b66dd577ec34562c8907e2938d7fed364266593946b5908aad1a859465	tracked
notes/study/pm/archive/tmp_profile.c.md	11848	1790178027	eb835159efdce4f261b6c24b72bab21ed9d58e7796af4e81e34acc176dc194d0	tracked
notes/study/pm/archive/tmp_proto.h.md	29465	1790178027	e013f316684f379a727e62f71d683ca563ad93969184ece1d6508dcc91173409	tracked
notes/study/pm/archive/tmp_schedule.c.md	31515	1790178027	b8e42b422de0d3b6b49ace2757d2dad7faaf3f58a65ce4e15a5d4073911c03be	tracked
notes/study/pm/archive/tmp_signal.c.md	55131	1790178027	b5d3508a1614af59b975c55a858838be6eed558fc92c58dbecebfc1d097c3ac8	tracked
notes/study/pm/archive/tmp_table.c.md	7158	1790178027	2a05b623d4728aa083d89f42ebc15403971998b6475f9cb8542ba9ffd361632c	tracked
notes/study/pm/archive/tmp_time.c.md	26988	1790178027	a9a025699c41b0352a79fdd4711491b339c00f7abb6c434fad7f7a0c8fabf49d	tracked
notes/study/pm/archive/tmp_trace.c.md	23844	1790178027	dddbe788891e9e5f8b82de0e377ce7143eb5a4e65138c01975dacca935ec2691	tracked
notes/study/pm/archive/tmp_type.h.md	12851	1790178027	04c3c2a62caab0d3da2be2518b68cf415e14e0b6c484df9faae56268d4a2886b	tracked
notes/study/pm/archive/tmp_utility.c.md	26640	1790178027	fdad64d8b4c2d7d3245fda84abaeb9ed457440b4aec31060a76d7b6bd01abb42	tracked
notes/study/process/process-detail.md	57891	1790178027	3a81ce3995ee5960a2f5c62a498536c6d61c59f16d670c48a13541d5cc846499	tracked
notes/study/process/process.md	2365	1790178027	f296c29bc89052128828776803270b5f339d5241c9ab44de32e86efc8d97c5e6	tracked
notes/study/services/services.md	5468	1790178027	bfad8c176535506799b3ad896e0711b12a2406e89775cb6bc3144fc4ae139f48	tracked
notes/study/syscall/archive/syscall-detail.md	411298	1790178027	661bac774d997238beba78c05d004d230cd65e6c783690fb8cf81b58acb0b539	tracked
notes/study/syscall/archive/tmp_do_abort.c.md	21037	1790178027	fb6277c43d9c6526ddff6149de1add17308dbf3bdc9aa9b74411d112f64860c6	tracked
notes/study/syscall/archive/tmp_do_clear.c.md	1792	1790178027	9259b7ce37dfad6ae0906f8cce880307f71a62a8e67d5da0bfb7628d581aae78	tracked
notes/study/syscall/archive/tmp_do_copy.c.md	15609	1790178027	dbff7ba26bc456f4505a8f1790d3139b6414b2661f6cfa9420d6a3023056ed33	tracked
notes/study/syscall/archive/tmp_do_devio.c.md	24698	1790178027	27effd70010214d04a87c7c2b618036ae860c2759d4eeba5292e468854c3d1d2	tracked
notes/study/syscall/archive/tmp_do_diagctl.c.md	28038	1790178027	4ca9fc08f9a5809dffde6857b6e8a719d85a400d7506dbd1aa24593ea40913e6	tracked
notes/study/syscall/archive/tmp_do_endksig.c.md	14789	1790178027	60c8ee1d032a4804dc6d5d51500f0cbf3b8c88795b7cf66d58bde5427a88873c	tracked
notes/study/syscall/archive/tmp_do_exec.c.md	6890	1790178027	45eb64dd40a74edb0c2a6fe647b61e31ecc90ed1473d008318ef64c655bf460f	tracked
notes/study/syscall/archive/tmp_do_exit.c.md	4257	1790178027	3557a656c25d3c125c59822292af288c881e0575519944879617eac1cc889e35	tracked
notes/study/syscall/archive/tmp_do_fork.c.md	11502	1790178027	f759161706e33f0a603800092bbe3646b6ae842163c19112cfd34c0836ac5b8b	tracked
notes/study/syscall/archive/tmp_do_getinfo.c.md	45196	1790178027	4904e4bf5bb0d866d593a210f6f6c4388fc3c7b8735a8c50cebe88c4c24d97c6	tracked
notes/study/syscall/archive/tmp_do_getksig.c.md	16626	1790178027	2ca09f893fdc560830b8a5253bc8d4e4cb3f619f6129de919975c09d79b95b56	tracked
notes/study/syscall/archive/tmp_do_irqctl.c.md	30268	1790178027	692bdd7c842e58f0072fc13d16b6b699c35bc7ae7e6162b236379387a390acc7	tracked
notes/study/syscall/archive/tmp_do_kill.c.md	1457	1790178027	eb99ce1d5027af37107a6add21af53de97a75a1fd0d05ffd14f73505fb0899ba	tracked
notes/study/syscall/archive/tmp_do_mcontext.c.md	36319	1790178027	cce21e44074a7a97f9d24985e026d2591338b3de3cd85a6ca0ed66f855fa59e9	tracked
notes/study/syscall/archive/tmp_do_memset.c.md	12095	1790178027	cba54fca91fd67fea4187d4cb55e6e87922467f94b75f17cac8a52cb8dfc3991	tracked
notes/study/syscall/archive/tmp_do_privctl.c.md	42464	1790178027	e5b8fb4a6c852b057d85ecff2894dcfb7251f61d42c44cc6f02c7f047ed1e954	tracked
notes/study/syscall/archive/tmp_do_runctl.c.md	28046	1790178027	b9639c2c97a38400cce58196261019eb2138b146294fdefe770cfee2fcf5331b	tracked
notes/study/syscall/archive/tmp_do_safecopy.c.md	33956	1790178027	ef7f2affb77ceee3940c06f1feda6e7fbd5610721220c43ce6824b0ba70b5992	tracked
notes/study/syscall/archive/tmp_do_safememset.c.md	17384	1790178027	bafb03e8b1f656adfa96b9a7278d6e1605451c5bdb2830a7d0569c9a02756138	tracked
notes/study/syscall/archive/tmp_do_schedctl.c.md	15705	1790178027	36745726bc87f2ce7bc075a6bbe4730dc08a728420a7c43244a1b6bc7d9b8688	tracked
notes/study/syscall/archive/tmp_do_schedule.c.md	1503	1790178027	0bb2cdfd2e615a045edb6427d71b08a34301ef80704e2ad17e995863de3225c2	tracked
notes/study/syscall/archive/tmp_do_setalarm.c.md	21277	1790178027	a09f6ea2e0e93b911c672e7e9798540250407585b002b33ce8c8cc070af7c6bc	tracked
notes/study/syscall/archive/tmp_do_setgrant.c.md	45043	1790178027	fe1f847c7ad7063e0ac96d41e8d51232421cb8a5821831686a4ab1123e86598c	tracked
notes/study/syscall/archive/tmp_do_settime.c.md	21007	1790178027	b08dc52a740c51c60e90bb41eb6c8d694be8299f9c9b9593714b5020ecf9718b	tracked
notes/study/syscall/archive/tmp_do_sigreturn.c.md	19585	1790178027	925592df6ef31808ab0208a825d8f6cb3ac62f3e7f5e50c0d21d6263fa0e6f2e	tracked
notes/study/syscall/archive/tmp_do_sigsend.c.md	25863	1790178027	8746691a801cd49c2d3d3e9fd916f7315dc0e032359522cf510cced7729aedfa	tracked
notes/study/syscall/archive/tmp_do_sprofile.c.md	30600	1790178027	5a8e388b8d6662526e662262536000e3ff540709194cb3022a30e1775adf1a80	tracked
notes/study/syscall/archive/tmp_do_statectl.c.md	28391	1790178027	c0f021dc691345d3e2d32eac3dd6f84fe0109fed21986c4fe5c530677a1a901b	tracked
notes/study/syscall/archive/tmp_do_stime.c.md	11867	1790178027	6013f50ab67df6029ae1199917d47f3f554933fa07f750baa8fbfefeac5aa4fe	tracked
notes/study/syscall/archive/tmp_do_times.c.md	18961	1790178027	a691ac554b5baa7f70d17baf0e5b383950b592c69be294be134575c327a5758c	tracked
notes/study/syscall/archive/tmp_do_trace.c.md	53269	1790178027	ea4f43934d138b036bdb6af7dcdbb3189af4b7216164c00c6cf0493889556edd	tracked
notes/study/syscall/archive/tmp_do_umap.c.md	17152	1790178027	9f28edd466e0b1a5c062c7280aa0cf49a6da5bcfeb00b94a1bdb557124c04d32	tracked
notes/study/syscall/archive/tmp_do_umap_remote.c.md	22293	1790178027	25bad6b922b4340e253bf40a590bdef1f3df1435144d155fb20f0d8532b5f60e	tracked
notes/study/syscall/archive/tmp_do_update.c.md	49531	1790178027	6e29cde9b341fe518f06e433618fdb8190a0a2ad2ec9356d96c504c5d7b94a0a	tracked
notes/study/syscall/archive/tmp_do_vdevio.c.md	28653	1790178027	656f7fa4f47be59dfd36d9156372fe5cf699cb5dcbb725d1ade26b264066967b	tracked
notes/study/syscall/archive/tmp_do_vmctl.c.md	22259	1790178027	b60b9493c2cd98915971ced7e3cccda76706bf6c94b849b79540f665a9a2a503	tracked
notes/study/syscall/archive/tmp_do_vtimer.c.md	20569	1790178027	5c979b67045de07bba2962a8c4d966e7c375d6dffdcfb2137c32553648ee33a7	tracked
notes/study/syscall/archive/tmp_do_vumap.c.md	23988	1790178027	defb4e28629cdd7ca53a940943826213f19f61bfee1449ed44440de9d745eb1f	tracked
notes/study/vfs/plan.md	32259	1790178027	97c6d4f448f9218a5098b4a5b96a3f138c3face963333618237b0d9756c60801	tracked
notes/study/vfs/vfs.md	3926	1790178027	ee49a39330c243f076e2cd69325e36b6de752355a0eb0923dcc9af983a3df499	tracked
notes/study/vfs/archive/tmp_bdev.c.md	11355	1790178027	36664f0b5faf121c856a255946ce1d89a0c385290ca25079dd6ee5fdc2185b8f	tracked
notes/study/vfs/archive/tmp_cdev.c.md	10656	1790178027	346975e156681ab8d848e4cd5843472d3d1ad38d110bb9d3557db463ae9613ef	tracked
notes/study/vfs/archive/tmp_comm.c.md	11861	1790178027	6b489bf6b444d64f8c5652d1f78773854c135a0d58d472599d7ce424c6fbf920	tracked
notes/study/vfs/archive/tmp_const.h.md	11844	1790178027	b3da4c4145a036642407f3ffd47d177dddfab3c808c6693fac24b0c96d968eff	tracked
notes/study/vfs/archive/tmp_coredump.c.md	13102	1790178027	15e9d6f5d309827fa8d7389dba16605f9d041e6326d04eb891d4efb5c3582aa1	tracked
notes/study/vfs/archive/tmp_device.c.md	7909	1790178027	a80963833278ddc4c23fa5c948c98e235d0b373da50f2dc912695e8cadcc0534	tracked
notes/study/vfs/archive/tmp_dmap.c.md	11679	1790178027	3dc922dbe307a6082bef86f5b5c07b20fe8fac6034515ec3b7d5b30e9bc69530	tracked
notes/study/vfs/archive/tmp_dmap.h.md	11442	1790178027	6128e5126f71a4ee7ac4b05b9ebb3a8c2119ebc409ff0492bf69ab9f15b7de4e	tracked
notes/study/vfs/archive/tmp_exec.c.md	12538	1790178027	1bf2332e1f0dea5a1f5b8d4fb85a2602d94b968731fa55dbd10559758974a499	tracked
notes/study/vfs/archive/tmp_file.h.md	1313	1790178027	a1557a428532cb300c82d487d2df76090332b33e52bf78074ae9b7003210dcfb	tracked
notes/study/vfs/archive/tmp_filedes.c.md	12623	1790178027	5c7822620c7b406979b4f84e7f5f6ebf00eec41beac7c5c1dcc2267dd66158a2	tracked
notes/study/vfs/archive/tmp_fproc.h.md	35696	1790178027	7d01bb3730ae74055b882e946effdc0b3b0138aa73f030af55390096ebf34715	tracked
notes/study/vfs/archive/tmp_fs.h.md	11660	1790178027	d43c07d69d229537dd1a89a097a1ff19b9307e9a15673b263056c40a9c611273	tracked
notes/study/vfs/archive/tmp_gcov.c.md	8941	1790178027	9eda497f98dee857654d2061a328d6bd5a1faa3be2c59056e87efac93e7b6040	tracked
notes/study/vfs/archive/tmp_glo.h.md	22580	1790178027	33f4d661c3fd4b34b003328a038949ae91fd55392ba88e75ae64e1d95c91379d	tracked
notes/study/vfs/archive/tmp_link.c.md	1330	1790178027	df7f161d6db10baab1373063e27ed17c85da770bd13ee72ddefb5cd730f5b2b5	tracked
notes/study/vfs/archive/tmp_lock.c.md	11906	1790178027	5af5bd56cc717114e329e8ada03871bd401d984524be6bcdd5364822b6cbb486	tracked
notes/study/vfs/archive/tmp_lock.h.md	5587	1790178027	a7bc84e04eb7ae25fa938b55ee63d851137faab9c1ed290df0babb936a091f86	tracked
notes/study/vfs/archive/tmp_main.c.md	65030	1790178027	6be7023e99523e8268683901218b665dd0652128994583d5b418fd49722cbbcb	tracked
notes/study/vfs/archive/tmp_misc.c.md	11574	1790178027	996655f90fc261234eb1d42977d27e22ebc54bcc095ba42588136de8f9eee092	tracked
notes/study/vfs/archive/tmp_mount.c.md	1184	1790178027	4d2aa97ab2af62938ffdb1f62c5e6f9771ec15cee109693ef24ffa34d3e90e3a	tracked
notes/study/vfs/archive/tmp_open.c.md	23545	1790178027	1e283c073030fbf4321a2f57bd6f9aa30e94b3778b4e899b51d9202b548a37ef	tracked
notes/study/vfs/archive/tmp_path.c.md	22901	1790178027	d472f48e607a8cc5f98a6c43085b4dc47cd40346033d9b9a78e3bca0f77a7eeb	tracked
notes/study/vfs/archive/tmp_path.h.md	8973	1790178027	3fb18e0804d260c382551da3454bebcec2cf217adfaadf1765aea02c701e9533	tracked
notes/study/vfs/archive/tmp_pipe.c.md	1285	1790178027	dd5b0df22507e3aa3eb2814f2ff4f4285e26f8e66180586024b752f32258d872	tracked
notes/study/vfs/archive/tmp_protect.c.md	10416	1790178027	9ae8464469ad4207dd365f73d189137ca8cb478684893cf462b62723e6bad36c	tracked
notes/study/vfs/archive/tmp_proto.h.md	37028	1790178027	c31f1ac36fc850beb9c31e7533a30953add23275ad8aaa8848d40800bc45827d	tracked
notes/study/vfs/archive/tmp_read.c.md	26559	1790178027	29d174c563fdeace3250379109cb6d9d8186d7bb34260fd3ad754db966ae57fb	tracked
notes/study/vfs/archive/tmp_request.c.md	11257	1790178027	5d8792a97e01116383a75e218b13d0769642421814e0317710b77bc60ddb3c5a	tracked
notes/study/vfs/archive/tmp_request.h.md	12058	1790178027	249aae927208c02e843d14ddc8e738e3dbe66ec6643bde20fefdb63c9878344e	tracked
notes/study/vfs/archive/tmp_sdev.c.md	12983	1790178027	c9b3869eeb66ca00c917fd8bdcfc0af32ec29e993e8122272654ca25e3e16776	tracked
notes/study/vfs/archive/tmp_select.c.md	1387	1790178027	2083ffee404673fdd1bca3a514bc3b16b401fecafc5fc0da7b1079b9c19f7a3e	tracked
notes/study/vfs/archive/tmp_smap.c.md	17685	1790178027	ff35c1e0ad357d9337e0144a107e8717eab319f0431d303d4a990be4af2221e8	tracked
notes/study/vfs/archive/tmp_socket.c.md	17381	1790178027	4e0a284df0d35bbcb0cf6f98084e65a555b0e9dcae8a0ecee4a0e19785827e84	tracked
notes/study/vfs/archive/tmp_stadir.c.md	1369	1790178027	7c4f322d30570bd3983497bc8cdb478f763b388258e44b1138a5ecc54d836149	tracked
notes/study/vfs/archive/tmp_table.c.md	11393	1790178027	63bda16bb7e449b9816c0db0fdbe2ad092ed0aafaa5018556ae48454146e76e6	tracked
notes/study/vfs/archive/tmp_threads.h.md	13436	1790178027	9a3bbd07277473ce79d0ecd1afed6d190e12591695721be2f34b5a209a04796e	tracked
notes/study/vfs/archive/tmp_time.c.md	11060	1790178027	fe12ee20ebf2507d97185ee2df0fe8f1ddbb282641760a4f555ff31baf2f41da	tracked
notes/study/vfs/archive/tmp_tll.c.md	10261	1790178027	0b851f3cc9523aa86287097acd54ba27433568b5f3e723bab6912494e0eea934	tracked
notes/study/vfs/archive/tmp_tll.h.md	11697	1790178027	bf75aa42699a3516d94e04ae52895d58f0e54708429791769eaabd9324488400	tracked
notes/study/vfs/archive/tmp_type.h.md	13628	1790178027	c5021374bd4e51f78a18a4b1ce8388ff40ef2dc75e18d65fe97288a78dd09a53	tracked
notes/study/vfs/archive/tmp_utility.c.md	11631	1790178027	b282737d8ad31912a8190553bf60f40dac73e473766dbc82c2549fd4cd9ba30a	tracked
notes/study/vfs/archive/tmp_vmnt.c.md	16752	1790178027	8967db70360e4df75bcd6d848e5f1af148c9cff7a2e486641bc93e7a4b233a3f	tracked
notes/study/vfs/archive/tmp_vmnt.h.md	19752	1790178027	ad75d723e0986cddec5ca0ab8f7e3fd0e39f3217da3991b581d8e9bfd93bf1eb	tracked
notes/study/vfs/archive/tmp_vnode.c.md	11514	1790178027	534b45bb81152cd400ef6fcfb5f7e414d6dc029bbecf0b89620ad8396e246ff7	tracked
notes/study/vfs/archive/tmp_vnode.h.md	8864	1790178027	2eaf1faeaa30fdfce5ac0772cf80c3a26596d511ee45138a20d9680419a66b57	tracked
notes/study/vfs/archive/tmp_worker.c.md	12007	1790178027	69a56aa6467d87a67a76279b48fd56f8cdcb1fe0eaf9ae8257f82d6c68bf1ca0	tracked
notes/study/vfs/archive/tmp_write.c.md	6266	1790178027	6c9c4b3e58edd698ec6443bde712abd3f92003fd03179010620d421e60f4e872	tracked
notes/study/vm/plan.md	34782	1790178027	201ae7b7e8dcf9540477f70f3f8e19ec375d0563d10c949d0c9eb12f524ce8c9	tracked
notes/study/vm/tmp_main.c.md	82679	1790178027	2caff52645e95cba754b0e9791c6ba52a2e64aabf37fa0c3fcb45a149ab01232	tracked
notes/study/vm/vm-core-architecture.md	40759	1790178027	16879c0e8bc04961d12c159ba618f262214f458c4522da7e36bb46bfb54c3991	tracked
notes/study/vm/vm-memory-allocator.md	61283	1790178027	76b7bcc43a4e590bd551f0f5de3327a4638a06c0f3aa6abc6facf0d6799eacea	tracked
notes/study/vm/vm-memory-mapping.md	68248	1790178027	9bfbf6fd9f00a136b5963548a4ecb12d3cb06d406dad3118fd13cf273702445b	tracked
notes/study/vm/vm-pagefault-handling.md	60419	1790178027	cf100785c6f5a5935207110afaa90caf545288d23eda33c7c6ba00bcbbd6bb2b	tracked
notes/study/vm/vm-pagetable-physmem.md	81734	1790178027	14fca220d68119c08d0ea4a09c9a713a31fe03379f5fc963cf875dfb547458ec	tracked
notes/study/vm/vm-process-lifecycle.md	63933	1790178027	e8709d28c20787f01566a9732f9e15a0743b08e49e6fccb231efa78c89fe68c4	tracked
notes/study/vm/vm-region-management.md	90681	1790178027	41606c87f1ee92a8f18397ccd79f4a6c03aeb6e646d450453fd949245ee712d9	tracked
notes/study/vm/vm-service-interface.md	33819	1790178027	a872dd7bcb067534d8b655c41e19816cab75822b8327c7a3b862bf959851ebd8	tracked
notes/study/vm/vm.md	16936	1790178027	4b1004b991b91482ffa68acb58603ccae78a2e46a15953f1f995676f051cf381	tracked
notes/study/vm/archive/tmp_alloc.c.md	2343	1790178027	3259a00b961d819a73dba2783819c46a5d874b6b50eafe71705e670c0a4da6e9	tracked
notes/study/vm/archive/tmp_break.c.md	2283	1790178027	efcb314cfe3ce8b3f14f26ae0e14a7ccccd14a8f8b3b3e5e9e3e3d0ecfd5407b	tracked
notes/study/vm/archive/tmp_cache.c.md	2385	1790178027	a135fcbbcc7c4d3b5035de768cee9c2c97cfeb6507bd5cbde221a086dc48e602	tracked
notes/study/vm/archive/tmp_cache.h.md	9945	1790178027	36d2d310800e0e5f61a6f84574943a2e3aedd0d31f0840d697067ccf5545c70b	tracked
notes/study/vm/archive/tmp_cavl_if.h.md	6570	1790178027	c883cf385c99bf4f8293e5f22dbb7364285d0057260a4d61aa2636df33c8bf1c	tracked
notes/study/vm/archive/tmp_cavl_impl.h.md	8170	1790178027	01605ed9cb7b437fa222bd5d58a3fc03ad8a5d17b4d5a4e3bae5dfee21c3cd18	tracked
notes/study/vm/archive/tmp_exit.c.md	1484	1790178027	ec0a4c1f1efb746250b5691e80f7ecb2e839589d1b2188b36f269a97e907b0db	tracked
notes/study/vm/archive/tmp_fdref.h.md	8636	1790178027	a804a14553e49503b62768c445fd2b5f67d02f3d12250952e73ccfea28e1faf9	tracked
notes/study/vm/archive/tmp_fork.c.md	1887	1790178027	950ee4e2fd450dca366bf384a7621c9fadd5a1bc3c6689f276a051cab24bbf42	tracked
notes/study/vm/archive/tmp_glo.h.md	21657	1790178027	d681788db70369ebcc17738b032a53589650f68083e74e7f09c46d271e86e499	tracked
notes/study/vm/archive/tmp_include_minix_vm.h.md	17536	1790178027	59f7e3586d3c2cfaab789118024704160df62c63738bd9c1af1501af417f59dd	tracked
notes/study/vm/archive/tmp_kernel_vm.h.md	10262	1790178027	09a5137b818f148706ec5b4e25633a36523083651973e8c57980183d2cc01757	tracked
notes/study/vm/archive/tmp_main.c.md	95403	1790178027	e4eca4397114c02931eb0658cce67d0158260bb3e18b6faa7822247c4cce412e	tracked
notes/study/vm/archive/tmp_mem_anon.c.md	2207	1790178027	b4e6bca35b1c5d62574e2e37c70c4edbb0874cefe8880a7d388d967ada30747e	tracked
notes/study/vm/archive/tmp_mem_anon_contig.c.md	10247	1790178027	ed70a38ea9bf7e1e04e71b730b1634b469b8ee52f65de267af802c8498a435d7	tracked
notes/study/vm/archive/tmp_mem_directphys.c.md	12846	1790178027	d0606a7e5238b5bcf11fb7f870e5aad6d0e39db4de28e218eced7dac6969fcab	tracked
notes/study/vm/archive/tmp_mem_file.c.md	2365	1790178027	926f7d9003116dcf2b6b4b0a8b7e3c085c6c395e7e428fd519af5c6ca5477858	tracked
notes/study/vm/archive/tmp_memlist.h.md	7169	1790178027	4a714486216e296e3ba3d417e756b0a68eff4fad45dccab9363c5f364f903f6f	tracked
notes/study/vm/archive/tmp_memtype.h.md	2238	1790178027	b20a17b28622074d7e3973b28f1d4b8c1c58553c2fca662f949b7c8ea3b14d09	tracked
notes/study/vm/archive/tmp_mmap.c.md	2449	1790178027	aed5c6e9da3450473ffd3639edd2a5caa352babad73ed4e68e86fa61c70ec821	tracked
notes/study/vm/archive/tmp_pagefaults.c.md	2344	1790178027	da47b1f4dac19aac46086ee9c8a0fc3d28a5c4207256fd41a03e66a966dc3e2a	tracked
notes/study/vm/archive/tmp_pagetable.c.md	1810	1790178027	b3f510bf96b9e05a6d44e910187861a19d575ba47c946049f20c3101168d61de	tracked
notes/study/vm/archive/tmp_pb.c.md	11458	1790178027	d14b3c3690c842f8338c0134cd333844ee7fdba8090a2a93b13e1c342b46f665	tracked
notes/study/vm/archive/tmp_phys_region.h.md	7663	1790178027	c46273a3447bf1e97145ad52475ffd8485dc25b426e8280bb8c06b2239a88c48	tracked
notes/study/vm/archive/tmp_proto.h.md	44974	1790178027	79130247674b02684a501d5f8b754850a231a957ea03675023d395e10f2ae415	tracked
notes/study/vm/archive/tmp_pt.h.md	1466	1790178027	f8d38a8caab1892990ca318dc1123b850f3615bd8ae3fcc895da583932975ea6	tracked
notes/study/vm/archive/tmp_region.c.md	94951	1790178027	d2d4adbf97bc42a1e9d6cd10c119125f1eda33cc101faa4d07725938a8b51db6	tracked
notes/study/vm/archive/tmp_region.h.md	11525	1790178027	5a09f7bd9d4838357b775fda940b360a18debc95b0d6fe475430bff777bf0ae8	tracked
notes/study/vm/archive/tmp_regionavl.c.md	6165	1790178027	a58afb9a67cc1b020f6a4061c4bb0a159e8cbbc6651b10a5de45c15f3ac4aa3e	tracked
notes/study/vm/archive/tmp_regionavl.h.md	6673	1790178027	d29666a14176076ff89d2942986634d2afe8d6e57a1e05cadb4ec11dae4019db	tracked
notes/study/vm/archive/tmp_regionavl_defs.h.md	6935	1790178027	e9fa43b4762d5d1a3dd982f447ee7b40592f56d4376e69bac544ced62c7fed55	tracked
notes/study/vm/archive/tmp_sanitycheck.h.md	12930	1790178027	668c57f17f77fc7bac729609a171bf15a8f44d6787e245eeefef97d2be4e366c	tracked
notes/study/vm/archive/tmp_slaballoc.c.md	2110	1790178027	7cdb705bd941114486bba799f48cfabcc88923184694942fd4a90e743bf54c6a	tracked
notes/study/vm/archive/tmp_unavl.h.md	5725	1790178027	85d9a06c5d2f67e525601e9339058e65e6fd89b466091830037792b569b4e15b	tracked
notes/study/vm/archive/tmp_util.h.md	4502	1790178027	d9013b673036284296d7050d800cee4368995e00ac7a4419a091b677db0e0bcd	tracked
notes/study/vm/archive/tmp_utility.c.md	17031	1790178027	9051d0b0a53117de20950fe95ac188102175669049de161bc7e65b35709bed0d	tracked
notes/study/vm/archive/tmp_vm.h.md	40325	1790178027	7500d737b00db4c22cbe3ccadf5e7d04372c98e7719cc7d0decab45b202e76d4	tracked
notes/study/vm/archive/tmp_vmproc.h.md	6981	1790178027	1fa8459ff4f53c3f18c43f0af582204f3ad0ee4ef3e85f1161847d0800123b8c	tracked
