old_path	new_path	kind	rule
notes/README.md	rewrite-notes/misc/legacy-notes-root-readme.md	git-mv	R18
notes/TODO.md	rewrite-notes/misc/legacy-notes-todo.md	git-mv	R19
notes/redesign/architecture-changes.md	redesign-notes/architecture/architecture-changes.md	git-mv	R15
notes/redesign/endpoint_redesign.md	redesign-notes/ipc/endpoint_redesign.md	git-mv	R15
notes/redesign/fork-redesign.md	redesign-notes/fork/fork-redesign.md	git-mv	R15
notes/redesign/improve_minix.md	redesign-notes/architecture/improve_minix.md	git-mv	R15
notes/redesign/improve_minix.md.backup	redesign-notes/architecture/improve_minix.md.backup	mv-ignored	R15
notes/redesign/improve_minix_refactored.md	redesign-notes/architecture/improve_minix_refactored.md	git-mv	R15
notes/redesign/improve_minix_refactored.md.backup	redesign-notes/architecture/improve_minix_refactored.md.backup	mv-ignored	R15
notes/redesign/ipc-improve.md	redesign-notes/ipc/ipc-improve.md	git-mv	R15
notes/redesign/microkernel-closure-design.md	redesign-notes/architecture/microkernel-closure-design.md	git-mv	R15
notes/redesign/microkernel-cohesion-design.md	redesign-notes/architecture/microkernel-cohesion-design.md	git-mv	R15
notes/redesign/redesign.md	redesign-notes/README.md	git-mv	R13
notes/redesign/semantic-modules.md	redesign-notes/architecture/semantic-modules.md	git-mv	R15
notes/rewrite/README.md	rewrite-notes/README.md	git-mv	R10
notes/rewrite/RECONSTRUCTION-PRINCIPLES.md	rewrite-notes/RECONSTRUCTION-PRINCIPLES.md	git-mv	R11
notes/rewrite/arch_mapping.md	rewrite-notes/misc/arch_mapping.md	git-mv	R12
notes/rewrite/archive_bak/checklist.md	rewrite-notes/archive/legacy-fork-bak/checklist.md	git-mv	R9
notes/rewrite/archive_bak/fork-all-layers-deep-analysis.md	rewrite-notes/archive/legacy-fork-bak/fork-all-layers-deep-analysis.md	git-mv	R9
notes/rewrite/archive_bak/fork-c-code-all.md	rewrite-notes/archive/legacy-fork-bak/fork-c-code-all.md	git-mv	R9
notes/rewrite/archive_bak/fork-rewr-01.md	rewrite-notes/archive/legacy-fork-bak/fork-rewr-01.md	git-mv	R9
notes/rewrite/archive_bak/fork-rewr-01.md.bak	rewrite-notes/archive/legacy-fork-bak/fork-rewr-01.md.bak	mv-ignored	R9
notes/rewrite/archive_bak/fork-rewr-01.md.bak.2	rewrite-notes/archive/legacy-fork-bak/fork-rewr-01.md.bak.2	git-mv	R9
notes/rewrite/archive_bak/fork-rewr-01.md.bak3	rewrite-notes/archive/legacy-fork-bak/fork-rewr-01.md.bak3	git-mv	R9
notes/rewrite/archive_bak/fork-rewr-02-chat.md	rewrite-notes/archive/legacy-fork-bak/fork-rewr-02-chat.md	git-mv	R9
notes/rewrite/archive_bak/fork-rewr-02.md.bak	rewrite-notes/archive/legacy-fork-bak/fork-rewr-02.md.bak	mv-ignored	R9
notes/rewrite/archive_bak/fork-rewr-02.md.bak2	rewrite-notes/archive/legacy-fork-bak/fork-rewr-02.md.bak2	git-mv	R9
notes/rewrite/archive_bak/fork-rewr-02.md.bak3	rewrite-notes/archive/legacy-fork-bak/fork-rewr-02.md.bak3	git-mv	R9
notes/rewrite/archive_bak/fork-rewr-03-chat.md	rewrite-notes/archive/legacy-fork-bak/fork-rewr-03-chat.md	git-mv	R9
notes/rewrite/archive_bak/fork-rewr-03.md	rewrite-notes/archive/legacy-fork-bak/fork-rewr-03.md	git-mv	R9
notes/rewrite/archive_bak/fork-rewr-03.md.bak3	rewrite-notes/archive/legacy-fork-bak/fork-rewr-03.md.bak3	git-mv	R9
notes/rewrite/archive_bak/fork-rewr-04-backup.md	rewrite-notes/archive/legacy-fork-bak/fork-rewr-04-backup.md	git-mv	R9
notes/rewrite/archive_bak/fork-rewr-04-backup2.md	rewrite-notes/archive/legacy-fork-bak/fork-rewr-04-backup2.md	git-mv	R9
notes/rewrite/archive_bak/fork-rewr-04-chat.md	rewrite-notes/archive/legacy-fork-bak/fork-rewr-04-chat.md	git-mv	R9
notes/rewrite/archive_bak/fork-rewr-04.md	rewrite-notes/archive/legacy-fork-bak/fork-rewr-04.md	git-mv	R9
notes/rewrite/archive_bak/fork-rewr-05.md	rewrite-notes/archive/legacy-fork-bak/fork-rewr-05.md	git-mv	R9
notes/rewrite/archive_bak/fork-rewrite-01.md	rewrite-notes/archive/legacy-fork-bak/fork-rewrite-01.md	git-mv	R9
notes/rewrite/archive_bak/fork-rewrite-01.md.bak2	rewrite-notes/archive/legacy-fork-bak/fork-rewrite-01.md.bak2	git-mv	R9
notes/rewrite/archive_bak/fork-rewrite-02.md	rewrite-notes/archive/legacy-fork-bak/fork-rewrite-02.md	git-mv	R9
notes/rewrite/archive_bak/fork-rewrite-03.md	rewrite-notes/archive/legacy-fork-bak/fork-rewrite-03.md	git-mv	R9
notes/rewrite/archive_bak/fork-rewrite-04.md	rewrite-notes/archive/legacy-fork-bak/fork-rewrite-04.md	git-mv	R9
notes/rewrite/archive_bak/fork-rewrite-05.md	rewrite-notes/archive/legacy-fork-bak/fork-rewrite-05.md	git-mv	R9
notes/rewrite/archive_bak/fork-rewrite-06.md	rewrite-notes/archive/legacy-fork-bak/fork-rewrite-06.md	git-mv	R9
notes/rewrite/archive_bak/fork-step-by-step-guide.md	rewrite-notes/archive/legacy-fork-bak/fork-step-by-step-guide.md	git-mv	R9
notes/rewrite/archive_bak/fork-syscall-plan-backup.md	rewrite-notes/archive/legacy-fork-bak/fork-syscall-plan-backup.md	git-mv	R9
notes/rewrite/archive_bak/fork-syscall-plan-part1-backup.md	rewrite-notes/archive/legacy-fork-bak/fork-syscall-plan-part1-backup.md	git-mv	R9
notes/rewrite/archive_bak/fork-syscall-plan-part1.md	rewrite-notes/archive/legacy-fork-bak/fork-syscall-plan-part1.md	git-mv	R9
notes/rewrite/archive_bak/fork-syscall-plan-part2-backup.md	rewrite-notes/archive/legacy-fork-bak/fork-syscall-plan-part2-backup.md	git-mv	R9
notes/rewrite/archive_bak/fork-syscall-plan-part2.md	rewrite-notes/archive/legacy-fork-bak/fork-syscall-plan-part2.md	git-mv	R9
notes/rewrite/archive_bak/fork-syscall-plan-part3-backup.md	rewrite-notes/archive/legacy-fork-bak/fork-syscall-plan-part3-backup.md	git-mv	R9
notes/rewrite/archive_bak/fork-syscall-plan-part3.md	rewrite-notes/archive/legacy-fork-bak/fork-syscall-plan-part3.md	git-mv	R9
notes/rewrite/archive_bak/fork-syscall-plan.md	rewrite-notes/archive/legacy-fork-bak/fork-syscall-plan.md	git-mv	R9
notes/rewrite/archive_bak/fork-syscall-plan.md.bak	rewrite-notes/archive/legacy-fork-bak/fork-syscall-plan.md.bak	mv-ignored	R9
notes/rewrite/archive_bak/mp-flags-analysis.md	rewrite-notes/archive/legacy-fork-bak/mp-flags-analysis.md	git-mv	R9
notes/rewrite/archive_bak/plan.md	rewrite-notes/archive/legacy-fork-bak/plan.md	git-mv	R9
notes/rewrite/archive_bak/spec.md	rewrite-notes/archive/legacy-fork-bak/spec.md	git-mv	R9
notes/rewrite/archive_bak/tasks.md	rewrite-notes/archive/legacy-fork-bak/tasks.md	git-mv	R9
notes/rewrite/concepts/README.md	rewrite-notes/concepts/README.md	git-mv	R8
notes/rewrite/concepts/capability.md	rewrite-notes/concepts/capability.md	git-mv	R8
notes/rewrite/concepts/drop-in-kernel-risks.md	rewrite-notes/concepts/drop-in-kernel-risks.md	git-mv	R8
notes/rewrite/concepts/endpoint.md	rewrite-notes/concepts/endpoint.md	git-mv	R8
notes/rewrite/concepts/fail-stop.md	rewrite-notes/concepts/fail-stop.md	git-mv	R8
notes/rewrite/concepts/typestate.md	rewrite-notes/concepts/typestate.md	git-mv	R8
notes/rewrite/elf-loader.md	rewrite-notes/misc/elf-loader.md	git-mv	R12
notes/rewrite/fork-syscall-rewrite/.review/03-stage-kernel/STATE.md	.review/archive/notes-fork-syscall-rewrite-2026-09/03-stage-kernel/STATE.md	mv-ignored	R3
notes/rewrite/fork-syscall-rewrite/.review/STATE.md	.review/archive/notes-fork-syscall-rewrite-2026-09/STATE.md	mv-ignored	R3
notes/rewrite/fork-syscall-rewrite/.review/scans/03-kmain-cstart-kimi-scan.md	.review/archive/notes-fork-syscall-rewrite-2026-09/scans/03-kmain-cstart-kimi-scan.md	mv-ignored	R3
notes/rewrite/fork-syscall-rewrite/00-master-plan/01-project-overview.md	rewrite-notes/00-master-plan/01-project-overview.md	git-mv	R5
notes/rewrite/fork-syscall-rewrite/00-master-plan/02-architecture-analysis.md	rewrite-notes/00-master-plan/02-architecture-analysis.md	git-mv	R5
notes/rewrite/fork-syscall-rewrite/00-master-plan/03-minix3-source-audit.md	rewrite-notes/00-master-plan/03-minix3-source-audit.md	git-mv	R5
notes/rewrite/fork-syscall-rewrite/00-master-plan/04-implementation-roadmap.md	rewrite-notes/00-master-plan/04-implementation-roadmap.md	git-mv	R5
notes/rewrite/fork-syscall-rewrite/00-master-plan/05-phase1-pm-guide.md	rewrite-notes/00-master-plan/05-phase1-pm-guide.md	git-mv	R5
notes/rewrite/fork-syscall-rewrite/00-master-plan/06-phase2-vm-guide.md	rewrite-notes/00-master-plan/06-phase2-vm-guide.md	git-mv	R5
notes/rewrite/fork-syscall-rewrite/00-master-plan/07-phase3-kernel-guide.md	rewrite-notes/00-master-plan/07-phase3-kernel-guide.md	git-mv	R5
notes/rewrite/fork-syscall-rewrite/00-master-plan/08-phase4-vfs-guide.md	rewrite-notes/00-master-plan/08-phase4-vfs-guide.md	git-mv	R5
notes/rewrite/fork-syscall-rewrite/00-master-plan/09-phase5-statemachine-guide.md	rewrite-notes/00-master-plan/09-phase5-statemachine-guide.md	git-mv	R5
notes/rewrite/fork-syscall-rewrite/00-master-plan/10-phase5-sched-guide.md	rewrite-notes/00-master-plan/10-phase5-sched-guide.md	git-mv	R5
notes/rewrite/fork-syscall-rewrite/00-master-plan/11-decision-records.md	rewrite-notes/00-master-plan/11-decision-records.md	git-mv	R5
notes/rewrite/fork-syscall-rewrite/00-master-plan/12-constants-reference.md	rewrite-notes/00-master-plan/12-constants-reference.md	git-mv	R5
notes/rewrite/fork-syscall-rewrite/00-master-plan/13-source-mapping.md	rewrite-notes/00-master-plan/13-source-mapping.md	git-mv	R5
notes/rewrite/fork-syscall-rewrite/00-master-plan/14-verification-checklist.md	rewrite-notes/00-master-plan/14-verification-checklist.md	git-mv	R5
notes/rewrite/fork-syscall-rewrite/00-master-plan/15-todo-fixes.md	rewrite-notes/00-master-plan/15-todo-fixes.md	git-mv	R5
notes/rewrite/fork-syscall-rewrite/00-master-plan/README.md	rewrite-notes/00-master-plan/README.md	git-mv	R5
notes/rewrite/fork-syscall-rewrite/01-stage-kernel/.design/01-design.v1.md	rewrite-notes/01-stage-kernel/.design/01-design.v1.md	mv-ignored	R5
notes/rewrite/fork-syscall-rewrite/01-stage-kernel/.design/01-outline-review.v1.md	rewrite-notes/01-stage-kernel/.design/01-outline-review.v1.md	mv-ignored	R5
notes/rewrite/fork-syscall-rewrite/01-stage-kernel/.design/01-outline.v1.md	rewrite-notes/01-stage-kernel/.design/01-outline.v1.md	mv-ignored	R5
notes/rewrite/fork-syscall-rewrite/01-stage-kernel/.design/02-design.v2.md	rewrite-notes/01-stage-kernel/.design/02-design.v2.md	mv-ignored	R5
notes/rewrite/fork-syscall-rewrite/01-stage-kernel/.design/02-outline-review.v2.md	rewrite-notes/01-stage-kernel/.design/02-outline-review.v2.md	mv-ignored	R5
notes/rewrite/fork-syscall-rewrite/01-stage-kernel/.design/02-outline.v2.md	rewrite-notes/01-stage-kernel/.design/02-outline.v2.md	mv-ignored	R5
notes/rewrite/fork-syscall-rewrite/01-stage-kernel/.design/03-design.v1.md	rewrite-notes/01-stage-kernel/.design/03-design.v1.md	mv-ignored	R5
notes/rewrite/fork-syscall-rewrite/01-stage-kernel/.design/03-outline-review.v1.md	rewrite-notes/01-stage-kernel/.design/03-outline-review.v1.md	mv-ignored	R5
notes/rewrite/fork-syscall-rewrite/01-stage-kernel/.design/03-outline.v1.md	rewrite-notes/01-stage-kernel/.design/03-outline.v1.md	mv-ignored	R5
notes/rewrite/fork-syscall-rewrite/01-stage-kernel/.design/04-design.v1.md	rewrite-notes/01-stage-kernel/.design/04-design.v1.md	mv-ignored	R5
notes/rewrite/fork-syscall-rewrite/01-stage-kernel/.design/04-outline-review.v1.md	rewrite-notes/01-stage-kernel/.design/04-outline-review.v1.md	mv-ignored	R5
notes/rewrite/fork-syscall-rewrite/01-stage-kernel/.design/04-outline.v1.md	rewrite-notes/01-stage-kernel/.design/04-outline.v1.md	mv-ignored	R5
notes/rewrite/fork-syscall-rewrite/01-stage-kernel/.design/05-design.v1.md	rewrite-notes/01-stage-kernel/.design/05-design.v1.md	mv-ignored	R5
notes/rewrite/fork-syscall-rewrite/01-stage-kernel/.design/05-design.v2.md	rewrite-notes/01-stage-kernel/.design/05-design.v2.md	mv-ignored	R5
notes/rewrite/fork-syscall-rewrite/01-stage-kernel/.design/05-outline-review.v1.md	rewrite-notes/01-stage-kernel/.design/05-outline-review.v1.md	mv-ignored	R5
notes/rewrite/fork-syscall-rewrite/01-stage-kernel/.design/05-outline.v1.md	rewrite-notes/01-stage-kernel/.design/05-outline.v1.md	mv-ignored	R5
notes/rewrite/fork-syscall-rewrite/01-stage-kernel/.design/06-design.v1.md	rewrite-notes/01-stage-kernel/.design/06-design.v1.md	mv-ignored	R5
notes/rewrite/fork-syscall-rewrite/01-stage-kernel/.design/06-outline-review.v1.md	rewrite-notes/01-stage-kernel/.design/06-outline-review.v1.md	mv-ignored	R5
notes/rewrite/fork-syscall-rewrite/01-stage-kernel/.design/06-outline-review.v2.md	rewrite-notes/01-stage-kernel/.design/06-outline-review.v2.md	mv-ignored	R5
notes/rewrite/fork-syscall-rewrite/01-stage-kernel/.design/06-outline.v1.md	rewrite-notes/01-stage-kernel/.design/06-outline.v1.md	mv-ignored	R5
notes/rewrite/fork-syscall-rewrite/01-stage-kernel/.design/06-outline.v2.md	rewrite-notes/01-stage-kernel/.design/06-outline.v2.md	mv-ignored	R5
notes/rewrite/fork-syscall-rewrite/01-stage-kernel/.design/07-design.v1.md	rewrite-notes/01-stage-kernel/.design/07-design.v1.md	mv-ignored	R5
notes/rewrite/fork-syscall-rewrite/01-stage-kernel/.design/07-outline-review.v1.md	rewrite-notes/01-stage-kernel/.design/07-outline-review.v1.md	mv-ignored	R5
notes/rewrite/fork-syscall-rewrite/01-stage-kernel/.design/07-outline.v1.md	rewrite-notes/01-stage-kernel/.design/07-outline.v1.md	mv-ignored	R5
notes/rewrite/fork-syscall-rewrite/01-stage-kernel/.design/08-design.v1.md	rewrite-notes/01-stage-kernel/.design/08-design.v1.md	mv-ignored	R5
notes/rewrite/fork-syscall-rewrite/01-stage-kernel/.design/08-outline-review.v1.md	rewrite-notes/01-stage-kernel/.design/08-outline-review.v1.md	mv-ignored	R5
notes/rewrite/fork-syscall-rewrite/01-stage-kernel/.design/08-outline.v1.md	rewrite-notes/01-stage-kernel/.design/08-outline.v1.md	mv-ignored	R5
notes/rewrite/fork-syscall-rewrite/01-stage-kernel/.design/09-design.v1.md	rewrite-notes/01-stage-kernel/.design/09-design.v1.md	mv-ignored	R5
notes/rewrite/fork-syscall-rewrite/01-stage-kernel/.design/09-outline-review.v1.md	rewrite-notes/01-stage-kernel/.design/09-outline-review.v1.md	mv-ignored	R5
notes/rewrite/fork-syscall-rewrite/01-stage-kernel/.design/09-outline.v1.md	rewrite-notes/01-stage-kernel/.design/09-outline.v1.md	mv-ignored	R5
notes/rewrite/fork-syscall-rewrite/01-stage-kernel/.design/10-design.v1.md	rewrite-notes/01-stage-kernel/.design/10-design.v1.md	mv-ignored	R5
notes/rewrite/fork-syscall-rewrite/01-stage-kernel/.design/10-outline-review.v1.md	rewrite-notes/01-stage-kernel/.design/10-outline-review.v1.md	mv-ignored	R5
notes/rewrite/fork-syscall-rewrite/01-stage-kernel/.design/10-outline.v1.md	rewrite-notes/01-stage-kernel/.design/10-outline.v1.md	mv-ignored	R5
notes/rewrite/fork-syscall-rewrite/01-stage-kernel/.design/11-design.v1.md	rewrite-notes/01-stage-kernel/.design/11-design.v1.md	mv-ignored	R5
notes/rewrite/fork-syscall-rewrite/01-stage-kernel/.design/11-outline-review.v1.md	rewrite-notes/01-stage-kernel/.design/11-outline-review.v1.md	mv-ignored	R5
notes/rewrite/fork-syscall-rewrite/01-stage-kernel/.design/11-outline.v1.md	rewrite-notes/01-stage-kernel/.design/11-outline.v1.md	mv-ignored	R5
notes/rewrite/fork-syscall-rewrite/01-stage-kernel/.design/12-design.v1.md	rewrite-notes/01-stage-kernel/.design/12-design.v1.md	mv-ignored	R5
notes/rewrite/fork-syscall-rewrite/01-stage-kernel/.design/12-outline-review.v1.md	rewrite-notes/01-stage-kernel/.design/12-outline-review.v1.md	mv-ignored	R5
notes/rewrite/fork-syscall-rewrite/01-stage-kernel/.design/12-outline.v1.md	rewrite-notes/01-stage-kernel/.design/12-outline.v1.md	mv-ignored	R5
notes/rewrite/fork-syscall-rewrite/01-stage-kernel/.design/13-design.v1.md	rewrite-notes/01-stage-kernel/.design/13-design.v1.md	mv-ignored	R5
notes/rewrite/fork-syscall-rewrite/01-stage-kernel/.design/13-outline-review.v1.md	rewrite-notes/01-stage-kernel/.design/13-outline-review.v1.md	mv-ignored	R5
notes/rewrite/fork-syscall-rewrite/01-stage-kernel/.design/13-outline.v1.md	rewrite-notes/01-stage-kernel/.design/13-outline.v1.md	mv-ignored	R5
notes/rewrite/fork-syscall-rewrite/01-stage-kernel/.design/14-design.v1.md	rewrite-notes/01-stage-kernel/.design/14-design.v1.md	mv-ignored	R5
notes/rewrite/fork-syscall-rewrite/01-stage-kernel/.design/14-outline-review.v1.md	rewrite-notes/01-stage-kernel/.design/14-outline-review.v1.md	mv-ignored	R5
notes/rewrite/fork-syscall-rewrite/01-stage-kernel/.design/14-outline.v1.md	rewrite-notes/01-stage-kernel/.design/14-outline.v1.md	mv-ignored	R5
notes/rewrite/fork-syscall-rewrite/01-stage-kernel/.design/15-design.v1.md	rewrite-notes/01-stage-kernel/.design/15-design.v1.md	mv-ignored	R5
notes/rewrite/fork-syscall-rewrite/01-stage-kernel/.design/15-outline-review.v1.md	rewrite-notes/01-stage-kernel/.design/15-outline-review.v1.md	mv-ignored	R5
notes/rewrite/fork-syscall-rewrite/01-stage-kernel/.design/15-outline.v1.md	rewrite-notes/01-stage-kernel/.design/15-outline.v1.md	mv-ignored	R5
notes/rewrite/fork-syscall-rewrite/01-stage-kernel/.design/16-design.v1.md	rewrite-notes/01-stage-kernel/.design/16-design.v1.md	mv-ignored	R5
notes/rewrite/fork-syscall-rewrite/01-stage-kernel/.design/16-outline-review.v1.md	rewrite-notes/01-stage-kernel/.design/16-outline-review.v1.md	mv-ignored	R5
notes/rewrite/fork-syscall-rewrite/01-stage-kernel/.design/16-outline.v1.md	rewrite-notes/01-stage-kernel/.design/16-outline.v1.md	mv-ignored	R5
notes/rewrite/fork-syscall-rewrite/01-stage-kernel/.design/17-design.v1.md	rewrite-notes/01-stage-kernel/.design/17-design.v1.md	mv-ignored	R5
notes/rewrite/fork-syscall-rewrite/01-stage-kernel/.design/17-outline-review.v1.md	rewrite-notes/01-stage-kernel/.design/17-outline-review.v1.md	mv-ignored	R5
notes/rewrite/fork-syscall-rewrite/01-stage-kernel/.design/17-outline.v1.md	rewrite-notes/01-stage-kernel/.design/17-outline.v1.md	mv-ignored	R5
notes/rewrite/fork-syscall-rewrite/01-stage-kernel/.design/18-design.v1.md	rewrite-notes/01-stage-kernel/.design/18-design.v1.md	mv-ignored	R5
notes/rewrite/fork-syscall-rewrite/01-stage-kernel/.design/18-outline-review.v1.md	rewrite-notes/01-stage-kernel/.design/18-outline-review.v1.md	mv-ignored	R5
notes/rewrite/fork-syscall-rewrite/01-stage-kernel/.design/18-outline.v1.md	rewrite-notes/01-stage-kernel/.design/18-outline.v1.md	mv-ignored	R5
notes/rewrite/fork-syscall-rewrite/01-stage-kernel/.design/19-design.v1.md	rewrite-notes/01-stage-kernel/.design/19-design.v1.md	mv-ignored	R5
notes/rewrite/fork-syscall-rewrite/01-stage-kernel/.design/19-design.v2.md	rewrite-notes/01-stage-kernel/.design/19-design.v2.md	mv-ignored	R5
notes/rewrite/fork-syscall-rewrite/01-stage-kernel/.design/19-outline-review.v1.md	rewrite-notes/01-stage-kernel/.design/19-outline-review.v1.md	mv-ignored	R5
notes/rewrite/fork-syscall-rewrite/01-stage-kernel/.design/19-outline.v1.md	rewrite-notes/01-stage-kernel/.design/19-outline.v1.md	mv-ignored	R5
notes/rewrite/fork-syscall-rewrite/01-stage-kernel/.design/20-design.v1.md	rewrite-notes/01-stage-kernel/.design/20-design.v1.md	mv-ignored	R5
notes/rewrite/fork-syscall-rewrite/01-stage-kernel/.design/20-outline-review.v1.md	rewrite-notes/01-stage-kernel/.design/20-outline-review.v1.md	mv-ignored	R5
notes/rewrite/fork-syscall-rewrite/01-stage-kernel/.design/20-outline.v1.md	rewrite-notes/01-stage-kernel/.design/20-outline.v1.md	mv-ignored	R5
notes/rewrite/fork-syscall-rewrite/01-stage-kernel/.design/21-design.v1.md	rewrite-notes/01-stage-kernel/.design/21-design.v1.md	mv-ignored	R5
notes/rewrite/fork-syscall-rewrite/01-stage-kernel/.design/21-outline-review.v1.md	rewrite-notes/01-stage-kernel/.design/21-outline-review.v1.md	mv-ignored	R5
notes/rewrite/fork-syscall-rewrite/01-stage-kernel/.design/21-outline.v1.md	rewrite-notes/01-stage-kernel/.design/21-outline.v1.md	mv-ignored	R5
notes/rewrite/fork-syscall-rewrite/01-stage-kernel/.design/22-design.v1.md	rewrite-notes/01-stage-kernel/.design/22-design.v1.md	mv-ignored	R5
notes/rewrite/fork-syscall-rewrite/01-stage-kernel/.design/22-outline-review.v1.md	rewrite-notes/01-stage-kernel/.design/22-outline-review.v1.md	mv-ignored	R5
notes/rewrite/fork-syscall-rewrite/01-stage-kernel/.design/22-outline.v1.md	rewrite-notes/01-stage-kernel/.design/22-outline.v1.md	mv-ignored	R5
notes/rewrite/fork-syscall-rewrite/01-stage-kernel/.design/23-design.v1.md	rewrite-notes/01-stage-kernel/.design/23-design.v1.md	mv-ignored	R5
notes/rewrite/fork-syscall-rewrite/01-stage-kernel/.design/23-outline-review.v1.md	rewrite-notes/01-stage-kernel/.design/23-outline-review.v1.md	mv-ignored	R5
notes/rewrite/fork-syscall-rewrite/01-stage-kernel/.design/23-outline.v1.md	rewrite-notes/01-stage-kernel/.design/23-outline.v1.md	mv-ignored	R5
notes/rewrite/fork-syscall-rewrite/01-stage-kernel/.design/24-design.v1.md	rewrite-notes/01-stage-kernel/.design/24-design.v1.md	mv-ignored	R5
notes/rewrite/fork-syscall-rewrite/01-stage-kernel/.design/24-outline-review.v1.md	rewrite-notes/01-stage-kernel/.design/24-outline-review.v1.md	mv-ignored	R5
notes/rewrite/fork-syscall-rewrite/01-stage-kernel/.design/24-outline.v1.md	rewrite-notes/01-stage-kernel/.design/24-outline.v1.md	mv-ignored	R5
notes/rewrite/fork-syscall-rewrite/01-stage-kernel/.design/25-design.v1.md	rewrite-notes/01-stage-kernel/.design/25-design.v1.md	mv-ignored	R5
notes/rewrite/fork-syscall-rewrite/01-stage-kernel/.design/25-outline-review.v1.md	rewrite-notes/01-stage-kernel/.design/25-outline-review.v1.md	mv-ignored	R5
notes/rewrite/fork-syscall-rewrite/01-stage-kernel/.design/25-outline.v1.md	rewrite-notes/01-stage-kernel/.design/25-outline.v1.md	mv-ignored	R5
notes/rewrite/fork-syscall-rewrite/01-stage-kernel/.design/26-design.v1.md	rewrite-notes/01-stage-kernel/.design/26-design.v1.md	mv-ignored	R5
notes/rewrite/fork-syscall-rewrite/01-stage-kernel/.design/26-outline-review.v1.md	rewrite-notes/01-stage-kernel/.design/26-outline-review.v1.md	mv-ignored	R5
notes/rewrite/fork-syscall-rewrite/01-stage-kernel/.design/26-outline.v1.md	rewrite-notes/01-stage-kernel/.design/26-outline.v1.md	mv-ignored	R5
notes/rewrite/fork-syscall-rewrite/01-stage-kernel/.design/27-design.v1.md	rewrite-notes/01-stage-kernel/.design/27-design.v1.md	mv-ignored	R5
notes/rewrite/fork-syscall-rewrite/01-stage-kernel/.design/27-outline-review.v1.md	rewrite-notes/01-stage-kernel/.design/27-outline-review.v1.md	mv-ignored	R5
notes/rewrite/fork-syscall-rewrite/01-stage-kernel/.design/27-outline.v1.md	rewrite-notes/01-stage-kernel/.design/27-outline.v1.md	mv-ignored	R5
notes/rewrite/fork-syscall-rewrite/01-stage-kernel/.design/28-design.v1.md	rewrite-notes/01-stage-kernel/.design/28-design.v1.md	mv-ignored	R5
notes/rewrite/fork-syscall-rewrite/01-stage-kernel/.design/28-outline-review.v1.md	rewrite-notes/01-stage-kernel/.design/28-outline-review.v1.md	mv-ignored	R5
notes/rewrite/fork-syscall-rewrite/01-stage-kernel/.design/28-outline.v1.md	rewrite-notes/01-stage-kernel/.design/28-outline.v1.md	mv-ignored	R5
notes/rewrite/fork-syscall-rewrite/01-stage-kernel/.design/29-design.v1.md	rewrite-notes/01-stage-kernel/.design/29-design.v1.md	mv-ignored	R5
notes/rewrite/fork-syscall-rewrite/01-stage-kernel/.design/29-outline-review.v1.md	rewrite-notes/01-stage-kernel/.design/29-outline-review.v1.md	mv-ignored	R5
notes/rewrite/fork-syscall-rewrite/01-stage-kernel/.design/29-outline.v1.md	rewrite-notes/01-stage-kernel/.design/29-outline.v1.md	mv-ignored	R5
notes/rewrite/fork-syscall-rewrite/01-stage-kernel/.design/30-design.v1.md	rewrite-notes/01-stage-kernel/.design/30-design.v1.md	mv-ignored	R5
notes/rewrite/fork-syscall-rewrite/01-stage-kernel/.design/30-outline-review.v1.md	rewrite-notes/01-stage-kernel/.design/30-outline-review.v1.md	mv-ignored	R5
notes/rewrite/fork-syscall-rewrite/01-stage-kernel/.design/30-outline.v1.md	rewrite-notes/01-stage-kernel/.design/30-outline.v1.md	mv-ignored	R5
notes/rewrite/fork-syscall-rewrite/01-stage-kernel/.design/31-design.v1.md	rewrite-notes/01-stage-kernel/.design/31-design.v1.md	mv-ignored	R5
notes/rewrite/fork-syscall-rewrite/01-stage-kernel/.design/31-design.v2.md	rewrite-notes/01-stage-kernel/.design/31-design.v2.md	mv-ignored	R5
notes/rewrite/fork-syscall-rewrite/01-stage-kernel/.design/31-outline-review.v1.md	rewrite-notes/01-stage-kernel/.design/31-outline-review.v1.md	mv-ignored	R5
notes/rewrite/fork-syscall-rewrite/01-stage-kernel/.design/31-outline-review.v2.md	rewrite-notes/01-stage-kernel/.design/31-outline-review.v2.md	mv-ignored	R5
notes/rewrite/fork-syscall-rewrite/01-stage-kernel/.design/31-outline.v1.md	rewrite-notes/01-stage-kernel/.design/31-outline.v1.md	mv-ignored	R5
notes/rewrite/fork-syscall-rewrite/01-stage-kernel/.design/31-outline.v2.md	rewrite-notes/01-stage-kernel/.design/31-outline.v2.md	mv-ignored	R5
notes/rewrite/fork-syscall-rewrite/01-stage-kernel/.design/32-design.v1.md	rewrite-notes/01-stage-kernel/.design/32-design.v1.md	mv-ignored	R5
notes/rewrite/fork-syscall-rewrite/01-stage-kernel/.design/32-design.v2.md	rewrite-notes/01-stage-kernel/.design/32-design.v2.md	mv-ignored	R5
notes/rewrite/fork-syscall-rewrite/01-stage-kernel/.design/32-outline-review.v1.md	rewrite-notes/01-stage-kernel/.design/32-outline-review.v1.md	mv-ignored	R5
notes/rewrite/fork-syscall-rewrite/01-stage-kernel/.design/32-outline-review.v2.md	rewrite-notes/01-stage-kernel/.design/32-outline-review.v2.md	mv-ignored	R5
notes/rewrite/fork-syscall-rewrite/01-stage-kernel/.design/32-outline.v1.md	rewrite-notes/01-stage-kernel/.design/32-outline.v1.md	mv-ignored	R5
notes/rewrite/fork-syscall-rewrite/01-stage-kernel/.design/32-outline.v2.md	rewrite-notes/01-stage-kernel/.design/32-outline.v2.md	mv-ignored	R5
notes/rewrite/fork-syscall-rewrite/01-stage-kernel/.design/33-design.v1.md	rewrite-notes/01-stage-kernel/.design/33-design.v1.md	mv-ignored	R5
notes/rewrite/fork-syscall-rewrite/01-stage-kernel/.design/33-outline-review.v1.md	rewrite-notes/01-stage-kernel/.design/33-outline-review.v1.md	mv-ignored	R5
notes/rewrite/fork-syscall-rewrite/01-stage-kernel/.design/33-outline.v1.md	rewrite-notes/01-stage-kernel/.design/33-outline.v1.md	mv-ignored	R5
notes/rewrite/fork-syscall-rewrite/01-stage-kernel/.design/DESIGN-INDEX.md	rewrite-notes/01-stage-kernel/.design/DESIGN-INDEX.md	mv-ignored	R5
notes/rewrite/fork-syscall-rewrite/01-stage-kernel/00-kernel-overview.md	rewrite-notes/01-stage-kernel/00-kernel-overview.md	git-mv	R5
notes/rewrite/fork-syscall-rewrite/01-stage-kernel/01-boot-shim-bootstrap.md	rewrite-notes/01-stage-kernel/01-boot-shim-bootstrap.md	git-mv	R5
notes/rewrite/fork-syscall-rewrite/01-stage-kernel/02-higher-half-kernel.md	rewrite-notes/01-stage-kernel/02-higher-half-kernel.md	git-mv	R5
notes/rewrite/fork-syscall-rewrite/01-stage-kernel/03-kmain-cstart.md	rewrite-notes/01-stage-kernel/03-kmain-cstart.md	git-mv	R5
notes/rewrite/fork-syscall-rewrite/01-stage-kernel/04-platform-discovery.md	rewrite-notes/01-stage-kernel/04-platform-discovery.md	git-mv	R5
notes/rewrite/fork-syscall-rewrite/01-stage-kernel/05-clock-interrupt-init.md	rewrite-notes/01-stage-kernel/05-clock-interrupt-init.md	git-mv	R5
notes/rewrite/fork-syscall-rewrite/01-stage-kernel/06-proc-init-boot-proc.md	rewrite-notes/01-stage-kernel/06-proc-init-boot-proc.md	git-mv	R5
notes/rewrite/fork-syscall-rewrite/01-stage-kernel/06-todo.md	rewrite-notes/01-stage-kernel/06-todo.md	git-mv	R5
notes/rewrite/fork-syscall-rewrite/01-stage-kernel/07-cross-space-init.md	rewrite-notes/01-stage-kernel/07-cross-space-init.md	git-mv	R5
notes/rewrite/fork-syscall-rewrite/01-stage-kernel/07-paging_init_gpt.md	rewrite-notes/01-stage-kernel/07-paging_init_gpt.md	git-mv	R5
notes/rewrite/fork-syscall-rewrite/01-stage-kernel/08-system-init-boot-finish.md	rewrite-notes/01-stage-kernel/08-system-init-boot-finish.md	git-mv	R5
notes/rewrite/fork-syscall-rewrite/01-stage-kernel/09-vm-boot-protocol.md	rewrite-notes/01-stage-kernel/09-vm-boot-protocol.md	git-mv	R5
notes/rewrite/fork-syscall-rewrite/01-stage-kernel/10-switch-to-user.md	rewrite-notes/01-stage-kernel/10-switch-to-user.md	git-mv	R5
notes/rewrite/fork-syscall-rewrite/01-stage-kernel/11-scheduling-primitives.md	rewrite-notes/01-stage-kernel/11-scheduling-primitives.md	git-mv	R5
notes/rewrite/fork-syscall-rewrite/01-stage-kernel/12-ipc-core.md	rewrite-notes/01-stage-kernel/12-ipc-core.md	git-mv	R5
notes/rewrite/fork-syscall-rewrite/01-stage-kernel/13-syscall-dispatch.md	rewrite-notes/01-stage-kernel/13-syscall-dispatch.md	git-mv	R5
notes/rewrite/fork-syscall-rewrite/01-stage-kernel/14-exception-interrupt.md	rewrite-notes/01-stage-kernel/14-exception-interrupt.md	git-mv	R5
notes/rewrite/fork-syscall-rewrite/01-stage-kernel/15-clock-timer.md	rewrite-notes/01-stage-kernel/15-clock-timer.md	git-mv	R5
notes/rewrite/fork-syscall-rewrite/01-stage-kernel/16-smp.md	rewrite-notes/01-stage-kernel/16-smp.md	git-mv	R5
notes/rewrite/fork-syscall-rewrite/01-stage-kernel/17-syscall-process.md	rewrite-notes/01-stage-kernel/17-syscall-process.md	git-mv	R5
notes/rewrite/fork-syscall-rewrite/01-stage-kernel/18-syscall-copy.md	rewrite-notes/01-stage-kernel/18-syscall-copy.md	git-mv	R5
notes/rewrite/fork-syscall-rewrite/01-stage-kernel/18-trap-bridge-design.md	rewrite-notes/01-stage-kernel/18-trap-bridge-design.md	git-mv	R5
notes/rewrite/fork-syscall-rewrite/01-stage-kernel/19-syscall-signal.md	rewrite-notes/01-stage-kernel/19-syscall-signal.md	git-mv	R5
notes/rewrite/fork-syscall-rewrite/01-stage-kernel/20-syscall-device.md	rewrite-notes/01-stage-kernel/20-syscall-device.md	git-mv	R5
notes/rewrite/fork-syscall-rewrite/01-stage-kernel/21-syscall-clock.md	rewrite-notes/01-stage-kernel/21-syscall-clock.md	git-mv	R5
notes/rewrite/fork-syscall-rewrite/01-stage-kernel/22-privilege.md	rewrite-notes/01-stage-kernel/22-privilege.md	git-mv	R5
notes/rewrite/fork-syscall-rewrite/01-stage-kernel/23-ipc-filter.md	rewrite-notes/01-stage-kernel/23-ipc-filter.md	git-mv	R5
notes/rewrite/fork-syscall-rewrite/01-stage-kernel/24-cross-space-runtime.md	rewrite-notes/01-stage-kernel/24-cross-space-runtime.md	git-mv	R5
notes/rewrite/fork-syscall-rewrite/01-stage-kernel/25-misc-unported.md	rewrite-notes/01-stage-kernel/25-misc-unported.md	git-mv	R5
notes/rewrite/fork-syscall-rewrite/01-stage-kernel/26-watchdog.md	rewrite-notes/01-stage-kernel/26-watchdog.md	git-mv	R5
notes/rewrite/fork-syscall-rewrite/01-stage-kernel/27-kernel-utility.md	rewrite-notes/01-stage-kernel/27-kernel-utility.md	git-mv	R5
notes/rewrite/fork-syscall-rewrite/01-stage-kernel/28-usermapped-data.md	rewrite-notes/01-stage-kernel/28-usermapped-data.md	git-mv	R5
notes/rewrite/fork-syscall-rewrite/01-stage-kernel/29-kernel-debug.md	rewrite-notes/01-stage-kernel/29-kernel-debug.md	git-mv	R5
notes/rewrite/fork-syscall-rewrite/01-stage-kernel/30-kernel-profile.md	rewrite-notes/01-stage-kernel/30-kernel-profile.md	git-mv	R5
notes/rewrite/fork-syscall-rewrite/01-stage-kernel/31-fpu-context-switching.md	rewrite-notes/01-stage-kernel/31-fpu-context-switching.md	git-mv	R5
notes/rewrite/fork-syscall-rewrite/01-stage-kernel/32-stack-tracing.md	rewrite-notes/01-stage-kernel/32-stack-tracing.md	git-mv	R5
notes/rewrite/fork-syscall-rewrite/01-stage-kernel/33-syscall-caller-api.md	rewrite-notes/01-stage-kernel/33-syscall-caller-api.md	git-mv	R5
notes/rewrite/fork-syscall-rewrite/01-stage-kernel/99-global-concepts.md	rewrite-notes/01-stage-kernel/99-global-concepts.md	git-mv	R5
notes/rewrite/fork-syscall-rewrite/01-stage-kernel/checklist.md	rewrite-notes/01-stage-kernel/checklist.md	git-mv	R5
notes/rewrite/fork-syscall-rewrite/01-stage-kernel/doc_rerank_HY4.md	rewrite-notes/01-stage-kernel/doc_rerank_HY4.md	git-mv	R5
notes/rewrite/fork-syscall-rewrite/01-stage-kernel/doc_rerank_deepseek.md	rewrite-notes/01-stage-kernel/doc_rerank_deepseek.md	git-mv	R5
notes/rewrite/fork-syscall-rewrite/01-stage-kernel/doc_rerank_glm.md	rewrite-notes/01-stage-kernel/doc_rerank_glm.md	git-mv	R5
notes/rewrite/fork-syscall-rewrite/01-stage-kernel/doc_rerank_mimo.md	rewrite-notes/01-stage-kernel/doc_rerank_mimo.md	git-mv	R5
notes/rewrite/fork-syscall-rewrite/01-stage-kernel/doc_rerank_muse.md	rewrite-notes/01-stage-kernel/doc_rerank_muse.md	git-mv	R5
notes/rewrite/fork-syscall-rewrite/01-stage-kernel/doc_rerank_qwen.md	rewrite-notes/01-stage-kernel/doc_rerank_qwen.md	git-mv	R5
notes/rewrite/fork-syscall-rewrite/01-stage-kernel/endpoint_todo.md	rewrite-notes/01-stage-kernel/endpoint_todo.md	git-mv	R5
notes/rewrite/fork-syscall-rewrite/01-stage-kernel/firmware-heap-corruption.md	rewrite-notes/01-stage-kernel/firmware-heap-corruption.md	git-mv	R5
notes/rewrite/fork-syscall-rewrite/01-stage-kernel/panic-in-drop.md	rewrite-notes/01-stage-kernel/panic-in-drop.md	git-mv	R5
notes/rewrite/fork-syscall-rewrite/01-stage-kernel/smp_gpt.md	rewrite-notes/01-stage-kernel/smp_gpt.md	git-mv	R5
notes/rewrite/fork-syscall-rewrite/01-stage-kernel/smp_gpt_v2.md	rewrite-notes/01-stage-kernel/smp_gpt_v2.md	git-mv	R5
notes/rewrite/fork-syscall-rewrite/01-stage-kernel/smp_gpt_v3.md	rewrite-notes/01-stage-kernel/smp_gpt_v3.md	git-mv	R5
notes/rewrite/fork-syscall-rewrite/01-stage-kernel/smp_todo.md	rewrite-notes/01-stage-kernel/smp_todo.md	git-mv	R5
notes/rewrite/fork-syscall-rewrite/01-stage-kernel/todo.md	rewrite-notes/01-stage-kernel/todo.md	git-mv	R5
notes/rewrite/fork-syscall-rewrite/02-stage-vm/.design/00-design.v1.md	rewrite-notes/02-stage-vm/.design/00-design.v1.md	mv-ignored	R5
notes/rewrite/fork-syscall-rewrite/02-stage-vm/.design/00-outline-review.v1.md	rewrite-notes/02-stage-vm/.design/00-outline-review.v1.md	mv-ignored	R5
notes/rewrite/fork-syscall-rewrite/02-stage-vm/.design/00-outline.v1.md	rewrite-notes/02-stage-vm/.design/00-outline.v1.md	mv-ignored	R5
notes/rewrite/fork-syscall-rewrite/02-stage-vm/.design/01-design.v1.md	rewrite-notes/02-stage-vm/.design/01-design.v1.md	mv-ignored	R5
notes/rewrite/fork-syscall-rewrite/02-stage-vm/.design/01-outline-review.v1.md	rewrite-notes/02-stage-vm/.design/01-outline-review.v1.md	mv-ignored	R5
notes/rewrite/fork-syscall-rewrite/02-stage-vm/.design/01-outline.v1.md	rewrite-notes/02-stage-vm/.design/01-outline.v1.md	mv-ignored	R5
notes/rewrite/fork-syscall-rewrite/02-stage-vm/.design/02-design.v1.md	rewrite-notes/02-stage-vm/.design/02-design.v1.md	mv-ignored	R5
notes/rewrite/fork-syscall-rewrite/02-stage-vm/.design/02-outline-review.v1.md	rewrite-notes/02-stage-vm/.design/02-outline-review.v1.md	mv-ignored	R5
notes/rewrite/fork-syscall-rewrite/02-stage-vm/.design/02-outline.v1.md	rewrite-notes/02-stage-vm/.design/02-outline.v1.md	mv-ignored	R5
notes/rewrite/fork-syscall-rewrite/02-stage-vm/.design/03-design.v1.md	rewrite-notes/02-stage-vm/.design/03-design.v1.md	mv-ignored	R5
notes/rewrite/fork-syscall-rewrite/02-stage-vm/.design/03-outline-review.v1.md	rewrite-notes/02-stage-vm/.design/03-outline-review.v1.md	mv-ignored	R5
notes/rewrite/fork-syscall-rewrite/02-stage-vm/.design/03-outline.v1.md	rewrite-notes/02-stage-vm/.design/03-outline.v1.md	mv-ignored	R5
notes/rewrite/fork-syscall-rewrite/02-stage-vm/.design/04-design.v1.md	rewrite-notes/02-stage-vm/.design/04-design.v1.md	mv-ignored	R5
notes/rewrite/fork-syscall-rewrite/02-stage-vm/.design/04-outline-review.v1.md	rewrite-notes/02-stage-vm/.design/04-outline-review.v1.md	mv-ignored	R5
notes/rewrite/fork-syscall-rewrite/02-stage-vm/.design/04-outline.v1.md	rewrite-notes/02-stage-vm/.design/04-outline.v1.md	mv-ignored	R5
notes/rewrite/fork-syscall-rewrite/02-stage-vm/.design/05-design.v1.md	rewrite-notes/02-stage-vm/.design/05-design.v1.md	mv-ignored	R5
notes/rewrite/fork-syscall-rewrite/02-stage-vm/.design/05-outline-review.v1.md	rewrite-notes/02-stage-vm/.design/05-outline-review.v1.md	mv-ignored	R5
notes/rewrite/fork-syscall-rewrite/02-stage-vm/.design/05-outline.v1.md	rewrite-notes/02-stage-vm/.design/05-outline.v1.md	mv-ignored	R5
notes/rewrite/fork-syscall-rewrite/02-stage-vm/.design/06-design.v1.md	rewrite-notes/02-stage-vm/.design/06-design.v1.md	mv-ignored	R5
notes/rewrite/fork-syscall-rewrite/02-stage-vm/.design/06-outline-review.v1.md	rewrite-notes/02-stage-vm/.design/06-outline-review.v1.md	mv-ignored	R5
notes/rewrite/fork-syscall-rewrite/02-stage-vm/.design/06-outline.v1.md	rewrite-notes/02-stage-vm/.design/06-outline.v1.md	mv-ignored	R5
notes/rewrite/fork-syscall-rewrite/02-stage-vm/.design/07-design.v1.md	rewrite-notes/02-stage-vm/.design/07-design.v1.md	mv-ignored	R5
notes/rewrite/fork-syscall-rewrite/02-stage-vm/.design/07-outline-review.v1.md	rewrite-notes/02-stage-vm/.design/07-outline-review.v1.md	mv-ignored	R5
notes/rewrite/fork-syscall-rewrite/02-stage-vm/.design/07-outline.v1.md	rewrite-notes/02-stage-vm/.design/07-outline.v1.md	mv-ignored	R5
notes/rewrite/fork-syscall-rewrite/02-stage-vm/.design/07-paging_init_design.v1.md	rewrite-notes/02-stage-vm/.design/07-paging_init_design.v1.md	mv-ignored	R5
notes/rewrite/fork-syscall-rewrite/02-stage-vm/.design/08-design.v1.md	rewrite-notes/02-stage-vm/.design/08-design.v1.md	mv-ignored	R5
notes/rewrite/fork-syscall-rewrite/02-stage-vm/.design/08-outline-review.v1.md	rewrite-notes/02-stage-vm/.design/08-outline-review.v1.md	mv-ignored	R5
notes/rewrite/fork-syscall-rewrite/02-stage-vm/.design/08-outline.v1.md	rewrite-notes/02-stage-vm/.design/08-outline.v1.md	mv-ignored	R5
notes/rewrite/fork-syscall-rewrite/02-stage-vm/.design/09-design.v1.md	rewrite-notes/02-stage-vm/.design/09-design.v1.md	mv-ignored	R5
notes/rewrite/fork-syscall-rewrite/02-stage-vm/.design/09-design.v2.md	rewrite-notes/02-stage-vm/.design/09-design.v2.md	mv-ignored	R5
notes/rewrite/fork-syscall-rewrite/02-stage-vm/.design/09-outline-review.v1.md	rewrite-notes/02-stage-vm/.design/09-outline-review.v1.md	mv-ignored	R5
notes/rewrite/fork-syscall-rewrite/02-stage-vm/.design/09-outline.v1.md	rewrite-notes/02-stage-vm/.design/09-outline.v1.md	mv-ignored	R5
notes/rewrite/fork-syscall-rewrite/02-stage-vm/.design/10-design.v1.md	rewrite-notes/02-stage-vm/.design/10-design.v1.md	mv-ignored	R5
notes/rewrite/fork-syscall-rewrite/02-stage-vm/.design/10-outline-review.v1.md	rewrite-notes/02-stage-vm/.design/10-outline-review.v1.md	mv-ignored	R5
notes/rewrite/fork-syscall-rewrite/02-stage-vm/.design/10-outline.v1.md	rewrite-notes/02-stage-vm/.design/10-outline.v1.md	mv-ignored	R5
notes/rewrite/fork-syscall-rewrite/02-stage-vm/.design/11-design.v1.md	rewrite-notes/02-stage-vm/.design/11-design.v1.md	mv-ignored	R5
notes/rewrite/fork-syscall-rewrite/02-stage-vm/.design/11-outline-review.v1.md	rewrite-notes/02-stage-vm/.design/11-outline-review.v1.md	mv-ignored	R5
notes/rewrite/fork-syscall-rewrite/02-stage-vm/.design/11-outline.v1.md	rewrite-notes/02-stage-vm/.design/11-outline.v1.md	mv-ignored	R5
notes/rewrite/fork-syscall-rewrite/02-stage-vm/.design/12-design.v1.md	rewrite-notes/02-stage-vm/.design/12-design.v1.md	mv-ignored	R5
notes/rewrite/fork-syscall-rewrite/02-stage-vm/.design/12-outline-review.v1.md	rewrite-notes/02-stage-vm/.design/12-outline-review.v1.md	mv-ignored	R5
notes/rewrite/fork-syscall-rewrite/02-stage-vm/.design/12-outline.v1.md	rewrite-notes/02-stage-vm/.design/12-outline.v1.md	mv-ignored	R5
notes/rewrite/fork-syscall-rewrite/02-stage-vm/.design/13-design.v1.md	rewrite-notes/02-stage-vm/.design/13-design.v1.md	mv-ignored	R5
notes/rewrite/fork-syscall-rewrite/02-stage-vm/.design/13-design.v2.md	rewrite-notes/02-stage-vm/.design/13-design.v2.md	mv-ignored	R5
notes/rewrite/fork-syscall-rewrite/02-stage-vm/.design/13-outline-review.v1.md	rewrite-notes/02-stage-vm/.design/13-outline-review.v1.md	mv-ignored	R5
notes/rewrite/fork-syscall-rewrite/02-stage-vm/.design/13-outline.v1.md	rewrite-notes/02-stage-vm/.design/13-outline.v1.md	mv-ignored	R5
notes/rewrite/fork-syscall-rewrite/02-stage-vm/.design/14-design.v1.md	rewrite-notes/02-stage-vm/.design/14-design.v1.md	mv-ignored	R5
notes/rewrite/fork-syscall-rewrite/02-stage-vm/.design/14-outline-review.v1.md	rewrite-notes/02-stage-vm/.design/14-outline-review.v1.md	mv-ignored	R5
notes/rewrite/fork-syscall-rewrite/02-stage-vm/.design/14-outline.v1.md	rewrite-notes/02-stage-vm/.design/14-outline.v1.md	mv-ignored	R5
notes/rewrite/fork-syscall-rewrite/02-stage-vm/.design/15-design.v1.md	rewrite-notes/02-stage-vm/.design/15-design.v1.md	mv-ignored	R5
notes/rewrite/fork-syscall-rewrite/02-stage-vm/.design/15-outline-review.v1.md	rewrite-notes/02-stage-vm/.design/15-outline-review.v1.md	mv-ignored	R5
notes/rewrite/fork-syscall-rewrite/02-stage-vm/.design/15-outline.v1.md	rewrite-notes/02-stage-vm/.design/15-outline.v1.md	mv-ignored	R5
notes/rewrite/fork-syscall-rewrite/02-stage-vm/.design/16-design.v1.md	rewrite-notes/02-stage-vm/.design/16-design.v1.md	mv-ignored	R5
notes/rewrite/fork-syscall-rewrite/02-stage-vm/.design/16-outline-review.v1.md	rewrite-notes/02-stage-vm/.design/16-outline-review.v1.md	mv-ignored	R5
notes/rewrite/fork-syscall-rewrite/02-stage-vm/.design/16-outline.v1.md	rewrite-notes/02-stage-vm/.design/16-outline.v1.md	mv-ignored	R5
notes/rewrite/fork-syscall-rewrite/02-stage-vm/.design/17-design.v1.md	rewrite-notes/02-stage-vm/.design/17-design.v1.md	mv-ignored	R5
notes/rewrite/fork-syscall-rewrite/02-stage-vm/.design/17-outline-review.v1.md	rewrite-notes/02-stage-vm/.design/17-outline-review.v1.md	mv-ignored	R5
notes/rewrite/fork-syscall-rewrite/02-stage-vm/.design/17-outline.v1.md	rewrite-notes/02-stage-vm/.design/17-outline.v1.md	mv-ignored	R5
notes/rewrite/fork-syscall-rewrite/02-stage-vm/.design/18-design.v1.md	rewrite-notes/02-stage-vm/.design/18-design.v1.md	mv-ignored	R5
notes/rewrite/fork-syscall-rewrite/02-stage-vm/.design/18-outline-review.v1.md	rewrite-notes/02-stage-vm/.design/18-outline-review.v1.md	mv-ignored	R5
notes/rewrite/fork-syscall-rewrite/02-stage-vm/.design/18-outline.v1.md	rewrite-notes/02-stage-vm/.design/18-outline.v1.md	mv-ignored	R5
notes/rewrite/fork-syscall-rewrite/02-stage-vm/.design/19-design.v1.md	rewrite-notes/02-stage-vm/.design/19-design.v1.md	mv-ignored	R5
notes/rewrite/fork-syscall-rewrite/02-stage-vm/.design/19-outline-review.v1.md	rewrite-notes/02-stage-vm/.design/19-outline-review.v1.md	mv-ignored	R5
notes/rewrite/fork-syscall-rewrite/02-stage-vm/.design/19-outline.v1.md	rewrite-notes/02-stage-vm/.design/19-outline.v1.md	mv-ignored	R5
notes/rewrite/fork-syscall-rewrite/02-stage-vm/.design/20-design.v1.md	rewrite-notes/02-stage-vm/.design/20-design.v1.md	mv-ignored	R5
notes/rewrite/fork-syscall-rewrite/02-stage-vm/.design/20-outline-review.v1.md	rewrite-notes/02-stage-vm/.design/20-outline-review.v1.md	mv-ignored	R5
notes/rewrite/fork-syscall-rewrite/02-stage-vm/.design/20-outline.v1.md	rewrite-notes/02-stage-vm/.design/20-outline.v1.md	mv-ignored	R5
notes/rewrite/fork-syscall-rewrite/02-stage-vm/.design/21-design.v1.md	rewrite-notes/02-stage-vm/.design/21-design.v1.md	mv-ignored	R5
notes/rewrite/fork-syscall-rewrite/02-stage-vm/.design/21-outline-review.v1.md	rewrite-notes/02-stage-vm/.design/21-outline-review.v1.md	mv-ignored	R5
notes/rewrite/fork-syscall-rewrite/02-stage-vm/.design/21-outline.v1.md	rewrite-notes/02-stage-vm/.design/21-outline.v1.md	mv-ignored	R5
notes/rewrite/fork-syscall-rewrite/02-stage-vm/.design/22-design.v1.md	rewrite-notes/02-stage-vm/.design/22-design.v1.md	mv-ignored	R5
notes/rewrite/fork-syscall-rewrite/02-stage-vm/.design/22-outline-review.v1.md	rewrite-notes/02-stage-vm/.design/22-outline-review.v1.md	mv-ignored	R5
notes/rewrite/fork-syscall-rewrite/02-stage-vm/.design/22-outline.v1.md	rewrite-notes/02-stage-vm/.design/22-outline.v1.md	mv-ignored	R5
notes/rewrite/fork-syscall-rewrite/02-stage-vm/.design/23-design.v1.md	rewrite-notes/02-stage-vm/.design/23-design.v1.md	mv-ignored	R5
notes/rewrite/fork-syscall-rewrite/02-stage-vm/.design/23-outline-review.v1.md	rewrite-notes/02-stage-vm/.design/23-outline-review.v1.md	mv-ignored	R5
notes/rewrite/fork-syscall-rewrite/02-stage-vm/.design/23-outline.v1.md	rewrite-notes/02-stage-vm/.design/23-outline.v1.md	mv-ignored	R5
notes/rewrite/fork-syscall-rewrite/02-stage-vm/.design/24-design.v1.md	rewrite-notes/02-stage-vm/.design/24-design.v1.md	mv-ignored	R5
notes/rewrite/fork-syscall-rewrite/02-stage-vm/.design/24-outline-review.v1.md	rewrite-notes/02-stage-vm/.design/24-outline-review.v1.md	mv-ignored	R5
notes/rewrite/fork-syscall-rewrite/02-stage-vm/.design/24-outline.v1.md	rewrite-notes/02-stage-vm/.design/24-outline.v1.md	mv-ignored	R5
notes/rewrite/fork-syscall-rewrite/02-stage-vm/.design/25-design.v1.md	rewrite-notes/02-stage-vm/.design/25-design.v1.md	mv-ignored	R5
notes/rewrite/fork-syscall-rewrite/02-stage-vm/.design/25-outline-review.v1.md	rewrite-notes/02-stage-vm/.design/25-outline-review.v1.md	mv-ignored	R5
notes/rewrite/fork-syscall-rewrite/02-stage-vm/.design/25-outline.v1.md	rewrite-notes/02-stage-vm/.design/25-outline.v1.md	mv-ignored	R5
notes/rewrite/fork-syscall-rewrite/02-stage-vm/.design/26-design.v1.md	rewrite-notes/02-stage-vm/.design/26-design.v1.md	mv-ignored	R5
notes/rewrite/fork-syscall-rewrite/02-stage-vm/.design/26-outline-review.v1.md	rewrite-notes/02-stage-vm/.design/26-outline-review.v1.md	mv-ignored	R5
notes/rewrite/fork-syscall-rewrite/02-stage-vm/.design/26-outline.v1.md	rewrite-notes/02-stage-vm/.design/26-outline.v1.md	mv-ignored	R5
notes/rewrite/fork-syscall-rewrite/02-stage-vm/.design/99-design.v1.md	rewrite-notes/02-stage-vm/.design/99-design.v1.md	mv-ignored	R5
notes/rewrite/fork-syscall-rewrite/02-stage-vm/.design/99-outline-review.v1.md	rewrite-notes/02-stage-vm/.design/99-outline-review.v1.md	mv-ignored	R5
notes/rewrite/fork-syscall-rewrite/02-stage-vm/.design/99-outline.v1.md	rewrite-notes/02-stage-vm/.design/99-outline.v1.md	mv-ignored	R5
notes/rewrite/fork-syscall-rewrite/02-stage-vm/00-vm-overview.md	rewrite-notes/02-stage-vm/00-vm-overview.md	git-mv	R5
notes/rewrite/fork-syscall-rewrite/02-stage-vm/01-vm-init-main.md	rewrite-notes/02-stage-vm/01-vm-init-main.md	git-mv	R5
notes/rewrite/fork-syscall-rewrite/02-stage-vm/02-vmproc-struct.md	rewrite-notes/02-stage-vm/02-vmproc-struct.md	git-mv	R5
notes/rewrite/fork-syscall-rewrite/02-stage-vm/03-vmproc-table.md	rewrite-notes/02-stage-vm/03-vmproc-table.md	git-mv	R5
notes/rewrite/fork-syscall-rewrite/02-stage-vm/04-acl.md	rewrite-notes/02-stage-vm/04-acl.md	git-mv	R5
notes/rewrite/fork-syscall-rewrite/02-stage-vm/05-physical-memory.md	rewrite-notes/02-stage-vm/05-physical-memory.md	git-mv	R5
notes/rewrite/fork-syscall-rewrite/02-stage-vm/06-page-allocator.md	rewrite-notes/02-stage-vm/06-page-allocator.md	git-mv	R5
notes/rewrite/fork-syscall-rewrite/02-stage-vm/07-pagetable-struct.md	rewrite-notes/02-stage-vm/07-pagetable-struct.md	git-mv	R5
notes/rewrite/fork-syscall-rewrite/02-stage-vm/08-pagetable-ops.md	rewrite-notes/02-stage-vm/08-pagetable-ops.md	git-mv	R5
notes/rewrite/fork-syscall-rewrite/02-stage-vm/09-slab-allocator.md	rewrite-notes/02-stage-vm/09-slab-allocator.md	git-mv	R5
notes/rewrite/fork-syscall-rewrite/02-stage-vm/10-vm-relocation.md	rewrite-notes/02-stage-vm/10-vm-relocation.md	git-mv	R5
notes/rewrite/fork-syscall-rewrite/02-stage-vm/11-phys-pagestate.md	rewrite-notes/02-stage-vm/11-phys-pagestate.md	git-mv	R5
notes/rewrite/fork-syscall-rewrite/02-stage-vm/12-memtype.md	rewrite-notes/02-stage-vm/12-memtype.md	git-mv	R5
notes/rewrite/fork-syscall-rewrite/02-stage-vm/13-region-mapping.md	rewrite-notes/02-stage-vm/13-region-mapping.md	git-mv	R5
notes/rewrite/fork-syscall-rewrite/02-stage-vm/14-region-lookup.md	rewrite-notes/02-stage-vm/14-region-lookup.md	git-mv	R5
notes/rewrite/fork-syscall-rewrite/02-stage-vm/15-ipc-dispatch.md	rewrite-notes/02-stage-vm/15-ipc-dispatch.md	git-mv	R5
notes/rewrite/fork-syscall-rewrite/02-stage-vm/16-pagefault.md	rewrite-notes/02-stage-vm/16-pagefault.md	git-mv	R5
notes/rewrite/fork-syscall-rewrite/02-stage-vm/17-cow-mechanism.md	rewrite-notes/02-stage-vm/17-cow-mechanism.md	git-mv	R5
notes/rewrite/fork-syscall-rewrite/02-stage-vm/18-vm-fork.md	rewrite-notes/02-stage-vm/18-vm-fork.md	git-mv	R5
notes/rewrite/fork-syscall-rewrite/02-stage-vm/19-vm-brk.md	rewrite-notes/02-stage-vm/19-vm-brk.md	git-mv	R5
notes/rewrite/fork-syscall-rewrite/02-stage-vm/20-vm-mmap.md	rewrite-notes/02-stage-vm/20-vm-mmap.md	git-mv	R5
notes/rewrite/fork-syscall-rewrite/02-stage-vm/21-vm-munmap.md	rewrite-notes/02-stage-vm/21-vm-munmap.md	git-mv	R5
notes/rewrite/fork-syscall-rewrite/02-stage-vm/22-vm-exit.md	rewrite-notes/02-stage-vm/22-vm-exit.md	git-mv	R5
notes/rewrite/fork-syscall-rewrite/02-stage-vm/23-vfs-interaction.md	rewrite-notes/02-stage-vm/23-vfs-interaction.md	git-mv	R5
notes/rewrite/fork-syscall-rewrite/02-stage-vm/24-page-cache.md	rewrite-notes/02-stage-vm/24-page-cache.md	git-mv	R5
notes/rewrite/fork-syscall-rewrite/02-stage-vm/25-rs-services.md	rewrite-notes/02-stage-vm/25-rs-services.md	git-mv	R5
notes/rewrite/fork-syscall-rewrite/02-stage-vm/26-vm-queries.md	rewrite-notes/02-stage-vm/26-vm-queries.md	git-mv	R5
notes/rewrite/fork-syscall-rewrite/02-stage-vm/99-global-concepts.md	rewrite-notes/02-stage-vm/99-global-concepts.md	git-mv	R5
notes/rewrite/fork-syscall-rewrite/02-stage-vm/archive/todo-V11-archive-2026-09-08.md	rewrite-notes/02-stage-vm/archive/todo-V11-archive-2026-09-08.md	git-mv	R5
notes/rewrite/fork-syscall-rewrite/02-stage-vm/archive/todo-V12-archive-2026-09-09.md	rewrite-notes/02-stage-vm/archive/todo-V12-archive-2026-09-09.md	git-mv	R5
notes/rewrite/fork-syscall-rewrite/02-stage-vm/checklist.md	rewrite-notes/02-stage-vm/checklist.md	git-mv	R5
notes/rewrite/fork-syscall-rewrite/02-stage-vm/doc_rerank_HY4.md	rewrite-notes/02-stage-vm/doc_rerank_HY4.md	git-mv	R5
notes/rewrite/fork-syscall-rewrite/02-stage-vm/doc_rerank_deepseek.md	rewrite-notes/02-stage-vm/doc_rerank_deepseek.md	git-mv	R5
notes/rewrite/fork-syscall-rewrite/02-stage-vm/doc_rerank_glm.md	rewrite-notes/02-stage-vm/doc_rerank_glm.md	git-mv	R5
notes/rewrite/fork-syscall-rewrite/02-stage-vm/doc_rerank_muse.md	rewrite-notes/02-stage-vm/doc_rerank_muse.md	git-mv	R5
notes/rewrite/fork-syscall-rewrite/02-stage-vm/doc_rerank_qwen.md	rewrite-notes/02-stage-vm/doc_rerank_qwen.md	git-mv	R5
notes/rewrite/fork-syscall-rewrite/02-stage-vm/draft/00-vm-overview.md	rewrite-notes/02-stage-vm/draft/00-vm-overview.md	git-mv	R5
notes/rewrite/fork-syscall-rewrite/02-stage-vm/draft/01-vmproc-struct.md	rewrite-notes/02-stage-vm/draft/01-vmproc-struct.md	git-mv	R5
notes/rewrite/fork-syscall-rewrite/02-stage-vm/draft/02-vmproc-table.md	rewrite-notes/02-stage-vm/draft/02-vmproc-table.md	git-mv	R5
notes/rewrite/fork-syscall-rewrite/02-stage-vm/draft/03-acl.md	rewrite-notes/02-stage-vm/draft/03-acl.md	git-mv	R5
notes/rewrite/fork-syscall-rewrite/02-stage-vm/draft/04-physical-memory.md	rewrite-notes/02-stage-vm/draft/04-physical-memory.md	git-mv	R5
notes/rewrite/fork-syscall-rewrite/02-stage-vm/draft/05-vm-allocpage.md	rewrite-notes/02-stage-vm/draft/05-vm-allocpage.md	git-mv	R5
notes/rewrite/fork-syscall-rewrite/02-stage-vm/draft/06-pagetable-struct.md	rewrite-notes/02-stage-vm/draft/06-pagetable-struct.md	git-mv	R5
notes/rewrite/fork-syscall-rewrite/02-stage-vm/draft/07-pagetable-ops.md	rewrite-notes/02-stage-vm/draft/07-pagetable-ops.md	git-mv	R5
notes/rewrite/fork-syscall-rewrite/02-stage-vm/draft/08-slab-allocator.md	rewrite-notes/02-stage-vm/draft/08-slab-allocator.md	git-mv	R5
notes/rewrite/fork-syscall-rewrite/02-stage-vm/draft/09-vm-relocation.md	rewrite-notes/02-stage-vm/draft/09-vm-relocation.md	git-mv	R5
notes/rewrite/fork-syscall-rewrite/02-stage-vm/draft/10-phys-pagestate.md	rewrite-notes/02-stage-vm/draft/10-phys-pagestate.md	git-mv	R5
notes/rewrite/fork-syscall-rewrite/02-stage-vm/draft/11-region-mapping.md	rewrite-notes/02-stage-vm/draft/11-region-mapping.md	git-mv	R5
notes/rewrite/fork-syscall-rewrite/02-stage-vm/draft/12-memtype.md	rewrite-notes/02-stage-vm/draft/12-memtype.md	git-mv	R5
notes/rewrite/fork-syscall-rewrite/02-stage-vm/draft/13-region-avl.md	rewrite-notes/02-stage-vm/draft/13-region-avl.md	git-mv	R5
notes/rewrite/fork-syscall-rewrite/02-stage-vm/draft/14-cow-mechanism.md	rewrite-notes/02-stage-vm/draft/14-cow-mechanism.md	git-mv	R5
notes/rewrite/fork-syscall-rewrite/02-stage-vm/draft/15-pagefault.md	rewrite-notes/02-stage-vm/draft/15-pagefault.md	git-mv	R5
notes/rewrite/fork-syscall-rewrite/02-stage-vm/draft/16-vm-fork.md	rewrite-notes/02-stage-vm/draft/16-vm-fork.md	git-mv	R5
notes/rewrite/fork-syscall-rewrite/02-stage-vm/draft/17-vm-brk.md	rewrite-notes/02-stage-vm/draft/17-vm-brk.md	git-mv	R5
notes/rewrite/fork-syscall-rewrite/02-stage-vm/draft/18-vm-mmap.md	rewrite-notes/02-stage-vm/draft/18-vm-mmap.md	git-mv	R5
notes/rewrite/fork-syscall-rewrite/02-stage-vm/draft/19-vm-munmap.md	rewrite-notes/02-stage-vm/draft/19-vm-munmap.md	git-mv	R5
notes/rewrite/fork-syscall-rewrite/02-stage-vm/draft/20-vm-exit.md	rewrite-notes/02-stage-vm/draft/20-vm-exit.md	git-mv	R5
notes/rewrite/fork-syscall-rewrite/02-stage-vm/draft/21-review-ds.md	rewrite-notes/02-stage-vm/draft/21-review-ds.md	git-mv	R5
notes/rewrite/fork-syscall-rewrite/02-stage-vm/draft/21-vm-rs-services.md	rewrite-notes/02-stage-vm/draft/21-vm-rs-services.md	git-mv	R5
notes/rewrite/fork-syscall-rewrite/02-stage-vm/draft/22-vm-queries.md	rewrite-notes/02-stage-vm/draft/22-vm-queries.md	git-mv	R5
notes/rewrite/fork-syscall-rewrite/02-stage-vm/draft/23-review-ds.md	rewrite-notes/02-stage-vm/draft/23-review-ds.md	git-mv	R5
notes/rewrite/fork-syscall-rewrite/02-stage-vm/draft/23-vfs-interaction.md	rewrite-notes/02-stage-vm/draft/23-vfs-interaction.md	git-mv	R5
notes/rewrite/fork-syscall-rewrite/02-stage-vm/draft/24-vm-ipc-dispatch.md	rewrite-notes/02-stage-vm/draft/24-vm-ipc-dispatch.md	git-mv	R5
notes/rewrite/fork-syscall-rewrite/02-stage-vm/draft/25-page-cache.md	rewrite-notes/02-stage-vm/draft/25-page-cache.md	git-mv	R5
notes/rewrite/fork-syscall-rewrite/02-stage-vm/draft/26-review-dsf.md	rewrite-notes/02-stage-vm/draft/26-review-dsf.md	git-mv	R5
notes/rewrite/fork-syscall-rewrite/02-stage-vm/draft/26-vm-init-main.md	rewrite-notes/02-stage-vm/draft/26-vm-init-main.md	git-mv	R5
notes/rewrite/fork-syscall-rewrite/02-stage-vm/draft/99-global-concepts.md	rewrite-notes/02-stage-vm/draft/99-global-concepts.md	git-mv	R5
notes/rewrite/fork-syscall-rewrite/02-stage-vm/draft/TODO.md	rewrite-notes/02-stage-vm/draft/TODO.md	git-mv	R5
notes/rewrite/fork-syscall-rewrite/02-stage-vm/plan.md	rewrite-notes/02-stage-vm/plan.md	git-mv	R5
notes/rewrite/fork-syscall-rewrite/02-stage-vm/todo.md	rewrite-notes/02-stage-vm/todo.md	git-mv	R5
notes/rewrite/fork-syscall-rewrite/03-stage-rs/.design/00-design.v1.md	rewrite-notes/03-stage-rs/.design/00-design.v1.md	mv-ignored	R5
notes/rewrite/fork-syscall-rewrite/03-stage-rs/.design/00-outline-review.v1.md	rewrite-notes/03-stage-rs/.design/00-outline-review.v1.md	mv-ignored	R5
notes/rewrite/fork-syscall-rewrite/03-stage-rs/.design/00-outline.v1.md	rewrite-notes/03-stage-rs/.design/00-outline.v1.md	mv-ignored	R5
notes/rewrite/fork-syscall-rewrite/03-stage-rs/.design/01-design.v1.md	rewrite-notes/03-stage-rs/.design/01-design.v1.md	mv-ignored	R5
notes/rewrite/fork-syscall-rewrite/03-stage-rs/.design/01-outline-review.v1.md	rewrite-notes/03-stage-rs/.design/01-outline-review.v1.md	mv-ignored	R5
notes/rewrite/fork-syscall-rewrite/03-stage-rs/.design/01-outline.v1.md	rewrite-notes/03-stage-rs/.design/01-outline.v1.md	mv-ignored	R5
notes/rewrite/fork-syscall-rewrite/03-stage-rs/.design/02-design.v1.md	rewrite-notes/03-stage-rs/.design/02-design.v1.md	mv-ignored	R5
notes/rewrite/fork-syscall-rewrite/03-stage-rs/.design/02-outline-review.v1.md	rewrite-notes/03-stage-rs/.design/02-outline-review.v1.md	mv-ignored	R5
notes/rewrite/fork-syscall-rewrite/03-stage-rs/.design/02-outline.v1.md	rewrite-notes/03-stage-rs/.design/02-outline.v1.md	mv-ignored	R5
notes/rewrite/fork-syscall-rewrite/03-stage-rs/.design/03-design.v1.md	rewrite-notes/03-stage-rs/.design/03-design.v1.md	mv-ignored	R5
notes/rewrite/fork-syscall-rewrite/03-stage-rs/.design/03-outline-review.v1.md	rewrite-notes/03-stage-rs/.design/03-outline-review.v1.md	mv-ignored	R5
notes/rewrite/fork-syscall-rewrite/03-stage-rs/.design/03-outline.v1.md	rewrite-notes/03-stage-rs/.design/03-outline.v1.md	mv-ignored	R5
notes/rewrite/fork-syscall-rewrite/03-stage-rs/.design/04-design.v1.md	rewrite-notes/03-stage-rs/.design/04-design.v1.md	mv-ignored	R5
notes/rewrite/fork-syscall-rewrite/03-stage-rs/.design/04-outline-review.v1.md	rewrite-notes/03-stage-rs/.design/04-outline-review.v1.md	mv-ignored	R5
notes/rewrite/fork-syscall-rewrite/03-stage-rs/.design/04-outline.v1.md	rewrite-notes/03-stage-rs/.design/04-outline.v1.md	mv-ignored	R5
notes/rewrite/fork-syscall-rewrite/03-stage-rs/.design/05-design.v1.md	rewrite-notes/03-stage-rs/.design/05-design.v1.md	mv-ignored	R5
notes/rewrite/fork-syscall-rewrite/03-stage-rs/.design/05-outline-review.v1.md	rewrite-notes/03-stage-rs/.design/05-outline-review.v1.md	mv-ignored	R5
notes/rewrite/fork-syscall-rewrite/03-stage-rs/.design/05-outline.v1.md	rewrite-notes/03-stage-rs/.design/05-outline.v1.md	mv-ignored	R5
notes/rewrite/fork-syscall-rewrite/03-stage-rs/.design/06-design.v1.md	rewrite-notes/03-stage-rs/.design/06-design.v1.md	mv-ignored	R5
notes/rewrite/fork-syscall-rewrite/03-stage-rs/.design/06-outline-review.v1.md	rewrite-notes/03-stage-rs/.design/06-outline-review.v1.md	mv-ignored	R5
notes/rewrite/fork-syscall-rewrite/03-stage-rs/.design/06-outline.v1.md	rewrite-notes/03-stage-rs/.design/06-outline.v1.md	mv-ignored	R5
notes/rewrite/fork-syscall-rewrite/03-stage-rs/.design/07-design.v1.md	rewrite-notes/03-stage-rs/.design/07-design.v1.md	mv-ignored	R5
notes/rewrite/fork-syscall-rewrite/03-stage-rs/.design/07-outline-review.v1.md	rewrite-notes/03-stage-rs/.design/07-outline-review.v1.md	mv-ignored	R5
notes/rewrite/fork-syscall-rewrite/03-stage-rs/.design/07-outline.v1.md	rewrite-notes/03-stage-rs/.design/07-outline.v1.md	mv-ignored	R5
notes/rewrite/fork-syscall-rewrite/03-stage-rs/.design/08-design.v1.md	rewrite-notes/03-stage-rs/.design/08-design.v1.md	mv-ignored	R5
notes/rewrite/fork-syscall-rewrite/03-stage-rs/.design/08-outline-review.v1.md	rewrite-notes/03-stage-rs/.design/08-outline-review.v1.md	mv-ignored	R5
notes/rewrite/fork-syscall-rewrite/03-stage-rs/.design/08-outline.v1.md	rewrite-notes/03-stage-rs/.design/08-outline.v1.md	mv-ignored	R5
notes/rewrite/fork-syscall-rewrite/03-stage-rs/.design/09-design.v1.md	rewrite-notes/03-stage-rs/.design/09-design.v1.md	mv-ignored	R5
notes/rewrite/fork-syscall-rewrite/03-stage-rs/.design/09-outline-review.v1.md	rewrite-notes/03-stage-rs/.design/09-outline-review.v1.md	mv-ignored	R5
notes/rewrite/fork-syscall-rewrite/03-stage-rs/.design/09-outline.v1.md	rewrite-notes/03-stage-rs/.design/09-outline.v1.md	mv-ignored	R5
notes/rewrite/fork-syscall-rewrite/03-stage-rs/.design/10-design.v1.md	rewrite-notes/03-stage-rs/.design/10-design.v1.md	mv-ignored	R5
notes/rewrite/fork-syscall-rewrite/03-stage-rs/.design/10-outline-review.v1.md	rewrite-notes/03-stage-rs/.design/10-outline-review.v1.md	mv-ignored	R5
notes/rewrite/fork-syscall-rewrite/03-stage-rs/.design/10-outline.v1.md	rewrite-notes/03-stage-rs/.design/10-outline.v1.md	mv-ignored	R5
notes/rewrite/fork-syscall-rewrite/03-stage-rs/.design/11-design.v1.md	rewrite-notes/03-stage-rs/.design/11-design.v1.md	mv-ignored	R5
notes/rewrite/fork-syscall-rewrite/03-stage-rs/.design/11-outline-review.v1.md	rewrite-notes/03-stage-rs/.design/11-outline-review.v1.md	mv-ignored	R5
notes/rewrite/fork-syscall-rewrite/03-stage-rs/.design/11-outline.v1.md	rewrite-notes/03-stage-rs/.design/11-outline.v1.md	mv-ignored	R5
notes/rewrite/fork-syscall-rewrite/03-stage-rs/.design/12-design.v1.md	rewrite-notes/03-stage-rs/.design/12-design.v1.md	mv-ignored	R5
notes/rewrite/fork-syscall-rewrite/03-stage-rs/.design/12-outline-review.v1.md	rewrite-notes/03-stage-rs/.design/12-outline-review.v1.md	mv-ignored	R5
notes/rewrite/fork-syscall-rewrite/03-stage-rs/.design/12-outline.v1.md	rewrite-notes/03-stage-rs/.design/12-outline.v1.md	mv-ignored	R5
notes/rewrite/fork-syscall-rewrite/03-stage-rs/.design/13-design.v1.md	rewrite-notes/03-stage-rs/.design/13-design.v1.md	mv-ignored	R5
notes/rewrite/fork-syscall-rewrite/03-stage-rs/.design/13-outline-review.v1.md	rewrite-notes/03-stage-rs/.design/13-outline-review.v1.md	mv-ignored	R5
notes/rewrite/fork-syscall-rewrite/03-stage-rs/.design/13-outline.v1.md	rewrite-notes/03-stage-rs/.design/13-outline.v1.md	mv-ignored	R5
notes/rewrite/fork-syscall-rewrite/03-stage-rs/.design/14-design.v1.md	rewrite-notes/03-stage-rs/.design/14-design.v1.md	mv-ignored	R5
notes/rewrite/fork-syscall-rewrite/03-stage-rs/.design/14-outline-review.v1.md	rewrite-notes/03-stage-rs/.design/14-outline-review.v1.md	mv-ignored	R5
notes/rewrite/fork-syscall-rewrite/03-stage-rs/.design/14-outline.v1.md	rewrite-notes/03-stage-rs/.design/14-outline.v1.md	mv-ignored	R5
notes/rewrite/fork-syscall-rewrite/03-stage-rs/.design/15-design.v1.md	rewrite-notes/03-stage-rs/.design/15-design.v1.md	mv-ignored	R5
notes/rewrite/fork-syscall-rewrite/03-stage-rs/.design/15-outline-review.v1.md	rewrite-notes/03-stage-rs/.design/15-outline-review.v1.md	mv-ignored	R5
notes/rewrite/fork-syscall-rewrite/03-stage-rs/.design/15-outline.v1.md	rewrite-notes/03-stage-rs/.design/15-outline.v1.md	mv-ignored	R5
notes/rewrite/fork-syscall-rewrite/03-stage-rs/.design/16-design.v1.md	rewrite-notes/03-stage-rs/.design/16-design.v1.md	mv-ignored	R5
notes/rewrite/fork-syscall-rewrite/03-stage-rs/.design/16-outline-review.v1.md	rewrite-notes/03-stage-rs/.design/16-outline-review.v1.md	mv-ignored	R5
notes/rewrite/fork-syscall-rewrite/03-stage-rs/.design/16-outline.v1.md	rewrite-notes/03-stage-rs/.design/16-outline.v1.md	mv-ignored	R5
notes/rewrite/fork-syscall-rewrite/03-stage-rs/.design/17-design.v1.md	rewrite-notes/03-stage-rs/.design/17-design.v1.md	mv-ignored	R5
notes/rewrite/fork-syscall-rewrite/03-stage-rs/.design/17-outline-review.v1.md	rewrite-notes/03-stage-rs/.design/17-outline-review.v1.md	mv-ignored	R5
notes/rewrite/fork-syscall-rewrite/03-stage-rs/.design/17-outline.v1.md	rewrite-notes/03-stage-rs/.design/17-outline.v1.md	mv-ignored	R5
notes/rewrite/fork-syscall-rewrite/03-stage-rs/.design/18-design.v1.md	rewrite-notes/03-stage-rs/.design/18-design.v1.md	mv-ignored	R5
notes/rewrite/fork-syscall-rewrite/03-stage-rs/.design/18-outline-review.v1.md	rewrite-notes/03-stage-rs/.design/18-outline-review.v1.md	mv-ignored	R5
notes/rewrite/fork-syscall-rewrite/03-stage-rs/.design/18-outline.v1.md	rewrite-notes/03-stage-rs/.design/18-outline.v1.md	mv-ignored	R5
notes/rewrite/fork-syscall-rewrite/03-stage-rs/.design/19-design.v1.md	rewrite-notes/03-stage-rs/.design/19-design.v1.md	mv-ignored	R5
notes/rewrite/fork-syscall-rewrite/03-stage-rs/.design/19-outline-review.v1.md	rewrite-notes/03-stage-rs/.design/19-outline-review.v1.md	mv-ignored	R5
notes/rewrite/fork-syscall-rewrite/03-stage-rs/.design/19-outline.v1.md	rewrite-notes/03-stage-rs/.design/19-outline.v1.md	mv-ignored	R5
notes/rewrite/fork-syscall-rewrite/03-stage-rs/.design/20-design.v1.md	rewrite-notes/03-stage-rs/.design/20-design.v1.md	mv-ignored	R5
notes/rewrite/fork-syscall-rewrite/03-stage-rs/.design/20-outline-review.v1.md	rewrite-notes/03-stage-rs/.design/20-outline-review.v1.md	mv-ignored	R5
notes/rewrite/fork-syscall-rewrite/03-stage-rs/.design/20-outline.v1.md	rewrite-notes/03-stage-rs/.design/20-outline.v1.md	mv-ignored	R5
notes/rewrite/fork-syscall-rewrite/03-stage-rs/.design/99-design.v1.md	rewrite-notes/03-stage-rs/.design/99-design.v1.md	mv-ignored	R5
notes/rewrite/fork-syscall-rewrite/03-stage-rs/.design/99-outline-review.v1.md	rewrite-notes/03-stage-rs/.design/99-outline-review.v1.md	mv-ignored	R5
notes/rewrite/fork-syscall-rewrite/03-stage-rs/.design/99-outline.v1.md	rewrite-notes/03-stage-rs/.design/99-outline.v1.md	mv-ignored	R5
notes/rewrite/fork-syscall-rewrite/03-stage-rs/00-rs-overview.md	rewrite-notes/03-stage-rs/00-rs-overview.md	git-mv	R5
notes/rewrite/fork-syscall-rewrite/03-stage-rs/01-rs-boot-init.md	rewrite-notes/03-stage-rs/01-rs-boot-init.md	git-mv	R5
notes/rewrite/fork-syscall-rewrite/03-stage-rs/02-rs-process-table.md	rewrite-notes/03-stage-rs/02-rs-process-table.md	git-mv	R5
notes/rewrite/fork-syscall-rewrite/03-stage-rs/03-rs-privilege.md	rewrite-notes/03-stage-rs/03-rs-privilege.md	git-mv	R5
notes/rewrite/fork-syscall-rewrite/03-stage-rs/04-rs-access-control.md	rewrite-notes/03-stage-rs/04-rs-access-control.md	git-mv	R5
notes/rewrite/fork-syscall-rewrite/03-stage-rs/05-rs-ipc-sendmask.md	rewrite-notes/03-stage-rs/05-rs-ipc-sendmask.md	git-mv	R5
notes/rewrite/fork-syscall-rewrite/03-stage-rs/06-rs-main-loop.md	rewrite-notes/03-stage-rs/06-rs-main-loop.md	git-mv	R5
notes/rewrite/fork-syscall-rewrite/03-stage-rs/07-rs-period-heartbeat.md	rewrite-notes/03-stage-rs/07-rs-period-heartbeat.md	git-mv	R5
notes/rewrite/fork-syscall-rewrite/03-stage-rs/08-rs-slot-config.md	rewrite-notes/03-stage-rs/08-rs-slot-config.md	git-mv	R5
notes/rewrite/fork-syscall-rewrite/03-stage-rs/09-rs-exec.md	rewrite-notes/03-stage-rs/09-rs-exec.md	git-mv	R5
notes/rewrite/fork-syscall-rewrite/03-stage-rs/10-rs-service-create.md	rewrite-notes/03-stage-rs/10-rs-service-create.md	git-mv	R5
notes/rewrite/fork-syscall-rewrite/03-stage-rs/11-rs-publish.md	rewrite-notes/03-stage-rs/11-rs-publish.md	git-mv	R5
notes/rewrite/fork-syscall-rewrite/03-stage-rs/12-rs-init-run.md	rewrite-notes/03-stage-rs/12-rs-init-run.md	git-mv	R5
notes/rewrite/fork-syscall-rewrite/03-stage-rs/13-rs-control-requests.md	rewrite-notes/03-stage-rs/13-rs-control-requests.md	git-mv	R5
notes/rewrite/fork-syscall-rewrite/03-stage-rs/14-rs-query-requests.md	rewrite-notes/03-stage-rs/14-rs-query-requests.md	git-mv	R5
notes/rewrite/fork-syscall-rewrite/03-stage-rs/15-rs-terminate-restart.md	rewrite-notes/03-stage-rs/15-rs-terminate-restart.md	git-mv	R5
notes/rewrite/fork-syscall-rewrite/03-stage-rs/16-rs-live-update.md	rewrite-notes/03-stage-rs/16-rs-live-update.md	git-mv	R5
notes/rewrite/fork-syscall-rewrite/03-stage-rs/17-rs-state-data.md	rewrite-notes/03-stage-rs/17-rs-state-data.md	git-mv	R5
notes/rewrite/fork-syscall-rewrite/03-stage-rs/18-rs-self-lifecycle.md	rewrite-notes/03-stage-rs/18-rs-self-lifecycle.md	git-mv	R5
notes/rewrite/fork-syscall-rewrite/03-stage-rs/19-rs-external-interfaces.md	rewrite-notes/03-stage-rs/19-rs-external-interfaces.md	git-mv	R5
notes/rewrite/fork-syscall-rewrite/03-stage-rs/20-rs-sef-framework.md	rewrite-notes/03-stage-rs/20-rs-sef-framework.md	git-mv	R5
notes/rewrite/fork-syscall-rewrite/03-stage-rs/99-rs-global-concepts.md	rewrite-notes/03-stage-rs/99-rs-global-concepts.md	git-mv	R5
notes/rewrite/fork-syscall-rewrite/03-stage-rs/doc_rerank_HY4.md	rewrite-notes/03-stage-rs/doc_rerank_HY4.md	git-mv	R5
notes/rewrite/fork-syscall-rewrite/03-stage-rs/doc_rerank_deepseek.md	rewrite-notes/03-stage-rs/doc_rerank_deepseek.md	git-mv	R5
notes/rewrite/fork-syscall-rewrite/03-stage-rs/doc_rerank_glm.md	rewrite-notes/03-stage-rs/doc_rerank_glm.md	git-mv	R5
notes/rewrite/fork-syscall-rewrite/03-stage-rs/doc_rerank_muse.md	rewrite-notes/03-stage-rs/doc_rerank_muse.md	git-mv	R5
notes/rewrite/fork-syscall-rewrite/03-stage-rs/doc_rerank_qwen.md	rewrite-notes/03-stage-rs/doc_rerank_qwen.md	git-mv	R5
notes/rewrite/fork-syscall-rewrite/03-stage-rs/draft/README.md	rewrite-notes/03-stage-rs/draft/README.md	git-mv	R5
notes/rewrite/fork-syscall-rewrite/03-stage-rs/plan.md	rewrite-notes/03-stage-rs/plan.md	git-mv	R5
notes/rewrite/fork-syscall-rewrite/03-stage-rs/todo.md	rewrite-notes/03-stage-rs/todo.md	git-mv	R5
notes/rewrite/fork-syscall-rewrite/04-stage-pm/.design/00-design.v1.md	rewrite-notes/04-stage-pm/.design/00-design.v1.md	mv-ignored	R5
notes/rewrite/fork-syscall-rewrite/04-stage-pm/.design/00-outline-review.v1.md	rewrite-notes/04-stage-pm/.design/00-outline-review.v1.md	mv-ignored	R5
notes/rewrite/fork-syscall-rewrite/04-stage-pm/.design/00-outline.v1.md	rewrite-notes/04-stage-pm/.design/00-outline.v1.md	mv-ignored	R5
notes/rewrite/fork-syscall-rewrite/04-stage-pm/.design/01-design.v1.md	rewrite-notes/04-stage-pm/.design/01-design.v1.md	mv-ignored	R5
notes/rewrite/fork-syscall-rewrite/04-stage-pm/.design/01-design.v2.md	rewrite-notes/04-stage-pm/.design/01-design.v2.md	mv-ignored	R5
notes/rewrite/fork-syscall-rewrite/04-stage-pm/.design/01-outline-review.v1.md	rewrite-notes/04-stage-pm/.design/01-outline-review.v1.md	mv-ignored	R5
notes/rewrite/fork-syscall-rewrite/04-stage-pm/.design/01-outline.v1.md	rewrite-notes/04-stage-pm/.design/01-outline.v1.md	mv-ignored	R5
notes/rewrite/fork-syscall-rewrite/04-stage-pm/.design/01-outline.v2.md	rewrite-notes/04-stage-pm/.design/01-outline.v2.md	mv-ignored	R5
notes/rewrite/fork-syscall-rewrite/04-stage-pm/.design/02-design.v1.md	rewrite-notes/04-stage-pm/.design/02-design.v1.md	mv-ignored	R5
notes/rewrite/fork-syscall-rewrite/04-stage-pm/.design/02-outline-review.v1.md	rewrite-notes/04-stage-pm/.design/02-outline-review.v1.md	mv-ignored	R5
notes/rewrite/fork-syscall-rewrite/04-stage-pm/.design/02-outline.v1.md	rewrite-notes/04-stage-pm/.design/02-outline.v1.md	mv-ignored	R5
notes/rewrite/fork-syscall-rewrite/04-stage-pm/.design/03-design.v1.md	rewrite-notes/04-stage-pm/.design/03-design.v1.md	mv-ignored	R5
notes/rewrite/fork-syscall-rewrite/04-stage-pm/.design/03-outline-review.v1.md	rewrite-notes/04-stage-pm/.design/03-outline-review.v1.md	mv-ignored	R5
notes/rewrite/fork-syscall-rewrite/04-stage-pm/.design/03-outline.v1.md	rewrite-notes/04-stage-pm/.design/03-outline.v1.md	mv-ignored	R5
notes/rewrite/fork-syscall-rewrite/04-stage-pm/.design/04-design.v1.md	rewrite-notes/04-stage-pm/.design/04-design.v1.md	mv-ignored	R5
notes/rewrite/fork-syscall-rewrite/04-stage-pm/.design/04-outline-review.v1.md	rewrite-notes/04-stage-pm/.design/04-outline-review.v1.md	mv-ignored	R5
notes/rewrite/fork-syscall-rewrite/04-stage-pm/.design/04-outline.v1.md	rewrite-notes/04-stage-pm/.design/04-outline.v1.md	mv-ignored	R5
notes/rewrite/fork-syscall-rewrite/04-stage-pm/.design/05-design.v1.md	rewrite-notes/04-stage-pm/.design/05-design.v1.md	mv-ignored	R5
notes/rewrite/fork-syscall-rewrite/04-stage-pm/.design/05-outline-review.v1.md	rewrite-notes/04-stage-pm/.design/05-outline-review.v1.md	mv-ignored	R5
notes/rewrite/fork-syscall-rewrite/04-stage-pm/.design/05-outline.v1.md	rewrite-notes/04-stage-pm/.design/05-outline.v1.md	mv-ignored	R5
notes/rewrite/fork-syscall-rewrite/04-stage-pm/.design/06-design.v1.md	rewrite-notes/04-stage-pm/.design/06-design.v1.md	mv-ignored	R5
notes/rewrite/fork-syscall-rewrite/04-stage-pm/.design/06-outline-review.v1.md	rewrite-notes/04-stage-pm/.design/06-outline-review.v1.md	mv-ignored	R5
notes/rewrite/fork-syscall-rewrite/04-stage-pm/.design/06-outline.v1.md	rewrite-notes/04-stage-pm/.design/06-outline.v1.md	mv-ignored	R5
notes/rewrite/fork-syscall-rewrite/04-stage-pm/.design/07-design.v1.md	rewrite-notes/04-stage-pm/.design/07-design.v1.md	mv-ignored	R5
notes/rewrite/fork-syscall-rewrite/04-stage-pm/.design/07-outline-review.v1.md	rewrite-notes/04-stage-pm/.design/07-outline-review.v1.md	mv-ignored	R5
notes/rewrite/fork-syscall-rewrite/04-stage-pm/.design/07-outline.v1.md	rewrite-notes/04-stage-pm/.design/07-outline.v1.md	mv-ignored	R5
notes/rewrite/fork-syscall-rewrite/04-stage-pm/.design/08-design.v1.md	rewrite-notes/04-stage-pm/.design/08-design.v1.md	mv-ignored	R5
notes/rewrite/fork-syscall-rewrite/04-stage-pm/.design/08-outline-review.v1.md	rewrite-notes/04-stage-pm/.design/08-outline-review.v1.md	mv-ignored	R5
notes/rewrite/fork-syscall-rewrite/04-stage-pm/.design/08-outline.v1.md	rewrite-notes/04-stage-pm/.design/08-outline.v1.md	mv-ignored	R5
notes/rewrite/fork-syscall-rewrite/04-stage-pm/.design/09-design.v1.md	rewrite-notes/04-stage-pm/.design/09-design.v1.md	mv-ignored	R5
notes/rewrite/fork-syscall-rewrite/04-stage-pm/.design/09-outline-review.v1.md	rewrite-notes/04-stage-pm/.design/09-outline-review.v1.md	mv-ignored	R5
notes/rewrite/fork-syscall-rewrite/04-stage-pm/.design/09-outline.v1.md	rewrite-notes/04-stage-pm/.design/09-outline.v1.md	mv-ignored	R5
notes/rewrite/fork-syscall-rewrite/04-stage-pm/.design/10-design.v1.md	rewrite-notes/04-stage-pm/.design/10-design.v1.md	mv-ignored	R5
notes/rewrite/fork-syscall-rewrite/04-stage-pm/.design/10-outline-review.v1.md	rewrite-notes/04-stage-pm/.design/10-outline-review.v1.md	mv-ignored	R5
notes/rewrite/fork-syscall-rewrite/04-stage-pm/.design/10-outline.v1.md	rewrite-notes/04-stage-pm/.design/10-outline.v1.md	mv-ignored	R5
notes/rewrite/fork-syscall-rewrite/04-stage-pm/.design/11-design.v1.md	rewrite-notes/04-stage-pm/.design/11-design.v1.md	mv-ignored	R5
notes/rewrite/fork-syscall-rewrite/04-stage-pm/.design/11-outline-review.v1.md	rewrite-notes/04-stage-pm/.design/11-outline-review.v1.md	mv-ignored	R5
notes/rewrite/fork-syscall-rewrite/04-stage-pm/.design/11-outline.v1.md	rewrite-notes/04-stage-pm/.design/11-outline.v1.md	mv-ignored	R5
notes/rewrite/fork-syscall-rewrite/04-stage-pm/.design/12-design.v1.md	rewrite-notes/04-stage-pm/.design/12-design.v1.md	mv-ignored	R5
notes/rewrite/fork-syscall-rewrite/04-stage-pm/.design/12-outline-review.v1.md	rewrite-notes/04-stage-pm/.design/12-outline-review.v1.md	mv-ignored	R5
notes/rewrite/fork-syscall-rewrite/04-stage-pm/.design/12-outline.v1.md	rewrite-notes/04-stage-pm/.design/12-outline.v1.md	mv-ignored	R5
notes/rewrite/fork-syscall-rewrite/04-stage-pm/.design/13-design.v1.md	rewrite-notes/04-stage-pm/.design/13-design.v1.md	mv-ignored	R5
notes/rewrite/fork-syscall-rewrite/04-stage-pm/.design/13-outline-review.v1.md	rewrite-notes/04-stage-pm/.design/13-outline-review.v1.md	mv-ignored	R5
notes/rewrite/fork-syscall-rewrite/04-stage-pm/.design/13-outline.v1.md	rewrite-notes/04-stage-pm/.design/13-outline.v1.md	mv-ignored	R5
notes/rewrite/fork-syscall-rewrite/04-stage-pm/.design/14-design.v1.md	rewrite-notes/04-stage-pm/.design/14-design.v1.md	mv-ignored	R5
notes/rewrite/fork-syscall-rewrite/04-stage-pm/.design/14-outline-review.v1.md	rewrite-notes/04-stage-pm/.design/14-outline-review.v1.md	mv-ignored	R5
notes/rewrite/fork-syscall-rewrite/04-stage-pm/.design/14-outline.v1.md	rewrite-notes/04-stage-pm/.design/14-outline.v1.md	mv-ignored	R5
notes/rewrite/fork-syscall-rewrite/04-stage-pm/.design/15-design.v1.md	rewrite-notes/04-stage-pm/.design/15-design.v1.md	mv-ignored	R5
notes/rewrite/fork-syscall-rewrite/04-stage-pm/.design/15-outline-review.v1.md	rewrite-notes/04-stage-pm/.design/15-outline-review.v1.md	mv-ignored	R5
notes/rewrite/fork-syscall-rewrite/04-stage-pm/.design/15-outline.v1.md	rewrite-notes/04-stage-pm/.design/15-outline.v1.md	mv-ignored	R5
notes/rewrite/fork-syscall-rewrite/04-stage-pm/.design/16-design.v1.md	rewrite-notes/04-stage-pm/.design/16-design.v1.md	mv-ignored	R5
notes/rewrite/fork-syscall-rewrite/04-stage-pm/.design/16-outline-review.v1.md	rewrite-notes/04-stage-pm/.design/16-outline-review.v1.md	mv-ignored	R5
notes/rewrite/fork-syscall-rewrite/04-stage-pm/.design/16-outline.v1.md	rewrite-notes/04-stage-pm/.design/16-outline.v1.md	mv-ignored	R5
notes/rewrite/fork-syscall-rewrite/04-stage-pm/.design/17-design.v1.md	rewrite-notes/04-stage-pm/.design/17-design.v1.md	mv-ignored	R5
notes/rewrite/fork-syscall-rewrite/04-stage-pm/.design/17-outline-review.v1.md	rewrite-notes/04-stage-pm/.design/17-outline-review.v1.md	mv-ignored	R5
notes/rewrite/fork-syscall-rewrite/04-stage-pm/.design/17-outline.v1.md	rewrite-notes/04-stage-pm/.design/17-outline.v1.md	mv-ignored	R5
notes/rewrite/fork-syscall-rewrite/04-stage-pm/.design/18-design.v1.md	rewrite-notes/04-stage-pm/.design/18-design.v1.md	mv-ignored	R5
notes/rewrite/fork-syscall-rewrite/04-stage-pm/.design/18-outline-review.v1.md	rewrite-notes/04-stage-pm/.design/18-outline-review.v1.md	mv-ignored	R5
notes/rewrite/fork-syscall-rewrite/04-stage-pm/.design/18-outline.v1.md	rewrite-notes/04-stage-pm/.design/18-outline.v1.md	mv-ignored	R5
notes/rewrite/fork-syscall-rewrite/04-stage-pm/.design/19-design.v1.md	rewrite-notes/04-stage-pm/.design/19-design.v1.md	mv-ignored	R5
notes/rewrite/fork-syscall-rewrite/04-stage-pm/.design/19-outline-review.v1.md	rewrite-notes/04-stage-pm/.design/19-outline-review.v1.md	mv-ignored	R5
notes/rewrite/fork-syscall-rewrite/04-stage-pm/.design/19-outline.v1.md	rewrite-notes/04-stage-pm/.design/19-outline.v1.md	mv-ignored	R5
notes/rewrite/fork-syscall-rewrite/04-stage-pm/.design/20-design.v1.md	rewrite-notes/04-stage-pm/.design/20-design.v1.md	mv-ignored	R5
notes/rewrite/fork-syscall-rewrite/04-stage-pm/.design/20-outline-review.v1.md	rewrite-notes/04-stage-pm/.design/20-outline-review.v1.md	mv-ignored	R5
notes/rewrite/fork-syscall-rewrite/04-stage-pm/.design/20-outline.v1.md	rewrite-notes/04-stage-pm/.design/20-outline.v1.md	mv-ignored	R5
notes/rewrite/fork-syscall-rewrite/04-stage-pm/.design/99-design.v1.md	rewrite-notes/04-stage-pm/.design/99-design.v1.md	mv-ignored	R5
notes/rewrite/fork-syscall-rewrite/04-stage-pm/.design/99-outline-review.v1.md	rewrite-notes/04-stage-pm/.design/99-outline-review.v1.md	mv-ignored	R5
notes/rewrite/fork-syscall-rewrite/04-stage-pm/.design/99-outline.v1.md	rewrite-notes/04-stage-pm/.design/99-outline.v1.md	mv-ignored	R5
notes/rewrite/fork-syscall-rewrite/04-stage-pm/.design/DESIGN-INDEX.md	rewrite-notes/04-stage-pm/.design/DESIGN-INDEX.md	mv-ignored	R5
notes/rewrite/fork-syscall-rewrite/04-stage-pm/00-pm-overview.md	rewrite-notes/04-stage-pm/00-pm-overview.md	git-mv	R5
notes/rewrite/fork-syscall-rewrite/04-stage-pm/01-pm-init-main.md	rewrite-notes/04-stage-pm/01-pm-init-main.md	git-mv	R5
notes/rewrite/fork-syscall-rewrite/04-stage-pm/02-mproc-struct.md	rewrite-notes/04-stage-pm/02-mproc-struct.md	git-mv	R5
notes/rewrite/fork-syscall-rewrite/04-stage-pm/03-mproc-table.md	rewrite-notes/04-stage-pm/03-mproc-table.md	git-mv	R5
notes/rewrite/fork-syscall-rewrite/04-stage-pm/04-ipc-dispatch.md	rewrite-notes/04-stage-pm/04-ipc-dispatch.md	git-mv	R5
notes/rewrite/fork-syscall-rewrite/04-stage-pm/05-vfs-interaction.md	rewrite-notes/04-stage-pm/05-vfs-interaction.md	git-mv	R5
notes/rewrite/fork-syscall-rewrite/04-stage-pm/06-event-subscription.md	rewrite-notes/04-stage-pm/06-event-subscription.md	git-mv	R5
notes/rewrite/fork-syscall-rewrite/04-stage-pm/07-pm-fork.md	rewrite-notes/04-stage-pm/07-pm-fork.md	git-mv	R5
notes/rewrite/fork-syscall-rewrite/04-stage-pm/08-pm-srv-fork.md	rewrite-notes/04-stage-pm/08-pm-srv-fork.md	git-mv	R5
notes/rewrite/fork-syscall-rewrite/04-stage-pm/09-pm-exit.md	rewrite-notes/04-stage-pm/09-pm-exit.md	git-mv	R5
notes/rewrite/fork-syscall-rewrite/04-stage-pm/10-pm-wait.md	rewrite-notes/04-stage-pm/10-pm-wait.md	git-mv	R5
notes/rewrite/fork-syscall-rewrite/04-stage-pm/11-signal-core.md	rewrite-notes/04-stage-pm/11-signal-core.md	git-mv	R5
notes/rewrite/fork-syscall-rewrite/04-stage-pm/12-signal-handlers.md	rewrite-notes/04-stage-pm/12-signal-handlers.md	git-mv	R5
notes/rewrite/fork-syscall-rewrite/04-stage-pm/13-signal-flow.md	rewrite-notes/04-stage-pm/13-signal-flow.md	git-mv	R5
notes/rewrite/fork-syscall-rewrite/04-stage-pm/14-itimer.md	rewrite-notes/04-stage-pm/14-itimer.md	git-mv	R5
notes/rewrite/fork-syscall-rewrite/04-stage-pm/15-credentials.md	rewrite-notes/04-stage-pm/15-credentials.md	git-mv	R5
notes/rewrite/fork-syscall-rewrite/04-stage-pm/16-scheduling.md	rewrite-notes/04-stage-pm/16-scheduling.md	git-mv	R5
notes/rewrite/fork-syscall-rewrite/04-stage-pm/17-exec.md	rewrite-notes/04-stage-pm/17-exec.md	git-mv	R5
notes/rewrite/fork-syscall-rewrite/04-stage-pm/18-trace.md	rewrite-notes/04-stage-pm/18-trace.md	git-mv	R5
notes/rewrite/fork-syscall-rewrite/04-stage-pm/19-time.md	rewrite-notes/04-stage-pm/19-time.md	git-mv	R5
notes/rewrite/fork-syscall-rewrite/04-stage-pm/20-misc-queries.md	rewrite-notes/04-stage-pm/20-misc-queries.md	git-mv	R5
notes/rewrite/fork-syscall-rewrite/04-stage-pm/99-global-concepts.md	rewrite-notes/04-stage-pm/99-global-concepts.md	git-mv	R5
notes/rewrite/fork-syscall-rewrite/04-stage-pm/doc_rerank_HY4.md	rewrite-notes/04-stage-pm/doc_rerank_HY4.md	git-mv	R5
notes/rewrite/fork-syscall-rewrite/04-stage-pm/doc_rerank_deepseek.md	rewrite-notes/04-stage-pm/doc_rerank_deepseek.md	git-mv	R5
notes/rewrite/fork-syscall-rewrite/04-stage-pm/doc_rerank_glm.md	rewrite-notes/04-stage-pm/doc_rerank_glm.md	git-mv	R5
notes/rewrite/fork-syscall-rewrite/04-stage-pm/doc_rerank_muse.md	rewrite-notes/04-stage-pm/doc_rerank_muse.md	git-mv	R5
notes/rewrite/fork-syscall-rewrite/04-stage-pm/doc_rerank_qwen.md	rewrite-notes/04-stage-pm/doc_rerank_qwen.md	git-mv	R5
notes/rewrite/fork-syscall-rewrite/04-stage-pm/draft/README.md	rewrite-notes/04-stage-pm/draft/README.md	git-mv	R5
notes/rewrite/fork-syscall-rewrite/04-stage-pm/draft/do-fork-impl.md	rewrite-notes/04-stage-pm/draft/do-fork-impl.md	git-mv	R5
notes/rewrite/fork-syscall-rewrite/04-stage-pm/draft/exit-impl.md	rewrite-notes/04-stage-pm/draft/exit-impl.md	git-mv	R5
notes/rewrite/fork-syscall-rewrite/04-stage-pm/draft/integration-test.md	rewrite-notes/04-stage-pm/draft/integration-test.md	git-mv	R5
notes/rewrite/fork-syscall-rewrite/04-stage-pm/draft/mproc-design.md	rewrite-notes/04-stage-pm/draft/mproc-design.md	git-mv	R5
notes/rewrite/fork-syscall-rewrite/04-stage-pm/draft/pid-generator.md	rewrite-notes/04-stage-pm/draft/pid-generator.md	git-mv	R5
notes/rewrite/fork-syscall-rewrite/04-stage-pm/draft/pm-call-vfs-fork.md	rewrite-notes/04-stage-pm/draft/pm-call-vfs-fork.md	git-mv	R5
notes/rewrite/fork-syscall-rewrite/04-stage-pm/draft/srv-fork-impl.md	rewrite-notes/04-stage-pm/draft/srv-fork-impl.md	git-mv	R5
notes/rewrite/fork-syscall-rewrite/04-stage-pm/draft/wait-impl.md	rewrite-notes/04-stage-pm/draft/wait-impl.md	git-mv	R5
notes/rewrite/fork-syscall-rewrite/04-stage-pm/plan.md	rewrite-notes/04-stage-pm/plan.md	git-mv	R5
notes/rewrite/fork-syscall-rewrite/04-stage-pm/todo.md	rewrite-notes/04-stage-pm/todo.md	git-mv	R5
notes/rewrite/fork-syscall-rewrite/05-stage-vfs/.design/00-design.v1.md	rewrite-notes/05-stage-vfs/.design/00-design.v1.md	mv-ignored	R5
notes/rewrite/fork-syscall-rewrite/05-stage-vfs/.design/00-outline-review.v1.md	rewrite-notes/05-stage-vfs/.design/00-outline-review.v1.md	mv-ignored	R5
notes/rewrite/fork-syscall-rewrite/05-stage-vfs/.design/00-outline.v1.md	rewrite-notes/05-stage-vfs/.design/00-outline.v1.md	mv-ignored	R5
notes/rewrite/fork-syscall-rewrite/05-stage-vfs/.design/01-design.v1.md	rewrite-notes/05-stage-vfs/.design/01-design.v1.md	mv-ignored	R5
notes/rewrite/fork-syscall-rewrite/05-stage-vfs/.design/01-outline-review.v1.md	rewrite-notes/05-stage-vfs/.design/01-outline-review.v1.md	mv-ignored	R5
notes/rewrite/fork-syscall-rewrite/05-stage-vfs/.design/01-outline.v1.md	rewrite-notes/05-stage-vfs/.design/01-outline.v1.md	mv-ignored	R5
notes/rewrite/fork-syscall-rewrite/05-stage-vfs/.design/02-design.v1.md	rewrite-notes/05-stage-vfs/.design/02-design.v1.md	mv-ignored	R5
notes/rewrite/fork-syscall-rewrite/05-stage-vfs/.design/02-outline-review.v1.md	rewrite-notes/05-stage-vfs/.design/02-outline-review.v1.md	mv-ignored	R5
notes/rewrite/fork-syscall-rewrite/05-stage-vfs/.design/02-outline.v1.md	rewrite-notes/05-stage-vfs/.design/02-outline.v1.md	mv-ignored	R5
notes/rewrite/fork-syscall-rewrite/05-stage-vfs/.design/03-design.v1.md	rewrite-notes/05-stage-vfs/.design/03-design.v1.md	mv-ignored	R5
notes/rewrite/fork-syscall-rewrite/05-stage-vfs/.design/03-outline-review.v1.md	rewrite-notes/05-stage-vfs/.design/03-outline-review.v1.md	mv-ignored	R5
notes/rewrite/fork-syscall-rewrite/05-stage-vfs/.design/03-outline.v1.md	rewrite-notes/05-stage-vfs/.design/03-outline.v1.md	mv-ignored	R5
notes/rewrite/fork-syscall-rewrite/05-stage-vfs/.design/04-design.v1.md	rewrite-notes/05-stage-vfs/.design/04-design.v1.md	mv-ignored	R5
notes/rewrite/fork-syscall-rewrite/05-stage-vfs/.design/04-outline-review.v1.md	rewrite-notes/05-stage-vfs/.design/04-outline-review.v1.md	mv-ignored	R5
notes/rewrite/fork-syscall-rewrite/05-stage-vfs/.design/04-outline.v1.md	rewrite-notes/05-stage-vfs/.design/04-outline.v1.md	mv-ignored	R5
notes/rewrite/fork-syscall-rewrite/05-stage-vfs/.design/05-design.v1.md	rewrite-notes/05-stage-vfs/.design/05-design.v1.md	mv-ignored	R5
notes/rewrite/fork-syscall-rewrite/05-stage-vfs/.design/05-outline-review.v1.md	rewrite-notes/05-stage-vfs/.design/05-outline-review.v1.md	mv-ignored	R5
notes/rewrite/fork-syscall-rewrite/05-stage-vfs/.design/05-outline.v1.md	rewrite-notes/05-stage-vfs/.design/05-outline.v1.md	mv-ignored	R5
notes/rewrite/fork-syscall-rewrite/05-stage-vfs/.design/06-design.v1.md	rewrite-notes/05-stage-vfs/.design/06-design.v1.md	mv-ignored	R5
notes/rewrite/fork-syscall-rewrite/05-stage-vfs/.design/06-outline-review.v1.md	rewrite-notes/05-stage-vfs/.design/06-outline-review.v1.md	mv-ignored	R5
notes/rewrite/fork-syscall-rewrite/05-stage-vfs/.design/06-outline.v1.md	rewrite-notes/05-stage-vfs/.design/06-outline.v1.md	mv-ignored	R5
notes/rewrite/fork-syscall-rewrite/05-stage-vfs/.design/07-design.v1.md	rewrite-notes/05-stage-vfs/.design/07-design.v1.md	mv-ignored	R5
notes/rewrite/fork-syscall-rewrite/05-stage-vfs/.design/07-outline-review.v1.md	rewrite-notes/05-stage-vfs/.design/07-outline-review.v1.md	mv-ignored	R5
notes/rewrite/fork-syscall-rewrite/05-stage-vfs/.design/07-outline.v1.md	rewrite-notes/05-stage-vfs/.design/07-outline.v1.md	mv-ignored	R5
notes/rewrite/fork-syscall-rewrite/05-stage-vfs/.design/08-design.v1.md	rewrite-notes/05-stage-vfs/.design/08-design.v1.md	mv-ignored	R5
notes/rewrite/fork-syscall-rewrite/05-stage-vfs/.design/08-outline-review.v1.md	rewrite-notes/05-stage-vfs/.design/08-outline-review.v1.md	mv-ignored	R5
notes/rewrite/fork-syscall-rewrite/05-stage-vfs/.design/08-outline.v1.md	rewrite-notes/05-stage-vfs/.design/08-outline.v1.md	mv-ignored	R5
notes/rewrite/fork-syscall-rewrite/05-stage-vfs/.design/09-design.v1.md	rewrite-notes/05-stage-vfs/.design/09-design.v1.md	mv-ignored	R5
notes/rewrite/fork-syscall-rewrite/05-stage-vfs/.design/09-outline-review.v1.md	rewrite-notes/05-stage-vfs/.design/09-outline-review.v1.md	mv-ignored	R5
notes/rewrite/fork-syscall-rewrite/05-stage-vfs/.design/09-outline.v1.md	rewrite-notes/05-stage-vfs/.design/09-outline.v1.md	mv-ignored	R5
notes/rewrite/fork-syscall-rewrite/05-stage-vfs/.design/10-design.v1.md	rewrite-notes/05-stage-vfs/.design/10-design.v1.md	mv-ignored	R5
notes/rewrite/fork-syscall-rewrite/05-stage-vfs/.design/10-outline-review.v1.md	rewrite-notes/05-stage-vfs/.design/10-outline-review.v1.md	mv-ignored	R5
notes/rewrite/fork-syscall-rewrite/05-stage-vfs/.design/10-outline.v1.md	rewrite-notes/05-stage-vfs/.design/10-outline.v1.md	mv-ignored	R5
notes/rewrite/fork-syscall-rewrite/05-stage-vfs/.design/11-design.v1.md	rewrite-notes/05-stage-vfs/.design/11-design.v1.md	mv-ignored	R5
notes/rewrite/fork-syscall-rewrite/05-stage-vfs/.design/11-outline-review.v1.md	rewrite-notes/05-stage-vfs/.design/11-outline-review.v1.md	mv-ignored	R5
notes/rewrite/fork-syscall-rewrite/05-stage-vfs/.design/11-outline.v1.md	rewrite-notes/05-stage-vfs/.design/11-outline.v1.md	mv-ignored	R5
notes/rewrite/fork-syscall-rewrite/05-stage-vfs/.design/12-design.v1.md	rewrite-notes/05-stage-vfs/.design/12-design.v1.md	mv-ignored	R5
notes/rewrite/fork-syscall-rewrite/05-stage-vfs/.design/12-outline-review.v1.md	rewrite-notes/05-stage-vfs/.design/12-outline-review.v1.md	mv-ignored	R5
notes/rewrite/fork-syscall-rewrite/05-stage-vfs/.design/12-outline.v1.md	rewrite-notes/05-stage-vfs/.design/12-outline.v1.md	mv-ignored	R5
notes/rewrite/fork-syscall-rewrite/05-stage-vfs/.design/13-design.v1.md	rewrite-notes/05-stage-vfs/.design/13-design.v1.md	mv-ignored	R5
notes/rewrite/fork-syscall-rewrite/05-stage-vfs/.design/13-outline-review.v1.md	rewrite-notes/05-stage-vfs/.design/13-outline-review.v1.md	mv-ignored	R5
notes/rewrite/fork-syscall-rewrite/05-stage-vfs/.design/13-outline.v1.md	rewrite-notes/05-stage-vfs/.design/13-outline.v1.md	mv-ignored	R5
notes/rewrite/fork-syscall-rewrite/05-stage-vfs/.design/14-design.v1.md	rewrite-notes/05-stage-vfs/.design/14-design.v1.md	mv-ignored	R5
notes/rewrite/fork-syscall-rewrite/05-stage-vfs/.design/14-outline-review.v1.md	rewrite-notes/05-stage-vfs/.design/14-outline-review.v1.md	mv-ignored	R5
notes/rewrite/fork-syscall-rewrite/05-stage-vfs/.design/14-outline.v1.md	rewrite-notes/05-stage-vfs/.design/14-outline.v1.md	mv-ignored	R5
notes/rewrite/fork-syscall-rewrite/05-stage-vfs/.design/15-design.v1.md	rewrite-notes/05-stage-vfs/.design/15-design.v1.md	mv-ignored	R5
notes/rewrite/fork-syscall-rewrite/05-stage-vfs/.design/15-outline-review.v1.md	rewrite-notes/05-stage-vfs/.design/15-outline-review.v1.md	mv-ignored	R5
notes/rewrite/fork-syscall-rewrite/05-stage-vfs/.design/15-outline.v1.md	rewrite-notes/05-stage-vfs/.design/15-outline.v1.md	mv-ignored	R5
notes/rewrite/fork-syscall-rewrite/05-stage-vfs/.design/16-design.v1.md	rewrite-notes/05-stage-vfs/.design/16-design.v1.md	mv-ignored	R5
notes/rewrite/fork-syscall-rewrite/05-stage-vfs/.design/16-outline-review.v1.md	rewrite-notes/05-stage-vfs/.design/16-outline-review.v1.md	mv-ignored	R5
notes/rewrite/fork-syscall-rewrite/05-stage-vfs/.design/16-outline.v1.md	rewrite-notes/05-stage-vfs/.design/16-outline.v1.md	mv-ignored	R5
notes/rewrite/fork-syscall-rewrite/05-stage-vfs/.design/17-design.v1.md	rewrite-notes/05-stage-vfs/.design/17-design.v1.md	mv-ignored	R5
notes/rewrite/fork-syscall-rewrite/05-stage-vfs/.design/17-outline-review.v1.md	rewrite-notes/05-stage-vfs/.design/17-outline-review.v1.md	mv-ignored	R5
notes/rewrite/fork-syscall-rewrite/05-stage-vfs/.design/17-outline.v1.md	rewrite-notes/05-stage-vfs/.design/17-outline.v1.md	mv-ignored	R5
notes/rewrite/fork-syscall-rewrite/05-stage-vfs/.design/18-design.v1.md	rewrite-notes/05-stage-vfs/.design/18-design.v1.md	mv-ignored	R5
notes/rewrite/fork-syscall-rewrite/05-stage-vfs/.design/18-outline-review.v1.md	rewrite-notes/05-stage-vfs/.design/18-outline-review.v1.md	mv-ignored	R5
notes/rewrite/fork-syscall-rewrite/05-stage-vfs/.design/18-outline.v1.md	rewrite-notes/05-stage-vfs/.design/18-outline.v1.md	mv-ignored	R5
notes/rewrite/fork-syscall-rewrite/05-stage-vfs/.design/19-design.v1.md	rewrite-notes/05-stage-vfs/.design/19-design.v1.md	mv-ignored	R5
notes/rewrite/fork-syscall-rewrite/05-stage-vfs/.design/19-outline-review.v1.md	rewrite-notes/05-stage-vfs/.design/19-outline-review.v1.md	mv-ignored	R5
notes/rewrite/fork-syscall-rewrite/05-stage-vfs/.design/19-outline.v1.md	rewrite-notes/05-stage-vfs/.design/19-outline.v1.md	mv-ignored	R5
notes/rewrite/fork-syscall-rewrite/05-stage-vfs/.design/20-design.v1.md	rewrite-notes/05-stage-vfs/.design/20-design.v1.md	mv-ignored	R5
notes/rewrite/fork-syscall-rewrite/05-stage-vfs/.design/20-outline-review.v1.md	rewrite-notes/05-stage-vfs/.design/20-outline-review.v1.md	mv-ignored	R5
notes/rewrite/fork-syscall-rewrite/05-stage-vfs/.design/20-outline.v1.md	rewrite-notes/05-stage-vfs/.design/20-outline.v1.md	mv-ignored	R5
notes/rewrite/fork-syscall-rewrite/05-stage-vfs/.design/21-design.v1.md	rewrite-notes/05-stage-vfs/.design/21-design.v1.md	mv-ignored	R5
notes/rewrite/fork-syscall-rewrite/05-stage-vfs/.design/21-outline-review.v1.md	rewrite-notes/05-stage-vfs/.design/21-outline-review.v1.md	mv-ignored	R5
notes/rewrite/fork-syscall-rewrite/05-stage-vfs/.design/21-outline.v1.md	rewrite-notes/05-stage-vfs/.design/21-outline.v1.md	mv-ignored	R5
notes/rewrite/fork-syscall-rewrite/05-stage-vfs/.design/22-design.v1.md	rewrite-notes/05-stage-vfs/.design/22-design.v1.md	mv-ignored	R5
notes/rewrite/fork-syscall-rewrite/05-stage-vfs/.design/22-outline-review.v1.md	rewrite-notes/05-stage-vfs/.design/22-outline-review.v1.md	mv-ignored	R5
notes/rewrite/fork-syscall-rewrite/05-stage-vfs/.design/22-outline.v1.md	rewrite-notes/05-stage-vfs/.design/22-outline.v1.md	mv-ignored	R5
notes/rewrite/fork-syscall-rewrite/05-stage-vfs/.design/23-design.v1.md	rewrite-notes/05-stage-vfs/.design/23-design.v1.md	mv-ignored	R5
notes/rewrite/fork-syscall-rewrite/05-stage-vfs/.design/23-outline-review.v1.md	rewrite-notes/05-stage-vfs/.design/23-outline-review.v1.md	mv-ignored	R5
notes/rewrite/fork-syscall-rewrite/05-stage-vfs/.design/23-outline.v1.md	rewrite-notes/05-stage-vfs/.design/23-outline.v1.md	mv-ignored	R5
notes/rewrite/fork-syscall-rewrite/05-stage-vfs/.design/24-design.v1.md	rewrite-notes/05-stage-vfs/.design/24-design.v1.md	mv-ignored	R5
notes/rewrite/fork-syscall-rewrite/05-stage-vfs/.design/24-outline-review.v1.md	rewrite-notes/05-stage-vfs/.design/24-outline-review.v1.md	mv-ignored	R5
notes/rewrite/fork-syscall-rewrite/05-stage-vfs/.design/24-outline.v1.md	rewrite-notes/05-stage-vfs/.design/24-outline.v1.md	mv-ignored	R5
notes/rewrite/fork-syscall-rewrite/05-stage-vfs/.design/25-design.v1.md	rewrite-notes/05-stage-vfs/.design/25-design.v1.md	mv-ignored	R5
notes/rewrite/fork-syscall-rewrite/05-stage-vfs/.design/25-outline-review.v1.md	rewrite-notes/05-stage-vfs/.design/25-outline-review.v1.md	mv-ignored	R5
notes/rewrite/fork-syscall-rewrite/05-stage-vfs/.design/25-outline.v1.md	rewrite-notes/05-stage-vfs/.design/25-outline.v1.md	mv-ignored	R5
notes/rewrite/fork-syscall-rewrite/05-stage-vfs/.design/26-design.v1.md	rewrite-notes/05-stage-vfs/.design/26-design.v1.md	mv-ignored	R5
notes/rewrite/fork-syscall-rewrite/05-stage-vfs/.design/26-outline-review.v1.md	rewrite-notes/05-stage-vfs/.design/26-outline-review.v1.md	mv-ignored	R5
notes/rewrite/fork-syscall-rewrite/05-stage-vfs/.design/26-outline.v1.md	rewrite-notes/05-stage-vfs/.design/26-outline.v1.md	mv-ignored	R5
notes/rewrite/fork-syscall-rewrite/05-stage-vfs/.design/27-design.v1.md	rewrite-notes/05-stage-vfs/.design/27-design.v1.md	mv-ignored	R5
notes/rewrite/fork-syscall-rewrite/05-stage-vfs/.design/27-outline-review.v1.md	rewrite-notes/05-stage-vfs/.design/27-outline-review.v1.md	mv-ignored	R5
notes/rewrite/fork-syscall-rewrite/05-stage-vfs/.design/27-outline.v1.md	rewrite-notes/05-stage-vfs/.design/27-outline.v1.md	mv-ignored	R5
notes/rewrite/fork-syscall-rewrite/05-stage-vfs/.design/28-design.v1.md	rewrite-notes/05-stage-vfs/.design/28-design.v1.md	mv-ignored	R5
notes/rewrite/fork-syscall-rewrite/05-stage-vfs/.design/28-outline-review.v1.md	rewrite-notes/05-stage-vfs/.design/28-outline-review.v1.md	mv-ignored	R5
notes/rewrite/fork-syscall-rewrite/05-stage-vfs/.design/28-outline.v1.md	rewrite-notes/05-stage-vfs/.design/28-outline.v1.md	mv-ignored	R5
notes/rewrite/fork-syscall-rewrite/05-stage-vfs/.design/29-design.v1.md	rewrite-notes/05-stage-vfs/.design/29-design.v1.md	mv-ignored	R5
notes/rewrite/fork-syscall-rewrite/05-stage-vfs/.design/29-outline-review.v1.md	rewrite-notes/05-stage-vfs/.design/29-outline-review.v1.md	mv-ignored	R5
notes/rewrite/fork-syscall-rewrite/05-stage-vfs/.design/29-outline.v1.md	rewrite-notes/05-stage-vfs/.design/29-outline.v1.md	mv-ignored	R5
notes/rewrite/fork-syscall-rewrite/05-stage-vfs/.design/30-design.v1.md	rewrite-notes/05-stage-vfs/.design/30-design.v1.md	mv-ignored	R5
notes/rewrite/fork-syscall-rewrite/05-stage-vfs/.design/30-outline-review.v1.md	rewrite-notes/05-stage-vfs/.design/30-outline-review.v1.md	mv-ignored	R5
notes/rewrite/fork-syscall-rewrite/05-stage-vfs/.design/30-outline.v1.md	rewrite-notes/05-stage-vfs/.design/30-outline.v1.md	mv-ignored	R5
notes/rewrite/fork-syscall-rewrite/05-stage-vfs/.design/31-design.v1.md	rewrite-notes/05-stage-vfs/.design/31-design.v1.md	mv-ignored	R5
notes/rewrite/fork-syscall-rewrite/05-stage-vfs/.design/31-outline-review.v1.md	rewrite-notes/05-stage-vfs/.design/31-outline-review.v1.md	mv-ignored	R5
notes/rewrite/fork-syscall-rewrite/05-stage-vfs/.design/31-outline.v1.md	rewrite-notes/05-stage-vfs/.design/31-outline.v1.md	mv-ignored	R5
notes/rewrite/fork-syscall-rewrite/05-stage-vfs/.design/99-design.v1.md	rewrite-notes/05-stage-vfs/.design/99-design.v1.md	mv-ignored	R5
notes/rewrite/fork-syscall-rewrite/05-stage-vfs/.design/99-outline-review.v1.md	rewrite-notes/05-stage-vfs/.design/99-outline-review.v1.md	mv-ignored	R5
notes/rewrite/fork-syscall-rewrite/05-stage-vfs/.design/99-outline.v1.md	rewrite-notes/05-stage-vfs/.design/99-outline.v1.md	mv-ignored	R5
notes/rewrite/fork-syscall-rewrite/05-stage-vfs/00-vfs-overview.md	rewrite-notes/05-stage-vfs/00-vfs-overview.md	git-mv	R5
notes/rewrite/fork-syscall-rewrite/05-stage-vfs/01-vfs-init-main.md	rewrite-notes/05-stage-vfs/01-vfs-init-main.md	git-mv	R5
notes/rewrite/fork-syscall-rewrite/05-stage-vfs/02-fproc-struct.md	rewrite-notes/05-stage-vfs/02-fproc-struct.md	git-mv	R5
notes/rewrite/fork-syscall-rewrite/05-stage-vfs/03-fproc-table.md	rewrite-notes/05-stage-vfs/03-fproc-table.md	git-mv	R5
notes/rewrite/fork-syscall-rewrite/05-stage-vfs/04-filp-table.md	rewrite-notes/05-stage-vfs/04-filp-table.md	git-mv	R5
notes/rewrite/fork-syscall-rewrite/05-stage-vfs/05-vnode-table.md	rewrite-notes/05-stage-vfs/05-vnode-table.md	git-mv	R5
notes/rewrite/fork-syscall-rewrite/05-stage-vfs/06-vmnt-table.md	rewrite-notes/05-stage-vfs/06-vmnt-table.md	git-mv	R5
notes/rewrite/fork-syscall-rewrite/05-stage-vfs/07-tll-lock.md	rewrite-notes/05-stage-vfs/07-tll-lock.md	git-mv	R5
notes/rewrite/fork-syscall-rewrite/05-stage-vfs/08-worker-thread.md	rewrite-notes/05-stage-vfs/08-worker-thread.md	git-mv	R5
notes/rewrite/fork-syscall-rewrite/05-stage-vfs/09-main-loop.md	rewrite-notes/05-stage-vfs/09-main-loop.md	git-mv	R5
notes/rewrite/fork-syscall-rewrite/05-stage-vfs/10-pm-protocol.md	rewrite-notes/05-stage-vfs/10-pm-protocol.md	git-mv	R5
notes/rewrite/fork-syscall-rewrite/05-stage-vfs/11-fs-comm.md	rewrite-notes/05-stage-vfs/11-fs-comm.md	git-mv	R5
notes/rewrite/fork-syscall-rewrite/05-stage-vfs/12-request-wrappers.md	rewrite-notes/05-stage-vfs/12-request-wrappers.md	git-mv	R5
notes/rewrite/fork-syscall-rewrite/05-stage-vfs/13-path-lookup.md	rewrite-notes/05-stage-vfs/13-path-lookup.md	git-mv	R5
notes/rewrite/fork-syscall-rewrite/05-stage-vfs/14-filedes.md	rewrite-notes/05-stage-vfs/14-filedes.md	git-mv	R5
notes/rewrite/fork-syscall-rewrite/05-stage-vfs/15-open-close.md	rewrite-notes/05-stage-vfs/15-open-close.md	git-mv	R5
notes/rewrite/fork-syscall-rewrite/05-stage-vfs/16-read-write.md	rewrite-notes/05-stage-vfs/16-read-write.md	git-mv	R5
notes/rewrite/fork-syscall-rewrite/05-stage-vfs/17-pipe.md	rewrite-notes/05-stage-vfs/17-pipe.md	git-mv	R5
notes/rewrite/fork-syscall-rewrite/05-stage-vfs/18-mount.md	rewrite-notes/05-stage-vfs/18-mount.md	git-mv	R5
notes/rewrite/fork-syscall-rewrite/05-stage-vfs/19-device-map.md	rewrite-notes/05-stage-vfs/19-device-map.md	git-mv	R5
notes/rewrite/fork-syscall-rewrite/05-stage-vfs/20-bdev.md	rewrite-notes/05-stage-vfs/20-bdev.md	git-mv	R5
notes/rewrite/fork-syscall-rewrite/05-stage-vfs/21-cdev.md	rewrite-notes/05-stage-vfs/21-cdev.md	git-mv	R5
notes/rewrite/fork-syscall-rewrite/05-stage-vfs/22-sdev.md	rewrite-notes/05-stage-vfs/22-sdev.md	git-mv	R5
notes/rewrite/fork-syscall-rewrite/05-stage-vfs/23-select.md	rewrite-notes/05-stage-vfs/23-select.md	git-mv	R5
notes/rewrite/fork-syscall-rewrite/05-stage-vfs/24-socket.md	rewrite-notes/05-stage-vfs/24-socket.md	git-mv	R5
notes/rewrite/fork-syscall-rewrite/05-stage-vfs/25-exec.md	rewrite-notes/05-stage-vfs/25-exec.md	git-mv	R5
notes/rewrite/fork-syscall-rewrite/05-stage-vfs/26-coredump.md	rewrite-notes/05-stage-vfs/26-coredump.md	git-mv	R5
notes/rewrite/fork-syscall-rewrite/05-stage-vfs/27-link.md	rewrite-notes/05-stage-vfs/27-link.md	git-mv	R5
notes/rewrite/fork-syscall-rewrite/05-stage-vfs/28-stadir.md	rewrite-notes/05-stage-vfs/28-stadir.md	git-mv	R5
notes/rewrite/fork-syscall-rewrite/05-stage-vfs/29-protect.md	rewrite-notes/05-stage-vfs/29-protect.md	git-mv	R5
notes/rewrite/fork-syscall-rewrite/05-stage-vfs/30-fcntl-lock.md	rewrite-notes/05-stage-vfs/30-fcntl-lock.md	git-mv	R5
notes/rewrite/fork-syscall-rewrite/05-stage-vfs/31-misc-queries.md	rewrite-notes/05-stage-vfs/31-misc-queries.md	git-mv	R5
notes/rewrite/fork-syscall-rewrite/05-stage-vfs/99-global-concepts.md	rewrite-notes/05-stage-vfs/99-global-concepts.md	git-mv	R5
notes/rewrite/fork-syscall-rewrite/05-stage-vfs/archive/todo-R1-archive-2026-09-09.md	rewrite-notes/05-stage-vfs/archive/todo-R1-archive-2026-09-09.md	git-mv	R5
notes/rewrite/fork-syscall-rewrite/05-stage-vfs/doc_rerank_HY4.md	rewrite-notes/05-stage-vfs/doc_rerank_HY4.md	git-mv	R5
notes/rewrite/fork-syscall-rewrite/05-stage-vfs/doc_rerank_deepseek.md	rewrite-notes/05-stage-vfs/doc_rerank_deepseek.md	git-mv	R5
notes/rewrite/fork-syscall-rewrite/05-stage-vfs/doc_rerank_glm.md	rewrite-notes/05-stage-vfs/doc_rerank_glm.md	git-mv	R5
notes/rewrite/fork-syscall-rewrite/05-stage-vfs/doc_rerank_muse.md	rewrite-notes/05-stage-vfs/doc_rerank_muse.md	git-mv	R5
notes/rewrite/fork-syscall-rewrite/05-stage-vfs/doc_rerank_qwen.md	rewrite-notes/05-stage-vfs/doc_rerank_qwen.md	git-mv	R5
notes/rewrite/fork-syscall-rewrite/05-stage-vfs/draft/00-vfs-overview.md	rewrite-notes/05-stage-vfs/draft/00-vfs-overview.md	git-mv	R5
notes/rewrite/fork-syscall-rewrite/05-stage-vfs/draft/01-fproc-struct.md	rewrite-notes/05-stage-vfs/draft/01-fproc-struct.md	git-mv	R5
notes/rewrite/fork-syscall-rewrite/05-stage-vfs/draft/02-fproc-flags.md	rewrite-notes/05-stage-vfs/draft/02-fproc-flags.md	git-mv	R5
notes/rewrite/fork-syscall-rewrite/05-stage-vfs/draft/03-fproc-cred.md	rewrite-notes/05-stage-vfs/draft/03-fproc-cred.md	git-mv	R5
notes/rewrite/fork-syscall-rewrite/05-stage-vfs/draft/04-filp-struct.md	rewrite-notes/05-stage-vfs/draft/04-filp-struct.md	git-mv	R5
notes/rewrite/fork-syscall-rewrite/05-stage-vfs/draft/05-vnode-struct.md	rewrite-notes/05-stage-vfs/draft/05-vnode-struct.md	git-mv	R5
notes/rewrite/fork-syscall-rewrite/05-stage-vfs/draft/06-vmnt-struct.md	rewrite-notes/05-stage-vfs/draft/06-vmnt-struct.md	git-mv	R5
notes/rewrite/fork-syscall-rewrite/05-stage-vfs/draft/07-tll-lock.md	rewrite-notes/05-stage-vfs/draft/07-tll-lock.md	git-mv	R5
notes/rewrite/fork-syscall-rewrite/05-stage-vfs/draft/08-worker-thread.md	rewrite-notes/05-stage-vfs/draft/08-worker-thread.md	git-mv	R5
notes/rewrite/fork-syscall-rewrite/05-stage-vfs/draft/09-globals-const.md	rewrite-notes/05-stage-vfs/draft/09-globals-const.md	git-mv	R5
notes/rewrite/fork-syscall-rewrite/05-stage-vfs/draft/10-main-loop.md	rewrite-notes/05-stage-vfs/draft/10-main-loop.md	git-mv	R5
notes/rewrite/fork-syscall-rewrite/05-stage-vfs/draft/11-service-pm.md	rewrite-notes/05-stage-vfs/draft/11-service-pm.md	git-mv	R5
notes/rewrite/fork-syscall-rewrite/05-stage-vfs/draft/12-pm-fork-copy.md	rewrite-notes/05-stage-vfs/draft/12-pm-fork-copy.md	git-mv	R5
notes/rewrite/fork-syscall-rewrite/05-stage-vfs/draft/13-pm-fork-filp.md	rewrite-notes/05-stage-vfs/draft/13-pm-fork-filp.md	git-mv	R5
notes/rewrite/fork-syscall-rewrite/05-stage-vfs/draft/14-pm-fork-vnode.md	rewrite-notes/05-stage-vfs/draft/14-pm-fork-vnode.md	git-mv	R5
notes/rewrite/fork-syscall-rewrite/05-stage-vfs/draft/15-pm-fork-flags.md	rewrite-notes/05-stage-vfs/draft/15-pm-fork-flags.md	git-mv	R5
notes/rewrite/fork-syscall-rewrite/05-stage-vfs/draft/16-pm-fork-reply.md	rewrite-notes/05-stage-vfs/draft/16-pm-fork-reply.md	git-mv	R5
notes/rewrite/fork-syscall-rewrite/05-stage-vfs/draft/17-filedes.md	rewrite-notes/05-stage-vfs/draft/17-filedes.md	git-mv	R5
notes/rewrite/fork-syscall-rewrite/05-stage-vfs/draft/18-comm.md	rewrite-notes/05-stage-vfs/draft/18-comm.md	git-mv	R5
notes/rewrite/fork-syscall-rewrite/05-stage-vfs/draft/19-pm-exit.md	rewrite-notes/05-stage-vfs/draft/19-pm-exit.md	git-mv	R5
notes/rewrite/fork-syscall-rewrite/05-stage-vfs/draft/99-global-concepts.md	rewrite-notes/05-stage-vfs/draft/99-global-concepts.md	git-mv	R5
notes/rewrite/fork-syscall-rewrite/05-stage-vfs/draft/README.md	rewrite-notes/05-stage-vfs/draft/README.md	git-mv	R5
notes/rewrite/fork-syscall-rewrite/05-stage-vfs/draft/fd-table-copy.md	rewrite-notes/05-stage-vfs/draft/fd-table-copy.md	git-mv	R5
notes/rewrite/fork-syscall-rewrite/05-stage-vfs/draft/filp-refcount.md	rewrite-notes/05-stage-vfs/draft/filp-refcount.md	git-mv	R5
notes/rewrite/fork-syscall-rewrite/05-stage-vfs/draft/fproc-design.md	rewrite-notes/05-stage-vfs/draft/fproc-design.md	git-mv	R5
notes/rewrite/fork-syscall-rewrite/05-stage-vfs/draft/pm-fork-impl.md	rewrite-notes/05-stage-vfs/draft/pm-fork-impl.md	git-mv	R5
notes/rewrite/fork-syscall-rewrite/05-stage-vfs/draft/vnode-refcount.md	rewrite-notes/05-stage-vfs/draft/vnode-refcount.md	git-mv	R5
notes/rewrite/fork-syscall-rewrite/05-stage-vfs/plan.md	rewrite-notes/05-stage-vfs/plan.md	git-mv	R5
notes/rewrite/fork-syscall-rewrite/05-stage-vfs/todo.md	rewrite-notes/05-stage-vfs/todo.md	git-mv	R5
notes/rewrite/fork-syscall-rewrite/06-stage-sched/.design/00-design.v1.md	rewrite-notes/06-stage-sched/.design/00-design.v1.md	mv-ignored	R5
notes/rewrite/fork-syscall-rewrite/06-stage-sched/.design/00-outline-review.v1.md	rewrite-notes/06-stage-sched/.design/00-outline-review.v1.md	mv-ignored	R5
notes/rewrite/fork-syscall-rewrite/06-stage-sched/.design/00-outline.v1.md	rewrite-notes/06-stage-sched/.design/00-outline.v1.md	mv-ignored	R5
notes/rewrite/fork-syscall-rewrite/06-stage-sched/.design/01-design.v1.md	rewrite-notes/06-stage-sched/.design/01-design.v1.md	mv-ignored	R5
notes/rewrite/fork-syscall-rewrite/06-stage-sched/.design/01-outline-review.v1.md	rewrite-notes/06-stage-sched/.design/01-outline-review.v1.md	mv-ignored	R5
notes/rewrite/fork-syscall-rewrite/06-stage-sched/.design/01-outline.v1.md	rewrite-notes/06-stage-sched/.design/01-outline.v1.md	mv-ignored	R5
notes/rewrite/fork-syscall-rewrite/06-stage-sched/.design/02-design.v1.md	rewrite-notes/06-stage-sched/.design/02-design.v1.md	mv-ignored	R5
notes/rewrite/fork-syscall-rewrite/06-stage-sched/.design/02-outline-review.v1.md	rewrite-notes/06-stage-sched/.design/02-outline-review.v1.md	mv-ignored	R5
notes/rewrite/fork-syscall-rewrite/06-stage-sched/.design/02-outline.v1.md	rewrite-notes/06-stage-sched/.design/02-outline.v1.md	mv-ignored	R5
notes/rewrite/fork-syscall-rewrite/06-stage-sched/.design/03-design.v1.md	rewrite-notes/06-stage-sched/.design/03-design.v1.md	mv-ignored	R5
notes/rewrite/fork-syscall-rewrite/06-stage-sched/.design/03-outline-review.v1.md	rewrite-notes/06-stage-sched/.design/03-outline-review.v1.md	mv-ignored	R5
notes/rewrite/fork-syscall-rewrite/06-stage-sched/.design/03-outline.v1.md	rewrite-notes/06-stage-sched/.design/03-outline.v1.md	mv-ignored	R5
notes/rewrite/fork-syscall-rewrite/06-stage-sched/.design/04-design.v1.md	rewrite-notes/06-stage-sched/.design/04-design.v1.md	mv-ignored	R5
notes/rewrite/fork-syscall-rewrite/06-stage-sched/.design/04-outline-review.v1.md	rewrite-notes/06-stage-sched/.design/04-outline-review.v1.md	mv-ignored	R5
notes/rewrite/fork-syscall-rewrite/06-stage-sched/.design/04-outline.v1.md	rewrite-notes/06-stage-sched/.design/04-outline.v1.md	mv-ignored	R5
notes/rewrite/fork-syscall-rewrite/06-stage-sched/.design/05-design.v1.md	rewrite-notes/06-stage-sched/.design/05-design.v1.md	mv-ignored	R5
notes/rewrite/fork-syscall-rewrite/06-stage-sched/.design/05-outline-review.v1.md	rewrite-notes/06-stage-sched/.design/05-outline-review.v1.md	mv-ignored	R5
notes/rewrite/fork-syscall-rewrite/06-stage-sched/.design/05-outline.v1.md	rewrite-notes/06-stage-sched/.design/05-outline.v1.md	mv-ignored	R5
notes/rewrite/fork-syscall-rewrite/06-stage-sched/.design/06-design.v1.md	rewrite-notes/06-stage-sched/.design/06-design.v1.md	mv-ignored	R5
notes/rewrite/fork-syscall-rewrite/06-stage-sched/.design/06-outline-review.v1.md	rewrite-notes/06-stage-sched/.design/06-outline-review.v1.md	mv-ignored	R5
notes/rewrite/fork-syscall-rewrite/06-stage-sched/.design/06-outline.v1.md	rewrite-notes/06-stage-sched/.design/06-outline.v1.md	mv-ignored	R5
notes/rewrite/fork-syscall-rewrite/06-stage-sched/.design/07-design.v1.md	rewrite-notes/06-stage-sched/.design/07-design.v1.md	mv-ignored	R5
notes/rewrite/fork-syscall-rewrite/06-stage-sched/.design/07-outline-review.v1.md	rewrite-notes/06-stage-sched/.design/07-outline-review.v1.md	mv-ignored	R5
notes/rewrite/fork-syscall-rewrite/06-stage-sched/.design/07-outline.v1.md	rewrite-notes/06-stage-sched/.design/07-outline.v1.md	mv-ignored	R5
notes/rewrite/fork-syscall-rewrite/06-stage-sched/.design/08-design.v1.md	rewrite-notes/06-stage-sched/.design/08-design.v1.md	mv-ignored	R5
notes/rewrite/fork-syscall-rewrite/06-stage-sched/.design/08-outline-review.v1.md	rewrite-notes/06-stage-sched/.design/08-outline-review.v1.md	mv-ignored	R5
notes/rewrite/fork-syscall-rewrite/06-stage-sched/.design/08-outline.v1.md	rewrite-notes/06-stage-sched/.design/08-outline.v1.md	mv-ignored	R5
notes/rewrite/fork-syscall-rewrite/06-stage-sched/.design/09-design.v1.md	rewrite-notes/06-stage-sched/.design/09-design.v1.md	mv-ignored	R5
notes/rewrite/fork-syscall-rewrite/06-stage-sched/.design/09-outline-review.v1.md	rewrite-notes/06-stage-sched/.design/09-outline-review.v1.md	mv-ignored	R5
notes/rewrite/fork-syscall-rewrite/06-stage-sched/.design/09-outline.v1.md	rewrite-notes/06-stage-sched/.design/09-outline.v1.md	mv-ignored	R5
notes/rewrite/fork-syscall-rewrite/06-stage-sched/.design/10-design.v1.md	rewrite-notes/06-stage-sched/.design/10-design.v1.md	mv-ignored	R5
notes/rewrite/fork-syscall-rewrite/06-stage-sched/.design/10-outline-review.v1.md	rewrite-notes/06-stage-sched/.design/10-outline-review.v1.md	mv-ignored	R5
notes/rewrite/fork-syscall-rewrite/06-stage-sched/.design/10-outline.v1.md	rewrite-notes/06-stage-sched/.design/10-outline.v1.md	mv-ignored	R5
notes/rewrite/fork-syscall-rewrite/06-stage-sched/.design/11-design.v1.md	rewrite-notes/06-stage-sched/.design/11-design.v1.md	mv-ignored	R5
notes/rewrite/fork-syscall-rewrite/06-stage-sched/.design/11-outline-review.v1.md	rewrite-notes/06-stage-sched/.design/11-outline-review.v1.md	mv-ignored	R5
notes/rewrite/fork-syscall-rewrite/06-stage-sched/.design/11-outline.v1.md	rewrite-notes/06-stage-sched/.design/11-outline.v1.md	mv-ignored	R5
notes/rewrite/fork-syscall-rewrite/06-stage-sched/.design/12-design.v1.md	rewrite-notes/06-stage-sched/.design/12-design.v1.md	mv-ignored	R5
notes/rewrite/fork-syscall-rewrite/06-stage-sched/.design/12-outline-review.v1.md	rewrite-notes/06-stage-sched/.design/12-outline-review.v1.md	mv-ignored	R5
notes/rewrite/fork-syscall-rewrite/06-stage-sched/.design/12-outline.v1.md	rewrite-notes/06-stage-sched/.design/12-outline.v1.md	mv-ignored	R5
notes/rewrite/fork-syscall-rewrite/06-stage-sched/.design/13-design.v1.md	rewrite-notes/06-stage-sched/.design/13-design.v1.md	mv-ignored	R5
notes/rewrite/fork-syscall-rewrite/06-stage-sched/.design/13-outline-review.v1.md	rewrite-notes/06-stage-sched/.design/13-outline-review.v1.md	mv-ignored	R5
notes/rewrite/fork-syscall-rewrite/06-stage-sched/.design/13-outline.v1.md	rewrite-notes/06-stage-sched/.design/13-outline.v1.md	mv-ignored	R5
notes/rewrite/fork-syscall-rewrite/06-stage-sched/.design/14-design.v1.md	rewrite-notes/06-stage-sched/.design/14-design.v1.md	mv-ignored	R5
notes/rewrite/fork-syscall-rewrite/06-stage-sched/.design/14-outline-review.v1.md	rewrite-notes/06-stage-sched/.design/14-outline-review.v1.md	mv-ignored	R5
notes/rewrite/fork-syscall-rewrite/06-stage-sched/.design/14-outline.v1.md	rewrite-notes/06-stage-sched/.design/14-outline.v1.md	mv-ignored	R5
notes/rewrite/fork-syscall-rewrite/06-stage-sched/.design/99-design.v1.md	rewrite-notes/06-stage-sched/.design/99-design.v1.md	mv-ignored	R5
notes/rewrite/fork-syscall-rewrite/06-stage-sched/.design/99-outline-review.v1.md	rewrite-notes/06-stage-sched/.design/99-outline-review.v1.md	mv-ignored	R5
notes/rewrite/fork-syscall-rewrite/06-stage-sched/.design/99-outline.v1.md	rewrite-notes/06-stage-sched/.design/99-outline.v1.md	mv-ignored	R5
notes/rewrite/fork-syscall-rewrite/06-stage-sched/00-sched-overview.md	rewrite-notes/06-stage-sched/00-sched-overview.md	git-mv	R5
notes/rewrite/fork-syscall-rewrite/06-stage-sched/01-sched-init-main.md	rewrite-notes/06-stage-sched/01-sched-init-main.md	git-mv	R5
notes/rewrite/fork-syscall-rewrite/06-stage-sched/02-sched-message-surface.md	rewrite-notes/06-stage-sched/02-sched-message-surface.md	git-mv	R5
notes/rewrite/fork-syscall-rewrite/06-stage-sched/03-schedproc-struct.md	rewrite-notes/06-stage-sched/03-schedproc-struct.md	git-mv	R5
notes/rewrite/fork-syscall-rewrite/06-stage-sched/04-schedproc-table.md	rewrite-notes/06-stage-sched/04-schedproc-table.md	git-mv	R5
notes/rewrite/fork-syscall-rewrite/06-stage-sched/05-priority-timeslice-model.md	rewrite-notes/06-stage-sched/05-priority-timeslice-model.md	git-mv	R5
notes/rewrite/fork-syscall-rewrite/06-stage-sched/06-start-scheduling.md	rewrite-notes/06-stage-sched/06-start-scheduling.md	git-mv	R5
notes/rewrite/fork-syscall-rewrite/06-stage-sched/07-stop-scheduling.md	rewrite-notes/06-stage-sched/07-stop-scheduling.md	git-mv	R5
notes/rewrite/fork-syscall-rewrite/06-stage-sched/08-noquantum-nice.md	rewrite-notes/06-stage-sched/08-noquantum-nice.md	git-mv	R5
notes/rewrite/fork-syscall-rewrite/06-stage-sched/09-schedule-process.md	rewrite-notes/06-stage-sched/09-schedule-process.md	git-mv	R5
notes/rewrite/fork-syscall-rewrite/06-stage-sched/10-pick-cpu-smp.md	rewrite-notes/06-stage-sched/10-pick-cpu-smp.md	git-mv	R5
notes/rewrite/fork-syscall-rewrite/06-stage-sched/11-balance-queues.md	rewrite-notes/06-stage-sched/11-balance-queues.md	git-mv	R5
notes/rewrite/fork-syscall-rewrite/06-stage-sched/12-kernel-interface.md	rewrite-notes/06-stage-sched/12-kernel-interface.md	git-mv	R5
notes/rewrite/fork-syscall-rewrite/06-stage-sched/13-pm-interaction.md	rewrite-notes/06-stage-sched/13-pm-interaction.md	git-mv	R5
notes/rewrite/fork-syscall-rewrite/06-stage-sched/14-rs-interaction.md	rewrite-notes/06-stage-sched/14-rs-interaction.md	git-mv	R5
notes/rewrite/fork-syscall-rewrite/06-stage-sched/99-global-concepts.md	rewrite-notes/06-stage-sched/99-global-concepts.md	git-mv	R5
notes/rewrite/fork-syscall-rewrite/06-stage-sched/archive/todo-V2-archive-2026-09-14.md	rewrite-notes/06-stage-sched/archive/todo-V2-archive-2026-09-14.md	git-mv	R5
notes/rewrite/fork-syscall-rewrite/06-stage-sched/archive/todo-round1-archive-2026-09-06.md	rewrite-notes/06-stage-sched/archive/todo-round1-archive-2026-09-06.md	git-mv	R5
notes/rewrite/fork-syscall-rewrite/06-stage-sched/doc_rerank_HY4.md	rewrite-notes/06-stage-sched/doc_rerank_HY4.md	git-mv	R5
notes/rewrite/fork-syscall-rewrite/06-stage-sched/doc_rerank_deepseek.md	rewrite-notes/06-stage-sched/doc_rerank_deepseek.md	git-mv	R5
notes/rewrite/fork-syscall-rewrite/06-stage-sched/doc_rerank_glm.md	rewrite-notes/06-stage-sched/doc_rerank_glm.md	git-mv	R5
notes/rewrite/fork-syscall-rewrite/06-stage-sched/doc_rerank_muse.md	rewrite-notes/06-stage-sched/doc_rerank_muse.md	git-mv	R5
notes/rewrite/fork-syscall-rewrite/06-stage-sched/doc_rerank_qwen.md	rewrite-notes/06-stage-sched/doc_rerank_qwen.md	git-mv	R5
notes/rewrite/fork-syscall-rewrite/06-stage-sched/draft/00-sched-overview.md	rewrite-notes/06-stage-sched/draft/00-sched-overview.md	git-mv	R5
notes/rewrite/fork-syscall-rewrite/06-stage-sched/draft/01-sched-struct.md	rewrite-notes/06-stage-sched/draft/01-sched-struct.md	git-mv	R5
notes/rewrite/fork-syscall-rewrite/06-stage-sched/draft/02-sched-inherit.md	rewrite-notes/06-stage-sched/draft/02-sched-inherit.md	git-mv	R5
notes/rewrite/fork-syscall-rewrite/06-stage-sched/draft/03-sched-start.md	rewrite-notes/06-stage-sched/draft/03-sched-start.md	git-mv	R5
notes/rewrite/fork-syscall-rewrite/06-stage-sched/draft/04-sched-quantum.md	rewrite-notes/06-stage-sched/draft/04-sched-quantum.md	git-mv	R5
notes/rewrite/fork-syscall-rewrite/06-stage-sched/draft/99-global-concepts.md	rewrite-notes/06-stage-sched/draft/99-global-concepts.md	git-mv	R5
notes/rewrite/fork-syscall-rewrite/06-stage-sched/plan.md	rewrite-notes/06-stage-sched/plan.md	git-mv	R5
notes/rewrite/fork-syscall-rewrite/06-stage-sched/todo.md	rewrite-notes/06-stage-sched/todo.md	git-mv	R5
notes/rewrite/fork-syscall-rewrite/07-stage-ds/.design/00-design.v1.md	rewrite-notes/07-stage-ds/.design/00-design.v1.md	mv-ignored	R5
notes/rewrite/fork-syscall-rewrite/07-stage-ds/.design/00-outline-review.v1.md	rewrite-notes/07-stage-ds/.design/00-outline-review.v1.md	mv-ignored	R5
notes/rewrite/fork-syscall-rewrite/07-stage-ds/.design/00-outline.v1.md	rewrite-notes/07-stage-ds/.design/00-outline.v1.md	mv-ignored	R5
notes/rewrite/fork-syscall-rewrite/07-stage-ds/.design/01-design.v1.md	rewrite-notes/07-stage-ds/.design/01-design.v1.md	mv-ignored	R5
notes/rewrite/fork-syscall-rewrite/07-stage-ds/.design/01-outline-review.v1.md	rewrite-notes/07-stage-ds/.design/01-outline-review.v1.md	mv-ignored	R5
notes/rewrite/fork-syscall-rewrite/07-stage-ds/.design/01-outline.v1.md	rewrite-notes/07-stage-ds/.design/01-outline.v1.md	mv-ignored	R5
notes/rewrite/fork-syscall-rewrite/07-stage-ds/.design/02-design.v1.md	rewrite-notes/07-stage-ds/.design/02-design.v1.md	mv-ignored	R5
notes/rewrite/fork-syscall-rewrite/07-stage-ds/.design/02-outline-review.v1.md	rewrite-notes/07-stage-ds/.design/02-outline-review.v1.md	mv-ignored	R5
notes/rewrite/fork-syscall-rewrite/07-stage-ds/.design/02-outline.v1.md	rewrite-notes/07-stage-ds/.design/02-outline.v1.md	mv-ignored	R5
notes/rewrite/fork-syscall-rewrite/07-stage-ds/.design/03-design.v1.md	rewrite-notes/07-stage-ds/.design/03-design.v1.md	mv-ignored	R5
notes/rewrite/fork-syscall-rewrite/07-stage-ds/.design/03-outline-review.v1.md	rewrite-notes/07-stage-ds/.design/03-outline-review.v1.md	mv-ignored	R5
notes/rewrite/fork-syscall-rewrite/07-stage-ds/.design/03-outline.v1.md	rewrite-notes/07-stage-ds/.design/03-outline.v1.md	mv-ignored	R5
notes/rewrite/fork-syscall-rewrite/07-stage-ds/.design/04-design.v1.md	rewrite-notes/07-stage-ds/.design/04-design.v1.md	mv-ignored	R5
notes/rewrite/fork-syscall-rewrite/07-stage-ds/.design/04-outline-review.v1.md	rewrite-notes/07-stage-ds/.design/04-outline-review.v1.md	mv-ignored	R5
notes/rewrite/fork-syscall-rewrite/07-stage-ds/.design/04-outline.v1.md	rewrite-notes/07-stage-ds/.design/04-outline.v1.md	mv-ignored	R5
notes/rewrite/fork-syscall-rewrite/07-stage-ds/.design/05-design.v1.md	rewrite-notes/07-stage-ds/.design/05-design.v1.md	mv-ignored	R5
notes/rewrite/fork-syscall-rewrite/07-stage-ds/.design/05-outline-review.v1.md	rewrite-notes/07-stage-ds/.design/05-outline-review.v1.md	mv-ignored	R5
notes/rewrite/fork-syscall-rewrite/07-stage-ds/.design/05-outline.v1.md	rewrite-notes/07-stage-ds/.design/05-outline.v1.md	mv-ignored	R5
notes/rewrite/fork-syscall-rewrite/07-stage-ds/.design/06-design.v1.md	rewrite-notes/07-stage-ds/.design/06-design.v1.md	mv-ignored	R5
notes/rewrite/fork-syscall-rewrite/07-stage-ds/.design/06-outline-review.v1.md	rewrite-notes/07-stage-ds/.design/06-outline-review.v1.md	mv-ignored	R5
notes/rewrite/fork-syscall-rewrite/07-stage-ds/.design/06-outline.v1.md	rewrite-notes/07-stage-ds/.design/06-outline.v1.md	mv-ignored	R5
notes/rewrite/fork-syscall-rewrite/07-stage-ds/.design/07-design.v1.md	rewrite-notes/07-stage-ds/.design/07-design.v1.md	mv-ignored	R5
notes/rewrite/fork-syscall-rewrite/07-stage-ds/.design/07-outline-review.v1.md	rewrite-notes/07-stage-ds/.design/07-outline-review.v1.md	mv-ignored	R5
notes/rewrite/fork-syscall-rewrite/07-stage-ds/.design/07-outline.v1.md	rewrite-notes/07-stage-ds/.design/07-outline.v1.md	mv-ignored	R5
notes/rewrite/fork-syscall-rewrite/07-stage-ds/.design/08-design.v1.md	rewrite-notes/07-stage-ds/.design/08-design.v1.md	mv-ignored	R5
notes/rewrite/fork-syscall-rewrite/07-stage-ds/.design/08-outline-review.v1.md	rewrite-notes/07-stage-ds/.design/08-outline-review.v1.md	mv-ignored	R5
notes/rewrite/fork-syscall-rewrite/07-stage-ds/.design/08-outline.v1.md	rewrite-notes/07-stage-ds/.design/08-outline.v1.md	mv-ignored	R5
notes/rewrite/fork-syscall-rewrite/07-stage-ds/.design/09-design.v1.md	rewrite-notes/07-stage-ds/.design/09-design.v1.md	mv-ignored	R5
notes/rewrite/fork-syscall-rewrite/07-stage-ds/.design/09-outline-review.v1.md	rewrite-notes/07-stage-ds/.design/09-outline-review.v1.md	mv-ignored	R5
notes/rewrite/fork-syscall-rewrite/07-stage-ds/.design/09-outline.v1.md	rewrite-notes/07-stage-ds/.design/09-outline.v1.md	mv-ignored	R5
notes/rewrite/fork-syscall-rewrite/07-stage-ds/.design/10-design.v1.md	rewrite-notes/07-stage-ds/.design/10-design.v1.md	mv-ignored	R5
notes/rewrite/fork-syscall-rewrite/07-stage-ds/.design/10-outline-review.v1.md	rewrite-notes/07-stage-ds/.design/10-outline-review.v1.md	mv-ignored	R5
notes/rewrite/fork-syscall-rewrite/07-stage-ds/.design/10-outline.v1.md	rewrite-notes/07-stage-ds/.design/10-outline.v1.md	mv-ignored	R5
notes/rewrite/fork-syscall-rewrite/07-stage-ds/.design/11-design.v1.md	rewrite-notes/07-stage-ds/.design/11-design.v1.md	mv-ignored	R5
notes/rewrite/fork-syscall-rewrite/07-stage-ds/.design/11-outline-review.v1.md	rewrite-notes/07-stage-ds/.design/11-outline-review.v1.md	mv-ignored	R5
notes/rewrite/fork-syscall-rewrite/07-stage-ds/.design/11-outline.v1.md	rewrite-notes/07-stage-ds/.design/11-outline.v1.md	mv-ignored	R5
notes/rewrite/fork-syscall-rewrite/07-stage-ds/.design/12-design.v1.md	rewrite-notes/07-stage-ds/.design/12-design.v1.md	mv-ignored	R5
notes/rewrite/fork-syscall-rewrite/07-stage-ds/.design/12-outline-review.v1.md	rewrite-notes/07-stage-ds/.design/12-outline-review.v1.md	mv-ignored	R5
notes/rewrite/fork-syscall-rewrite/07-stage-ds/.design/12-outline.v1.md	rewrite-notes/07-stage-ds/.design/12-outline.v1.md	mv-ignored	R5
notes/rewrite/fork-syscall-rewrite/07-stage-ds/.design/99-design.v1.md	rewrite-notes/07-stage-ds/.design/99-design.v1.md	mv-ignored	R5
notes/rewrite/fork-syscall-rewrite/07-stage-ds/.design/99-outline-review.v1.md	rewrite-notes/07-stage-ds/.design/99-outline-review.v1.md	mv-ignored	R5
notes/rewrite/fork-syscall-rewrite/07-stage-ds/.design/99-outline.v1.md	rewrite-notes/07-stage-ds/.design/99-outline.v1.md	mv-ignored	R5
notes/rewrite/fork-syscall-rewrite/07-stage-ds/00-ds-overview.md	rewrite-notes/07-stage-ds/00-ds-overview.md	git-mv	R5
notes/rewrite/fork-syscall-rewrite/07-stage-ds/01-ds-init-main.md	rewrite-notes/07-stage-ds/01-ds-init-main.md	git-mv	R5
notes/rewrite/fork-syscall-rewrite/07-stage-ds/02-ds-message-contract.md	rewrite-notes/07-stage-ds/02-ds-message-contract.md	git-mv	R5
notes/rewrite/fork-syscall-rewrite/07-stage-ds/03-ds-data-structures.md	rewrite-notes/07-stage-ds/03-ds-data-structures.md	git-mv	R5
notes/rewrite/fork-syscall-rewrite/07-stage-ds/04-ds-slot-management.md	rewrite-notes/07-stage-ds/04-ds-slot-management.md	git-mv	R5
notes/rewrite/fork-syscall-rewrite/07-stage-ds/05-ds-identity-auth.md	rewrite-notes/07-stage-ds/05-ds-identity-auth.md	git-mv	R5
notes/rewrite/fork-syscall-rewrite/07-stage-ds/06-ds-boot-mapping.md	rewrite-notes/07-stage-ds/06-ds-boot-mapping.md	git-mv	R5
notes/rewrite/fork-syscall-rewrite/07-stage-ds/07-ds-publish.md	rewrite-notes/07-stage-ds/07-ds-publish.md	git-mv	R5
notes/rewrite/fork-syscall-rewrite/07-stage-ds/08-ds-retrieve.md	rewrite-notes/07-stage-ds/08-ds-retrieve.md	git-mv	R5
notes/rewrite/fork-syscall-rewrite/07-stage-ds/09-ds-delete.md	rewrite-notes/07-stage-ds/09-ds-delete.md	git-mv	R5
notes/rewrite/fork-syscall-rewrite/07-stage-ds/10-ds-subscribe-check.md	rewrite-notes/07-stage-ds/10-ds-subscribe-check.md	git-mv	R5
notes/rewrite/fork-syscall-rewrite/07-stage-ds/11-ds-getsysinfo.md	rewrite-notes/07-stage-ds/11-ds-getsysinfo.md	git-mv	R5
notes/rewrite/fork-syscall-rewrite/07-stage-ds/12-ds-client-library.md	rewrite-notes/07-stage-ds/12-ds-client-library.md	git-mv	R5
notes/rewrite/fork-syscall-rewrite/07-stage-ds/99-ds-global-concepts.md	rewrite-notes/07-stage-ds/99-ds-global-concepts.md	git-mv	R5
notes/rewrite/fork-syscall-rewrite/07-stage-ds/doc_rerank_deepseek.md	rewrite-notes/07-stage-ds/doc_rerank_deepseek.md	git-mv	R5
notes/rewrite/fork-syscall-rewrite/07-stage-ds/doc_rerank_glm.md	rewrite-notes/07-stage-ds/doc_rerank_glm.md	git-mv	R5
notes/rewrite/fork-syscall-rewrite/07-stage-ds/doc_rerank_muse.md	rewrite-notes/07-stage-ds/doc_rerank_muse.md	git-mv	R5
notes/rewrite/fork-syscall-rewrite/07-stage-ds/doc_rerank_qwen.md	rewrite-notes/07-stage-ds/doc_rerank_qwen.md	git-mv	R5
notes/rewrite/fork-syscall-rewrite/07-stage-ds/draft/README.md	rewrite-notes/07-stage-ds/draft/README.md	git-mv	R5
notes/rewrite/fork-syscall-rewrite/07-stage-ds/draft/tmp_main.c.md	rewrite-notes/07-stage-ds/draft/tmp_main.c.md	git-mv	R5
notes/rewrite/fork-syscall-rewrite/07-stage-ds/draft/tmp_store.c.md	rewrite-notes/07-stage-ds/draft/tmp_store.c.md	git-mv	R5
notes/rewrite/fork-syscall-rewrite/07-stage-ds/plan.md	rewrite-notes/07-stage-ds/plan.md	git-mv	R5
notes/rewrite/fork-syscall-rewrite/07-stage-ds/todo.md	rewrite-notes/07-stage-ds/todo.md	git-mv	R5
notes/rewrite/fork-syscall-rewrite/08-stage-is/.design/00-design.v1.md	rewrite-notes/08-stage-is/.design/00-design.v1.md	mv-ignored	R5
notes/rewrite/fork-syscall-rewrite/08-stage-is/.design/00-outline-review.v1.md	rewrite-notes/08-stage-is/.design/00-outline-review.v1.md	mv-ignored	R5
notes/rewrite/fork-syscall-rewrite/08-stage-is/.design/00-outline.v1.md	rewrite-notes/08-stage-is/.design/00-outline.v1.md	mv-ignored	R5
notes/rewrite/fork-syscall-rewrite/08-stage-is/.design/01-design.v1.md	rewrite-notes/08-stage-is/.design/01-design.v1.md	mv-ignored	R5
notes/rewrite/fork-syscall-rewrite/08-stage-is/.design/01-outline-review.v1.md	rewrite-notes/08-stage-is/.design/01-outline-review.v1.md	mv-ignored	R5
notes/rewrite/fork-syscall-rewrite/08-stage-is/.design/01-outline.v1.md	rewrite-notes/08-stage-is/.design/01-outline.v1.md	mv-ignored	R5
notes/rewrite/fork-syscall-rewrite/08-stage-is/.design/02-design.v1.md	rewrite-notes/08-stage-is/.design/02-design.v1.md	mv-ignored	R5
notes/rewrite/fork-syscall-rewrite/08-stage-is/.design/02-outline-review.v1.md	rewrite-notes/08-stage-is/.design/02-outline-review.v1.md	mv-ignored	R5
notes/rewrite/fork-syscall-rewrite/08-stage-is/.design/02-outline.v1.md	rewrite-notes/08-stage-is/.design/02-outline.v1.md	mv-ignored	R5
notes/rewrite/fork-syscall-rewrite/08-stage-is/.design/03-design.v1.md	rewrite-notes/08-stage-is/.design/03-design.v1.md	mv-ignored	R5
notes/rewrite/fork-syscall-rewrite/08-stage-is/.design/03-outline-review.v1.md	rewrite-notes/08-stage-is/.design/03-outline-review.v1.md	mv-ignored	R5
notes/rewrite/fork-syscall-rewrite/08-stage-is/.design/03-outline.v1.md	rewrite-notes/08-stage-is/.design/03-outline.v1.md	mv-ignored	R5
notes/rewrite/fork-syscall-rewrite/08-stage-is/.design/04-design.v1.md	rewrite-notes/08-stage-is/.design/04-design.v1.md	mv-ignored	R5
notes/rewrite/fork-syscall-rewrite/08-stage-is/.design/04-outline-review.v1.md	rewrite-notes/08-stage-is/.design/04-outline-review.v1.md	mv-ignored	R5
notes/rewrite/fork-syscall-rewrite/08-stage-is/.design/04-outline.v1.md	rewrite-notes/08-stage-is/.design/04-outline.v1.md	mv-ignored	R5
notes/rewrite/fork-syscall-rewrite/08-stage-is/.design/05-design.v1.md	rewrite-notes/08-stage-is/.design/05-design.v1.md	mv-ignored	R5
notes/rewrite/fork-syscall-rewrite/08-stage-is/.design/05-outline-review.v1.md	rewrite-notes/08-stage-is/.design/05-outline-review.v1.md	mv-ignored	R5
notes/rewrite/fork-syscall-rewrite/08-stage-is/.design/05-outline.v1.md	rewrite-notes/08-stage-is/.design/05-outline.v1.md	mv-ignored	R5
notes/rewrite/fork-syscall-rewrite/08-stage-is/.design/06-design.v1.md	rewrite-notes/08-stage-is/.design/06-design.v1.md	mv-ignored	R5
notes/rewrite/fork-syscall-rewrite/08-stage-is/.design/06-outline-review.v1.md	rewrite-notes/08-stage-is/.design/06-outline-review.v1.md	mv-ignored	R5
notes/rewrite/fork-syscall-rewrite/08-stage-is/.design/06-outline.v1.md	rewrite-notes/08-stage-is/.design/06-outline.v1.md	mv-ignored	R5
notes/rewrite/fork-syscall-rewrite/08-stage-is/.design/07-design.v1.md	rewrite-notes/08-stage-is/.design/07-design.v1.md	mv-ignored	R5
notes/rewrite/fork-syscall-rewrite/08-stage-is/.design/07-outline-review.v1.md	rewrite-notes/08-stage-is/.design/07-outline-review.v1.md	mv-ignored	R5
notes/rewrite/fork-syscall-rewrite/08-stage-is/.design/07-outline.v1.md	rewrite-notes/08-stage-is/.design/07-outline.v1.md	mv-ignored	R5
notes/rewrite/fork-syscall-rewrite/08-stage-is/.design/08-design.v1.md	rewrite-notes/08-stage-is/.design/08-design.v1.md	mv-ignored	R5
notes/rewrite/fork-syscall-rewrite/08-stage-is/.design/08-outline-review.v1.md	rewrite-notes/08-stage-is/.design/08-outline-review.v1.md	mv-ignored	R5
notes/rewrite/fork-syscall-rewrite/08-stage-is/.design/08-outline.v1.md	rewrite-notes/08-stage-is/.design/08-outline.v1.md	mv-ignored	R5
notes/rewrite/fork-syscall-rewrite/08-stage-is/.design/09-design.v1.md	rewrite-notes/08-stage-is/.design/09-design.v1.md	mv-ignored	R5
notes/rewrite/fork-syscall-rewrite/08-stage-is/.design/09-outline-review.v1.md	rewrite-notes/08-stage-is/.design/09-outline-review.v1.md	mv-ignored	R5
notes/rewrite/fork-syscall-rewrite/08-stage-is/.design/09-outline.v1.md	rewrite-notes/08-stage-is/.design/09-outline.v1.md	mv-ignored	R5
notes/rewrite/fork-syscall-rewrite/08-stage-is/.design/10-design.v1.md	rewrite-notes/08-stage-is/.design/10-design.v1.md	mv-ignored	R5
notes/rewrite/fork-syscall-rewrite/08-stage-is/.design/10-outline-review.v1.md	rewrite-notes/08-stage-is/.design/10-outline-review.v1.md	mv-ignored	R5
notes/rewrite/fork-syscall-rewrite/08-stage-is/.design/10-outline.v1.md	rewrite-notes/08-stage-is/.design/10-outline.v1.md	mv-ignored	R5
notes/rewrite/fork-syscall-rewrite/08-stage-is/.design/99-design.v1.md	rewrite-notes/08-stage-is/.design/99-design.v1.md	mv-ignored	R5
notes/rewrite/fork-syscall-rewrite/08-stage-is/.design/99-outline-review.v1.md	rewrite-notes/08-stage-is/.design/99-outline-review.v1.md	mv-ignored	R5
notes/rewrite/fork-syscall-rewrite/08-stage-is/.design/99-outline.v1.md	rewrite-notes/08-stage-is/.design/99-outline.v1.md	mv-ignored	R5
notes/rewrite/fork-syscall-rewrite/08-stage-is/00-is-overview.md	rewrite-notes/08-stage-is/00-is-overview.md	git-mv	R5
notes/rewrite/fork-syscall-rewrite/08-stage-is/01-is-init-main.md	rewrite-notes/08-stage-is/01-is-init-main.md	git-mv	R5
notes/rewrite/fork-syscall-rewrite/08-stage-is/02-is-fkey-contract.md	rewrite-notes/08-stage-is/02-is-fkey-contract.md	git-mv	R5
notes/rewrite/fork-syscall-rewrite/08-stage-is/03-is-dump-dispatch.md	rewrite-notes/08-stage-is/03-is-dump-dispatch.md	git-mv	R5
notes/rewrite/fork-syscall-rewrite/08-stage-is/04-is-data-acquisition.md	rewrite-notes/08-stage-is/04-is-data-acquisition.md	git-mv	R5
notes/rewrite/fork-syscall-rewrite/08-stage-is/05-is-dump-kernel.md	rewrite-notes/08-stage-is/05-is-dump-kernel.md	git-mv	R5
notes/rewrite/fork-syscall-rewrite/08-stage-is/06-is-dump-pm.md	rewrite-notes/08-stage-is/06-is-dump-pm.md	git-mv	R5
notes/rewrite/fork-syscall-rewrite/08-stage-is/07-is-dump-vfs.md	rewrite-notes/08-stage-is/07-is-dump-vfs.md	git-mv	R5
notes/rewrite/fork-syscall-rewrite/08-stage-is/08-is-dump-rs.md	rewrite-notes/08-stage-is/08-is-dump-rs.md	git-mv	R5
notes/rewrite/fork-syscall-rewrite/08-stage-is/09-is-dump-ds.md	rewrite-notes/08-stage-is/09-is-dump-ds.md	git-mv	R5
notes/rewrite/fork-syscall-rewrite/08-stage-is/10-is-dump-vm.md	rewrite-notes/08-stage-is/10-is-dump-vm.md	git-mv	R5
notes/rewrite/fork-syscall-rewrite/08-stage-is/99-is-global-concepts.md	rewrite-notes/08-stage-is/99-is-global-concepts.md	git-mv	R5
notes/rewrite/fork-syscall-rewrite/08-stage-is/doc_rerank_deepseek.md	rewrite-notes/08-stage-is/doc_rerank_deepseek.md	git-mv	R5
notes/rewrite/fork-syscall-rewrite/08-stage-is/doc_rerank_glm.md	rewrite-notes/08-stage-is/doc_rerank_glm.md	git-mv	R5
notes/rewrite/fork-syscall-rewrite/08-stage-is/doc_rerank_muse.md	rewrite-notes/08-stage-is/doc_rerank_muse.md	git-mv	R5
notes/rewrite/fork-syscall-rewrite/08-stage-is/doc_rerank_qwen.md	rewrite-notes/08-stage-is/doc_rerank_qwen.md	git-mv	R5
notes/rewrite/fork-syscall-rewrite/08-stage-is/draft/README.md	rewrite-notes/08-stage-is/draft/README.md	git-mv	R5
notes/rewrite/fork-syscall-rewrite/08-stage-is/draft/tmp_dmp.c.md	rewrite-notes/08-stage-is/draft/tmp_dmp.c.md	git-mv	R5
notes/rewrite/fork-syscall-rewrite/08-stage-is/draft/tmp_dmp_ds.c.md	rewrite-notes/08-stage-is/draft/tmp_dmp_ds.c.md	git-mv	R5
notes/rewrite/fork-syscall-rewrite/08-stage-is/draft/tmp_dmp_fs.c.md	rewrite-notes/08-stage-is/draft/tmp_dmp_fs.c.md	git-mv	R5
notes/rewrite/fork-syscall-rewrite/08-stage-is/draft/tmp_dmp_kernel.c.md	rewrite-notes/08-stage-is/draft/tmp_dmp_kernel.c.md	git-mv	R5
notes/rewrite/fork-syscall-rewrite/08-stage-is/draft/tmp_dmp_pm.c.md	rewrite-notes/08-stage-is/draft/tmp_dmp_pm.c.md	git-mv	R5
notes/rewrite/fork-syscall-rewrite/08-stage-is/draft/tmp_dmp_rs.c.md	rewrite-notes/08-stage-is/draft/tmp_dmp_rs.c.md	git-mv	R5
notes/rewrite/fork-syscall-rewrite/08-stage-is/draft/tmp_dmp_vm.c.md	rewrite-notes/08-stage-is/draft/tmp_dmp_vm.c.md	git-mv	R5
notes/rewrite/fork-syscall-rewrite/08-stage-is/draft/tmp_main.c.md	rewrite-notes/08-stage-is/draft/tmp_main.c.md	git-mv	R5
notes/rewrite/fork-syscall-rewrite/08-stage-is/plan.md	rewrite-notes/08-stage-is/plan.md	git-mv	R5
notes/rewrite/fork-syscall-rewrite/08-stage-is/todo.md	rewrite-notes/08-stage-is/todo.md	git-mv	R5
notes/rewrite/fork-syscall-rewrite/09-stage-init/.design/00-design.v1.md	rewrite-notes/09-stage-init/.design/00-design.v1.md	mv-ignored	R5
notes/rewrite/fork-syscall-rewrite/09-stage-init/.design/00-outline-review.v1.md	rewrite-notes/09-stage-init/.design/00-outline-review.v1.md	mv-ignored	R5
notes/rewrite/fork-syscall-rewrite/09-stage-init/.design/00-outline.v1.md	rewrite-notes/09-stage-init/.design/00-outline.v1.md	mv-ignored	R5
notes/rewrite/fork-syscall-rewrite/09-stage-init/.design/01-design.v1.md	rewrite-notes/09-stage-init/.design/01-design.v1.md	mv-ignored	R5
notes/rewrite/fork-syscall-rewrite/09-stage-init/.design/01-outline-review.v1.md	rewrite-notes/09-stage-init/.design/01-outline-review.v1.md	mv-ignored	R5
notes/rewrite/fork-syscall-rewrite/09-stage-init/.design/01-outline.v1.md	rewrite-notes/09-stage-init/.design/01-outline.v1.md	mv-ignored	R5
notes/rewrite/fork-syscall-rewrite/09-stage-init/.design/02-design.v1.md	rewrite-notes/09-stage-init/.design/02-design.v1.md	mv-ignored	R5
notes/rewrite/fork-syscall-rewrite/09-stage-init/.design/02-outline-review.v1.md	rewrite-notes/09-stage-init/.design/02-outline-review.v1.md	mv-ignored	R5
notes/rewrite/fork-syscall-rewrite/09-stage-init/.design/02-outline.v1.md	rewrite-notes/09-stage-init/.design/02-outline.v1.md	mv-ignored	R5
notes/rewrite/fork-syscall-rewrite/09-stage-init/.design/03-design.v1.md	rewrite-notes/09-stage-init/.design/03-design.v1.md	mv-ignored	R5
notes/rewrite/fork-syscall-rewrite/09-stage-init/.design/03-outline-review.v1.md	rewrite-notes/09-stage-init/.design/03-outline-review.v1.md	mv-ignored	R5
notes/rewrite/fork-syscall-rewrite/09-stage-init/.design/03-outline.v1.md	rewrite-notes/09-stage-init/.design/03-outline.v1.md	mv-ignored	R5
notes/rewrite/fork-syscall-rewrite/09-stage-init/.design/04-design.v1.md	rewrite-notes/09-stage-init/.design/04-design.v1.md	mv-ignored	R5
notes/rewrite/fork-syscall-rewrite/09-stage-init/.design/04-outline-review.v1.md	rewrite-notes/09-stage-init/.design/04-outline-review.v1.md	mv-ignored	R5
notes/rewrite/fork-syscall-rewrite/09-stage-init/.design/04-outline.v1.md	rewrite-notes/09-stage-init/.design/04-outline.v1.md	mv-ignored	R5
notes/rewrite/fork-syscall-rewrite/09-stage-init/.design/05-design.v1.md	rewrite-notes/09-stage-init/.design/05-design.v1.md	mv-ignored	R5
notes/rewrite/fork-syscall-rewrite/09-stage-init/.design/05-outline-review.v1.md	rewrite-notes/09-stage-init/.design/05-outline-review.v1.md	mv-ignored	R5
notes/rewrite/fork-syscall-rewrite/09-stage-init/.design/05-outline.v1.md	rewrite-notes/09-stage-init/.design/05-outline.v1.md	mv-ignored	R5
notes/rewrite/fork-syscall-rewrite/09-stage-init/.design/06-design.v1.md	rewrite-notes/09-stage-init/.design/06-design.v1.md	mv-ignored	R5
notes/rewrite/fork-syscall-rewrite/09-stage-init/.design/06-outline-review.v1.md	rewrite-notes/09-stage-init/.design/06-outline-review.v1.md	mv-ignored	R5
notes/rewrite/fork-syscall-rewrite/09-stage-init/.design/06-outline.v1.md	rewrite-notes/09-stage-init/.design/06-outline.v1.md	mv-ignored	R5
notes/rewrite/fork-syscall-rewrite/09-stage-init/.design/07-design.v1.md	rewrite-notes/09-stage-init/.design/07-design.v1.md	mv-ignored	R5
notes/rewrite/fork-syscall-rewrite/09-stage-init/.design/07-outline-review.v1.md	rewrite-notes/09-stage-init/.design/07-outline-review.v1.md	mv-ignored	R5
notes/rewrite/fork-syscall-rewrite/09-stage-init/.design/07-outline.v1.md	rewrite-notes/09-stage-init/.design/07-outline.v1.md	mv-ignored	R5
notes/rewrite/fork-syscall-rewrite/09-stage-init/.design/08-design.v1.md	rewrite-notes/09-stage-init/.design/08-design.v1.md	mv-ignored	R5
notes/rewrite/fork-syscall-rewrite/09-stage-init/.design/08-outline-review.v1.md	rewrite-notes/09-stage-init/.design/08-outline-review.v1.md	mv-ignored	R5
notes/rewrite/fork-syscall-rewrite/09-stage-init/.design/08-outline.v1.md	rewrite-notes/09-stage-init/.design/08-outline.v1.md	mv-ignored	R5
notes/rewrite/fork-syscall-rewrite/09-stage-init/.design/09-design.v1.md	rewrite-notes/09-stage-init/.design/09-design.v1.md	mv-ignored	R5
notes/rewrite/fork-syscall-rewrite/09-stage-init/.design/09-outline-review.v1.md	rewrite-notes/09-stage-init/.design/09-outline-review.v1.md	mv-ignored	R5
notes/rewrite/fork-syscall-rewrite/09-stage-init/.design/09-outline.v1.md	rewrite-notes/09-stage-init/.design/09-outline.v1.md	mv-ignored	R5
notes/rewrite/fork-syscall-rewrite/09-stage-init/.design/10-design.v1.md	rewrite-notes/09-stage-init/.design/10-design.v1.md	mv-ignored	R5
notes/rewrite/fork-syscall-rewrite/09-stage-init/.design/10-outline-review.v1.md	rewrite-notes/09-stage-init/.design/10-outline-review.v1.md	mv-ignored	R5
notes/rewrite/fork-syscall-rewrite/09-stage-init/.design/10-outline.v1.md	rewrite-notes/09-stage-init/.design/10-outline.v1.md	mv-ignored	R5
notes/rewrite/fork-syscall-rewrite/09-stage-init/.design/11-design.v1.md	rewrite-notes/09-stage-init/.design/11-design.v1.md	mv-ignored	R5
notes/rewrite/fork-syscall-rewrite/09-stage-init/.design/11-outline-review.v1.md	rewrite-notes/09-stage-init/.design/11-outline-review.v1.md	mv-ignored	R5
notes/rewrite/fork-syscall-rewrite/09-stage-init/.design/11-outline.v1.md	rewrite-notes/09-stage-init/.design/11-outline.v1.md	mv-ignored	R5
notes/rewrite/fork-syscall-rewrite/09-stage-init/.design/12-design.v1.md	rewrite-notes/09-stage-init/.design/12-design.v1.md	mv-ignored	R5
notes/rewrite/fork-syscall-rewrite/09-stage-init/.design/12-outline-review.v1.md	rewrite-notes/09-stage-init/.design/12-outline-review.v1.md	mv-ignored	R5
notes/rewrite/fork-syscall-rewrite/09-stage-init/.design/12-outline.v1.md	rewrite-notes/09-stage-init/.design/12-outline.v1.md	mv-ignored	R5
notes/rewrite/fork-syscall-rewrite/09-stage-init/.design/13-design.v1.md	rewrite-notes/09-stage-init/.design/13-design.v1.md	mv-ignored	R5
notes/rewrite/fork-syscall-rewrite/09-stage-init/.design/13-outline-review.v1.md	rewrite-notes/09-stage-init/.design/13-outline-review.v1.md	mv-ignored	R5
notes/rewrite/fork-syscall-rewrite/09-stage-init/.design/13-outline.v1.md	rewrite-notes/09-stage-init/.design/13-outline.v1.md	mv-ignored	R5
notes/rewrite/fork-syscall-rewrite/09-stage-init/.design/14-design.v1.md	rewrite-notes/09-stage-init/.design/14-design.v1.md	mv-ignored	R5
notes/rewrite/fork-syscall-rewrite/09-stage-init/.design/14-outline-review.v1.md	rewrite-notes/09-stage-init/.design/14-outline-review.v1.md	mv-ignored	R5
notes/rewrite/fork-syscall-rewrite/09-stage-init/.design/14-outline.v1.md	rewrite-notes/09-stage-init/.design/14-outline.v1.md	mv-ignored	R5
notes/rewrite/fork-syscall-rewrite/09-stage-init/.design/99-design.v1.md	rewrite-notes/09-stage-init/.design/99-design.v1.md	mv-ignored	R5
notes/rewrite/fork-syscall-rewrite/09-stage-init/.design/99-outline-review.v1.md	rewrite-notes/09-stage-init/.design/99-outline-review.v1.md	mv-ignored	R5
notes/rewrite/fork-syscall-rewrite/09-stage-init/.design/99-outline.v1.md	rewrite-notes/09-stage-init/.design/99-outline.v1.md	mv-ignored	R5
notes/rewrite/fork-syscall-rewrite/09-stage-init/00-init-overview.md	rewrite-notes/09-stage-init/00-init-overview.md	git-mv	R5
notes/rewrite/fork-syscall-rewrite/09-stage-init/01-init-main-entry.md	rewrite-notes/09-stage-init/01-init-main-entry.md	git-mv	R5
notes/rewrite/fork-syscall-rewrite/09-stage-init/02-init-state-machine.md	rewrite-notes/09-stage-init/02-init-state-machine.md	git-mv	R5
notes/rewrite/fork-syscall-rewrite/09-stage-init/03-init-logging-failure.md	rewrite-notes/09-stage-init/03-init-logging-failure.md	git-mv	R5
notes/rewrite/fork-syscall-rewrite/09-stage-init/04-init-single-user.md	rewrite-notes/09-stage-init/04-init-single-user.md	git-mv	R5
notes/rewrite/fork-syscall-rewrite/09-stage-init/05-init-runcom.md	rewrite-notes/09-stage-init/05-init-runcom.md	git-mv	R5
notes/rewrite/fork-syscall-rewrite/09-stage-init/06-init-read-ttys.md	rewrite-notes/09-stage-init/06-init-read-ttys.md	git-mv	R5
notes/rewrite/fork-syscall-rewrite/09-stage-init/07-init-session-model.md	rewrite-notes/09-stage-init/07-init-session-model.md	git-mv	R5
notes/rewrite/fork-syscall-rewrite/09-stage-init/08-init-session-db.md	rewrite-notes/09-stage-init/08-init-session-db.md	git-mv	R5
notes/rewrite/fork-syscall-rewrite/09-stage-init/09-init-multi-user.md	rewrite-notes/09-stage-init/09-init-multi-user.md	git-mv	R5
notes/rewrite/fork-syscall-rewrite/09-stage-init/10-init-clean-ttys.md	rewrite-notes/09-stage-init/10-init-clean-ttys.md	git-mv	R5
notes/rewrite/fork-syscall-rewrite/09-stage-init/11-init-shutdown.md	rewrite-notes/09-stage-init/11-init-shutdown.md	git-mv	R5
notes/rewrite/fork-syscall-rewrite/09-stage-init/12-init-sysctl-interaction.md	rewrite-notes/09-stage-init/12-init-sysctl-interaction.md	git-mv	R5
notes/rewrite/fork-syscall-rewrite/09-stage-init/13-init-utmp.md	rewrite-notes/09-stage-init/13-init-utmp.md	git-mv	R5
notes/rewrite/fork-syscall-rewrite/09-stage-init/14-init-external-contracts.md	rewrite-notes/09-stage-init/14-init-external-contracts.md	git-mv	R5
notes/rewrite/fork-syscall-rewrite/09-stage-init/99-init-global-concepts.md	rewrite-notes/09-stage-init/99-init-global-concepts.md	git-mv	R5
notes/rewrite/fork-syscall-rewrite/09-stage-init/README.md	rewrite-notes/09-stage-init/README.md	git-mv	R5
notes/rewrite/fork-syscall-rewrite/09-stage-init/archive/todo-V1-archive-2026-09-18.md	rewrite-notes/09-stage-init/archive/todo-V1-archive-2026-09-18.md	git-mv	R5
notes/rewrite/fork-syscall-rewrite/09-stage-init/doc_rerank_HY4.md	rewrite-notes/09-stage-init/doc_rerank_HY4.md	git-mv	R5
notes/rewrite/fork-syscall-rewrite/09-stage-init/doc_rerank_deepseek.md	rewrite-notes/09-stage-init/doc_rerank_deepseek.md	git-mv	R5
notes/rewrite/fork-syscall-rewrite/09-stage-init/doc_rerank_glm.md	rewrite-notes/09-stage-init/doc_rerank_glm.md	git-mv	R5
notes/rewrite/fork-syscall-rewrite/09-stage-init/doc_rerank_muse.md	rewrite-notes/09-stage-init/doc_rerank_muse.md	git-mv	R5
notes/rewrite/fork-syscall-rewrite/09-stage-init/doc_rerank_qwen.md	rewrite-notes/09-stage-init/doc_rerank_qwen.md	git-mv	R5
notes/rewrite/fork-syscall-rewrite/09-stage-init/draft/README.md	rewrite-notes/09-stage-init/draft/README.md	git-mv	R5
notes/rewrite/fork-syscall-rewrite/09-stage-init/plan.md	rewrite-notes/09-stage-init/plan.md	git-mv	R5
notes/rewrite/fork-syscall-rewrite/09-stage-init/todo.md	rewrite-notes/09-stage-init/todo.md	git-mv	R5
notes/rewrite/fork-syscall-rewrite/10-stage-mib/.design/01-design.v1.md	rewrite-notes/10-stage-mib/.design/01-design.v1.md	mv-ignored	R5
notes/rewrite/fork-syscall-rewrite/10-stage-mib/.design/01-outline-review.v1.md	rewrite-notes/10-stage-mib/.design/01-outline-review.v1.md	mv-ignored	R5
notes/rewrite/fork-syscall-rewrite/10-stage-mib/.design/01-outline.v1.md	rewrite-notes/10-stage-mib/.design/01-outline.v1.md	mv-ignored	R5
notes/rewrite/fork-syscall-rewrite/10-stage-mib/.design/02-design.v1.md	rewrite-notes/10-stage-mib/.design/02-design.v1.md	mv-ignored	R5
notes/rewrite/fork-syscall-rewrite/10-stage-mib/.design/02-outline-review.v1.md	rewrite-notes/10-stage-mib/.design/02-outline-review.v1.md	mv-ignored	R5
notes/rewrite/fork-syscall-rewrite/10-stage-mib/.design/02-outline.v1.md	rewrite-notes/10-stage-mib/.design/02-outline.v1.md	mv-ignored	R5
notes/rewrite/fork-syscall-rewrite/10-stage-mib/.design/03-design.v1.md	rewrite-notes/10-stage-mib/.design/03-design.v1.md	mv-ignored	R5
notes/rewrite/fork-syscall-rewrite/10-stage-mib/.design/03-outline-review.v1.md	rewrite-notes/10-stage-mib/.design/03-outline-review.v1.md	mv-ignored	R5
notes/rewrite/fork-syscall-rewrite/10-stage-mib/.design/03-outline.v1.md	rewrite-notes/10-stage-mib/.design/03-outline.v1.md	mv-ignored	R5
notes/rewrite/fork-syscall-rewrite/10-stage-mib/.design/04-design.v1.md	rewrite-notes/10-stage-mib/.design/04-design.v1.md	mv-ignored	R5
notes/rewrite/fork-syscall-rewrite/10-stage-mib/.design/04-outline-review.v1.md	rewrite-notes/10-stage-mib/.design/04-outline-review.v1.md	mv-ignored	R5
notes/rewrite/fork-syscall-rewrite/10-stage-mib/.design/04-outline.v1.md	rewrite-notes/10-stage-mib/.design/04-outline.v1.md	mv-ignored	R5
notes/rewrite/fork-syscall-rewrite/10-stage-mib/.design/05-design.v1.md	rewrite-notes/10-stage-mib/.design/05-design.v1.md	mv-ignored	R5
notes/rewrite/fork-syscall-rewrite/10-stage-mib/.design/05-outline-review.v1.md	rewrite-notes/10-stage-mib/.design/05-outline-review.v1.md	mv-ignored	R5
notes/rewrite/fork-syscall-rewrite/10-stage-mib/.design/05-outline.v1.md	rewrite-notes/10-stage-mib/.design/05-outline.v1.md	mv-ignored	R5
notes/rewrite/fork-syscall-rewrite/10-stage-mib/.design/06-design.v1.md	rewrite-notes/10-stage-mib/.design/06-design.v1.md	mv-ignored	R5
notes/rewrite/fork-syscall-rewrite/10-stage-mib/.design/06-outline-review.v1.md	rewrite-notes/10-stage-mib/.design/06-outline-review.v1.md	mv-ignored	R5
notes/rewrite/fork-syscall-rewrite/10-stage-mib/.design/06-outline.v1.md	rewrite-notes/10-stage-mib/.design/06-outline.v1.md	mv-ignored	R5
notes/rewrite/fork-syscall-rewrite/10-stage-mib/.design/07-design.v1.md	rewrite-notes/10-stage-mib/.design/07-design.v1.md	mv-ignored	R5
notes/rewrite/fork-syscall-rewrite/10-stage-mib/.design/07-outline-review.v1.md	rewrite-notes/10-stage-mib/.design/07-outline-review.v1.md	mv-ignored	R5
notes/rewrite/fork-syscall-rewrite/10-stage-mib/.design/07-outline.v1.md	rewrite-notes/10-stage-mib/.design/07-outline.v1.md	mv-ignored	R5
notes/rewrite/fork-syscall-rewrite/10-stage-mib/.design/08-design.v1.md	rewrite-notes/10-stage-mib/.design/08-design.v1.md	mv-ignored	R5
notes/rewrite/fork-syscall-rewrite/10-stage-mib/.design/08-outline-review.v1.md	rewrite-notes/10-stage-mib/.design/08-outline-review.v1.md	mv-ignored	R5
notes/rewrite/fork-syscall-rewrite/10-stage-mib/.design/08-outline.v1.md	rewrite-notes/10-stage-mib/.design/08-outline.v1.md	mv-ignored	R5
notes/rewrite/fork-syscall-rewrite/10-stage-mib/.design/09-design.v1.md	rewrite-notes/10-stage-mib/.design/09-design.v1.md	mv-ignored	R5
notes/rewrite/fork-syscall-rewrite/10-stage-mib/.design/09-outline-review.v1.md	rewrite-notes/10-stage-mib/.design/09-outline-review.v1.md	mv-ignored	R5
notes/rewrite/fork-syscall-rewrite/10-stage-mib/.design/09-outline.v1.md	rewrite-notes/10-stage-mib/.design/09-outline.v1.md	mv-ignored	R5
notes/rewrite/fork-syscall-rewrite/10-stage-mib/.design/10-design.v1.md	rewrite-notes/10-stage-mib/.design/10-design.v1.md	mv-ignored	R5
notes/rewrite/fork-syscall-rewrite/10-stage-mib/.design/10-outline-review.v1.md	rewrite-notes/10-stage-mib/.design/10-outline-review.v1.md	mv-ignored	R5
notes/rewrite/fork-syscall-rewrite/10-stage-mib/.design/10-outline.v1.md	rewrite-notes/10-stage-mib/.design/10-outline.v1.md	mv-ignored	R5
notes/rewrite/fork-syscall-rewrite/10-stage-mib/.design/11-design.v1.md	rewrite-notes/10-stage-mib/.design/11-design.v1.md	mv-ignored	R5
notes/rewrite/fork-syscall-rewrite/10-stage-mib/.design/11-outline-review.v1.md	rewrite-notes/10-stage-mib/.design/11-outline-review.v1.md	mv-ignored	R5
notes/rewrite/fork-syscall-rewrite/10-stage-mib/.design/11-outline.v1.md	rewrite-notes/10-stage-mib/.design/11-outline.v1.md	mv-ignored	R5
notes/rewrite/fork-syscall-rewrite/10-stage-mib/.design/12-design.v1.md	rewrite-notes/10-stage-mib/.design/12-design.v1.md	mv-ignored	R5
notes/rewrite/fork-syscall-rewrite/10-stage-mib/.design/12-outline-review.v1.md	rewrite-notes/10-stage-mib/.design/12-outline-review.v1.md	mv-ignored	R5
notes/rewrite/fork-syscall-rewrite/10-stage-mib/.design/12-outline.v1.md	rewrite-notes/10-stage-mib/.design/12-outline.v1.md	mv-ignored	R5
notes/rewrite/fork-syscall-rewrite/10-stage-mib/.design/13-design.v1.md	rewrite-notes/10-stage-mib/.design/13-design.v1.md	mv-ignored	R5
notes/rewrite/fork-syscall-rewrite/10-stage-mib/.design/13-design.v2.md	rewrite-notes/10-stage-mib/.design/13-design.v2.md	mv-ignored	R5
notes/rewrite/fork-syscall-rewrite/10-stage-mib/.design/13-design.v3.md	rewrite-notes/10-stage-mib/.design/13-design.v3.md	mv-ignored	R5
notes/rewrite/fork-syscall-rewrite/10-stage-mib/.design/13-outline-review.v1.md	rewrite-notes/10-stage-mib/.design/13-outline-review.v1.md	mv-ignored	R5
notes/rewrite/fork-syscall-rewrite/10-stage-mib/.design/13-outline-review.v2.md	rewrite-notes/10-stage-mib/.design/13-outline-review.v2.md	mv-ignored	R5
notes/rewrite/fork-syscall-rewrite/10-stage-mib/.design/13-outline-review.v3.md	rewrite-notes/10-stage-mib/.design/13-outline-review.v3.md	mv-ignored	R5
notes/rewrite/fork-syscall-rewrite/10-stage-mib/.design/13-outline.v1.md	rewrite-notes/10-stage-mib/.design/13-outline.v1.md	mv-ignored	R5
notes/rewrite/fork-syscall-rewrite/10-stage-mib/.design/13-outline.v2.md	rewrite-notes/10-stage-mib/.design/13-outline.v2.md	mv-ignored	R5
notes/rewrite/fork-syscall-rewrite/10-stage-mib/.design/13-outline.v3.md	rewrite-notes/10-stage-mib/.design/13-outline.v3.md	mv-ignored	R5
notes/rewrite/fork-syscall-rewrite/10-stage-mib/.design/14-design.v1.md	rewrite-notes/10-stage-mib/.design/14-design.v1.md	mv-ignored	R5
notes/rewrite/fork-syscall-rewrite/10-stage-mib/.design/14-design.v2.md	rewrite-notes/10-stage-mib/.design/14-design.v2.md	mv-ignored	R5
notes/rewrite/fork-syscall-rewrite/10-stage-mib/.design/14-design.v3.md	rewrite-notes/10-stage-mib/.design/14-design.v3.md	mv-ignored	R5
notes/rewrite/fork-syscall-rewrite/10-stage-mib/.design/14-outline-review.v1.md	rewrite-notes/10-stage-mib/.design/14-outline-review.v1.md	mv-ignored	R5
notes/rewrite/fork-syscall-rewrite/10-stage-mib/.design/14-outline-review.v2.md	rewrite-notes/10-stage-mib/.design/14-outline-review.v2.md	mv-ignored	R5
notes/rewrite/fork-syscall-rewrite/10-stage-mib/.design/14-outline-review.v3.md	rewrite-notes/10-stage-mib/.design/14-outline-review.v3.md	mv-ignored	R5
notes/rewrite/fork-syscall-rewrite/10-stage-mib/.design/14-outline.v1.md	rewrite-notes/10-stage-mib/.design/14-outline.v1.md	mv-ignored	R5
notes/rewrite/fork-syscall-rewrite/10-stage-mib/.design/14-outline.v2.md	rewrite-notes/10-stage-mib/.design/14-outline.v2.md	mv-ignored	R5
notes/rewrite/fork-syscall-rewrite/10-stage-mib/.design/14-outline.v3.md	rewrite-notes/10-stage-mib/.design/14-outline.v3.md	mv-ignored	R5
notes/rewrite/fork-syscall-rewrite/10-stage-mib/.design/15-design.v1.md	rewrite-notes/10-stage-mib/.design/15-design.v1.md	mv-ignored	R5
notes/rewrite/fork-syscall-rewrite/10-stage-mib/.design/15-design.v2.md	rewrite-notes/10-stage-mib/.design/15-design.v2.md	mv-ignored	R5
notes/rewrite/fork-syscall-rewrite/10-stage-mib/.design/15-design.v3.md	rewrite-notes/10-stage-mib/.design/15-design.v3.md	mv-ignored	R5
notes/rewrite/fork-syscall-rewrite/10-stage-mib/.design/15-outline-review.v1.md	rewrite-notes/10-stage-mib/.design/15-outline-review.v1.md	mv-ignored	R5
notes/rewrite/fork-syscall-rewrite/10-stage-mib/.design/15-outline-review.v2.md	rewrite-notes/10-stage-mib/.design/15-outline-review.v2.md	mv-ignored	R5
notes/rewrite/fork-syscall-rewrite/10-stage-mib/.design/15-outline-review.v3.md	rewrite-notes/10-stage-mib/.design/15-outline-review.v3.md	mv-ignored	R5
notes/rewrite/fork-syscall-rewrite/10-stage-mib/.design/15-outline.v1.md	rewrite-notes/10-stage-mib/.design/15-outline.v1.md	mv-ignored	R5
notes/rewrite/fork-syscall-rewrite/10-stage-mib/.design/15-outline.v2.md	rewrite-notes/10-stage-mib/.design/15-outline.v2.md	mv-ignored	R5
notes/rewrite/fork-syscall-rewrite/10-stage-mib/.design/15-outline.v3.md	rewrite-notes/10-stage-mib/.design/15-outline.v3.md	mv-ignored	R5
notes/rewrite/fork-syscall-rewrite/10-stage-mib/.design/16-design.v1.md	rewrite-notes/10-stage-mib/.design/16-design.v1.md	mv-ignored	R5
notes/rewrite/fork-syscall-rewrite/10-stage-mib/.design/16-design.v2.md	rewrite-notes/10-stage-mib/.design/16-design.v2.md	mv-ignored	R5
notes/rewrite/fork-syscall-rewrite/10-stage-mib/.design/16-outline-review.v1.md	rewrite-notes/10-stage-mib/.design/16-outline-review.v1.md	mv-ignored	R5
notes/rewrite/fork-syscall-rewrite/10-stage-mib/.design/16-outline-review.v2.md	rewrite-notes/10-stage-mib/.design/16-outline-review.v2.md	mv-ignored	R5
notes/rewrite/fork-syscall-rewrite/10-stage-mib/.design/16-outline.v1.md	rewrite-notes/10-stage-mib/.design/16-outline.v1.md	mv-ignored	R5
notes/rewrite/fork-syscall-rewrite/10-stage-mib/.design/16-outline.v2.md	rewrite-notes/10-stage-mib/.design/16-outline.v2.md	mv-ignored	R5
notes/rewrite/fork-syscall-rewrite/10-stage-mib/.design/17-design.v1.md	rewrite-notes/10-stage-mib/.design/17-design.v1.md	mv-ignored	R5
notes/rewrite/fork-syscall-rewrite/10-stage-mib/.design/17-design.v2.md	rewrite-notes/10-stage-mib/.design/17-design.v2.md	mv-ignored	R5
notes/rewrite/fork-syscall-rewrite/10-stage-mib/.design/17-outline-review.v1.md	rewrite-notes/10-stage-mib/.design/17-outline-review.v1.md	mv-ignored	R5
notes/rewrite/fork-syscall-rewrite/10-stage-mib/.design/17-outline-review.v2.md	rewrite-notes/10-stage-mib/.design/17-outline-review.v2.md	mv-ignored	R5
notes/rewrite/fork-syscall-rewrite/10-stage-mib/.design/17-outline.v1.md	rewrite-notes/10-stage-mib/.design/17-outline.v1.md	mv-ignored	R5
notes/rewrite/fork-syscall-rewrite/10-stage-mib/.design/17-outline.v2.md	rewrite-notes/10-stage-mib/.design/17-outline.v2.md	mv-ignored	R5
notes/rewrite/fork-syscall-rewrite/10-stage-mib/.design/18-design.v1.md	rewrite-notes/10-stage-mib/.design/18-design.v1.md	mv-ignored	R5
notes/rewrite/fork-syscall-rewrite/10-stage-mib/.design/18-outline-review.v1.md	rewrite-notes/10-stage-mib/.design/18-outline-review.v1.md	mv-ignored	R5
notes/rewrite/fork-syscall-rewrite/10-stage-mib/.design/18-outline.v1.md	rewrite-notes/10-stage-mib/.design/18-outline.v1.md	mv-ignored	R5
notes/rewrite/fork-syscall-rewrite/10-stage-mib/.design/19-design.v1.md	rewrite-notes/10-stage-mib/.design/19-design.v1.md	mv-ignored	R5
notes/rewrite/fork-syscall-rewrite/10-stage-mib/.design/19-outline-review.v1.md	rewrite-notes/10-stage-mib/.design/19-outline-review.v1.md	mv-ignored	R5
notes/rewrite/fork-syscall-rewrite/10-stage-mib/.design/19-outline.v1.md	rewrite-notes/10-stage-mib/.design/19-outline.v1.md	mv-ignored	R5
notes/rewrite/fork-syscall-rewrite/10-stage-mib/.design/20-design.v1.md	rewrite-notes/10-stage-mib/.design/20-design.v1.md	mv-ignored	R5
notes/rewrite/fork-syscall-rewrite/10-stage-mib/.design/20-outline-review.v1.md	rewrite-notes/10-stage-mib/.design/20-outline-review.v1.md	mv-ignored	R5
notes/rewrite/fork-syscall-rewrite/10-stage-mib/.design/20-outline.v1.md	rewrite-notes/10-stage-mib/.design/20-outline.v1.md	mv-ignored	R5
notes/rewrite/fork-syscall-rewrite/10-stage-mib/.design/21-design.v1.md	rewrite-notes/10-stage-mib/.design/21-design.v1.md	mv-ignored	R5
notes/rewrite/fork-syscall-rewrite/10-stage-mib/.design/21-outline-review.v1.md	rewrite-notes/10-stage-mib/.design/21-outline-review.v1.md	mv-ignored	R5
notes/rewrite/fork-syscall-rewrite/10-stage-mib/.design/21-outline.v1.md	rewrite-notes/10-stage-mib/.design/21-outline.v1.md	mv-ignored	R5
notes/rewrite/fork-syscall-rewrite/10-stage-mib/.design/22-design.v1.md	rewrite-notes/10-stage-mib/.design/22-design.v1.md	mv-ignored	R5
notes/rewrite/fork-syscall-rewrite/10-stage-mib/.design/22-outline-review.v1.md	rewrite-notes/10-stage-mib/.design/22-outline-review.v1.md	mv-ignored	R5
notes/rewrite/fork-syscall-rewrite/10-stage-mib/.design/22-outline.v1.md	rewrite-notes/10-stage-mib/.design/22-outline.v1.md	mv-ignored	R5
notes/rewrite/fork-syscall-rewrite/10-stage-mib/00-mib-overview.md	rewrite-notes/10-stage-mib/00-mib-overview.md	git-mv	R5
notes/rewrite/fork-syscall-rewrite/10-stage-mib/01-mib-init-main.md	rewrite-notes/10-stage-mib/01-mib-init-main.md	git-mv	R5
notes/rewrite/fork-syscall-rewrite/10-stage-mib/02-mib-message-contract.md	rewrite-notes/10-stage-mib/02-mib-message-contract.md	git-mv	R5
notes/rewrite/fork-syscall-rewrite/10-stage-mib/03-mib-node-model.md	rewrite-notes/10-stage-mib/03-mib-node-model.md	git-mv	R5
notes/rewrite/fork-syscall-rewrite/10-stage-mib/04-mib-static-tree-init.md	rewrite-notes/10-stage-mib/04-mib-static-tree-init.md	git-mv	R5
notes/rewrite/fork-syscall-rewrite/10-stage-mib/05-mib-tree-lookup.md	rewrite-notes/10-stage-mib/05-mib-tree-lookup.md	git-mv	R5
notes/rewrite/fork-syscall-rewrite/10-stage-mib/06-mib-copy-io.md	rewrite-notes/10-stage-mib/06-mib-copy-io.md	git-mv	R5
notes/rewrite/fork-syscall-rewrite/10-stage-mib/07-mib-auth-model.md	rewrite-notes/10-stage-mib/07-mib-auth-model.md	git-mv	R5
notes/rewrite/fork-syscall-rewrite/10-stage-mib/08-mib-dynamic-nodes.md	rewrite-notes/10-stage-mib/08-mib-dynamic-nodes.md	git-mv	R5
notes/rewrite/fork-syscall-rewrite/10-stage-mib/09-mib-data-access.md	rewrite-notes/10-stage-mib/09-mib-data-access.md	git-mv	R5
notes/rewrite/fork-syscall-rewrite/10-stage-mib/10-mib-dispatch.md	rewrite-notes/10-stage-mib/10-mib-dispatch.md	git-mv	R5
notes/rewrite/fork-syscall-rewrite/10-stage-mib/11-mib-query-describe.md	rewrite-notes/10-stage-mib/11-mib-query-describe.md	git-mv	R5
notes/rewrite/fork-syscall-rewrite/10-stage-mib/12-mib-remote-subtrees.md	rewrite-notes/10-stage-mib/12-mib-remote-subtrees.md	git-mv	R5
notes/rewrite/fork-syscall-rewrite/10-stage-mib/13-mib-subtree-kern.md	rewrite-notes/10-stage-mib/13-mib-subtree-kern.md	git-mv	R5
notes/rewrite/fork-syscall-rewrite/10-stage-mib/14-mib-subtree-vm-hw.md	rewrite-notes/10-stage-mib/14-mib-subtree-vm-hw.md	git-mv	R5
notes/rewrite/fork-syscall-rewrite/10-stage-mib/15-mib-subtree-minix.md	rewrite-notes/10-stage-mib/15-mib-subtree-minix.md	git-mv	R5
notes/rewrite/fork-syscall-rewrite/10-stage-mib/16-mib-proc-tables.md	rewrite-notes/10-stage-mib/16-mib-proc-tables.md	git-mv	R5
notes/rewrite/fork-syscall-rewrite/10-stage-mib/17-mib-proc-lwp.md	rewrite-notes/10-stage-mib/17-mib-proc-lwp.md	git-mv	R5
notes/rewrite/fork-syscall-rewrite/10-stage-mib/18-mib-proc2.md	rewrite-notes/10-stage-mib/18-mib-proc2.md	git-mv	R5
notes/rewrite/fork-syscall-rewrite/10-stage-mib/19-mib-proc-args.md	rewrite-notes/10-stage-mib/19-mib-proc-args.md	git-mv	R5
notes/rewrite/fork-syscall-rewrite/10-stage-mib/20-mib-minix-proc.md	rewrite-notes/10-stage-mib/20-mib-minix-proc.md	git-mv	R5
notes/rewrite/fork-syscall-rewrite/10-stage-mib/21-mib-client-libc.md	rewrite-notes/10-stage-mib/21-mib-client-libc.md	git-mv	R5
notes/rewrite/fork-syscall-rewrite/10-stage-mib/22-mib-rmib-client.md	rewrite-notes/10-stage-mib/22-mib-rmib-client.md	git-mv	R5
notes/rewrite/fork-syscall-rewrite/10-stage-mib/99-mib-global-concepts.md	rewrite-notes/10-stage-mib/99-mib-global-concepts.md	git-mv	R5
notes/rewrite/fork-syscall-rewrite/10-stage-mib/README.md	rewrite-notes/10-stage-mib/README.md	git-mv	R5
notes/rewrite/fork-syscall-rewrite/10-stage-mib/doc_rerank_deepseek.md	rewrite-notes/10-stage-mib/doc_rerank_deepseek.md	git-mv	R5
notes/rewrite/fork-syscall-rewrite/10-stage-mib/doc_rerank_glm.md	rewrite-notes/10-stage-mib/doc_rerank_glm.md	git-mv	R5
notes/rewrite/fork-syscall-rewrite/10-stage-mib/doc_rerank_hy4.md	rewrite-notes/10-stage-mib/doc_rerank_hy4.md	git-mv	R5
notes/rewrite/fork-syscall-rewrite/10-stage-mib/doc_rerank_muse.md	rewrite-notes/10-stage-mib/doc_rerank_muse.md	git-mv	R5
notes/rewrite/fork-syscall-rewrite/10-stage-mib/doc_rerank_qwen.md	rewrite-notes/10-stage-mib/doc_rerank_qwen.md	git-mv	R5
notes/rewrite/fork-syscall-rewrite/10-stage-mib/draft/README.md	rewrite-notes/10-stage-mib/draft/README.md	git-mv	R5
notes/rewrite/fork-syscall-rewrite/10-stage-mib/plan.md	rewrite-notes/10-stage-mib/plan.md	git-mv	R5
notes/rewrite/fork-syscall-rewrite/10-stage-mib/todo.md	rewrite-notes/10-stage-mib/todo.md	git-mv	R5
notes/rewrite/fork-syscall-rewrite/11-stage-devman/.design/00-design.v1.md	rewrite-notes/11-stage-devman/.design/00-design.v1.md	mv-ignored	R5
notes/rewrite/fork-syscall-rewrite/11-stage-devman/.design/00-outline-review.v1.md	rewrite-notes/11-stage-devman/.design/00-outline-review.v1.md	mv-ignored	R5
notes/rewrite/fork-syscall-rewrite/11-stage-devman/.design/00-outline.v1.md	rewrite-notes/11-stage-devman/.design/00-outline.v1.md	mv-ignored	R5
notes/rewrite/fork-syscall-rewrite/11-stage-devman/.design/01-design.v1.md	rewrite-notes/11-stage-devman/.design/01-design.v1.md	mv-ignored	R5
notes/rewrite/fork-syscall-rewrite/11-stage-devman/.design/01-design.v2.md	rewrite-notes/11-stage-devman/.design/01-design.v2.md	mv-ignored	R5
notes/rewrite/fork-syscall-rewrite/11-stage-devman/.design/01-outline-review.v1.md	rewrite-notes/11-stage-devman/.design/01-outline-review.v1.md	mv-ignored	R5
notes/rewrite/fork-syscall-rewrite/11-stage-devman/.design/01-outline-review.v2.md	rewrite-notes/11-stage-devman/.design/01-outline-review.v2.md	mv-ignored	R5
notes/rewrite/fork-syscall-rewrite/11-stage-devman/.design/01-outline.v1.md	rewrite-notes/11-stage-devman/.design/01-outline.v1.md	mv-ignored	R5
notes/rewrite/fork-syscall-rewrite/11-stage-devman/.design/01-outline.v2.md	rewrite-notes/11-stage-devman/.design/01-outline.v2.md	mv-ignored	R5
notes/rewrite/fork-syscall-rewrite/11-stage-devman/.design/02-design.v1.md	rewrite-notes/11-stage-devman/.design/02-design.v1.md	mv-ignored	R5
notes/rewrite/fork-syscall-rewrite/11-stage-devman/.design/02-outline-review.v1.md	rewrite-notes/11-stage-devman/.design/02-outline-review.v1.md	mv-ignored	R5
notes/rewrite/fork-syscall-rewrite/11-stage-devman/.design/02-outline.v1.md	rewrite-notes/11-stage-devman/.design/02-outline.v1.md	mv-ignored	R5
notes/rewrite/fork-syscall-rewrite/11-stage-devman/.design/03-design.v1.md	rewrite-notes/11-stage-devman/.design/03-design.v1.md	mv-ignored	R5
notes/rewrite/fork-syscall-rewrite/11-stage-devman/.design/03-outline-review.v1.md	rewrite-notes/11-stage-devman/.design/03-outline-review.v1.md	mv-ignored	R5
notes/rewrite/fork-syscall-rewrite/11-stage-devman/.design/03-outline.v1.md	rewrite-notes/11-stage-devman/.design/03-outline.v1.md	mv-ignored	R5
notes/rewrite/fork-syscall-rewrite/11-stage-devman/.design/04-design.v1.md	rewrite-notes/11-stage-devman/.design/04-design.v1.md	mv-ignored	R5
notes/rewrite/fork-syscall-rewrite/11-stage-devman/.design/04-outline-review.v1.md	rewrite-notes/11-stage-devman/.design/04-outline-review.v1.md	mv-ignored	R5
notes/rewrite/fork-syscall-rewrite/11-stage-devman/.design/04-outline.v1.md	rewrite-notes/11-stage-devman/.design/04-outline.v1.md	mv-ignored	R5
notes/rewrite/fork-syscall-rewrite/11-stage-devman/.design/05-design.v1.md	rewrite-notes/11-stage-devman/.design/05-design.v1.md	mv-ignored	R5
notes/rewrite/fork-syscall-rewrite/11-stage-devman/.design/05-outline-review.v1.md	rewrite-notes/11-stage-devman/.design/05-outline-review.v1.md	mv-ignored	R5
notes/rewrite/fork-syscall-rewrite/11-stage-devman/.design/05-outline.v1.md	rewrite-notes/11-stage-devman/.design/05-outline.v1.md	mv-ignored	R5
notes/rewrite/fork-syscall-rewrite/11-stage-devman/.design/06-design.v1.md	rewrite-notes/11-stage-devman/.design/06-design.v1.md	mv-ignored	R5
notes/rewrite/fork-syscall-rewrite/11-stage-devman/.design/06-outline-review.v1.md	rewrite-notes/11-stage-devman/.design/06-outline-review.v1.md	mv-ignored	R5
notes/rewrite/fork-syscall-rewrite/11-stage-devman/.design/06-outline.v1.md	rewrite-notes/11-stage-devman/.design/06-outline.v1.md	mv-ignored	R5
notes/rewrite/fork-syscall-rewrite/11-stage-devman/.design/07-design.v1.md	rewrite-notes/11-stage-devman/.design/07-design.v1.md	mv-ignored	R5
notes/rewrite/fork-syscall-rewrite/11-stage-devman/.design/07-outline-review.v1.md	rewrite-notes/11-stage-devman/.design/07-outline-review.v1.md	mv-ignored	R5
notes/rewrite/fork-syscall-rewrite/11-stage-devman/.design/07-outline.v1.md	rewrite-notes/11-stage-devman/.design/07-outline.v1.md	mv-ignored	R5
notes/rewrite/fork-syscall-rewrite/11-stage-devman/.design/08-design.v1.md	rewrite-notes/11-stage-devman/.design/08-design.v1.md	mv-ignored	R5
notes/rewrite/fork-syscall-rewrite/11-stage-devman/.design/08-outline-review.v1.md	rewrite-notes/11-stage-devman/.design/08-outline-review.v1.md	mv-ignored	R5
notes/rewrite/fork-syscall-rewrite/11-stage-devman/.design/08-outline.v1.md	rewrite-notes/11-stage-devman/.design/08-outline.v1.md	mv-ignored	R5
notes/rewrite/fork-syscall-rewrite/11-stage-devman/.design/09-design.v1.md	rewrite-notes/11-stage-devman/.design/09-design.v1.md	mv-ignored	R5
notes/rewrite/fork-syscall-rewrite/11-stage-devman/.design/09-outline-review.v1.md	rewrite-notes/11-stage-devman/.design/09-outline-review.v1.md	mv-ignored	R5
notes/rewrite/fork-syscall-rewrite/11-stage-devman/.design/09-outline.v1.md	rewrite-notes/11-stage-devman/.design/09-outline.v1.md	mv-ignored	R5
notes/rewrite/fork-syscall-rewrite/11-stage-devman/.design/10-design.v1.md	rewrite-notes/11-stage-devman/.design/10-design.v1.md	mv-ignored	R5
notes/rewrite/fork-syscall-rewrite/11-stage-devman/.design/10-outline-review.v1.md	rewrite-notes/11-stage-devman/.design/10-outline-review.v1.md	mv-ignored	R5
notes/rewrite/fork-syscall-rewrite/11-stage-devman/.design/10-outline.v1.md	rewrite-notes/11-stage-devman/.design/10-outline.v1.md	mv-ignored	R5
notes/rewrite/fork-syscall-rewrite/11-stage-devman/.design/11-design.v1.md	rewrite-notes/11-stage-devman/.design/11-design.v1.md	mv-ignored	R5
notes/rewrite/fork-syscall-rewrite/11-stage-devman/.design/11-outline-review.v1.md	rewrite-notes/11-stage-devman/.design/11-outline-review.v1.md	mv-ignored	R5
notes/rewrite/fork-syscall-rewrite/11-stage-devman/.design/11-outline.v1.md	rewrite-notes/11-stage-devman/.design/11-outline.v1.md	mv-ignored	R5
notes/rewrite/fork-syscall-rewrite/11-stage-devman/.design/12-design.v1.md	rewrite-notes/11-stage-devman/.design/12-design.v1.md	mv-ignored	R5
notes/rewrite/fork-syscall-rewrite/11-stage-devman/.design/12-outline-review.v1.md	rewrite-notes/11-stage-devman/.design/12-outline-review.v1.md	mv-ignored	R5
notes/rewrite/fork-syscall-rewrite/11-stage-devman/.design/12-outline.v1.md	rewrite-notes/11-stage-devman/.design/12-outline.v1.md	mv-ignored	R5
notes/rewrite/fork-syscall-rewrite/11-stage-devman/.design/13-design.v1.md	rewrite-notes/11-stage-devman/.design/13-design.v1.md	mv-ignored	R5
notes/rewrite/fork-syscall-rewrite/11-stage-devman/.design/13-outline-review.v1.md	rewrite-notes/11-stage-devman/.design/13-outline-review.v1.md	mv-ignored	R5
notes/rewrite/fork-syscall-rewrite/11-stage-devman/.design/13-outline.v1.md	rewrite-notes/11-stage-devman/.design/13-outline.v1.md	mv-ignored	R5
notes/rewrite/fork-syscall-rewrite/11-stage-devman/.design/99-design.v1.md	rewrite-notes/11-stage-devman/.design/99-design.v1.md	mv-ignored	R5
notes/rewrite/fork-syscall-rewrite/11-stage-devman/.design/99-outline-review.v1.md	rewrite-notes/11-stage-devman/.design/99-outline-review.v1.md	mv-ignored	R5
notes/rewrite/fork-syscall-rewrite/11-stage-devman/.design/99-outline.v1.md	rewrite-notes/11-stage-devman/.design/99-outline.v1.md	mv-ignored	R5
notes/rewrite/fork-syscall-rewrite/11-stage-devman/00-devm-overview.md	rewrite-notes/11-stage-devman/00-devm-overview.md	git-mv	R5
notes/rewrite/fork-syscall-rewrite/11-stage-devman/01-devm-init-main.md	rewrite-notes/11-stage-devman/01-devm-init-main.md	git-mv	R5
notes/rewrite/fork-syscall-rewrite/11-stage-devman/02-vtreefs-framework.md	rewrite-notes/11-stage-devman/02-vtreefs-framework.md	git-mv	R5
notes/rewrite/fork-syscall-rewrite/11-stage-devman/03-devm-structs.md	rewrite-notes/11-stage-devman/03-devm-structs.md	git-mv	R5
notes/rewrite/fork-syscall-rewrite/11-stage-devman/04-device-tree.md	rewrite-notes/11-stage-devman/04-device-tree.md	git-mv	R5
notes/rewrite/fork-syscall-rewrite/11-stage-devman/05-devm-message-contract.md	rewrite-notes/11-stage-devman/05-devm-message-contract.md	git-mv	R5
notes/rewrite/fork-syscall-rewrite/11-stage-devman/06-event-buf.md	rewrite-notes/11-stage-devman/06-event-buf.md	git-mv	R5
notes/rewrite/fork-syscall-rewrite/11-stage-devman/07-devm-add-device.md	rewrite-notes/11-stage-devman/07-devm-add-device.md	git-mv	R5
notes/rewrite/fork-syscall-rewrite/11-stage-devman/08-devm-del-device.md	rewrite-notes/11-stage-devman/08-devm-del-device.md	git-mv	R5
notes/rewrite/fork-syscall-rewrite/11-stage-devman/09-devm-bind-unbind.md	rewrite-notes/11-stage-devman/09-devm-bind-unbind.md	git-mv	R5
notes/rewrite/fork-syscall-rewrite/11-stage-devman/10-libdevman-client.md	rewrite-notes/11-stage-devman/10-libdevman-client.md	git-mv	R5
notes/rewrite/fork-syscall-rewrite/11-stage-devman/11-usb-device-model.md	rewrite-notes/11-stage-devman/11-usb-device-model.md	git-mv	R5
notes/rewrite/fork-syscall-rewrite/11-stage-devman/12-rs-integration.md	rewrite-notes/11-stage-devman/12-rs-integration.md	git-mv	R5
notes/rewrite/fork-syscall-rewrite/11-stage-devman/13-devmand-consumer.md	rewrite-notes/11-stage-devman/13-devmand-consumer.md	git-mv	R5
notes/rewrite/fork-syscall-rewrite/11-stage-devman/99-devm-global-concepts.md	rewrite-notes/11-stage-devman/99-devm-global-concepts.md	git-mv	R5
notes/rewrite/fork-syscall-rewrite/11-stage-devman/README.md	rewrite-notes/11-stage-devman/README.md	git-mv	R5
notes/rewrite/fork-syscall-rewrite/11-stage-devman/doc_rerank_HY4.md	rewrite-notes/11-stage-devman/doc_rerank_HY4.md	git-mv	R5
notes/rewrite/fork-syscall-rewrite/11-stage-devman/doc_rerank_deepseek.md	rewrite-notes/11-stage-devman/doc_rerank_deepseek.md	git-mv	R5
notes/rewrite/fork-syscall-rewrite/11-stage-devman/doc_rerank_glm.md	rewrite-notes/11-stage-devman/doc_rerank_glm.md	git-mv	R5
notes/rewrite/fork-syscall-rewrite/11-stage-devman/doc_rerank_muse.md	rewrite-notes/11-stage-devman/doc_rerank_muse.md	git-mv	R5
notes/rewrite/fork-syscall-rewrite/11-stage-devman/doc_rerank_qwen.md	rewrite-notes/11-stage-devman/doc_rerank_qwen.md	git-mv	R5
notes/rewrite/fork-syscall-rewrite/11-stage-devman/draft/README.md	rewrite-notes/11-stage-devman/draft/README.md	git-mv	R5
notes/rewrite/fork-syscall-rewrite/11-stage-devman/plan.md	rewrite-notes/11-stage-devman/plan.md	git-mv	R5
notes/rewrite/fork-syscall-rewrite/11-stage-devman/todo.md	rewrite-notes/11-stage-devman/todo.md	git-mv	R5
notes/rewrite/fork-syscall-rewrite/12-stage-input/.design/00-design.v1.md	rewrite-notes/12-stage-input/.design/00-design.v1.md	mv-ignored	R5
notes/rewrite/fork-syscall-rewrite/12-stage-input/.design/00-outline-review.v1.md	rewrite-notes/12-stage-input/.design/00-outline-review.v1.md	mv-ignored	R5
notes/rewrite/fork-syscall-rewrite/12-stage-input/.design/00-outline.v1.md	rewrite-notes/12-stage-input/.design/00-outline.v1.md	mv-ignored	R5
notes/rewrite/fork-syscall-rewrite/12-stage-input/.design/01-design.v1.md	rewrite-notes/12-stage-input/.design/01-design.v1.md	mv-ignored	R5
notes/rewrite/fork-syscall-rewrite/12-stage-input/.design/01-outline-review.v1.md	rewrite-notes/12-stage-input/.design/01-outline-review.v1.md	mv-ignored	R5
notes/rewrite/fork-syscall-rewrite/12-stage-input/.design/01-outline.v1.md	rewrite-notes/12-stage-input/.design/01-outline.v1.md	mv-ignored	R5
notes/rewrite/fork-syscall-rewrite/12-stage-input/.design/02-design.v1.md	rewrite-notes/12-stage-input/.design/02-design.v1.md	mv-ignored	R5
notes/rewrite/fork-syscall-rewrite/12-stage-input/.design/02-outline-review.v1.md	rewrite-notes/12-stage-input/.design/02-outline-review.v1.md	mv-ignored	R5
notes/rewrite/fork-syscall-rewrite/12-stage-input/.design/02-outline.v1.md	rewrite-notes/12-stage-input/.design/02-outline.v1.md	mv-ignored	R5
notes/rewrite/fork-syscall-rewrite/12-stage-input/.design/03-design.v1.md	rewrite-notes/12-stage-input/.design/03-design.v1.md	mv-ignored	R5
notes/rewrite/fork-syscall-rewrite/12-stage-input/.design/03-outline-review.v1.md	rewrite-notes/12-stage-input/.design/03-outline-review.v1.md	mv-ignored	R5
notes/rewrite/fork-syscall-rewrite/12-stage-input/.design/03-outline.v1.md	rewrite-notes/12-stage-input/.design/03-outline.v1.md	mv-ignored	R5
notes/rewrite/fork-syscall-rewrite/12-stage-input/.design/04-design.v1.md	rewrite-notes/12-stage-input/.design/04-design.v1.md	mv-ignored	R5
notes/rewrite/fork-syscall-rewrite/12-stage-input/.design/04-outline-review.v1.md	rewrite-notes/12-stage-input/.design/04-outline-review.v1.md	mv-ignored	R5
notes/rewrite/fork-syscall-rewrite/12-stage-input/.design/04-outline.v1.md	rewrite-notes/12-stage-input/.design/04-outline.v1.md	mv-ignored	R5
notes/rewrite/fork-syscall-rewrite/12-stage-input/.design/05-design.v1.md	rewrite-notes/12-stage-input/.design/05-design.v1.md	mv-ignored	R5
notes/rewrite/fork-syscall-rewrite/12-stage-input/.design/05-outline-review.v1.md	rewrite-notes/12-stage-input/.design/05-outline-review.v1.md	mv-ignored	R5
notes/rewrite/fork-syscall-rewrite/12-stage-input/.design/05-outline.v1.md	rewrite-notes/12-stage-input/.design/05-outline.v1.md	mv-ignored	R5
notes/rewrite/fork-syscall-rewrite/12-stage-input/.design/06-design.v1.md	rewrite-notes/12-stage-input/.design/06-design.v1.md	mv-ignored	R5
notes/rewrite/fork-syscall-rewrite/12-stage-input/.design/06-outline-review.v1.md	rewrite-notes/12-stage-input/.design/06-outline-review.v1.md	mv-ignored	R5
notes/rewrite/fork-syscall-rewrite/12-stage-input/.design/06-outline.v1.md	rewrite-notes/12-stage-input/.design/06-outline.v1.md	mv-ignored	R5
notes/rewrite/fork-syscall-rewrite/12-stage-input/.design/07-design.v1.md	rewrite-notes/12-stage-input/.design/07-design.v1.md	mv-ignored	R5
notes/rewrite/fork-syscall-rewrite/12-stage-input/.design/07-outline-review.v1.md	rewrite-notes/12-stage-input/.design/07-outline-review.v1.md	mv-ignored	R5
notes/rewrite/fork-syscall-rewrite/12-stage-input/.design/07-outline.v1.md	rewrite-notes/12-stage-input/.design/07-outline.v1.md	mv-ignored	R5
notes/rewrite/fork-syscall-rewrite/12-stage-input/.design/08-design.v1.md	rewrite-notes/12-stage-input/.design/08-design.v1.md	mv-ignored	R5
notes/rewrite/fork-syscall-rewrite/12-stage-input/.design/08-outline-review.v1.md	rewrite-notes/12-stage-input/.design/08-outline-review.v1.md	mv-ignored	R5
notes/rewrite/fork-syscall-rewrite/12-stage-input/.design/08-outline.v1.md	rewrite-notes/12-stage-input/.design/08-outline.v1.md	mv-ignored	R5
notes/rewrite/fork-syscall-rewrite/12-stage-input/.design/09-design.v1.md	rewrite-notes/12-stage-input/.design/09-design.v1.md	mv-ignored	R5
notes/rewrite/fork-syscall-rewrite/12-stage-input/.design/09-outline-review.v1.md	rewrite-notes/12-stage-input/.design/09-outline-review.v1.md	mv-ignored	R5
notes/rewrite/fork-syscall-rewrite/12-stage-input/.design/09-outline.v1.md	rewrite-notes/12-stage-input/.design/09-outline.v1.md	mv-ignored	R5
notes/rewrite/fork-syscall-rewrite/12-stage-input/.design/10-design.v1.md	rewrite-notes/12-stage-input/.design/10-design.v1.md	mv-ignored	R5
notes/rewrite/fork-syscall-rewrite/12-stage-input/.design/10-outline-review.v1.md	rewrite-notes/12-stage-input/.design/10-outline-review.v1.md	mv-ignored	R5
notes/rewrite/fork-syscall-rewrite/12-stage-input/.design/10-outline.v1.md	rewrite-notes/12-stage-input/.design/10-outline.v1.md	mv-ignored	R5
notes/rewrite/fork-syscall-rewrite/12-stage-input/.design/11-design.v1.md	rewrite-notes/12-stage-input/.design/11-design.v1.md	mv-ignored	R5
notes/rewrite/fork-syscall-rewrite/12-stage-input/.design/11-outline-review.v1.md	rewrite-notes/12-stage-input/.design/11-outline-review.v1.md	mv-ignored	R5
notes/rewrite/fork-syscall-rewrite/12-stage-input/.design/11-outline.v1.md	rewrite-notes/12-stage-input/.design/11-outline.v1.md	mv-ignored	R5
notes/rewrite/fork-syscall-rewrite/12-stage-input/.design/12-design.v1.md	rewrite-notes/12-stage-input/.design/12-design.v1.md	mv-ignored	R5
notes/rewrite/fork-syscall-rewrite/12-stage-input/.design/12-outline-review.v1.md	rewrite-notes/12-stage-input/.design/12-outline-review.v1.md	mv-ignored	R5
notes/rewrite/fork-syscall-rewrite/12-stage-input/.design/12-outline.v1.md	rewrite-notes/12-stage-input/.design/12-outline.v1.md	mv-ignored	R5
notes/rewrite/fork-syscall-rewrite/12-stage-input/.design/13-design.v1.md	rewrite-notes/12-stage-input/.design/13-design.v1.md	mv-ignored	R5
notes/rewrite/fork-syscall-rewrite/12-stage-input/.design/13-outline-review.v1.md	rewrite-notes/12-stage-input/.design/13-outline-review.v1.md	mv-ignored	R5
notes/rewrite/fork-syscall-rewrite/12-stage-input/.design/13-outline.v1.md	rewrite-notes/12-stage-input/.design/13-outline.v1.md	mv-ignored	R5
notes/rewrite/fork-syscall-rewrite/12-stage-input/.design/14-design.v1.md	rewrite-notes/12-stage-input/.design/14-design.v1.md	mv-ignored	R5
notes/rewrite/fork-syscall-rewrite/12-stage-input/.design/14-outline-review.v1.md	rewrite-notes/12-stage-input/.design/14-outline-review.v1.md	mv-ignored	R5
notes/rewrite/fork-syscall-rewrite/12-stage-input/.design/14-outline.v1.md	rewrite-notes/12-stage-input/.design/14-outline.v1.md	mv-ignored	R5
notes/rewrite/fork-syscall-rewrite/12-stage-input/.design/99-design.v1.md	rewrite-notes/12-stage-input/.design/99-design.v1.md	mv-ignored	R5
notes/rewrite/fork-syscall-rewrite/12-stage-input/.design/99-outline-review.v1.md	rewrite-notes/12-stage-input/.design/99-outline-review.v1.md	mv-ignored	R5
notes/rewrite/fork-syscall-rewrite/12-stage-input/.design/99-outline.v1.md	rewrite-notes/12-stage-input/.design/99-outline.v1.md	mv-ignored	R5
notes/rewrite/fork-syscall-rewrite/12-stage-input/00-input-overview.md	rewrite-notes/12-stage-input/00-input-overview.md	git-mv	R5
notes/rewrite/fork-syscall-rewrite/12-stage-input/01-input-init-main.md	rewrite-notes/12-stage-input/01-input-init-main.md	git-mv	R5
notes/rewrite/fork-syscall-rewrite/12-stage-input/02-chardriver-framework.md	rewrite-notes/12-stage-input/02-chardriver-framework.md	git-mv	R5
notes/rewrite/fork-syscall-rewrite/12-stage-input/03-input-device-structs.md	rewrite-notes/12-stage-input/03-input-device-structs.md	git-mv	R5
notes/rewrite/fork-syscall-rewrite/12-stage-input/04-input-event-format.md	rewrite-notes/12-stage-input/04-input-event-format.md	git-mv	R5
notes/rewrite/fork-syscall-rewrite/12-stage-input/05-input-message-contract.md	rewrite-notes/12-stage-input/05-input-message-contract.md	git-mv	R5
notes/rewrite/fork-syscall-rewrite/12-stage-input/06-input-open-close.md	rewrite-notes/12-stage-input/06-input-open-close.md	git-mv	R5
notes/rewrite/fork-syscall-rewrite/12-stage-input/07-input-read-suspend.md	rewrite-notes/12-stage-input/07-input-read-suspend.md	git-mv	R5
notes/rewrite/fork-syscall-rewrite/12-stage-input/08-input-ioctl-cancel-select.md	rewrite-notes/12-stage-input/08-input-ioctl-cancel-select.md	git-mv	R5
notes/rewrite/fork-syscall-rewrite/12-stage-input/09-input-event-processing.md	rewrite-notes/12-stage-input/09-input-event-processing.md	git-mv	R5
notes/rewrite/fork-syscall-rewrite/12-stage-input/10-input-setleds.md	rewrite-notes/12-stage-input/10-input-setleds.md	git-mv	R5
notes/rewrite/fork-syscall-rewrite/12-stage-input/11-input-driver-connect.md	rewrite-notes/12-stage-input/11-input-driver-connect.md	git-mv	R5
notes/rewrite/fork-syscall-rewrite/12-stage-input/12-libinputdriver.md	rewrite-notes/12-stage-input/12-libinputdriver.md	git-mv	R5
notes/rewrite/fork-syscall-rewrite/12-stage-input/13-tty-consumer.md	rewrite-notes/12-stage-input/13-tty-consumer.md	git-mv	R5
notes/rewrite/fork-syscall-rewrite/12-stage-input/14-pckbd-driver.md	rewrite-notes/12-stage-input/14-pckbd-driver.md	git-mv	R5
notes/rewrite/fork-syscall-rewrite/12-stage-input/99-input-global-concepts.md	rewrite-notes/12-stage-input/99-input-global-concepts.md	git-mv	R5
notes/rewrite/fork-syscall-rewrite/12-stage-input/doc_rerank_HY4.md	rewrite-notes/12-stage-input/doc_rerank_HY4.md	git-mv	R5
notes/rewrite/fork-syscall-rewrite/12-stage-input/doc_rerank_deepseek.md	rewrite-notes/12-stage-input/doc_rerank_deepseek.md	git-mv	R5
notes/rewrite/fork-syscall-rewrite/12-stage-input/doc_rerank_glm.md	rewrite-notes/12-stage-input/doc_rerank_glm.md	git-mv	R5
notes/rewrite/fork-syscall-rewrite/12-stage-input/doc_rerank_muse.md	rewrite-notes/12-stage-input/doc_rerank_muse.md	git-mv	R5
notes/rewrite/fork-syscall-rewrite/12-stage-input/doc_rerank_qwen.md	rewrite-notes/12-stage-input/doc_rerank_qwen.md	git-mv	R5
notes/rewrite/fork-syscall-rewrite/12-stage-input/draft/README.md	rewrite-notes/12-stage-input/draft/README.md	git-mv	R5
notes/rewrite/fork-syscall-rewrite/12-stage-input/plan.md	rewrite-notes/12-stage-input/plan.md	git-mv	R5
notes/rewrite/fork-syscall-rewrite/12-stage-input/todo.md	rewrite-notes/12-stage-input/todo.md	git-mv	R5
notes/rewrite/fork-syscall-rewrite/13-stage-ipc/.design/00-design.v1.md	rewrite-notes/13-stage-ipc/.design/00-design.v1.md	mv-ignored	R5
notes/rewrite/fork-syscall-rewrite/13-stage-ipc/.design/00-outline-review.v1.md	rewrite-notes/13-stage-ipc/.design/00-outline-review.v1.md	mv-ignored	R5
notes/rewrite/fork-syscall-rewrite/13-stage-ipc/.design/00-outline.v1.md	rewrite-notes/13-stage-ipc/.design/00-outline.v1.md	mv-ignored	R5
notes/rewrite/fork-syscall-rewrite/13-stage-ipc/.design/01-design.v1.md	rewrite-notes/13-stage-ipc/.design/01-design.v1.md	mv-ignored	R5
notes/rewrite/fork-syscall-rewrite/13-stage-ipc/.design/01-outline-review.v1.md	rewrite-notes/13-stage-ipc/.design/01-outline-review.v1.md	mv-ignored	R5
notes/rewrite/fork-syscall-rewrite/13-stage-ipc/.design/01-outline.v1.md	rewrite-notes/13-stage-ipc/.design/01-outline.v1.md	mv-ignored	R5
notes/rewrite/fork-syscall-rewrite/13-stage-ipc/.design/02-design.v1.md	rewrite-notes/13-stage-ipc/.design/02-design.v1.md	mv-ignored	R5
notes/rewrite/fork-syscall-rewrite/13-stage-ipc/.design/02-outline-review.v1.md	rewrite-notes/13-stage-ipc/.design/02-outline-review.v1.md	mv-ignored	R5
notes/rewrite/fork-syscall-rewrite/13-stage-ipc/.design/02-outline.v1.md	rewrite-notes/13-stage-ipc/.design/02-outline.v1.md	mv-ignored	R5
notes/rewrite/fork-syscall-rewrite/13-stage-ipc/.design/03-design.v1.md	rewrite-notes/13-stage-ipc/.design/03-design.v1.md	mv-ignored	R5
notes/rewrite/fork-syscall-rewrite/13-stage-ipc/.design/03-outline-review.v1.md	rewrite-notes/13-stage-ipc/.design/03-outline-review.v1.md	mv-ignored	R5
notes/rewrite/fork-syscall-rewrite/13-stage-ipc/.design/03-outline.v1.md	rewrite-notes/13-stage-ipc/.design/03-outline.v1.md	mv-ignored	R5
notes/rewrite/fork-syscall-rewrite/13-stage-ipc/.design/04-design.v1.md	rewrite-notes/13-stage-ipc/.design/04-design.v1.md	mv-ignored	R5
notes/rewrite/fork-syscall-rewrite/13-stage-ipc/.design/04-outline-review.v1.md	rewrite-notes/13-stage-ipc/.design/04-outline-review.v1.md	mv-ignored	R5
notes/rewrite/fork-syscall-rewrite/13-stage-ipc/.design/04-outline.v1.md	rewrite-notes/13-stage-ipc/.design/04-outline.v1.md	mv-ignored	R5
notes/rewrite/fork-syscall-rewrite/13-stage-ipc/.design/05-design.v1.md	rewrite-notes/13-stage-ipc/.design/05-design.v1.md	mv-ignored	R5
notes/rewrite/fork-syscall-rewrite/13-stage-ipc/.design/05-outline-review.v1.md	rewrite-notes/13-stage-ipc/.design/05-outline-review.v1.md	mv-ignored	R5
notes/rewrite/fork-syscall-rewrite/13-stage-ipc/.design/05-outline.v1.md	rewrite-notes/13-stage-ipc/.design/05-outline.v1.md	mv-ignored	R5
notes/rewrite/fork-syscall-rewrite/13-stage-ipc/.design/06-design.v1.md	rewrite-notes/13-stage-ipc/.design/06-design.v1.md	mv-ignored	R5
notes/rewrite/fork-syscall-rewrite/13-stage-ipc/.design/06-outline-review.v1.md	rewrite-notes/13-stage-ipc/.design/06-outline-review.v1.md	mv-ignored	R5
notes/rewrite/fork-syscall-rewrite/13-stage-ipc/.design/06-outline.v1.md	rewrite-notes/13-stage-ipc/.design/06-outline.v1.md	mv-ignored	R5
notes/rewrite/fork-syscall-rewrite/13-stage-ipc/.design/99-design.v1.md	rewrite-notes/13-stage-ipc/.design/99-design.v1.md	mv-ignored	R5
notes/rewrite/fork-syscall-rewrite/13-stage-ipc/.design/99-outline-review.v1.md	rewrite-notes/13-stage-ipc/.design/99-outline-review.v1.md	mv-ignored	R5
notes/rewrite/fork-syscall-rewrite/13-stage-ipc/.design/99-outline.v1.md	rewrite-notes/13-stage-ipc/.design/99-outline.v1.md	mv-ignored	R5
notes/rewrite/fork-syscall-rewrite/13-stage-ipc/00-ipc-overview.md	rewrite-notes/13-stage-ipc/00-ipc-overview.md	git-mv	R5
notes/rewrite/fork-syscall-rewrite/13-stage-ipc/01-ipc-init-main.md	rewrite-notes/13-stage-ipc/01-ipc-init-main.md	git-mv	R5
notes/rewrite/fork-syscall-rewrite/13-stage-ipc/02-ipc-message-contract.md	rewrite-notes/13-stage-ipc/02-ipc-message-contract.md	git-mv	R5
notes/rewrite/fork-syscall-rewrite/13-stage-ipc/03-ipc-mib-registration.md	rewrite-notes/13-stage-ipc/03-ipc-mib-registration.md	git-mv	R5
notes/rewrite/fork-syscall-rewrite/13-stage-ipc/04-ipc-permissions.md	rewrite-notes/13-stage-ipc/04-ipc-permissions.md	git-mv	R5
notes/rewrite/fork-syscall-rewrite/13-stage-ipc/05-ipc-sem-table.md	rewrite-notes/13-stage-ipc/05-ipc-sem-table.md	git-mv	R5
notes/rewrite/fork-syscall-rewrite/13-stage-ipc/06-ipc-semop.md	rewrite-notes/13-stage-ipc/06-ipc-semop.md	git-mv	R5
notes/rewrite/fork-syscall-rewrite/13-stage-ipc/07-ipc-shm-segment.md	rewrite-notes/13-stage-ipc/07-ipc-shm-segment.md	git-mv	R5
notes/rewrite/fork-syscall-rewrite/13-stage-ipc/08-ipc-shm-attach.md	rewrite-notes/13-stage-ipc/08-ipc-shm-attach.md	git-mv	R5
notes/rewrite/fork-syscall-rewrite/13-stage-ipc/09-ipc-proc-events.md	rewrite-notes/13-stage-ipc/09-ipc-proc-events.md	git-mv	R5
notes/rewrite/fork-syscall-rewrite/13-stage-ipc/10-ipc-lifecycle.md	rewrite-notes/13-stage-ipc/10-ipc-lifecycle.md	git-mv	R5
notes/rewrite/fork-syscall-rewrite/13-stage-ipc/99-ipc-global-concepts.md	rewrite-notes/13-stage-ipc/99-ipc-global-concepts.md	git-mv	R5
notes/rewrite/fork-syscall-rewrite/13-stage-ipc/README.md	rewrite-notes/13-stage-ipc/README.md	git-mv	R5
notes/rewrite/fork-syscall-rewrite/13-stage-ipc/archive/todo-R1-archive-2026-09-16.md	rewrite-notes/13-stage-ipc/archive/todo-R1-archive-2026-09-16.md	git-mv	R5
notes/rewrite/fork-syscall-rewrite/13-stage-ipc/doc_rerank_HY4.md	rewrite-notes/13-stage-ipc/doc_rerank_HY4.md	git-mv	R5
notes/rewrite/fork-syscall-rewrite/13-stage-ipc/doc_rerank_deepseek.md	rewrite-notes/13-stage-ipc/doc_rerank_deepseek.md	git-mv	R5
notes/rewrite/fork-syscall-rewrite/13-stage-ipc/doc_rerank_glm.md	rewrite-notes/13-stage-ipc/doc_rerank_glm.md	git-mv	R5
notes/rewrite/fork-syscall-rewrite/13-stage-ipc/doc_rerank_muse.md	rewrite-notes/13-stage-ipc/doc_rerank_muse.md	git-mv	R5
notes/rewrite/fork-syscall-rewrite/13-stage-ipc/doc_rerank_qwen.md	rewrite-notes/13-stage-ipc/doc_rerank_qwen.md	git-mv	R5
notes/rewrite/fork-syscall-rewrite/13-stage-ipc/draft/README.md	rewrite-notes/13-stage-ipc/draft/README.md	git-mv	R5
notes/rewrite/fork-syscall-rewrite/13-stage-ipc/plan.md	rewrite-notes/13-stage-ipc/plan.md	git-mv	R5
notes/rewrite/fork-syscall-rewrite/13-stage-ipc/todo.md	rewrite-notes/13-stage-ipc/todo.md	git-mv	R5
notes/rewrite/fork-syscall-rewrite/14-stage-runtime/.design/01-design.v1.md	rewrite-notes/14-stage-runtime/.design/01-design.v1.md	mv-ignored	R5
notes/rewrite/fork-syscall-rewrite/14-stage-runtime/.design/01-outline-review.v1.md	rewrite-notes/14-stage-runtime/.design/01-outline-review.v1.md	mv-ignored	R5
notes/rewrite/fork-syscall-rewrite/14-stage-runtime/.design/01-outline.v1.md	rewrite-notes/14-stage-runtime/.design/01-outline.v1.md	mv-ignored	R5
notes/rewrite/fork-syscall-rewrite/14-stage-runtime/.design/02-design.v1.md	rewrite-notes/14-stage-runtime/.design/02-design.v1.md	mv-ignored	R5
notes/rewrite/fork-syscall-rewrite/14-stage-runtime/.design/02-outline-review.v1.md	rewrite-notes/14-stage-runtime/.design/02-outline-review.v1.md	mv-ignored	R5
notes/rewrite/fork-syscall-rewrite/14-stage-runtime/.design/02-outline.v1.md	rewrite-notes/14-stage-runtime/.design/02-outline.v1.md	mv-ignored	R5
notes/rewrite/fork-syscall-rewrite/14-stage-runtime/.design/03-design.v1.md	rewrite-notes/14-stage-runtime/.design/03-design.v1.md	mv-ignored	R5
notes/rewrite/fork-syscall-rewrite/14-stage-runtime/.design/03-outline-review.v1.md	rewrite-notes/14-stage-runtime/.design/03-outline-review.v1.md	mv-ignored	R5
notes/rewrite/fork-syscall-rewrite/14-stage-runtime/.design/03-outline.v1.md	rewrite-notes/14-stage-runtime/.design/03-outline.v1.md	mv-ignored	R5
notes/rewrite/fork-syscall-rewrite/14-stage-runtime/.design/04-design.v1.md	rewrite-notes/14-stage-runtime/.design/04-design.v1.md	mv-ignored	R5
notes/rewrite/fork-syscall-rewrite/14-stage-runtime/.design/04-outline-review.v1.md	rewrite-notes/14-stage-runtime/.design/04-outline-review.v1.md	mv-ignored	R5
notes/rewrite/fork-syscall-rewrite/14-stage-runtime/.design/04-outline.v1.md	rewrite-notes/14-stage-runtime/.design/04-outline.v1.md	mv-ignored	R5
notes/rewrite/fork-syscall-rewrite/14-stage-runtime/.design/05-design.v1.md	rewrite-notes/14-stage-runtime/.design/05-design.v1.md	mv-ignored	R5
notes/rewrite/fork-syscall-rewrite/14-stage-runtime/.design/05-outline-review.v1.md	rewrite-notes/14-stage-runtime/.design/05-outline-review.v1.md	mv-ignored	R5
notes/rewrite/fork-syscall-rewrite/14-stage-runtime/.design/05-outline.v1.md	rewrite-notes/14-stage-runtime/.design/05-outline.v1.md	mv-ignored	R5
notes/rewrite/fork-syscall-rewrite/14-stage-runtime/.design/06-design.v1.md	rewrite-notes/14-stage-runtime/.design/06-design.v1.md	mv-ignored	R5
notes/rewrite/fork-syscall-rewrite/14-stage-runtime/.design/06-outline-review.v1.md	rewrite-notes/14-stage-runtime/.design/06-outline-review.v1.md	mv-ignored	R5
notes/rewrite/fork-syscall-rewrite/14-stage-runtime/.design/06-outline.v1.md	rewrite-notes/14-stage-runtime/.design/06-outline.v1.md	mv-ignored	R5
notes/rewrite/fork-syscall-rewrite/14-stage-runtime/.design/07-design.v1.md	rewrite-notes/14-stage-runtime/.design/07-design.v1.md	mv-ignored	R5
notes/rewrite/fork-syscall-rewrite/14-stage-runtime/.design/07-outline-review.v1.md	rewrite-notes/14-stage-runtime/.design/07-outline-review.v1.md	mv-ignored	R5
notes/rewrite/fork-syscall-rewrite/14-stage-runtime/.design/07-outline.v1.md	rewrite-notes/14-stage-runtime/.design/07-outline.v1.md	mv-ignored	R5
notes/rewrite/fork-syscall-rewrite/14-stage-runtime/.design/08-design.v1.md	rewrite-notes/14-stage-runtime/.design/08-design.v1.md	mv-ignored	R5
notes/rewrite/fork-syscall-rewrite/14-stage-runtime/.design/08-outline-review.v1.md	rewrite-notes/14-stage-runtime/.design/08-outline-review.v1.md	mv-ignored	R5
notes/rewrite/fork-syscall-rewrite/14-stage-runtime/.design/08-outline.v1.md	rewrite-notes/14-stage-runtime/.design/08-outline.v1.md	mv-ignored	R5
notes/rewrite/fork-syscall-rewrite/14-stage-runtime/.design/09-design.v1.md	rewrite-notes/14-stage-runtime/.design/09-design.v1.md	mv-ignored	R5
notes/rewrite/fork-syscall-rewrite/14-stage-runtime/.design/09-outline-review.v1.md	rewrite-notes/14-stage-runtime/.design/09-outline-review.v1.md	mv-ignored	R5
notes/rewrite/fork-syscall-rewrite/14-stage-runtime/.design/09-outline.v1.md	rewrite-notes/14-stage-runtime/.design/09-outline.v1.md	mv-ignored	R5
notes/rewrite/fork-syscall-rewrite/14-stage-runtime/.design/10-design.v1.md	rewrite-notes/14-stage-runtime/.design/10-design.v1.md	mv-ignored	R5
notes/rewrite/fork-syscall-rewrite/14-stage-runtime/.design/10-outline-review.v1.md	rewrite-notes/14-stage-runtime/.design/10-outline-review.v1.md	mv-ignored	R5
notes/rewrite/fork-syscall-rewrite/14-stage-runtime/.design/10-outline.v1.md	rewrite-notes/14-stage-runtime/.design/10-outline.v1.md	mv-ignored	R5
notes/rewrite/fork-syscall-rewrite/14-stage-runtime/.design/11-design.v1.md	rewrite-notes/14-stage-runtime/.design/11-design.v1.md	mv-ignored	R5
notes/rewrite/fork-syscall-rewrite/14-stage-runtime/.design/11-outline-review.v1.md	rewrite-notes/14-stage-runtime/.design/11-outline-review.v1.md	mv-ignored	R5
notes/rewrite/fork-syscall-rewrite/14-stage-runtime/.design/11-outline.v1.md	rewrite-notes/14-stage-runtime/.design/11-outline.v1.md	mv-ignored	R5
notes/rewrite/fork-syscall-rewrite/14-stage-runtime/.design/12-design.v1.md	rewrite-notes/14-stage-runtime/.design/12-design.v1.md	mv-ignored	R5
notes/rewrite/fork-syscall-rewrite/14-stage-runtime/.design/12-outline-review.v1.md	rewrite-notes/14-stage-runtime/.design/12-outline-review.v1.md	mv-ignored	R5
notes/rewrite/fork-syscall-rewrite/14-stage-runtime/.design/12-outline.v1.md	rewrite-notes/14-stage-runtime/.design/12-outline.v1.md	mv-ignored	R5
notes/rewrite/fork-syscall-rewrite/14-stage-runtime/.design/13-design.v1.md	rewrite-notes/14-stage-runtime/.design/13-design.v1.md	mv-ignored	R5
notes/rewrite/fork-syscall-rewrite/14-stage-runtime/.design/13-outline-review.v1.md	rewrite-notes/14-stage-runtime/.design/13-outline-review.v1.md	mv-ignored	R5
notes/rewrite/fork-syscall-rewrite/14-stage-runtime/.design/13-outline.v1.md	rewrite-notes/14-stage-runtime/.design/13-outline.v1.md	mv-ignored	R5
notes/rewrite/fork-syscall-rewrite/14-stage-runtime/.design/99-design.v1.md	rewrite-notes/14-stage-runtime/.design/99-design.v1.md	mv-ignored	R5
notes/rewrite/fork-syscall-rewrite/14-stage-runtime/.design/99-outline.v1.md	rewrite-notes/14-stage-runtime/.design/99-outline.v1.md	mv-ignored	R5
notes/rewrite/fork-syscall-rewrite/14-stage-runtime/00-runtime-overview.md	rewrite-notes/14-stage-runtime/00-runtime-overview.md	git-mv	R5
notes/rewrite/fork-syscall-rewrite/14-stage-runtime/01-kernel-handoff.md	rewrite-notes/14-stage-runtime/01-kernel-handoff.md	git-mv	R5
notes/rewrite/fork-syscall-rewrite/14-stage-runtime/02-crt0-start.md	rewrite-notes/14-stage-runtime/02-crt0-start.md	git-mv	R5
notes/rewrite/fork-syscall-rewrite/14-stage-runtime/03-runtime-init.md	rewrite-notes/14-stage-runtime/03-runtime-init.md	git-mv	R5
notes/rewrite/fork-syscall-rewrite/14-stage-runtime/04-ipc-primitives.md	rewrite-notes/14-stage-runtime/04-ipc-primitives.md	git-mv	R5
notes/rewrite/fork-syscall-rewrite/14-stage-runtime/05-syscall-mechanism.md	rewrite-notes/14-stage-runtime/05-syscall-mechanism.md	git-mv	R5
notes/rewrite/fork-syscall-rewrite/14-stage-runtime/06-allocator.md	rewrite-notes/14-stage-runtime/06-allocator.md	git-mv	R5
notes/rewrite/fork-syscall-rewrite/14-stage-runtime/07-panic-output.md	rewrite-notes/14-stage-runtime/07-panic-output.md	git-mv	R5
notes/rewrite/fork-syscall-rewrite/14-stage-runtime/08-pm-syscalls.md	rewrite-notes/14-stage-runtime/08-pm-syscalls.md	git-mv	R5
notes/rewrite/fork-syscall-rewrite/14-stage-runtime/09-vfs-syscalls.md	rewrite-notes/14-stage-runtime/09-vfs-syscalls.md	git-mv	R5
notes/rewrite/fork-syscall-rewrite/14-stage-runtime/10-vm-syscalls.md	rewrite-notes/14-stage-runtime/10-vm-syscalls.md	git-mv	R5
notes/rewrite/fork-syscall-rewrite/14-stage-runtime/11-misc-syscalls.md	rewrite-notes/14-stage-runtime/11-misc-syscalls.md	git-mv	R5
notes/rewrite/fork-syscall-rewrite/14-stage-runtime/12-rs-query.md	rewrite-notes/14-stage-runtime/12-rs-query.md	git-mv	R5
notes/rewrite/fork-syscall-rewrite/14-stage-runtime/13-constants-abi.md	rewrite-notes/14-stage-runtime/13-constants-abi.md	git-mv	R5
notes/rewrite/fork-syscall-rewrite/14-stage-runtime/99-global-concepts.md	rewrite-notes/14-stage-runtime/99-global-concepts.md	git-mv	R5
notes/rewrite/fork-syscall-rewrite/14-stage-runtime/doc_rerank_deepseek.md	rewrite-notes/14-stage-runtime/doc_rerank_deepseek.md	git-mv	R5
notes/rewrite/fork-syscall-rewrite/14-stage-runtime/doc_rerank_glm.md	rewrite-notes/14-stage-runtime/doc_rerank_glm.md	git-mv	R5
notes/rewrite/fork-syscall-rewrite/14-stage-runtime/doc_rerank_muse.md	rewrite-notes/14-stage-runtime/doc_rerank_muse.md	git-mv	R5
notes/rewrite/fork-syscall-rewrite/14-stage-runtime/doc_rerank_qwen.md	rewrite-notes/14-stage-runtime/doc_rerank_qwen.md	git-mv	R5
notes/rewrite/fork-syscall-rewrite/14-stage-runtime/doc_rerank_qwen.pool.tsv	rewrite-notes/14-stage-runtime/doc_rerank_qwen.pool.tsv	git-mv	R5
notes/rewrite/fork-syscall-rewrite/14-stage-runtime/draft/README.md	rewrite-notes/14-stage-runtime/draft/README.md	git-mv	R5
notes/rewrite/fork-syscall-rewrite/14-stage-runtime/plan.md	rewrite-notes/14-stage-runtime/plan.md	git-mv	R5
notes/rewrite/fork-syscall-rewrite/14-stage-runtime/todo.md	rewrite-notes/14-stage-runtime/todo.md	git-mv	R5
notes/rewrite/fork-syscall-rewrite/15-stage-fs/.design/01-design.v1.md	rewrite-notes/15-stage-fs/.design/01-design.v1.md	mv-ignored	R5
notes/rewrite/fork-syscall-rewrite/15-stage-fs/.design/01-outline-review.v1.md	rewrite-notes/15-stage-fs/.design/01-outline-review.v1.md	mv-ignored	R5
notes/rewrite/fork-syscall-rewrite/15-stage-fs/.design/01-outline.v1.md	rewrite-notes/15-stage-fs/.design/01-outline.v1.md	mv-ignored	R5
notes/rewrite/fork-syscall-rewrite/15-stage-fs/.design/02-design.v1.md	rewrite-notes/15-stage-fs/.design/02-design.v1.md	mv-ignored	R5
notes/rewrite/fork-syscall-rewrite/15-stage-fs/.design/02-outline-review.v1.md	rewrite-notes/15-stage-fs/.design/02-outline-review.v1.md	mv-ignored	R5
notes/rewrite/fork-syscall-rewrite/15-stage-fs/.design/02-outline.v1.md	rewrite-notes/15-stage-fs/.design/02-outline.v1.md	mv-ignored	R5
notes/rewrite/fork-syscall-rewrite/15-stage-fs/.design/03-design.v1.md	rewrite-notes/15-stage-fs/.design/03-design.v1.md	mv-ignored	R5
notes/rewrite/fork-syscall-rewrite/15-stage-fs/.design/03-outline-review.v1.md	rewrite-notes/15-stage-fs/.design/03-outline-review.v1.md	mv-ignored	R5
notes/rewrite/fork-syscall-rewrite/15-stage-fs/.design/03-outline.v1.md	rewrite-notes/15-stage-fs/.design/03-outline.v1.md	mv-ignored	R5
notes/rewrite/fork-syscall-rewrite/15-stage-fs/.design/04-design.v1.md	rewrite-notes/15-stage-fs/.design/04-design.v1.md	mv-ignored	R5
notes/rewrite/fork-syscall-rewrite/15-stage-fs/.design/04-outline-review.v1.md	rewrite-notes/15-stage-fs/.design/04-outline-review.v1.md	mv-ignored	R5
notes/rewrite/fork-syscall-rewrite/15-stage-fs/.design/04-outline.v1.md	rewrite-notes/15-stage-fs/.design/04-outline.v1.md	mv-ignored	R5
notes/rewrite/fork-syscall-rewrite/15-stage-fs/.design/05-design.v1.md	rewrite-notes/15-stage-fs/.design/05-design.v1.md	mv-ignored	R5
notes/rewrite/fork-syscall-rewrite/15-stage-fs/.design/05-outline-review.v1.md	rewrite-notes/15-stage-fs/.design/05-outline-review.v1.md	mv-ignored	R5
notes/rewrite/fork-syscall-rewrite/15-stage-fs/.design/05-outline.v1.md	rewrite-notes/15-stage-fs/.design/05-outline.v1.md	mv-ignored	R5
notes/rewrite/fork-syscall-rewrite/15-stage-fs/.design/06-design.v1.md	rewrite-notes/15-stage-fs/.design/06-design.v1.md	mv-ignored	R5
notes/rewrite/fork-syscall-rewrite/15-stage-fs/.design/06-outline-review.v1.md	rewrite-notes/15-stage-fs/.design/06-outline-review.v1.md	mv-ignored	R5
notes/rewrite/fork-syscall-rewrite/15-stage-fs/.design/06-outline.v1.md	rewrite-notes/15-stage-fs/.design/06-outline.v1.md	mv-ignored	R5
notes/rewrite/fork-syscall-rewrite/15-stage-fs/.design/07-design.v1.md	rewrite-notes/15-stage-fs/.design/07-design.v1.md	mv-ignored	R5
notes/rewrite/fork-syscall-rewrite/15-stage-fs/.design/07-outline-review.v1.md	rewrite-notes/15-stage-fs/.design/07-outline-review.v1.md	mv-ignored	R5
notes/rewrite/fork-syscall-rewrite/15-stage-fs/.design/07-outline.v1.md	rewrite-notes/15-stage-fs/.design/07-outline.v1.md	mv-ignored	R5
notes/rewrite/fork-syscall-rewrite/15-stage-fs/.design/08-design.v1.md	rewrite-notes/15-stage-fs/.design/08-design.v1.md	mv-ignored	R5
notes/rewrite/fork-syscall-rewrite/15-stage-fs/.design/08-outline-review.v1.md	rewrite-notes/15-stage-fs/.design/08-outline-review.v1.md	mv-ignored	R5
notes/rewrite/fork-syscall-rewrite/15-stage-fs/.design/08-outline.v1.md	rewrite-notes/15-stage-fs/.design/08-outline.v1.md	mv-ignored	R5
notes/rewrite/fork-syscall-rewrite/15-stage-fs/.design/09-design.v1.md	rewrite-notes/15-stage-fs/.design/09-design.v1.md	mv-ignored	R5
notes/rewrite/fork-syscall-rewrite/15-stage-fs/.design/09-outline-review.v1.md	rewrite-notes/15-stage-fs/.design/09-outline-review.v1.md	mv-ignored	R5
notes/rewrite/fork-syscall-rewrite/15-stage-fs/.design/09-outline.v1.md	rewrite-notes/15-stage-fs/.design/09-outline.v1.md	mv-ignored	R5
notes/rewrite/fork-syscall-rewrite/15-stage-fs/.design/10-design.v1.md	rewrite-notes/15-stage-fs/.design/10-design.v1.md	mv-ignored	R5
notes/rewrite/fork-syscall-rewrite/15-stage-fs/.design/10-outline-review.v1.md	rewrite-notes/15-stage-fs/.design/10-outline-review.v1.md	mv-ignored	R5
notes/rewrite/fork-syscall-rewrite/15-stage-fs/.design/10-outline.v1.md	rewrite-notes/15-stage-fs/.design/10-outline.v1.md	mv-ignored	R5
notes/rewrite/fork-syscall-rewrite/15-stage-fs/.design/11-design.v1.md	rewrite-notes/15-stage-fs/.design/11-design.v1.md	mv-ignored	R5
notes/rewrite/fork-syscall-rewrite/15-stage-fs/.design/11-outline-review.v1.md	rewrite-notes/15-stage-fs/.design/11-outline-review.v1.md	mv-ignored	R5
notes/rewrite/fork-syscall-rewrite/15-stage-fs/.design/11-outline.v1.md	rewrite-notes/15-stage-fs/.design/11-outline.v1.md	mv-ignored	R5
notes/rewrite/fork-syscall-rewrite/15-stage-fs/.design/12-design.v1.md	rewrite-notes/15-stage-fs/.design/12-design.v1.md	mv-ignored	R5
notes/rewrite/fork-syscall-rewrite/15-stage-fs/.design/12-outline-review.v1.md	rewrite-notes/15-stage-fs/.design/12-outline-review.v1.md	mv-ignored	R5
notes/rewrite/fork-syscall-rewrite/15-stage-fs/.design/12-outline.v1.md	rewrite-notes/15-stage-fs/.design/12-outline.v1.md	mv-ignored	R5
notes/rewrite/fork-syscall-rewrite/15-stage-fs/.design/13-design.v1.md	rewrite-notes/15-stage-fs/.design/13-design.v1.md	mv-ignored	R5
notes/rewrite/fork-syscall-rewrite/15-stage-fs/.design/13-outline-review.v1.md	rewrite-notes/15-stage-fs/.design/13-outline-review.v1.md	mv-ignored	R5
notes/rewrite/fork-syscall-rewrite/15-stage-fs/.design/13-outline.v1.md	rewrite-notes/15-stage-fs/.design/13-outline.v1.md	mv-ignored	R5
notes/rewrite/fork-syscall-rewrite/15-stage-fs/.design/14-design.v1.md	rewrite-notes/15-stage-fs/.design/14-design.v1.md	mv-ignored	R5
notes/rewrite/fork-syscall-rewrite/15-stage-fs/.design/14-outline-review.v1.md	rewrite-notes/15-stage-fs/.design/14-outline-review.v1.md	mv-ignored	R5
notes/rewrite/fork-syscall-rewrite/15-stage-fs/.design/14-outline.v1.md	rewrite-notes/15-stage-fs/.design/14-outline.v1.md	mv-ignored	R5
notes/rewrite/fork-syscall-rewrite/15-stage-fs/.design/15-design.v1.md	rewrite-notes/15-stage-fs/.design/15-design.v1.md	mv-ignored	R5
notes/rewrite/fork-syscall-rewrite/15-stage-fs/.design/15-outline-review.v1.md	rewrite-notes/15-stage-fs/.design/15-outline-review.v1.md	mv-ignored	R5
notes/rewrite/fork-syscall-rewrite/15-stage-fs/.design/15-outline.v1.md	rewrite-notes/15-stage-fs/.design/15-outline.v1.md	mv-ignored	R5
notes/rewrite/fork-syscall-rewrite/15-stage-fs/.design/16-design.v1.md	rewrite-notes/15-stage-fs/.design/16-design.v1.md	mv-ignored	R5
notes/rewrite/fork-syscall-rewrite/15-stage-fs/.design/16-outline-review.v1.md	rewrite-notes/15-stage-fs/.design/16-outline-review.v1.md	mv-ignored	R5
notes/rewrite/fork-syscall-rewrite/15-stage-fs/.design/16-outline.v1.md	rewrite-notes/15-stage-fs/.design/16-outline.v1.md	mv-ignored	R5
notes/rewrite/fork-syscall-rewrite/15-stage-fs/.design/17-design.v1.md	rewrite-notes/15-stage-fs/.design/17-design.v1.md	mv-ignored	R5
notes/rewrite/fork-syscall-rewrite/15-stage-fs/.design/17-outline-review.v1.md	rewrite-notes/15-stage-fs/.design/17-outline-review.v1.md	mv-ignored	R5
notes/rewrite/fork-syscall-rewrite/15-stage-fs/.design/17-outline.v1.md	rewrite-notes/15-stage-fs/.design/17-outline.v1.md	mv-ignored	R5
notes/rewrite/fork-syscall-rewrite/15-stage-fs/.design/18-design.v1.md	rewrite-notes/15-stage-fs/.design/18-design.v1.md	mv-ignored	R5
notes/rewrite/fork-syscall-rewrite/15-stage-fs/.design/18-outline-review.v1.md	rewrite-notes/15-stage-fs/.design/18-outline-review.v1.md	mv-ignored	R5
notes/rewrite/fork-syscall-rewrite/15-stage-fs/.design/18-outline.v1.md	rewrite-notes/15-stage-fs/.design/18-outline.v1.md	mv-ignored	R5
notes/rewrite/fork-syscall-rewrite/15-stage-fs/.design/19-design.v1.md	rewrite-notes/15-stage-fs/.design/19-design.v1.md	mv-ignored	R5
notes/rewrite/fork-syscall-rewrite/15-stage-fs/.design/19-outline-review.v1.md	rewrite-notes/15-stage-fs/.design/19-outline-review.v1.md	mv-ignored	R5
notes/rewrite/fork-syscall-rewrite/15-stage-fs/.design/19-outline.v1.md	rewrite-notes/15-stage-fs/.design/19-outline.v1.md	mv-ignored	R5
notes/rewrite/fork-syscall-rewrite/15-stage-fs/.design/20-design.v1.md	rewrite-notes/15-stage-fs/.design/20-design.v1.md	mv-ignored	R5
notes/rewrite/fork-syscall-rewrite/15-stage-fs/.design/20-outline-review.v1.md	rewrite-notes/15-stage-fs/.design/20-outline-review.v1.md	mv-ignored	R5
notes/rewrite/fork-syscall-rewrite/15-stage-fs/.design/20-outline.v1.md	rewrite-notes/15-stage-fs/.design/20-outline.v1.md	mv-ignored	R5
notes/rewrite/fork-syscall-rewrite/15-stage-fs/.design/21-design.v1.md	rewrite-notes/15-stage-fs/.design/21-design.v1.md	mv-ignored	R5
notes/rewrite/fork-syscall-rewrite/15-stage-fs/.design/21-outline-review.v1.md	rewrite-notes/15-stage-fs/.design/21-outline-review.v1.md	mv-ignored	R5
notes/rewrite/fork-syscall-rewrite/15-stage-fs/.design/21-outline.v1.md	rewrite-notes/15-stage-fs/.design/21-outline.v1.md	mv-ignored	R5
notes/rewrite/fork-syscall-rewrite/15-stage-fs/.design/22-design.v1.md	rewrite-notes/15-stage-fs/.design/22-design.v1.md	mv-ignored	R5
notes/rewrite/fork-syscall-rewrite/15-stage-fs/.design/22-outline-review.v1.md	rewrite-notes/15-stage-fs/.design/22-outline-review.v1.md	mv-ignored	R5
notes/rewrite/fork-syscall-rewrite/15-stage-fs/.design/22-outline.v1.md	rewrite-notes/15-stage-fs/.design/22-outline.v1.md	mv-ignored	R5
notes/rewrite/fork-syscall-rewrite/15-stage-fs/.design/23-design.v1.md	rewrite-notes/15-stage-fs/.design/23-design.v1.md	mv-ignored	R5
notes/rewrite/fork-syscall-rewrite/15-stage-fs/.design/23-outline-review.v1.md	rewrite-notes/15-stage-fs/.design/23-outline-review.v1.md	mv-ignored	R5
notes/rewrite/fork-syscall-rewrite/15-stage-fs/.design/23-outline.v1.md	rewrite-notes/15-stage-fs/.design/23-outline.v1.md	mv-ignored	R5
notes/rewrite/fork-syscall-rewrite/15-stage-fs/.design/24-design.v1.md	rewrite-notes/15-stage-fs/.design/24-design.v1.md	mv-ignored	R5
notes/rewrite/fork-syscall-rewrite/15-stage-fs/.design/24-outline-review.v1.md	rewrite-notes/15-stage-fs/.design/24-outline-review.v1.md	mv-ignored	R5
notes/rewrite/fork-syscall-rewrite/15-stage-fs/.design/24-outline.v1.md	rewrite-notes/15-stage-fs/.design/24-outline.v1.md	mv-ignored	R5
notes/rewrite/fork-syscall-rewrite/15-stage-fs/00-fs-overview.md	rewrite-notes/15-stage-fs/00-fs-overview.md	git-mv	R5
notes/rewrite/fork-syscall-rewrite/15-stage-fs/01-fsdriver-task.md	rewrite-notes/15-stage-fs/01-fsdriver-task.md	git-mv	R5
notes/rewrite/fork-syscall-rewrite/15-stage-fs/02-fsdriver-call.md	rewrite-notes/15-stage-fs/02-fsdriver-call.md	git-mv	R5
notes/rewrite/fork-syscall-rewrite/15-stage-fs/03-fsdriver-utility.md	rewrite-notes/15-stage-fs/03-fsdriver-utility.md	git-mv	R5
notes/rewrite/fork-syscall-rewrite/15-stage-fs/04-block-cache.md	rewrite-notes/15-stage-fs/04-block-cache.md	git-mv	R5
notes/rewrite/fork-syscall-rewrite/15-stage-fs/05-block-io.md	rewrite-notes/15-stage-fs/05-block-io.md	git-mv	R5
notes/rewrite/fork-syscall-rewrite/15-stage-fs/06-pfs.md	rewrite-notes/15-stage-fs/06-pfs.md	git-mv	R5
notes/rewrite/fork-syscall-rewrite/15-stage-fs/07-mfs-init-main.md	rewrite-notes/15-stage-fs/07-mfs-init-main.md	git-mv	R5
notes/rewrite/fork-syscall-rewrite/15-stage-fs/08-mfs-super.md	rewrite-notes/15-stage-fs/08-mfs-super.md	git-mv	R5
notes/rewrite/fork-syscall-rewrite/15-stage-fs/09-mfs-inode.md	rewrite-notes/15-stage-fs/09-mfs-inode.md	git-mv	R5
notes/rewrite/fork-syscall-rewrite/15-stage-fs/10-mfs-mount.md	rewrite-notes/15-stage-fs/10-mfs-mount.md	git-mv	R5
notes/rewrite/fork-syscall-rewrite/15-stage-fs/11-mfs-path.md	rewrite-notes/15-stage-fs/11-mfs-path.md	git-mv	R5
notes/rewrite/fork-syscall-rewrite/15-stage-fs/12-mfs-open.md	rewrite-notes/15-stage-fs/12-mfs-open.md	git-mv	R5
notes/rewrite/fork-syscall-rewrite/15-stage-fs/13-mfs-link.md	rewrite-notes/15-stage-fs/13-mfs-link.md	git-mv	R5
notes/rewrite/fork-syscall-rewrite/15-stage-fs/14-mfs-read.md	rewrite-notes/15-stage-fs/14-mfs-read.md	git-mv	R5
notes/rewrite/fork-syscall-rewrite/15-stage-fs/15-mfs-write.md	rewrite-notes/15-stage-fs/15-mfs-write.md	git-mv	R5
notes/rewrite/fork-syscall-rewrite/15-stage-fs/16-mfs-metadata.md	rewrite-notes/15-stage-fs/16-mfs-metadata.md	git-mv	R5
notes/rewrite/fork-syscall-rewrite/15-stage-fs/17-mfs-maint.md	rewrite-notes/15-stage-fs/17-mfs-maint.md	git-mv	R5
notes/rewrite/fork-syscall-rewrite/15-stage-fs/18-vtreefs.md	rewrite-notes/15-stage-fs/18-vtreefs.md	git-mv	R5
notes/rewrite/fork-syscall-rewrite/15-stage-fs/19-procfs.md	rewrite-notes/15-stage-fs/19-procfs.md	git-mv	R5
notes/rewrite/fork-syscall-rewrite/15-stage-fs/20-ptyfs.md	rewrite-notes/15-stage-fs/20-ptyfs.md	git-mv	R5
notes/rewrite/fork-syscall-rewrite/15-stage-fs/21-ext2-init-mount.md	rewrite-notes/15-stage-fs/21-ext2-init-mount.md	git-mv	R5
notes/rewrite/fork-syscall-rewrite/15-stage-fs/22-ext2-namespace-data.md	rewrite-notes/15-stage-fs/22-ext2-namespace-data.md	git-mv	R5
notes/rewrite/fork-syscall-rewrite/15-stage-fs/23-isofs.md	rewrite-notes/15-stage-fs/23-isofs.md	git-mv	R5
notes/rewrite/fork-syscall-rewrite/15-stage-fs/24-vbfs-hgfs.md	rewrite-notes/15-stage-fs/24-vbfs-hgfs.md	git-mv	R5
notes/rewrite/fork-syscall-rewrite/15-stage-fs/99-global-concepts.md	rewrite-notes/15-stage-fs/99-global-concepts.md	git-mv	R5
notes/rewrite/fork-syscall-rewrite/15-stage-fs/doc_rerank_deepseek.md	rewrite-notes/15-stage-fs/doc_rerank_deepseek.md	git-mv	R5
notes/rewrite/fork-syscall-rewrite/15-stage-fs/doc_rerank_glm.md	rewrite-notes/15-stage-fs/doc_rerank_glm.md	git-mv	R5
notes/rewrite/fork-syscall-rewrite/15-stage-fs/doc_rerank_muse.md	rewrite-notes/15-stage-fs/doc_rerank_muse.md	git-mv	R5
notes/rewrite/fork-syscall-rewrite/15-stage-fs/doc_rerank_qwen.md	rewrite-notes/15-stage-fs/doc_rerank_qwen.md	git-mv	R5
notes/rewrite/fork-syscall-rewrite/15-stage-fs/draft/README.md	rewrite-notes/15-stage-fs/draft/README.md	git-mv	R5
notes/rewrite/fork-syscall-rewrite/15-stage-fs/plan.md	rewrite-notes/15-stage-fs/plan.md	git-mv	R5
notes/rewrite/fork-syscall-rewrite/15-stage-fs/todo.md	rewrite-notes/15-stage-fs/todo.md	git-mv	R5
notes/rewrite/fork-syscall-rewrite/16-stage-drivers/.design/00-design.v1.md	rewrite-notes/16-stage-drivers/.design/00-design.v1.md	mv-ignored	R5
notes/rewrite/fork-syscall-rewrite/16-stage-drivers/.design/00-outline-review.v1.md	rewrite-notes/16-stage-drivers/.design/00-outline-review.v1.md	mv-ignored	R5
notes/rewrite/fork-syscall-rewrite/16-stage-drivers/.design/00-outline.v1.md	rewrite-notes/16-stage-drivers/.design/00-outline.v1.md	mv-ignored	R5
notes/rewrite/fork-syscall-rewrite/16-stage-drivers/.design/01-design.v1.md	rewrite-notes/16-stage-drivers/.design/01-design.v1.md	mv-ignored	R5
notes/rewrite/fork-syscall-rewrite/16-stage-drivers/.design/01-outline-review.v1.md	rewrite-notes/16-stage-drivers/.design/01-outline-review.v1.md	mv-ignored	R5
notes/rewrite/fork-syscall-rewrite/16-stage-drivers/.design/01-outline.v1.md	rewrite-notes/16-stage-drivers/.design/01-outline.v1.md	mv-ignored	R5
notes/rewrite/fork-syscall-rewrite/16-stage-drivers/.design/02-design.v1.md	rewrite-notes/16-stage-drivers/.design/02-design.v1.md	mv-ignored	R5
notes/rewrite/fork-syscall-rewrite/16-stage-drivers/.design/02-outline-review.v1.md	rewrite-notes/16-stage-drivers/.design/02-outline-review.v1.md	mv-ignored	R5
notes/rewrite/fork-syscall-rewrite/16-stage-drivers/.design/02-outline.v1.md	rewrite-notes/16-stage-drivers/.design/02-outline.v1.md	mv-ignored	R5
notes/rewrite/fork-syscall-rewrite/16-stage-drivers/.design/03-design.v1.md	rewrite-notes/16-stage-drivers/.design/03-design.v1.md	mv-ignored	R5
notes/rewrite/fork-syscall-rewrite/16-stage-drivers/.design/03-outline-review.v1.md	rewrite-notes/16-stage-drivers/.design/03-outline-review.v1.md	mv-ignored	R5
notes/rewrite/fork-syscall-rewrite/16-stage-drivers/.design/03-outline.v1.md	rewrite-notes/16-stage-drivers/.design/03-outline.v1.md	mv-ignored	R5
notes/rewrite/fork-syscall-rewrite/16-stage-drivers/.design/04-design.v1.md	rewrite-notes/16-stage-drivers/.design/04-design.v1.md	mv-ignored	R5
notes/rewrite/fork-syscall-rewrite/16-stage-drivers/.design/04-outline-review.v1.md	rewrite-notes/16-stage-drivers/.design/04-outline-review.v1.md	mv-ignored	R5
notes/rewrite/fork-syscall-rewrite/16-stage-drivers/.design/04-outline.v1.md	rewrite-notes/16-stage-drivers/.design/04-outline.v1.md	mv-ignored	R5
notes/rewrite/fork-syscall-rewrite/16-stage-drivers/.design/05-design.v1.md	rewrite-notes/16-stage-drivers/.design/05-design.v1.md	mv-ignored	R5
notes/rewrite/fork-syscall-rewrite/16-stage-drivers/.design/05-outline-review.v1.md	rewrite-notes/16-stage-drivers/.design/05-outline-review.v1.md	mv-ignored	R5
notes/rewrite/fork-syscall-rewrite/16-stage-drivers/.design/05-outline.v1.md	rewrite-notes/16-stage-drivers/.design/05-outline.v1.md	mv-ignored	R5
notes/rewrite/fork-syscall-rewrite/16-stage-drivers/.design/06-design.v1.md	rewrite-notes/16-stage-drivers/.design/06-design.v1.md	mv-ignored	R5
notes/rewrite/fork-syscall-rewrite/16-stage-drivers/.design/06-outline-review.v1.md	rewrite-notes/16-stage-drivers/.design/06-outline-review.v1.md	mv-ignored	R5
notes/rewrite/fork-syscall-rewrite/16-stage-drivers/.design/06-outline.v1.md	rewrite-notes/16-stage-drivers/.design/06-outline.v1.md	mv-ignored	R5
notes/rewrite/fork-syscall-rewrite/16-stage-drivers/.design/07-design.v1.md	rewrite-notes/16-stage-drivers/.design/07-design.v1.md	mv-ignored	R5
notes/rewrite/fork-syscall-rewrite/16-stage-drivers/.design/07-outline-review.v1.md	rewrite-notes/16-stage-drivers/.design/07-outline-review.v1.md	mv-ignored	R5
notes/rewrite/fork-syscall-rewrite/16-stage-drivers/.design/07-outline.v1.md	rewrite-notes/16-stage-drivers/.design/07-outline.v1.md	mv-ignored	R5
notes/rewrite/fork-syscall-rewrite/16-stage-drivers/.design/08-design.v1.md	rewrite-notes/16-stage-drivers/.design/08-design.v1.md	mv-ignored	R5
notes/rewrite/fork-syscall-rewrite/16-stage-drivers/.design/08-outline-review.v1.md	rewrite-notes/16-stage-drivers/.design/08-outline-review.v1.md	mv-ignored	R5
notes/rewrite/fork-syscall-rewrite/16-stage-drivers/.design/08-outline.v1.md	rewrite-notes/16-stage-drivers/.design/08-outline.v1.md	mv-ignored	R5
notes/rewrite/fork-syscall-rewrite/16-stage-drivers/.design/09-design.v1.md	rewrite-notes/16-stage-drivers/.design/09-design.v1.md	mv-ignored	R5
notes/rewrite/fork-syscall-rewrite/16-stage-drivers/.design/09-outline-review.v1.md	rewrite-notes/16-stage-drivers/.design/09-outline-review.v1.md	mv-ignored	R5
notes/rewrite/fork-syscall-rewrite/16-stage-drivers/.design/09-outline.v1.md	rewrite-notes/16-stage-drivers/.design/09-outline.v1.md	mv-ignored	R5
notes/rewrite/fork-syscall-rewrite/16-stage-drivers/.design/10-design.v1.md	rewrite-notes/16-stage-drivers/.design/10-design.v1.md	mv-ignored	R5
notes/rewrite/fork-syscall-rewrite/16-stage-drivers/.design/10-outline-review.v1.md	rewrite-notes/16-stage-drivers/.design/10-outline-review.v1.md	mv-ignored	R5
notes/rewrite/fork-syscall-rewrite/16-stage-drivers/.design/10-outline.v1.md	rewrite-notes/16-stage-drivers/.design/10-outline.v1.md	mv-ignored	R5
notes/rewrite/fork-syscall-rewrite/16-stage-drivers/.design/11-design.v1.md	rewrite-notes/16-stage-drivers/.design/11-design.v1.md	mv-ignored	R5
notes/rewrite/fork-syscall-rewrite/16-stage-drivers/.design/11-outline-review.v1.md	rewrite-notes/16-stage-drivers/.design/11-outline-review.v1.md	mv-ignored	R5
notes/rewrite/fork-syscall-rewrite/16-stage-drivers/.design/11-outline.v1.md	rewrite-notes/16-stage-drivers/.design/11-outline.v1.md	mv-ignored	R5
notes/rewrite/fork-syscall-rewrite/16-stage-drivers/.design/12-design.v1.md	rewrite-notes/16-stage-drivers/.design/12-design.v1.md	mv-ignored	R5
notes/rewrite/fork-syscall-rewrite/16-stage-drivers/.design/12-outline-review.v1.md	rewrite-notes/16-stage-drivers/.design/12-outline-review.v1.md	mv-ignored	R5
notes/rewrite/fork-syscall-rewrite/16-stage-drivers/.design/12-outline.v1.md	rewrite-notes/16-stage-drivers/.design/12-outline.v1.md	mv-ignored	R5
notes/rewrite/fork-syscall-rewrite/16-stage-drivers/.design/13-design.v1.md	rewrite-notes/16-stage-drivers/.design/13-design.v1.md	mv-ignored	R5
notes/rewrite/fork-syscall-rewrite/16-stage-drivers/.design/13-outline-review.v1.md	rewrite-notes/16-stage-drivers/.design/13-outline-review.v1.md	mv-ignored	R5
notes/rewrite/fork-syscall-rewrite/16-stage-drivers/.design/13-outline.v1.md	rewrite-notes/16-stage-drivers/.design/13-outline.v1.md	mv-ignored	R5
notes/rewrite/fork-syscall-rewrite/16-stage-drivers/.design/14-design.v1.md	rewrite-notes/16-stage-drivers/.design/14-design.v1.md	mv-ignored	R5
notes/rewrite/fork-syscall-rewrite/16-stage-drivers/.design/14-outline-review.v1.md	rewrite-notes/16-stage-drivers/.design/14-outline-review.v1.md	mv-ignored	R5
notes/rewrite/fork-syscall-rewrite/16-stage-drivers/.design/14-outline.v1.md	rewrite-notes/16-stage-drivers/.design/14-outline.v1.md	mv-ignored	R5
notes/rewrite/fork-syscall-rewrite/16-stage-drivers/.design/15-design.v1.md	rewrite-notes/16-stage-drivers/.design/15-design.v1.md	mv-ignored	R5
notes/rewrite/fork-syscall-rewrite/16-stage-drivers/.design/15-outline-review.v1.md	rewrite-notes/16-stage-drivers/.design/15-outline-review.v1.md	mv-ignored	R5
notes/rewrite/fork-syscall-rewrite/16-stage-drivers/.design/15-outline.v1.md	rewrite-notes/16-stage-drivers/.design/15-outline.v1.md	mv-ignored	R5
notes/rewrite/fork-syscall-rewrite/16-stage-drivers/.design/16-design.v1.md	rewrite-notes/16-stage-drivers/.design/16-design.v1.md	mv-ignored	R5
notes/rewrite/fork-syscall-rewrite/16-stage-drivers/.design/16-outline-review.v1.md	rewrite-notes/16-stage-drivers/.design/16-outline-review.v1.md	mv-ignored	R5
notes/rewrite/fork-syscall-rewrite/16-stage-drivers/.design/16-outline.v1.md	rewrite-notes/16-stage-drivers/.design/16-outline.v1.md	mv-ignored	R5
notes/rewrite/fork-syscall-rewrite/16-stage-drivers/.design/17-design.v1.md	rewrite-notes/16-stage-drivers/.design/17-design.v1.md	mv-ignored	R5
notes/rewrite/fork-syscall-rewrite/16-stage-drivers/.design/17-outline-review.v1.md	rewrite-notes/16-stage-drivers/.design/17-outline-review.v1.md	mv-ignored	R5
notes/rewrite/fork-syscall-rewrite/16-stage-drivers/.design/17-outline.v1.md	rewrite-notes/16-stage-drivers/.design/17-outline.v1.md	mv-ignored	R5
notes/rewrite/fork-syscall-rewrite/16-stage-drivers/.design/18-design.v1.md	rewrite-notes/16-stage-drivers/.design/18-design.v1.md	mv-ignored	R5
notes/rewrite/fork-syscall-rewrite/16-stage-drivers/.design/18-outline-review.v1.md	rewrite-notes/16-stage-drivers/.design/18-outline-review.v1.md	mv-ignored	R5
notes/rewrite/fork-syscall-rewrite/16-stage-drivers/.design/18-outline.v1.md	rewrite-notes/16-stage-drivers/.design/18-outline.v1.md	mv-ignored	R5
notes/rewrite/fork-syscall-rewrite/16-stage-drivers/.design/19-design.v1.md	rewrite-notes/16-stage-drivers/.design/19-design.v1.md	mv-ignored	R5
notes/rewrite/fork-syscall-rewrite/16-stage-drivers/.design/19-outline-review.v1.md	rewrite-notes/16-stage-drivers/.design/19-outline-review.v1.md	mv-ignored	R5
notes/rewrite/fork-syscall-rewrite/16-stage-drivers/.design/19-outline.v1.md	rewrite-notes/16-stage-drivers/.design/19-outline.v1.md	mv-ignored	R5
notes/rewrite/fork-syscall-rewrite/16-stage-drivers/.design/20-design.v1.md	rewrite-notes/16-stage-drivers/.design/20-design.v1.md	mv-ignored	R5
notes/rewrite/fork-syscall-rewrite/16-stage-drivers/.design/20-outline-review.v1.md	rewrite-notes/16-stage-drivers/.design/20-outline-review.v1.md	mv-ignored	R5
notes/rewrite/fork-syscall-rewrite/16-stage-drivers/.design/20-outline.v1.md	rewrite-notes/16-stage-drivers/.design/20-outline.v1.md	mv-ignored	R5
notes/rewrite/fork-syscall-rewrite/16-stage-drivers/.design/21-design.v1.md	rewrite-notes/16-stage-drivers/.design/21-design.v1.md	mv-ignored	R5
notes/rewrite/fork-syscall-rewrite/16-stage-drivers/.design/21-outline-review.v1.md	rewrite-notes/16-stage-drivers/.design/21-outline-review.v1.md	mv-ignored	R5
notes/rewrite/fork-syscall-rewrite/16-stage-drivers/.design/21-outline.v1.md	rewrite-notes/16-stage-drivers/.design/21-outline.v1.md	mv-ignored	R5
notes/rewrite/fork-syscall-rewrite/16-stage-drivers/.design/22-design.v1.md	rewrite-notes/16-stage-drivers/.design/22-design.v1.md	mv-ignored	R5
notes/rewrite/fork-syscall-rewrite/16-stage-drivers/.design/22-outline-review.v1.md	rewrite-notes/16-stage-drivers/.design/22-outline-review.v1.md	mv-ignored	R5
notes/rewrite/fork-syscall-rewrite/16-stage-drivers/.design/22-outline.v1.md	rewrite-notes/16-stage-drivers/.design/22-outline.v1.md	mv-ignored	R5
notes/rewrite/fork-syscall-rewrite/16-stage-drivers/.design/23-design.v1.md	rewrite-notes/16-stage-drivers/.design/23-design.v1.md	mv-ignored	R5
notes/rewrite/fork-syscall-rewrite/16-stage-drivers/.design/23-outline-review.v1.md	rewrite-notes/16-stage-drivers/.design/23-outline-review.v1.md	mv-ignored	R5
notes/rewrite/fork-syscall-rewrite/16-stage-drivers/.design/23-outline.v1.md	rewrite-notes/16-stage-drivers/.design/23-outline.v1.md	mv-ignored	R5
notes/rewrite/fork-syscall-rewrite/16-stage-drivers/.design/24-design.v1.md	rewrite-notes/16-stage-drivers/.design/24-design.v1.md	mv-ignored	R5
notes/rewrite/fork-syscall-rewrite/16-stage-drivers/.design/24-outline-review.v1.md	rewrite-notes/16-stage-drivers/.design/24-outline-review.v1.md	mv-ignored	R5
notes/rewrite/fork-syscall-rewrite/16-stage-drivers/.design/24-outline.v1.md	rewrite-notes/16-stage-drivers/.design/24-outline.v1.md	mv-ignored	R5
notes/rewrite/fork-syscall-rewrite/16-stage-drivers/.design/99-design.v1.md	rewrite-notes/16-stage-drivers/.design/99-design.v1.md	mv-ignored	R5
notes/rewrite/fork-syscall-rewrite/16-stage-drivers/.design/99-outline-review.v1.md	rewrite-notes/16-stage-drivers/.design/99-outline-review.v1.md	mv-ignored	R5
notes/rewrite/fork-syscall-rewrite/16-stage-drivers/.design/99-outline.v1.md	rewrite-notes/16-stage-drivers/.design/99-outline.v1.md	mv-ignored	R5
notes/rewrite/fork-syscall-rewrite/16-stage-drivers/00-drivers-overview.md	rewrite-notes/16-stage-drivers/00-drivers-overview.md	git-mv	R5
notes/rewrite/fork-syscall-rewrite/16-stage-drivers/01-chardriver-framework.md	rewrite-notes/16-stage-drivers/01-chardriver-framework.md	git-mv	R5
notes/rewrite/fork-syscall-rewrite/16-stage-drivers/02-blockdriver-framework.md	rewrite-notes/16-stage-drivers/02-blockdriver-framework.md	git-mv	R5
notes/rewrite/fork-syscall-rewrite/16-stage-drivers/03-netdriver-framework.md	rewrite-notes/16-stage-drivers/03-netdriver-framework.md	git-mv	R5
notes/rewrite/fork-syscall-rewrite/16-stage-drivers/04-bdev-client.md	rewrite-notes/16-stage-drivers/04-bdev-client.md	git-mv	R5
notes/rewrite/fork-syscall-rewrite/16-stage-drivers/05-memory-driver.md	rewrite-notes/16-stage-drivers/05-memory-driver.md	git-mv	R5
notes/rewrite/fork-syscall-rewrite/16-stage-drivers/06-tty-driver.md	rewrite-notes/16-stage-drivers/06-tty-driver.md	git-mv	R5
notes/rewrite/fork-syscall-rewrite/16-stage-drivers/07-pty-driver.md	rewrite-notes/16-stage-drivers/07-pty-driver.md	git-mv	R5
notes/rewrite/fork-syscall-rewrite/16-stage-drivers/08-log-driver.md	rewrite-notes/16-stage-drivers/08-log-driver.md	git-mv	R5
notes/rewrite/fork-syscall-rewrite/16-stage-drivers/09-random-driver.md	rewrite-notes/16-stage-drivers/09-random-driver.md	git-mv	R5
notes/rewrite/fork-syscall-rewrite/16-stage-drivers/10-readclock-driver.md	rewrite-notes/16-stage-drivers/10-readclock-driver.md	git-mv	R5
notes/rewrite/fork-syscall-rewrite/16-stage-drivers/11-pci-driver.md	rewrite-notes/16-stage-drivers/11-pci-driver.md	git-mv	R5
notes/rewrite/fork-syscall-rewrite/16-stage-drivers/12-gpio-devman.md	rewrite-notes/16-stage-drivers/12-gpio-devman.md	git-mv	R5
notes/rewrite/fork-syscall-rewrite/16-stage-drivers/13-pckbd-driver.md	rewrite-notes/16-stage-drivers/13-pckbd-driver.md	git-mv	R5
notes/rewrite/fork-syscall-rewrite/16-stage-drivers/14-virtio-framework.md	rewrite-notes/16-stage-drivers/14-virtio-framework.md	git-mv	R5
notes/rewrite/fork-syscall-rewrite/16-stage-drivers/15-virtio-blk-driver.md	rewrite-notes/16-stage-drivers/15-virtio-blk-driver.md	git-mv	R5
notes/rewrite/fork-syscall-rewrite/16-stage-drivers/16-ahci-ata-driver.md	rewrite-notes/16-stage-drivers/16-ahci-ata-driver.md	git-mv	R5
notes/rewrite/fork-syscall-rewrite/16-stage-drivers/17-storage-misc-driver.md	rewrite-notes/16-stage-drivers/17-storage-misc-driver.md	git-mv	R5
notes/rewrite/fork-syscall-rewrite/16-stage-drivers/18-usb-framework.md	rewrite-notes/16-stage-drivers/18-usb-framework.md	git-mv	R5
notes/rewrite/fork-syscall-rewrite/16-stage-drivers/19-usb-storage-hub.md	rewrite-notes/16-stage-drivers/19-usb-storage-hub.md	git-mv	R5
notes/rewrite/fork-syscall-rewrite/16-stage-drivers/20-fb-driver.md	rewrite-notes/16-stage-drivers/20-fb-driver.md	git-mv	R5
notes/rewrite/fork-syscall-rewrite/16-stage-drivers/21-audio-drivers.md	rewrite-notes/16-stage-drivers/21-audio-drivers.md	git-mv	R5
notes/rewrite/fork-syscall-rewrite/16-stage-drivers/22-net-driver-reference.md	rewrite-notes/16-stage-drivers/22-net-driver-reference.md	git-mv	R5
notes/rewrite/fork-syscall-rewrite/16-stage-drivers/23-net-driver-variants.md	rewrite-notes/16-stage-drivers/23-net-driver-variants.md	git-mv	R5
notes/rewrite/fork-syscall-rewrite/16-stage-drivers/24-misc-drivers.md	rewrite-notes/16-stage-drivers/24-misc-drivers.md	git-mv	R5
notes/rewrite/fork-syscall-rewrite/16-stage-drivers/25-dma-memory-contract.md	rewrite-notes/16-stage-drivers/25-dma-memory-contract.md	git-mv	R5
notes/rewrite/fork-syscall-rewrite/16-stage-drivers/99-global-concepts.md	rewrite-notes/16-stage-drivers/99-global-concepts.md	git-mv	R5
notes/rewrite/fork-syscall-rewrite/16-stage-drivers/doc_rerank_deepseek.md	rewrite-notes/16-stage-drivers/doc_rerank_deepseek.md	git-mv	R5
notes/rewrite/fork-syscall-rewrite/16-stage-drivers/doc_rerank_glm.md	rewrite-notes/16-stage-drivers/doc_rerank_glm.md	git-mv	R5
notes/rewrite/fork-syscall-rewrite/16-stage-drivers/doc_rerank_muse.md	rewrite-notes/16-stage-drivers/doc_rerank_muse.md	git-mv	R5
notes/rewrite/fork-syscall-rewrite/16-stage-drivers/doc_rerank_qwen.md	rewrite-notes/16-stage-drivers/doc_rerank_qwen.md	git-mv	R5
notes/rewrite/fork-syscall-rewrite/16-stage-drivers/draft/README.md	rewrite-notes/16-stage-drivers/draft/README.md	git-mv	R5
notes/rewrite/fork-syscall-rewrite/16-stage-drivers/plan.md	rewrite-notes/16-stage-drivers/plan.md	git-mv	R5
notes/rewrite/fork-syscall-rewrite/16-stage-drivers/todo.md	rewrite-notes/16-stage-drivers/todo.md	git-mv	R5
notes/rewrite/fork-syscall-rewrite/17-stage-net/.design/01-design.v1.md	rewrite-notes/17-stage-net/.design/01-design.v1.md	mv-ignored	R5
notes/rewrite/fork-syscall-rewrite/17-stage-net/.design/01-outline-review.v1.md	rewrite-notes/17-stage-net/.design/01-outline-review.v1.md	mv-ignored	R5
notes/rewrite/fork-syscall-rewrite/17-stage-net/.design/01-outline.v1.md	rewrite-notes/17-stage-net/.design/01-outline.v1.md	mv-ignored	R5
notes/rewrite/fork-syscall-rewrite/17-stage-net/.design/02-design.v1.md	rewrite-notes/17-stage-net/.design/02-design.v1.md	mv-ignored	R5
notes/rewrite/fork-syscall-rewrite/17-stage-net/.design/02-outline-review.v1.md	rewrite-notes/17-stage-net/.design/02-outline-review.v1.md	mv-ignored	R5
notes/rewrite/fork-syscall-rewrite/17-stage-net/.design/02-outline.v1.md	rewrite-notes/17-stage-net/.design/02-outline.v1.md	mv-ignored	R5
notes/rewrite/fork-syscall-rewrite/17-stage-net/.design/03-design.v1.md	rewrite-notes/17-stage-net/.design/03-design.v1.md	mv-ignored	R5
notes/rewrite/fork-syscall-rewrite/17-stage-net/.design/03-outline-review.v1.md	rewrite-notes/17-stage-net/.design/03-outline-review.v1.md	mv-ignored	R5
notes/rewrite/fork-syscall-rewrite/17-stage-net/.design/03-outline.v1.md	rewrite-notes/17-stage-net/.design/03-outline.v1.md	mv-ignored	R5
notes/rewrite/fork-syscall-rewrite/17-stage-net/.design/04-design.v1.md	rewrite-notes/17-stage-net/.design/04-design.v1.md	mv-ignored	R5
notes/rewrite/fork-syscall-rewrite/17-stage-net/.design/04-outline-review.v1.md	rewrite-notes/17-stage-net/.design/04-outline-review.v1.md	mv-ignored	R5
notes/rewrite/fork-syscall-rewrite/17-stage-net/.design/04-outline.v1.md	rewrite-notes/17-stage-net/.design/04-outline.v1.md	mv-ignored	R5
notes/rewrite/fork-syscall-rewrite/17-stage-net/.design/05-design.v1.md	rewrite-notes/17-stage-net/.design/05-design.v1.md	mv-ignored	R5
notes/rewrite/fork-syscall-rewrite/17-stage-net/.design/05-design.v2.md	rewrite-notes/17-stage-net/.design/05-design.v2.md	mv-ignored	R5
notes/rewrite/fork-syscall-rewrite/17-stage-net/.design/05-outline-review.v1.md	rewrite-notes/17-stage-net/.design/05-outline-review.v1.md	mv-ignored	R5
notes/rewrite/fork-syscall-rewrite/17-stage-net/.design/05-outline-review.v2.md	rewrite-notes/17-stage-net/.design/05-outline-review.v2.md	mv-ignored	R5
notes/rewrite/fork-syscall-rewrite/17-stage-net/.design/05-outline.v1.md	rewrite-notes/17-stage-net/.design/05-outline.v1.md	mv-ignored	R5
notes/rewrite/fork-syscall-rewrite/17-stage-net/.design/05-outline.v2.md	rewrite-notes/17-stage-net/.design/05-outline.v2.md	mv-ignored	R5
notes/rewrite/fork-syscall-rewrite/17-stage-net/.design/06-design.v1.md	rewrite-notes/17-stage-net/.design/06-design.v1.md	mv-ignored	R5
notes/rewrite/fork-syscall-rewrite/17-stage-net/.design/06-design.v2.md	rewrite-notes/17-stage-net/.design/06-design.v2.md	mv-ignored	R5
notes/rewrite/fork-syscall-rewrite/17-stage-net/.design/06-outline-review.v1.md	rewrite-notes/17-stage-net/.design/06-outline-review.v1.md	mv-ignored	R5
notes/rewrite/fork-syscall-rewrite/17-stage-net/.design/06-outline-review.v2.md	rewrite-notes/17-stage-net/.design/06-outline-review.v2.md	mv-ignored	R5
notes/rewrite/fork-syscall-rewrite/17-stage-net/.design/06-outline.v1.md	rewrite-notes/17-stage-net/.design/06-outline.v1.md	mv-ignored	R5
notes/rewrite/fork-syscall-rewrite/17-stage-net/.design/06-outline.v2.md	rewrite-notes/17-stage-net/.design/06-outline.v2.md	mv-ignored	R5
notes/rewrite/fork-syscall-rewrite/17-stage-net/.design/07-design.v1.md	rewrite-notes/17-stage-net/.design/07-design.v1.md	mv-ignored	R5
notes/rewrite/fork-syscall-rewrite/17-stage-net/.design/07-design.v2.md	rewrite-notes/17-stage-net/.design/07-design.v2.md	mv-ignored	R5
notes/rewrite/fork-syscall-rewrite/17-stage-net/.design/07-outline-review.v1.md	rewrite-notes/17-stage-net/.design/07-outline-review.v1.md	mv-ignored	R5
notes/rewrite/fork-syscall-rewrite/17-stage-net/.design/07-outline-review.v2.md	rewrite-notes/17-stage-net/.design/07-outline-review.v2.md	mv-ignored	R5
notes/rewrite/fork-syscall-rewrite/17-stage-net/.design/07-outline.v1.md	rewrite-notes/17-stage-net/.design/07-outline.v1.md	mv-ignored	R5
notes/rewrite/fork-syscall-rewrite/17-stage-net/.design/07-outline.v2.md	rewrite-notes/17-stage-net/.design/07-outline.v2.md	mv-ignored	R5
notes/rewrite/fork-syscall-rewrite/17-stage-net/.design/08-design.v1.md	rewrite-notes/17-stage-net/.design/08-design.v1.md	mv-ignored	R5
notes/rewrite/fork-syscall-rewrite/17-stage-net/.design/08-design.v2.md	rewrite-notes/17-stage-net/.design/08-design.v2.md	mv-ignored	R5
notes/rewrite/fork-syscall-rewrite/17-stage-net/.design/08-outline-review.v1.md	rewrite-notes/17-stage-net/.design/08-outline-review.v1.md	mv-ignored	R5
notes/rewrite/fork-syscall-rewrite/17-stage-net/.design/08-outline-review.v2.md	rewrite-notes/17-stage-net/.design/08-outline-review.v2.md	mv-ignored	R5
notes/rewrite/fork-syscall-rewrite/17-stage-net/.design/08-outline.v1.md	rewrite-notes/17-stage-net/.design/08-outline.v1.md	mv-ignored	R5
notes/rewrite/fork-syscall-rewrite/17-stage-net/.design/08-outline.v2.md	rewrite-notes/17-stage-net/.design/08-outline.v2.md	mv-ignored	R5
notes/rewrite/fork-syscall-rewrite/17-stage-net/.design/09-design.v1.md	rewrite-notes/17-stage-net/.design/09-design.v1.md	mv-ignored	R5
notes/rewrite/fork-syscall-rewrite/17-stage-net/.design/09-outline-review.v1.md	rewrite-notes/17-stage-net/.design/09-outline-review.v1.md	mv-ignored	R5
notes/rewrite/fork-syscall-rewrite/17-stage-net/.design/09-outline.v1.md	rewrite-notes/17-stage-net/.design/09-outline.v1.md	mv-ignored	R5
notes/rewrite/fork-syscall-rewrite/17-stage-net/.design/10-design.v1.md	rewrite-notes/17-stage-net/.design/10-design.v1.md	mv-ignored	R5
notes/rewrite/fork-syscall-rewrite/17-stage-net/.design/10-outline-review.v1.md	rewrite-notes/17-stage-net/.design/10-outline-review.v1.md	mv-ignored	R5
notes/rewrite/fork-syscall-rewrite/17-stage-net/.design/10-outline.v1.md	rewrite-notes/17-stage-net/.design/10-outline.v1.md	mv-ignored	R5
notes/rewrite/fork-syscall-rewrite/17-stage-net/.design/11-design.v1.md	rewrite-notes/17-stage-net/.design/11-design.v1.md	mv-ignored	R5
notes/rewrite/fork-syscall-rewrite/17-stage-net/.design/11-outline-review.v1.md	rewrite-notes/17-stage-net/.design/11-outline-review.v1.md	mv-ignored	R5
notes/rewrite/fork-syscall-rewrite/17-stage-net/.design/11-outline.v1.md	rewrite-notes/17-stage-net/.design/11-outline.v1.md	mv-ignored	R5
notes/rewrite/fork-syscall-rewrite/17-stage-net/.design/12-design.v1.md	rewrite-notes/17-stage-net/.design/12-design.v1.md	mv-ignored	R5
notes/rewrite/fork-syscall-rewrite/17-stage-net/.design/12-outline-review.v1.md	rewrite-notes/17-stage-net/.design/12-outline-review.v1.md	mv-ignored	R5
notes/rewrite/fork-syscall-rewrite/17-stage-net/.design/12-outline.v1.md	rewrite-notes/17-stage-net/.design/12-outline.v1.md	mv-ignored	R5
notes/rewrite/fork-syscall-rewrite/17-stage-net/.design/13-design.v1.md	rewrite-notes/17-stage-net/.design/13-design.v1.md	mv-ignored	R5
notes/rewrite/fork-syscall-rewrite/17-stage-net/.design/13-outline-review.v1.md	rewrite-notes/17-stage-net/.design/13-outline-review.v1.md	mv-ignored	R5
notes/rewrite/fork-syscall-rewrite/17-stage-net/.design/13-outline.v1.md	rewrite-notes/17-stage-net/.design/13-outline.v1.md	mv-ignored	R5
notes/rewrite/fork-syscall-rewrite/17-stage-net/.design/14-design.v1.md	rewrite-notes/17-stage-net/.design/14-design.v1.md	mv-ignored	R5
notes/rewrite/fork-syscall-rewrite/17-stage-net/.design/14-outline-review.v1.md	rewrite-notes/17-stage-net/.design/14-outline-review.v1.md	mv-ignored	R5
notes/rewrite/fork-syscall-rewrite/17-stage-net/.design/14-outline.v1.md	rewrite-notes/17-stage-net/.design/14-outline.v1.md	mv-ignored	R5
notes/rewrite/fork-syscall-rewrite/17-stage-net/.design/15-design.v1.md	rewrite-notes/17-stage-net/.design/15-design.v1.md	mv-ignored	R5
notes/rewrite/fork-syscall-rewrite/17-stage-net/.design/15-outline-review.v1.md	rewrite-notes/17-stage-net/.design/15-outline-review.v1.md	mv-ignored	R5
notes/rewrite/fork-syscall-rewrite/17-stage-net/.design/15-outline.v1.md	rewrite-notes/17-stage-net/.design/15-outline.v1.md	mv-ignored	R5
notes/rewrite/fork-syscall-rewrite/17-stage-net/.design/16-design.v1.md	rewrite-notes/17-stage-net/.design/16-design.v1.md	mv-ignored	R5
notes/rewrite/fork-syscall-rewrite/17-stage-net/.design/16-outline-review.v1.md	rewrite-notes/17-stage-net/.design/16-outline-review.v1.md	mv-ignored	R5
notes/rewrite/fork-syscall-rewrite/17-stage-net/.design/16-outline.v1.md	rewrite-notes/17-stage-net/.design/16-outline.v1.md	mv-ignored	R5
notes/rewrite/fork-syscall-rewrite/17-stage-net/.design/17-design.v1.md	rewrite-notes/17-stage-net/.design/17-design.v1.md	mv-ignored	R5
notes/rewrite/fork-syscall-rewrite/17-stage-net/.design/17-outline-review.v1.md	rewrite-notes/17-stage-net/.design/17-outline-review.v1.md	mv-ignored	R5
notes/rewrite/fork-syscall-rewrite/17-stage-net/.design/17-outline.v1.md	rewrite-notes/17-stage-net/.design/17-outline.v1.md	mv-ignored	R5
notes/rewrite/fork-syscall-rewrite/17-stage-net/.design/18-design.v1.md	rewrite-notes/17-stage-net/.design/18-design.v1.md	mv-ignored	R5
notes/rewrite/fork-syscall-rewrite/17-stage-net/.design/18-outline-review.v1.md	rewrite-notes/17-stage-net/.design/18-outline-review.v1.md	mv-ignored	R5
notes/rewrite/fork-syscall-rewrite/17-stage-net/.design/18-outline.v1.md	rewrite-notes/17-stage-net/.design/18-outline.v1.md	mv-ignored	R5
notes/rewrite/fork-syscall-rewrite/17-stage-net/.design/19-design.v1.md	rewrite-notes/17-stage-net/.design/19-design.v1.md	mv-ignored	R5
notes/rewrite/fork-syscall-rewrite/17-stage-net/.design/19-outline-review.v1.md	rewrite-notes/17-stage-net/.design/19-outline-review.v1.md	mv-ignored	R5
notes/rewrite/fork-syscall-rewrite/17-stage-net/.design/19-outline.v1.md	rewrite-notes/17-stage-net/.design/19-outline.v1.md	mv-ignored	R5
notes/rewrite/fork-syscall-rewrite/17-stage-net/.design/20-design.v1.md	rewrite-notes/17-stage-net/.design/20-design.v1.md	mv-ignored	R5
notes/rewrite/fork-syscall-rewrite/17-stage-net/.design/20-outline-review.v1.md	rewrite-notes/17-stage-net/.design/20-outline-review.v1.md	mv-ignored	R5
notes/rewrite/fork-syscall-rewrite/17-stage-net/.design/20-outline.v1.md	rewrite-notes/17-stage-net/.design/20-outline.v1.md	mv-ignored	R5
notes/rewrite/fork-syscall-rewrite/17-stage-net/.design/21-design.v1.md	rewrite-notes/17-stage-net/.design/21-design.v1.md	mv-ignored	R5
notes/rewrite/fork-syscall-rewrite/17-stage-net/.design/21-outline-review.v1.md	rewrite-notes/17-stage-net/.design/21-outline-review.v1.md	mv-ignored	R5
notes/rewrite/fork-syscall-rewrite/17-stage-net/.design/21-outline.v1.md	rewrite-notes/17-stage-net/.design/21-outline.v1.md	mv-ignored	R5
notes/rewrite/fork-syscall-rewrite/17-stage-net/.design/22-design.v1.md	rewrite-notes/17-stage-net/.design/22-design.v1.md	mv-ignored	R5
notes/rewrite/fork-syscall-rewrite/17-stage-net/.design/22-outline-review.v1.md	rewrite-notes/17-stage-net/.design/22-outline-review.v1.md	mv-ignored	R5
notes/rewrite/fork-syscall-rewrite/17-stage-net/.design/22-outline.v1.md	rewrite-notes/17-stage-net/.design/22-outline.v1.md	mv-ignored	R5
notes/rewrite/fork-syscall-rewrite/17-stage-net/.design/23-design.v1.md	rewrite-notes/17-stage-net/.design/23-design.v1.md	mv-ignored	R5
notes/rewrite/fork-syscall-rewrite/17-stage-net/.design/23-outline-review.v1.md	rewrite-notes/17-stage-net/.design/23-outline-review.v1.md	mv-ignored	R5
notes/rewrite/fork-syscall-rewrite/17-stage-net/.design/23-outline.v1.md	rewrite-notes/17-stage-net/.design/23-outline.v1.md	mv-ignored	R5
notes/rewrite/fork-syscall-rewrite/17-stage-net/.design/24-design.v1.md	rewrite-notes/17-stage-net/.design/24-design.v1.md	mv-ignored	R5
notes/rewrite/fork-syscall-rewrite/17-stage-net/.design/24-outline-review.v1.md	rewrite-notes/17-stage-net/.design/24-outline-review.v1.md	mv-ignored	R5
notes/rewrite/fork-syscall-rewrite/17-stage-net/.design/24-outline.v1.md	rewrite-notes/17-stage-net/.design/24-outline.v1.md	mv-ignored	R5
notes/rewrite/fork-syscall-rewrite/17-stage-net/00-net-overview.md	rewrite-notes/17-stage-net/00-net-overview.md	git-mv	R5
notes/rewrite/fork-syscall-rewrite/17-stage-net/01-sockdriver-framework.md	rewrite-notes/17-stage-net/01-sockdriver-framework.md	git-mv	R5
notes/rewrite/fork-syscall-rewrite/17-stage-net/02-sockevent-framework.md	rewrite-notes/17-stage-net/02-sockevent-framework.md	git-mv	R5
notes/rewrite/fork-syscall-rewrite/17-stage-net/03-lwip-main-init.md	rewrite-notes/17-stage-net/03-lwip-main-init.md	git-mv	R5
notes/rewrite/fork-syscall-rewrite/17-stage-net/04-lwip-mempool.md	rewrite-notes/17-stage-net/04-lwip-mempool.md	git-mv	R5
notes/rewrite/fork-syscall-rewrite/17-stage-net/05-lwip-util-addr.md	rewrite-notes/17-stage-net/05-lwip-util-addr.md	git-mv	R5
notes/rewrite/fork-syscall-rewrite/17-stage-net/06-lwip-ipsock.md	rewrite-notes/17-stage-net/06-lwip-ipsock.md	git-mv	R5
notes/rewrite/fork-syscall-rewrite/17-stage-net/07-lwip-pktsock.md	rewrite-notes/17-stage-net/07-lwip-pktsock.md	git-mv	R5
notes/rewrite/fork-syscall-rewrite/17-stage-net/08-lwip-tcpsock.md	rewrite-notes/17-stage-net/08-lwip-tcpsock.md	git-mv	R5
notes/rewrite/fork-syscall-rewrite/17-stage-net/09-lwip-udpsock.md	rewrite-notes/17-stage-net/09-lwip-udpsock.md	git-mv	R5
notes/rewrite/fork-syscall-rewrite/17-stage-net/10-lwip-rawsock.md	rewrite-notes/17-stage-net/10-lwip-rawsock.md	git-mv	R5
notes/rewrite/fork-syscall-rewrite/17-stage-net/11-lwip-lnksock.md	rewrite-notes/17-stage-net/11-lwip-lnksock.md	git-mv	R5
notes/rewrite/fork-syscall-rewrite/17-stage-net/12-lwip-mcast.md	rewrite-notes/17-stage-net/12-lwip-mcast.md	git-mv	R5
notes/rewrite/fork-syscall-rewrite/17-stage-net/13-lwip-ndev.md	rewrite-notes/17-stage-net/13-lwip-ndev.md	git-mv	R5
notes/rewrite/fork-syscall-rewrite/17-stage-net/14-lwip-ifdev.md	rewrite-notes/17-stage-net/14-lwip-ifdev.md	git-mv	R5
notes/rewrite/fork-syscall-rewrite/17-stage-net/15-lwip-ethif.md	rewrite-notes/17-stage-net/15-lwip-ethif.md	git-mv	R5
notes/rewrite/fork-syscall-rewrite/17-stage-net/16-lwip-ifaddr.md	rewrite-notes/17-stage-net/16-lwip-ifaddr.md	git-mv	R5
notes/rewrite/fork-syscall-rewrite/17-stage-net/17-lwip-ifconf.md	rewrite-notes/17-stage-net/17-lwip-ifconf.md	git-mv	R5
notes/rewrite/fork-syscall-rewrite/17-stage-net/18-lwip-bpfdev.md	rewrite-notes/17-stage-net/18-lwip-bpfdev.md	git-mv	R5
notes/rewrite/fork-syscall-rewrite/17-stage-net/19-lwip-route.md	rewrite-notes/17-stage-net/19-lwip-route.md	git-mv	R5
notes/rewrite/fork-syscall-rewrite/17-stage-net/20-lwip-rtsock.md	rewrite-notes/17-stage-net/20-lwip-rtsock.md	git-mv	R5
notes/rewrite/fork-syscall-rewrite/17-stage-net/21-uds-core.md	rewrite-notes/17-stage-net/21-uds-core.md	git-mv	R5
notes/rewrite/fork-syscall-rewrite/17-stage-net/22-uds-io.md	rewrite-notes/17-stage-net/22-uds-io.md	git-mv	R5
notes/rewrite/fork-syscall-rewrite/17-stage-net/23-libc-socket.md	rewrite-notes/17-stage-net/23-libc-socket.md	git-mv	R5
notes/rewrite/fork-syscall-rewrite/17-stage-net/24-liblwip-port.md	rewrite-notes/17-stage-net/24-liblwip-port.md	git-mv	R5
notes/rewrite/fork-syscall-rewrite/17-stage-net/25-smoltcp-shim.md	rewrite-notes/17-stage-net/25-smoltcp-shim.md	git-mv	R5
notes/rewrite/fork-syscall-rewrite/17-stage-net/99-net-global-concepts.md	rewrite-notes/17-stage-net/99-net-global-concepts.md	git-mv	R5
notes/rewrite/fork-syscall-rewrite/17-stage-net/archive/todo-N1-archive-2026-09-17.md	rewrite-notes/17-stage-net/archive/todo-N1-archive-2026-09-17.md	git-mv	R5
notes/rewrite/fork-syscall-rewrite/17-stage-net/doc_rerank_deepseek.md	rewrite-notes/17-stage-net/doc_rerank_deepseek.md	git-mv	R5
notes/rewrite/fork-syscall-rewrite/17-stage-net/doc_rerank_glm.md	rewrite-notes/17-stage-net/doc_rerank_glm.md	git-mv	R5
notes/rewrite/fork-syscall-rewrite/17-stage-net/doc_rerank_muse.md	rewrite-notes/17-stage-net/doc_rerank_muse.md	git-mv	R5
notes/rewrite/fork-syscall-rewrite/17-stage-net/doc_rerank_qwen.md	rewrite-notes/17-stage-net/doc_rerank_qwen.md	git-mv	R5
notes/rewrite/fork-syscall-rewrite/17-stage-net/draft/README.md	rewrite-notes/17-stage-net/draft/README.md	git-mv	R5
notes/rewrite/fork-syscall-rewrite/17-stage-net/plan.md	rewrite-notes/17-stage-net/plan.md	git-mv	R5
notes/rewrite/fork-syscall-rewrite/17-stage-net/todo.md	rewrite-notes/17-stage-net/todo.md	git-mv	R5
notes/rewrite/fork-syscall-rewrite/18-stage-commands/.design/01-design.v1.md	rewrite-notes/18-stage-commands/.design/01-design.v1.md	mv-ignored	R5
notes/rewrite/fork-syscall-rewrite/18-stage-commands/.design/01-outline-review.v1.md	rewrite-notes/18-stage-commands/.design/01-outline-review.v1.md	mv-ignored	R5
notes/rewrite/fork-syscall-rewrite/18-stage-commands/.design/01-outline.v1.md	rewrite-notes/18-stage-commands/.design/01-outline.v1.md	mv-ignored	R5
notes/rewrite/fork-syscall-rewrite/18-stage-commands/.design/02-design.v1.md	rewrite-notes/18-stage-commands/.design/02-design.v1.md	mv-ignored	R5
notes/rewrite/fork-syscall-rewrite/18-stage-commands/.design/02-outline-review.v1.md	rewrite-notes/18-stage-commands/.design/02-outline-review.v1.md	mv-ignored	R5
notes/rewrite/fork-syscall-rewrite/18-stage-commands/.design/02-outline.v1.md	rewrite-notes/18-stage-commands/.design/02-outline.v1.md	mv-ignored	R5
notes/rewrite/fork-syscall-rewrite/18-stage-commands/.design/03-design.v1.md	rewrite-notes/18-stage-commands/.design/03-design.v1.md	mv-ignored	R5
notes/rewrite/fork-syscall-rewrite/18-stage-commands/.design/03-outline-review.v1.md	rewrite-notes/18-stage-commands/.design/03-outline-review.v1.md	mv-ignored	R5
notes/rewrite/fork-syscall-rewrite/18-stage-commands/.design/03-outline.v1.md	rewrite-notes/18-stage-commands/.design/03-outline.v1.md	mv-ignored	R5
notes/rewrite/fork-syscall-rewrite/18-stage-commands/.design/04-design.v1.md	rewrite-notes/18-stage-commands/.design/04-design.v1.md	mv-ignored	R5
notes/rewrite/fork-syscall-rewrite/18-stage-commands/.design/04-outline-review.v1.md	rewrite-notes/18-stage-commands/.design/04-outline-review.v1.md	mv-ignored	R5
notes/rewrite/fork-syscall-rewrite/18-stage-commands/.design/04-outline.v1.md	rewrite-notes/18-stage-commands/.design/04-outline.v1.md	mv-ignored	R5
notes/rewrite/fork-syscall-rewrite/18-stage-commands/.design/05-design.v1.md	rewrite-notes/18-stage-commands/.design/05-design.v1.md	mv-ignored	R5
notes/rewrite/fork-syscall-rewrite/18-stage-commands/.design/05-outline-review.v1.md	rewrite-notes/18-stage-commands/.design/05-outline-review.v1.md	mv-ignored	R5
notes/rewrite/fork-syscall-rewrite/18-stage-commands/.design/05-outline.v1.md	rewrite-notes/18-stage-commands/.design/05-outline.v1.md	mv-ignored	R5
notes/rewrite/fork-syscall-rewrite/18-stage-commands/.design/06-design.v1.md	rewrite-notes/18-stage-commands/.design/06-design.v1.md	mv-ignored	R5
notes/rewrite/fork-syscall-rewrite/18-stage-commands/.design/06-outline-review.v1.md	rewrite-notes/18-stage-commands/.design/06-outline-review.v1.md	mv-ignored	R5
notes/rewrite/fork-syscall-rewrite/18-stage-commands/.design/06-outline.v1.md	rewrite-notes/18-stage-commands/.design/06-outline.v1.md	mv-ignored	R5
notes/rewrite/fork-syscall-rewrite/18-stage-commands/.design/07-design.v1.md	rewrite-notes/18-stage-commands/.design/07-design.v1.md	mv-ignored	R5
notes/rewrite/fork-syscall-rewrite/18-stage-commands/.design/07-outline-review.v1.md	rewrite-notes/18-stage-commands/.design/07-outline-review.v1.md	mv-ignored	R5
notes/rewrite/fork-syscall-rewrite/18-stage-commands/.design/07-outline.v1.md	rewrite-notes/18-stage-commands/.design/07-outline.v1.md	mv-ignored	R5
notes/rewrite/fork-syscall-rewrite/18-stage-commands/.design/08-design.v1.md	rewrite-notes/18-stage-commands/.design/08-design.v1.md	mv-ignored	R5
notes/rewrite/fork-syscall-rewrite/18-stage-commands/.design/08-outline-review.v1.md	rewrite-notes/18-stage-commands/.design/08-outline-review.v1.md	mv-ignored	R5
notes/rewrite/fork-syscall-rewrite/18-stage-commands/.design/08-outline.v1.md	rewrite-notes/18-stage-commands/.design/08-outline.v1.md	mv-ignored	R5
notes/rewrite/fork-syscall-rewrite/18-stage-commands/.design/09-design.v1.md	rewrite-notes/18-stage-commands/.design/09-design.v1.md	mv-ignored	R5
notes/rewrite/fork-syscall-rewrite/18-stage-commands/.design/09-outline-review.v1.md	rewrite-notes/18-stage-commands/.design/09-outline-review.v1.md	mv-ignored	R5
notes/rewrite/fork-syscall-rewrite/18-stage-commands/.design/09-outline.v1.md	rewrite-notes/18-stage-commands/.design/09-outline.v1.md	mv-ignored	R5
notes/rewrite/fork-syscall-rewrite/18-stage-commands/.design/10-design.v1.md	rewrite-notes/18-stage-commands/.design/10-design.v1.md	mv-ignored	R5
notes/rewrite/fork-syscall-rewrite/18-stage-commands/.design/10-outline-review.v1.md	rewrite-notes/18-stage-commands/.design/10-outline-review.v1.md	mv-ignored	R5
notes/rewrite/fork-syscall-rewrite/18-stage-commands/.design/10-outline.v1.md	rewrite-notes/18-stage-commands/.design/10-outline.v1.md	mv-ignored	R5
notes/rewrite/fork-syscall-rewrite/18-stage-commands/.design/11-design.v1.md	rewrite-notes/18-stage-commands/.design/11-design.v1.md	mv-ignored	R5
notes/rewrite/fork-syscall-rewrite/18-stage-commands/.design/11-outline-review.v1.md	rewrite-notes/18-stage-commands/.design/11-outline-review.v1.md	mv-ignored	R5
notes/rewrite/fork-syscall-rewrite/18-stage-commands/.design/11-outline.v1.md	rewrite-notes/18-stage-commands/.design/11-outline.v1.md	mv-ignored	R5
notes/rewrite/fork-syscall-rewrite/18-stage-commands/.design/12-design.v1.md	rewrite-notes/18-stage-commands/.design/12-design.v1.md	mv-ignored	R5
notes/rewrite/fork-syscall-rewrite/18-stage-commands/.design/12-outline-review.v1.md	rewrite-notes/18-stage-commands/.design/12-outline-review.v1.md	mv-ignored	R5
notes/rewrite/fork-syscall-rewrite/18-stage-commands/.design/12-outline.v1.md	rewrite-notes/18-stage-commands/.design/12-outline.v1.md	mv-ignored	R5
notes/rewrite/fork-syscall-rewrite/18-stage-commands/.design/13-design.v1.md	rewrite-notes/18-stage-commands/.design/13-design.v1.md	mv-ignored	R5
notes/rewrite/fork-syscall-rewrite/18-stage-commands/.design/13-outline-review.v1.md	rewrite-notes/18-stage-commands/.design/13-outline-review.v1.md	mv-ignored	R5
notes/rewrite/fork-syscall-rewrite/18-stage-commands/.design/13-outline.v1.md	rewrite-notes/18-stage-commands/.design/13-outline.v1.md	mv-ignored	R5
notes/rewrite/fork-syscall-rewrite/18-stage-commands/.design/14-design.v1.md	rewrite-notes/18-stage-commands/.design/14-design.v1.md	mv-ignored	R5
notes/rewrite/fork-syscall-rewrite/18-stage-commands/.design/14-outline-review.v1.md	rewrite-notes/18-stage-commands/.design/14-outline-review.v1.md	mv-ignored	R5
notes/rewrite/fork-syscall-rewrite/18-stage-commands/.design/14-outline.v1.md	rewrite-notes/18-stage-commands/.design/14-outline.v1.md	mv-ignored	R5
notes/rewrite/fork-syscall-rewrite/18-stage-commands/.design/15-design.v1.md	rewrite-notes/18-stage-commands/.design/15-design.v1.md	mv-ignored	R5
notes/rewrite/fork-syscall-rewrite/18-stage-commands/.design/15-outline-review.v1.md	rewrite-notes/18-stage-commands/.design/15-outline-review.v1.md	mv-ignored	R5
notes/rewrite/fork-syscall-rewrite/18-stage-commands/.design/15-outline.v1.md	rewrite-notes/18-stage-commands/.design/15-outline.v1.md	mv-ignored	R5
notes/rewrite/fork-syscall-rewrite/18-stage-commands/.design/16-design.v1.md	rewrite-notes/18-stage-commands/.design/16-design.v1.md	mv-ignored	R5
notes/rewrite/fork-syscall-rewrite/18-stage-commands/.design/16-outline-review.v1.md	rewrite-notes/18-stage-commands/.design/16-outline-review.v1.md	mv-ignored	R5
notes/rewrite/fork-syscall-rewrite/18-stage-commands/.design/16-outline.v1.md	rewrite-notes/18-stage-commands/.design/16-outline.v1.md	mv-ignored	R5
notes/rewrite/fork-syscall-rewrite/18-stage-commands/.design/17-design.v1.md	rewrite-notes/18-stage-commands/.design/17-design.v1.md	mv-ignored	R5
notes/rewrite/fork-syscall-rewrite/18-stage-commands/.design/17-outline-review.v1.md	rewrite-notes/18-stage-commands/.design/17-outline-review.v1.md	mv-ignored	R5
notes/rewrite/fork-syscall-rewrite/18-stage-commands/.design/17-outline.v1.md	rewrite-notes/18-stage-commands/.design/17-outline.v1.md	mv-ignored	R5
notes/rewrite/fork-syscall-rewrite/18-stage-commands/.design/18-design.v1.md	rewrite-notes/18-stage-commands/.design/18-design.v1.md	mv-ignored	R5
notes/rewrite/fork-syscall-rewrite/18-stage-commands/.design/18-outline-review.v1.md	rewrite-notes/18-stage-commands/.design/18-outline-review.v1.md	mv-ignored	R5
notes/rewrite/fork-syscall-rewrite/18-stage-commands/.design/18-outline.v1.md	rewrite-notes/18-stage-commands/.design/18-outline.v1.md	mv-ignored	R5
notes/rewrite/fork-syscall-rewrite/18-stage-commands/.design/19-design.v1.md	rewrite-notes/18-stage-commands/.design/19-design.v1.md	mv-ignored	R5
notes/rewrite/fork-syscall-rewrite/18-stage-commands/.design/19-outline-review.v1.md	rewrite-notes/18-stage-commands/.design/19-outline-review.v1.md	mv-ignored	R5
notes/rewrite/fork-syscall-rewrite/18-stage-commands/.design/19-outline.v1.md	rewrite-notes/18-stage-commands/.design/19-outline.v1.md	mv-ignored	R5
notes/rewrite/fork-syscall-rewrite/18-stage-commands/.design/20-design.v1.md	rewrite-notes/18-stage-commands/.design/20-design.v1.md	mv-ignored	R5
notes/rewrite/fork-syscall-rewrite/18-stage-commands/.design/20-outline-review.v1.md	rewrite-notes/18-stage-commands/.design/20-outline-review.v1.md	mv-ignored	R5
notes/rewrite/fork-syscall-rewrite/18-stage-commands/.design/20-outline.v1.md	rewrite-notes/18-stage-commands/.design/20-outline.v1.md	mv-ignored	R5
notes/rewrite/fork-syscall-rewrite/18-stage-commands/.design/21-design.v1.md	rewrite-notes/18-stage-commands/.design/21-design.v1.md	mv-ignored	R5
notes/rewrite/fork-syscall-rewrite/18-stage-commands/.design/21-outline-review.v1.md	rewrite-notes/18-stage-commands/.design/21-outline-review.v1.md	mv-ignored	R5
notes/rewrite/fork-syscall-rewrite/18-stage-commands/.design/21-outline.v1.md	rewrite-notes/18-stage-commands/.design/21-outline.v1.md	mv-ignored	R5
notes/rewrite/fork-syscall-rewrite/18-stage-commands/.design/22-design.v1.md	rewrite-notes/18-stage-commands/.design/22-design.v1.md	mv-ignored	R5
notes/rewrite/fork-syscall-rewrite/18-stage-commands/.design/22-outline-review.v1.md	rewrite-notes/18-stage-commands/.design/22-outline-review.v1.md	mv-ignored	R5
notes/rewrite/fork-syscall-rewrite/18-stage-commands/.design/22-outline.v1.md	rewrite-notes/18-stage-commands/.design/22-outline.v1.md	mv-ignored	R5
notes/rewrite/fork-syscall-rewrite/18-stage-commands/.design/23-design.v1.md	rewrite-notes/18-stage-commands/.design/23-design.v1.md	mv-ignored	R5
notes/rewrite/fork-syscall-rewrite/18-stage-commands/.design/23-outline-review.v1.md	rewrite-notes/18-stage-commands/.design/23-outline-review.v1.md	mv-ignored	R5
notes/rewrite/fork-syscall-rewrite/18-stage-commands/.design/23-outline.v1.md	rewrite-notes/18-stage-commands/.design/23-outline.v1.md	mv-ignored	R5
notes/rewrite/fork-syscall-rewrite/18-stage-commands/.design/24-design.v1.md	rewrite-notes/18-stage-commands/.design/24-design.v1.md	mv-ignored	R5
notes/rewrite/fork-syscall-rewrite/18-stage-commands/.design/24-outline-review.v1.md	rewrite-notes/18-stage-commands/.design/24-outline-review.v1.md	mv-ignored	R5
notes/rewrite/fork-syscall-rewrite/18-stage-commands/.design/24-outline.v1.md	rewrite-notes/18-stage-commands/.design/24-outline.v1.md	mv-ignored	R5
notes/rewrite/fork-syscall-rewrite/18-stage-commands/00-commands-overview.md	rewrite-notes/18-stage-commands/00-commands-overview.md	git-mv	R5
notes/rewrite/fork-syscall-rewrite/18-stage-commands/01-init-rc-scripts.md	rewrite-notes/18-stage-commands/01-init-rc-scripts.md	git-mv	R5
notes/rewrite/fork-syscall-rewrite/18-stage-commands/02-service-scheduler.md	rewrite-notes/18-stage-commands/02-service-scheduler.md	git-mv	R5
notes/rewrite/fork-syscall-rewrite/18-stage-commands/03-login-passwd.md	rewrite-notes/18-stage-commands/03-login-passwd.md	git-mv	R5
notes/rewrite/fork-syscall-rewrite/18-stage-commands/04-device-database.md	rewrite-notes/18-stage-commands/04-device-database.md	git-mv	R5
notes/rewrite/fork-syscall-rewrite/18-stage-commands/05-shell-family.md	rewrite-notes/18-stage-commands/05-shell-family.md	git-mv	R5
notes/rewrite/fork-syscall-rewrite/18-stage-commands/06-file-ops.md	rewrite-notes/18-stage-commands/06-file-ops.md	git-mv	R5
notes/rewrite/fork-syscall-rewrite/18-stage-commands/07-text-filter.md	rewrite-notes/18-stage-commands/07-text-filter.md	git-mv	R5
notes/rewrite/fork-syscall-rewrite/18-stage-commands/08-grep-sed.md	rewrite-notes/18-stage-commands/08-grep-sed.md	git-mv	R5
notes/rewrite/fork-syscall-rewrite/18-stage-commands/09-editors.md	rewrite-notes/18-stage-commands/09-editors.md	git-mv	R5
notes/rewrite/fork-syscall-rewrite/18-stage-commands/10-doc-man-tools.md	rewrite-notes/18-stage-commands/10-doc-man-tools.md	git-mv	R5
notes/rewrite/fork-syscall-rewrite/18-stage-commands/11-compress-archive.md	rewrite-notes/18-stage-commands/11-compress-archive.md	git-mv	R5
notes/rewrite/fork-syscall-rewrite/18-stage-commands/12-process-tools.md	rewrite-notes/18-stage-commands/12-process-tools.md	git-mv	R5
notes/rewrite/fork-syscall-rewrite/18-stage-commands/13-terminal-termios.md	rewrite-notes/18-stage-commands/13-terminal-termios.md	git-mv	R5
notes/rewrite/fork-syscall-rewrite/18-stage-commands/14-mount-fsck.md	rewrite-notes/18-stage-commands/14-mount-fsck.md	git-mv	R5
notes/rewrite/fork-syscall-rewrite/18-stage-commands/15-partition-format.md	rewrite-notes/18-stage-commands/15-partition-format.md	git-mv	R5
notes/rewrite/fork-syscall-rewrite/18-stage-commands/16-image-media.md	rewrite-notes/18-stage-commands/16-image-media.md	git-mv	R5
notes/rewrite/fork-syscall-rewrite/18-stage-commands/17-backup-maintenance.md	rewrite-notes/18-stage-commands/17-backup-maintenance.md	git-mv	R5
notes/rewrite/fork-syscall-rewrite/18-stage-commands/18-network-config.md	rewrite-notes/18-stage-commands/18-network-config.md	git-mv	R5
notes/rewrite/fork-syscall-rewrite/18-stage-commands/19-network-services.md	rewrite-notes/18-stage-commands/19-network-services.md	git-mv	R5
notes/rewrite/fork-syscall-rewrite/18-stage-commands/20-minix-system.md	rewrite-notes/18-stage-commands/20-minix-system.md	git-mv	R5
notes/rewrite/fork-syscall-rewrite/18-stage-commands/21-package-tools.md	rewrite-notes/18-stage-commands/21-package-tools.md	git-mv	R5
notes/rewrite/fork-syscall-rewrite/18-stage-commands/22-stdio-games.md	rewrite-notes/18-stage-commands/22-stdio-games.md	git-mv	R5
notes/rewrite/fork-syscall-rewrite/18-stage-commands/23-terminal-games.md	rewrite-notes/18-stage-commands/23-terminal-games.md	git-mv	R5
notes/rewrite/fork-syscall-rewrite/18-stage-commands/24-text-games.md	rewrite-notes/18-stage-commands/24-text-games.md	git-mv	R5
notes/rewrite/fork-syscall-rewrite/18-stage-commands/99-global-concepts.md	rewrite-notes/18-stage-commands/99-global-concepts.md	git-mv	R5
notes/rewrite/fork-syscall-rewrite/18-stage-commands/doc_rerank_deepseek.md	rewrite-notes/18-stage-commands/doc_rerank_deepseek.md	git-mv	R5
notes/rewrite/fork-syscall-rewrite/18-stage-commands/doc_rerank_glm.md	rewrite-notes/18-stage-commands/doc_rerank_glm.md	git-mv	R5
notes/rewrite/fork-syscall-rewrite/18-stage-commands/doc_rerank_muse.md	rewrite-notes/18-stage-commands/doc_rerank_muse.md	git-mv	R5
notes/rewrite/fork-syscall-rewrite/18-stage-commands/doc_rerank_qwen.md	rewrite-notes/18-stage-commands/doc_rerank_qwen.md	git-mv	R5
notes/rewrite/fork-syscall-rewrite/18-stage-commands/draft/README.md	rewrite-notes/18-stage-commands/draft/README.md	git-mv	R5
notes/rewrite/fork-syscall-rewrite/18-stage-commands/plan.md	rewrite-notes/18-stage-commands/plan.md	git-mv	R5
notes/rewrite/fork-syscall-rewrite/18-stage-commands/todo.md	rewrite-notes/18-stage-commands/todo.md	git-mv	R5
notes/rewrite/fork-syscall-rewrite/19-stage-integration/06-code.md	rewrite-notes/19-stage-integration/06-code.md	git-mv	R5
notes/rewrite/fork-syscall-rewrite/19-stage-integration/README.md	rewrite-notes/19-stage-integration/README.md	git-mv	R5
notes/rewrite/fork-syscall-rewrite/19-stage-integration/cross-service-msg.md	rewrite-notes/19-stage-integration/cross-service-msg.md	git-mv	R5
notes/rewrite/fork-syscall-rewrite/19-stage-integration/error-rollback.md	rewrite-notes/19-stage-integration/error-rollback.md	git-mv	R5
notes/rewrite/fork-syscall-rewrite/19-stage-integration/integration-tests.md	rewrite-notes/19-stage-integration/integration-tests.md	git-mv	R5
notes/rewrite/fork-syscall-rewrite/19-stage-integration/lib-syscall-iface.md	rewrite-notes/19-stage-integration/lib-syscall-iface.md	git-mv	R5
notes/rewrite/fork-syscall-rewrite/19-stage-integration/minix3-tree-migration.md	rewrite-notes/19-stage-integration/minix3-tree-migration.md	git-mv	R5
notes/rewrite/fork-syscall-rewrite/19-stage-integration/state-machine.md	rewrite-notes/19-stage-integration/state-machine.md	git-mv	R5
notes/rewrite/fork-syscall-rewrite/19-stage-integration/suspend-wakeup.md	rewrite-notes/19-stage-integration/suspend-wakeup.md	git-mv	R5
notes/rewrite/fork-syscall-rewrite/20-redesign/rs-cross-layer-pollution.md	redesign-notes/architecture/rs-cross-layer-pollution.md	git-mv	R1
notes/rewrite/fork-syscall-rewrite/20-redesign/tocutou-and-distributed-consistency.md	redesign-notes/architecture/tocutou-and-distributed-consistency.md	git-mv	R1
notes/rewrite/fork-syscall-rewrite/ADDRESS-CONSTANT-AUDIT.md	rewrite-notes/coordination/ADDRESS-CONSTANT-AUDIT.md	git-mv	R7
notes/rewrite/fork-syscall-rewrite/HANDOFF-NK4A-boot-first-light.md	rewrite-notes/coordination/HANDOFF-NK4A-boot-first-light.md	git-mv	R7
notes/rewrite/fork-syscall-rewrite/HANDOFF-NK4A-review-and-redo.md	rewrite-notes/coordination/HANDOFF-NK4A-review-and-redo.md	git-mv	R7
notes/rewrite/fork-syscall-rewrite/MISC-CONCEPTS-SESSION-HANDOFF-20260927.md	rewrite-notes/coordination/MISC-CONCEPTS-SESSION-HANDOFF-20260927.md	git-mv	R7
notes/rewrite/fork-syscall-rewrite/NK4-REGRESSION-REVIEW-20260922-PART2.md	rewrite-notes/coordination/NK4-REGRESSION-REVIEW-20260922-PART2.md	git-mv	R7
notes/rewrite/fork-syscall-rewrite/NK4-REGRESSION-REVIEW-20260922.md	rewrite-notes/coordination/NK4-REGRESSION-REVIEW-20260922.md	git-mv	R7
notes/rewrite/fork-syscall-rewrite/NK4A-HANDOFF-STATUS.md	rewrite-notes/coordination/NK4A-HANDOFF-STATUS.md	git-mv	R7
notes/rewrite/fork-syscall-rewrite/NK4A-QWEN-OPENING-PROMPT.md	rewrite-notes/coordination/NK4A-QWEN-OPENING-PROMPT.md	git-mv	R7
notes/rewrite/fork-syscall-rewrite/NK4A-QWEN-WORKLOG.md	rewrite-notes/coordination/NK4A-QWEN-WORKLOG.md	git-mv	R7
notes/rewrite/fork-syscall-rewrite/NK4A-REVIEW-REPORT.md	rewrite-notes/coordination/NK4A-REVIEW-REPORT.md	git-mv	R7
notes/rewrite/fork-syscall-rewrite/NK4A-TODO.md	rewrite-notes/coordination/NK4A-TODO.md	git-mv	R7
notes/rewrite/fork-syscall-rewrite/NK4B-OPENING-PROMPT.md	rewrite-notes/coordination/NK4B-OPENING-PROMPT.md	git-mv	R7
notes/rewrite/fork-syscall-rewrite/NK4B-TODO.md	rewrite-notes/coordination/NK4B-TODO.md	git-mv	R7
notes/rewrite/fork-syscall-rewrite/NK4B-WORKLOG.md	rewrite-notes/coordination/NK4B-WORKLOG.md	git-mv	R7
notes/rewrite/fork-syscall-rewrite/NK4C-AARCH64-EXEC-REBIND-LIVELOCK.md	rewrite-notes/coordination/NK4C-AARCH64-EXEC-REBIND-LIVELOCK.md	git-mv	R7
notes/rewrite/fork-syscall-rewrite/NK4C-BUG-AARCH64-VEC-CAP-GLM.md	rewrite-notes/coordination/NK4C-BUG-AARCH64-VEC-CAP-GLM.md	git-mv	R7
notes/rewrite/fork-syscall-rewrite/NK4C-BUG-AARCH64-VEC-CAP.md	rewrite-notes/coordination/NK4C-BUG-AARCH64-VEC-CAP.md	git-mv	R7
notes/rewrite/fork-syscall-rewrite/NK4C-BUG-RISCV64-MEMORY-CORRUPTION.md	rewrite-notes/coordination/NK4C-BUG-RISCV64-MEMORY-CORRUPTION.md	git-mv	R7
notes/rewrite/fork-syscall-rewrite/NK4C-BUG-RISCV64-TRANSIENT-PTE.md	rewrite-notes/coordination/NK4C-BUG-RISCV64-TRANSIENT-PTE.md	git-mv	R7
notes/rewrite/fork-syscall-rewrite/NK4C-GLM53-PROMPT.md	rewrite-notes/coordination/NK4C-GLM53-PROMPT.md	git-mv	R7
notes/rewrite/fork-syscall-rewrite/NK4C-MIGRATION-20260930.md	rewrite-notes/coordination/NK4C-MIGRATION-20260930.md	git-mv	R7
notes/rewrite/fork-syscall-rewrite/NK4C-NEW-MACHINE-OPENING-PROMPT.txt	rewrite-notes/coordination/NK4C-NEW-MACHINE-OPENING-PROMPT.txt	git-mv	R7
notes/rewrite/fork-syscall-rewrite/NK4C-OPENING-PROMPT.md	rewrite-notes/coordination/NK4C-OPENING-PROMPT.md	git-mv	R7
notes/rewrite/fork-syscall-rewrite/NK4C-QEMU-ENVIRONMENTS.md	rewrite-notes/coordination/NK4C-QEMU-ENVIRONMENTS.md	git-mv	R7
notes/rewrite/fork-syscall-rewrite/NK4C-R3-P1-AUDIT-TABLE-20260927.txt	rewrite-notes/coordination/NK4C-R3-P1-AUDIT-TABLE-20260927.txt	git-mv	R7
notes/rewrite/fork-syscall-rewrite/NK4C-R31-P1-AUDIT-TABLE-20260930.txt	rewrite-notes/coordination/NK4C-R31-P1-AUDIT-TABLE-20260930.txt	git-mv	R7
notes/rewrite/fork-syscall-rewrite/NK4C-R32-P1-AUDIT-TABLE-20261004.txt	rewrite-notes/coordination/NK4C-R32-P1-AUDIT-TABLE-20261004.txt	git-mv	R7
notes/rewrite/fork-syscall-rewrite/NK4C-R33-P1-AUDIT-TABLE-20261005.txt	rewrite-notes/coordination/NK4C-R33-P1-AUDIT-TABLE-20261005.txt	git-mv	R7
notes/rewrite/fork-syscall-rewrite/NK4C-R34-P1-AUDIT-TABLE-20261006.txt	rewrite-notes/coordination/NK4C-R34-P1-AUDIT-TABLE-20261006.txt	git-mv	R7
notes/rewrite/fork-syscall-rewrite/NK4C-RESUME-PROMPT.md	rewrite-notes/coordination/NK4C-RESUME-PROMPT.md	git-mv	R7
notes/rewrite/fork-syscall-rewrite/NK4C-RETRO-AUDIT-20261001.md	rewrite-notes/coordination/NK4C-RETRO-AUDIT-20261001.md	git-mv	R7
notes/rewrite/fork-syscall-rewrite/NK4C-REVIEW-REPORT-20260923-R2.md	rewrite-notes/coordination/NK4C-REVIEW-REPORT-20260923-R2.md	git-mv	R7
notes/rewrite/fork-syscall-rewrite/NK4C-REVIEW-REPORT-20260923.md	rewrite-notes/coordination/NK4C-REVIEW-REPORT-20260923.md	git-mv	R7
notes/rewrite/fork-syscall-rewrite/NK4C-REVIEW-REPORT-20260927-R3.md	rewrite-notes/coordination/NK4C-REVIEW-REPORT-20260927-R3.md	git-mv	R7
notes/rewrite/fork-syscall-rewrite/NK4C-REVIEW-REPORT-R31-20260930.md	rewrite-notes/coordination/NK4C-REVIEW-REPORT-R31-20260930.md	git-mv	R7
notes/rewrite/fork-syscall-rewrite/NK4C-REVIEW-REPORT-R32-20261004.md	rewrite-notes/coordination/NK4C-REVIEW-REPORT-R32-20261004.md	git-mv	R7
notes/rewrite/fork-syscall-rewrite/NK4C-REVIEW-REPORT-R33-20261005.md	rewrite-notes/coordination/NK4C-REVIEW-REPORT-R33-20261005.md	git-mv	R7
notes/rewrite/fork-syscall-rewrite/NK4C-REVIEW-REPORT-R34-20261006.md	rewrite-notes/coordination/NK4C-REVIEW-REPORT-R34-20261006.md	git-mv	R7
notes/rewrite/fork-syscall-rewrite/NK4C-REVIEWER-SESSION-RECORD-20260930.md	rewrite-notes/coordination/NK4C-REVIEWER-SESSION-RECORD-20260930.md	git-mv	R7
notes/rewrite/fork-syscall-rewrite/NK4C-WORKLOG.md	rewrite-notes/coordination/NK4C-WORKLOG.md	git-mv	R7
notes/rewrite/fork-syscall-rewrite/NK4C-接续PROMPT-20261002.md	rewrite-notes/coordination/NK4C-接续PROMPT-20261002.md	git-mv	R7
notes/rewrite/fork-syscall-rewrite/NK4C-接续PROMPT-20261003.md	rewrite-notes/coordination/NK4C-接续PROMPT-20261003.md	git-mv	R7
notes/rewrite/fork-syscall-rewrite/NK4C-接续PROMPT-20261005.md	rewrite-notes/coordination/NK4C-接续PROMPT-20261005.md	git-mv	R7
notes/rewrite/fork-syscall-rewrite/NK4C-接续PROMPT-20261005b.md	rewrite-notes/coordination/NK4C-接续PROMPT-20261005b.md	git-mv	R7
notes/rewrite/fork-syscall-rewrite/NK4C-接续PROMPT-20261005c.md	rewrite-notes/coordination/NK4C-接续PROMPT-20261005c.md	git-mv	R7
notes/rewrite/fork-syscall-rewrite/NK4C-接续PROMPT-20261006q.md	rewrite-notes/coordination/NK4C-接续PROMPT-20261006q.md	git-mv	R7
notes/rewrite/fork-syscall-rewrite/NK4C-接续PROMPT-20261006r.md	rewrite-notes/coordination/NK4C-接续PROMPT-20261006r.md	git-mv	R7
notes/rewrite/fork-syscall-rewrite/NK4C-接续PROMPT-RISCV-20261003.md	rewrite-notes/coordination/NK4C-接续PROMPT-RISCV-20261003.md	git-mv	R7
notes/rewrite/fork-syscall-rewrite/PATTERN-GATE-SESSION-HANDOFF-20260927.md	rewrite-notes/coordination/PATTERN-GATE-SESSION-HANDOFF-20260927.md	git-mv	R7
notes/rewrite/fork-syscall-rewrite/PATTERN-SCAN-REPORT-20260923.md	rewrite-notes/coordination/PATTERN-SCAN-REPORT-20260923.md	git-mv	R7
notes/rewrite/fork-syscall-rewrite/PENDING-DECISIONS-3ARCH-PARITY.md	rewrite-notes/coordination/PENDING-DECISIONS-3ARCH-PARITY.md	mv-untracked	R7
notes/rewrite/fork-syscall-rewrite/README.md	rewrite-notes/misc/legacy-fork-syscall-index.md	git-mv	R6
notes/rewrite/fork-syscall-rewrite/STRUCTURAL-DEBT-REGISTER-20260930.md	rewrite-notes/coordination/STRUCTURAL-DEBT-REGISTER-20260930.md	git-mv	R7
notes/rewrite/fork-syscall-rewrite/TODO-3ARCH-PARITY-20261006.md	rewrite-notes/coordination/TODO-3ARCH-PARITY-20261006.md	git-mv	R7
notes/rewrite/fork-syscall-rewrite/claim-prompt.md	rewrite-notes/coordination/claim-prompt.md	git-mv	R7
notes/rewrite/fork-syscall-rewrite/edge1.md	rewrite-notes/coordination/edge1.md	git-mv	R7
notes/rewrite/fork-syscall-rewrite/edge2.md	rewrite-notes/coordination/edge2.md	git-mv	R7
notes/rewrite/fork-syscall-rewrite/edge3.md	rewrite-notes/coordination/edge3.md	git-mv	R7
notes/rewrite/fork-syscall-rewrite/edge4.md	rewrite-notes/coordination/edge4.md	git-mv	R7
notes/rewrite/fork-syscall-rewrite/edge_todo.md	rewrite-notes/coordination/edge_todo.md	git-mv	R7
notes/rewrite/fork-syscall-rewrite/edge_todo_archive.md	rewrite-notes/coordination/edge_todo_archive.md	git-mv	R7
notes/rewrite/fork-syscall-rewrite/evidence/20260921-2320/c1.log	rewrite-notes/evidence/20260921-2320/c1.log	mv-ignored	R4
notes/rewrite/fork-syscall-rewrite/evidence/20260921-2320/c2.log	rewrite-notes/evidence/20260921-2320/c2.log	mv-ignored	R4
notes/rewrite/fork-syscall-rewrite/evidence/20260921-2320/c3.log	rewrite-notes/evidence/20260921-2320/c3.log	mv-ignored	R4
notes/rewrite/fork-syscall-rewrite/evidence/20260921-2320/c4.log	rewrite-notes/evidence/20260921-2320/c4.log	mv-ignored	R4
notes/rewrite/fork-syscall-rewrite/evidence/20260921-2320/c5.log	rewrite-notes/evidence/20260921-2320/c5.log	mv-ignored	R4
notes/rewrite/fork-syscall-rewrite/evidence/20260921-2320/chk28.log	rewrite-notes/evidence/20260921-2320/chk28.log	mv-ignored	R4
notes/rewrite/fork-syscall-rewrite/evidence/20260921-2320/chk29.log	rewrite-notes/evidence/20260921-2320/chk29.log	mv-ignored	R4
notes/rewrite/fork-syscall-rewrite/evidence/20260921-2320/chk30c.log	rewrite-notes/evidence/20260921-2320/chk30c.log	mv-ignored	R4
notes/rewrite/fork-syscall-rewrite/evidence/20260921-2320/chk36.log	rewrite-notes/evidence/20260921-2320/chk36.log	mv-ignored	R4
notes/rewrite/fork-syscall-rewrite/evidence/20260921-2320/f34.log	rewrite-notes/evidence/20260921-2320/f34.log	mv-ignored	R4
notes/rewrite/fork-syscall-rewrite/evidence/20260921-2320/fix27_check.log	rewrite-notes/evidence/20260921-2320/fix27_check.log	mv-ignored	R4
notes/rewrite/fork-syscall-rewrite/evidence/20260921-2320/fix27_check2.log	rewrite-notes/evidence/20260921-2320/fix27_check2.log	mv-ignored	R4
notes/rewrite/fork-syscall-rewrite/evidence/20260921-2320/fix27_test1.log	rewrite-notes/evidence/20260921-2320/fix27_test1.log	mv-ignored	R4
notes/rewrite/fork-syscall-rewrite/evidence/20260921-2320/gs.log	rewrite-notes/evidence/20260921-2320/gs.log	mv-ignored	R4
notes/rewrite/fork-syscall-rewrite/evidence/20260921-2320/img27.log	rewrite-notes/evidence/20260921-2320/img27.log	mv-ignored	R4
notes/rewrite/fork-syscall-rewrite/evidence/20260921-2320/img28.log	rewrite-notes/evidence/20260921-2320/img28.log	mv-ignored	R4
notes/rewrite/fork-syscall-rewrite/evidence/20260921-2320/img29.log	rewrite-notes/evidence/20260921-2320/img29.log	mv-ignored	R4
notes/rewrite/fork-syscall-rewrite/evidence/20260921-2320/img30b.log	rewrite-notes/evidence/20260921-2320/img30b.log	mv-ignored	R4
notes/rewrite/fork-syscall-rewrite/evidence/20260921-2320/img30d.log	rewrite-notes/evidence/20260921-2320/img30d.log	mv-ignored	R4
notes/rewrite/fork-syscall-rewrite/evidence/20260921-2320/img31.log	rewrite-notes/evidence/20260921-2320/img31.log	mv-ignored	R4
notes/rewrite/fork-syscall-rewrite/evidence/20260921-2320/img32.log	rewrite-notes/evidence/20260921-2320/img32.log	mv-ignored	R4
notes/rewrite/fork-syscall-rewrite/evidence/20260921-2320/img33.log	rewrite-notes/evidence/20260921-2320/img33.log	mv-ignored	R4
notes/rewrite/fork-syscall-rewrite/evidence/20260921-2320/img34.log	rewrite-notes/evidence/20260921-2320/img34.log	mv-ignored	R4
notes/rewrite/fork-syscall-rewrite/evidence/20260921-2320/img35.log	rewrite-notes/evidence/20260921-2320/img35.log	mv-ignored	R4
notes/rewrite/fork-syscall-rewrite/evidence/20260921-2320/img36.log	rewrite-notes/evidence/20260921-2320/img36.log	mv-ignored	R4
notes/rewrite/fork-syscall-rewrite/evidence/20260921-2320/img37.log	rewrite-notes/evidence/20260921-2320/img37.log	mv-ignored	R4
notes/rewrite/fork-syscall-rewrite/evidence/20260921-2320/names.log	rewrite-notes/evidence/20260921-2320/names.log	mv-ignored	R4
notes/rewrite/fork-syscall-rewrite/evidence/20260921-2320/nk4a_c3_serial1.log	rewrite-notes/evidence/20260921-2320/nk4a_c3_serial1.log	mv-ignored	R4
notes/rewrite/fork-syscall-rewrite/evidence/20260921-2320/nk4a_c3_serial10.log	rewrite-notes/evidence/20260921-2320/nk4a_c3_serial10.log	mv-ignored	R4
notes/rewrite/fork-syscall-rewrite/evidence/20260921-2320/nk4a_c3_serial11.log	rewrite-notes/evidence/20260921-2320/nk4a_c3_serial11.log	mv-ignored	R4
notes/rewrite/fork-syscall-rewrite/evidence/20260921-2320/nk4a_c3_serial12.log	rewrite-notes/evidence/20260921-2320/nk4a_c3_serial12.log	mv-ignored	R4
notes/rewrite/fork-syscall-rewrite/evidence/20260921-2320/nk4a_c3_serial13.log	rewrite-notes/evidence/20260921-2320/nk4a_c3_serial13.log	mv-ignored	R4
notes/rewrite/fork-syscall-rewrite/evidence/20260921-2320/nk4a_c3_serial14.log	rewrite-notes/evidence/20260921-2320/nk4a_c3_serial14.log	mv-ignored	R4
notes/rewrite/fork-syscall-rewrite/evidence/20260921-2320/nk4a_c3_serial15.log	rewrite-notes/evidence/20260921-2320/nk4a_c3_serial15.log	mv-ignored	R4
notes/rewrite/fork-syscall-rewrite/evidence/20260921-2320/nk4a_c3_serial16.log	rewrite-notes/evidence/20260921-2320/nk4a_c3_serial16.log	mv-ignored	R4
notes/rewrite/fork-syscall-rewrite/evidence/20260921-2320/nk4a_c3_serial17.log	rewrite-notes/evidence/20260921-2320/nk4a_c3_serial17.log	mv-ignored	R4
notes/rewrite/fork-syscall-rewrite/evidence/20260921-2320/nk4a_c3_serial18.log	rewrite-notes/evidence/20260921-2320/nk4a_c3_serial18.log	mv-ignored	R4
notes/rewrite/fork-syscall-rewrite/evidence/20260921-2320/nk4a_c3_serial19.log	rewrite-notes/evidence/20260921-2320/nk4a_c3_serial19.log	mv-ignored	R4
notes/rewrite/fork-syscall-rewrite/evidence/20260921-2320/nk4a_c3_serial2.log	rewrite-notes/evidence/20260921-2320/nk4a_c3_serial2.log	mv-ignored	R4
notes/rewrite/fork-syscall-rewrite/evidence/20260921-2320/nk4a_c3_serial20.log	rewrite-notes/evidence/20260921-2320/nk4a_c3_serial20.log	mv-ignored	R4
notes/rewrite/fork-syscall-rewrite/evidence/20260921-2320/nk4a_c3_serial21.log	rewrite-notes/evidence/20260921-2320/nk4a_c3_serial21.log	mv-ignored	R4
notes/rewrite/fork-syscall-rewrite/evidence/20260921-2320/nk4a_c3_serial22.log	rewrite-notes/evidence/20260921-2320/nk4a_c3_serial22.log	mv-ignored	R4
notes/rewrite/fork-syscall-rewrite/evidence/20260921-2320/nk4a_c3_serial23.log	rewrite-notes/evidence/20260921-2320/nk4a_c3_serial23.log	mv-ignored	R4
notes/rewrite/fork-syscall-rewrite/evidence/20260921-2320/nk4a_c3_serial24.log	rewrite-notes/evidence/20260921-2320/nk4a_c3_serial24.log	mv-ignored	R4
notes/rewrite/fork-syscall-rewrite/evidence/20260921-2320/nk4a_c3_serial25.log	rewrite-notes/evidence/20260921-2320/nk4a_c3_serial25.log	mv-ignored	R4
notes/rewrite/fork-syscall-rewrite/evidence/20260921-2320/nk4a_c3_serial26.log	rewrite-notes/evidence/20260921-2320/nk4a_c3_serial26.log	mv-ignored	R4
notes/rewrite/fork-syscall-rewrite/evidence/20260921-2320/nk4a_c3_serial27.log	rewrite-notes/evidence/20260921-2320/nk4a_c3_serial27.log	mv-ignored	R4
notes/rewrite/fork-syscall-rewrite/evidence/20260921-2320/nk4a_c3_serial3.log	rewrite-notes/evidence/20260921-2320/nk4a_c3_serial3.log	mv-ignored	R4
notes/rewrite/fork-syscall-rewrite/evidence/20260921-2320/nk4a_c3_serial4.log	rewrite-notes/evidence/20260921-2320/nk4a_c3_serial4.log	mv-ignored	R4
notes/rewrite/fork-syscall-rewrite/evidence/20260921-2320/nk4a_c3_serial5.log	rewrite-notes/evidence/20260921-2320/nk4a_c3_serial5.log	mv-ignored	R4
notes/rewrite/fork-syscall-rewrite/evidence/20260921-2320/nk4a_c3_serial6.log	rewrite-notes/evidence/20260921-2320/nk4a_c3_serial6.log	mv-ignored	R4
notes/rewrite/fork-syscall-rewrite/evidence/20260921-2320/nk4a_c3_serial7.log	rewrite-notes/evidence/20260921-2320/nk4a_c3_serial7.log	mv-ignored	R4
notes/rewrite/fork-syscall-rewrite/evidence/20260921-2320/nk4a_c3_serial8.log	rewrite-notes/evidence/20260921-2320/nk4a_c3_serial8.log	mv-ignored	R4
notes/rewrite/fork-syscall-rewrite/evidence/20260921-2320/nk4a_c4_serial1.log	rewrite-notes/evidence/20260921-2320/nk4a_c4_serial1.log	mv-ignored	R4
notes/rewrite/fork-syscall-rewrite/evidence/20260921-2320/nk4a_c4_serial10.log	rewrite-notes/evidence/20260921-2320/nk4a_c4_serial10.log	mv-ignored	R4
notes/rewrite/fork-syscall-rewrite/evidence/20260921-2320/nk4a_c4_serial11.log	rewrite-notes/evidence/20260921-2320/nk4a_c4_serial11.log	mv-ignored	R4
notes/rewrite/fork-syscall-rewrite/evidence/20260921-2320/nk4a_c4_serial12.log	rewrite-notes/evidence/20260921-2320/nk4a_c4_serial12.log	mv-ignored	R4
notes/rewrite/fork-syscall-rewrite/evidence/20260921-2320/nk4a_c4_serial13.log	rewrite-notes/evidence/20260921-2320/nk4a_c4_serial13.log	mv-ignored	R4
notes/rewrite/fork-syscall-rewrite/evidence/20260921-2320/nk4a_c4_serial14.log	rewrite-notes/evidence/20260921-2320/nk4a_c4_serial14.log	mv-ignored	R4
notes/rewrite/fork-syscall-rewrite/evidence/20260921-2320/nk4a_c4_serial15.log	rewrite-notes/evidence/20260921-2320/nk4a_c4_serial15.log	mv-ignored	R4
notes/rewrite/fork-syscall-rewrite/evidence/20260921-2320/nk4a_c4_serial16.log	rewrite-notes/evidence/20260921-2320/nk4a_c4_serial16.log	mv-ignored	R4
notes/rewrite/fork-syscall-rewrite/evidence/20260921-2320/nk4a_c4_serial17.log	rewrite-notes/evidence/20260921-2320/nk4a_c4_serial17.log	mv-ignored	R4
notes/rewrite/fork-syscall-rewrite/evidence/20260921-2320/nk4a_c4_serial18.log	rewrite-notes/evidence/20260921-2320/nk4a_c4_serial18.log	mv-ignored	R4
notes/rewrite/fork-syscall-rewrite/evidence/20260921-2320/nk4a_c4_serial19.log	rewrite-notes/evidence/20260921-2320/nk4a_c4_serial19.log	mv-ignored	R4
notes/rewrite/fork-syscall-rewrite/evidence/20260921-2320/nk4a_c4_serial2.log	rewrite-notes/evidence/20260921-2320/nk4a_c4_serial2.log	mv-ignored	R4
notes/rewrite/fork-syscall-rewrite/evidence/20260921-2320/nk4a_c4_serial3.log	rewrite-notes/evidence/20260921-2320/nk4a_c4_serial3.log	mv-ignored	R4
notes/rewrite/fork-syscall-rewrite/evidence/20260921-2320/nk4a_c4_serial4.log	rewrite-notes/evidence/20260921-2320/nk4a_c4_serial4.log	mv-ignored	R4
notes/rewrite/fork-syscall-rewrite/evidence/20260921-2320/nk4a_c4_serial5.log	rewrite-notes/evidence/20260921-2320/nk4a_c4_serial5.log	mv-ignored	R4
notes/rewrite/fork-syscall-rewrite/evidence/20260921-2320/nk4a_c4_serial6.log	rewrite-notes/evidence/20260921-2320/nk4a_c4_serial6.log	mv-ignored	R4
notes/rewrite/fork-syscall-rewrite/evidence/20260921-2320/nk4a_c4_serial7.log	rewrite-notes/evidence/20260921-2320/nk4a_c4_serial7.log	mv-ignored	R4
notes/rewrite/fork-syscall-rewrite/evidence/20260921-2320/nk4a_c4_serial8.log	rewrite-notes/evidence/20260921-2320/nk4a_c4_serial8.log	mv-ignored	R4
notes/rewrite/fork-syscall-rewrite/evidence/20260921-2320/nk4a_c4_serial9.log	rewrite-notes/evidence/20260921-2320/nk4a_c4_serial9.log	mv-ignored	R4
notes/rewrite/fork-syscall-rewrite/evidence/20260921-2320/nk4a_c5_serial1.log	rewrite-notes/evidence/20260921-2320/nk4a_c5_serial1.log	mv-ignored	R4
notes/rewrite/fork-syscall-rewrite/evidence/20260921-2320/nk4a_c5_serial2.log	rewrite-notes/evidence/20260921-2320/nk4a_c5_serial2.log	mv-ignored	R4
notes/rewrite/fork-syscall-rewrite/evidence/20260921-2320/nk4a_c5_serial3.log	rewrite-notes/evidence/20260921-2320/nk4a_c5_serial3.log	mv-ignored	R4
notes/rewrite/fork-syscall-rewrite/evidence/20260921-2320/nk4a_c5_serial4.log	rewrite-notes/evidence/20260921-2320/nk4a_c5_serial4.log	mv-ignored	R4
notes/rewrite/fork-syscall-rewrite/evidence/20260921-2320/nk4a_c5_serial5.log	rewrite-notes/evidence/20260921-2320/nk4a_c5_serial5.log	mv-ignored	R4
notes/rewrite/fork-syscall-rewrite/evidence/20260921-2320/nk4a_c5_serial6.log	rewrite-notes/evidence/20260921-2320/nk4a_c5_serial6.log	mv-ignored	R4
notes/rewrite/fork-syscall-rewrite/evidence/20260921-2320/nk4a_c5_serial7.log	rewrite-notes/evidence/20260921-2320/nk4a_c5_serial7.log	mv-ignored	R4
notes/rewrite/fork-syscall-rewrite/evidence/20260921-2320/nk4a_c5_serial8.log	rewrite-notes/evidence/20260921-2320/nk4a_c5_serial8.log	mv-ignored	R4
notes/rewrite/fork-syscall-rewrite/evidence/20260921-2320/nk4a_c5_serial9.log	rewrite-notes/evidence/20260921-2320/nk4a_c5_serial9.log	mv-ignored	R4
notes/rewrite/fork-syscall-rewrite/evidence/20260921-2320/run27.log	rewrite-notes/evidence/20260921-2320/run27.log	mv-ignored	R4
notes/rewrite/fork-syscall-rewrite/evidence/20260921-2320/run28.log	rewrite-notes/evidence/20260921-2320/run28.log	mv-ignored	R4
notes/rewrite/fork-syscall-rewrite/evidence/20260921-2320/run29.log	rewrite-notes/evidence/20260921-2320/run29.log	mv-ignored	R4
notes/rewrite/fork-syscall-rewrite/evidence/20260921-2320/run30.log	rewrite-notes/evidence/20260921-2320/run30.log	mv-ignored	R4
notes/rewrite/fork-syscall-rewrite/evidence/20260921-2320/run30b.log	rewrite-notes/evidence/20260921-2320/run30b.log	mv-ignored	R4
notes/rewrite/fork-syscall-rewrite/evidence/20260921-2320/run30e.log	rewrite-notes/evidence/20260921-2320/run30e.log	mv-ignored	R4
notes/rewrite/fork-syscall-rewrite/evidence/20260921-2320/run31.log	rewrite-notes/evidence/20260921-2320/run31.log	mv-ignored	R4
notes/rewrite/fork-syscall-rewrite/evidence/20260921-2320/run32.log	rewrite-notes/evidence/20260921-2320/run32.log	mv-ignored	R4
notes/rewrite/fork-syscall-rewrite/evidence/20260921-2320/run33.log	rewrite-notes/evidence/20260921-2320/run33.log	mv-ignored	R4
notes/rewrite/fork-syscall-rewrite/evidence/20260921-2320/run35.log	rewrite-notes/evidence/20260921-2320/run35.log	mv-ignored	R4
notes/rewrite/fork-syscall-rewrite/evidence/20260921-2320/run36.log	rewrite-notes/evidence/20260921-2320/run36.log	mv-ignored	R4
notes/rewrite/fork-syscall-rewrite/evidence/20260921-2320/run37.log	rewrite-notes/evidence/20260921-2320/run37.log	mv-ignored	R4
notes/rewrite/fork-syscall-rewrite/evidence/20260921-2320/s29.log	rewrite-notes/evidence/20260921-2320/s29.log	mv-ignored	R4
notes/rewrite/fork-syscall-rewrite/evidence/20260921-2320/sed32.log	rewrite-notes/evidence/20260921-2320/sed32.log	mv-ignored	R4
notes/rewrite/fork-syscall-rewrite/evidence/20260921-2320/smoke-at-tip-232125.log	rewrite-notes/evidence/20260921-2320/smoke-at-tip-232125.log	mv-ignored	R4
notes/rewrite/fork-syscall-rewrite/evidence/20260921-2320/smoke10.log	rewrite-notes/evidence/20260921-2320/smoke10.log	mv-ignored	R4
notes/rewrite/fork-syscall-rewrite/evidence/20260921-2320/smoke11.log	rewrite-notes/evidence/20260921-2320/smoke11.log	mv-ignored	R4
notes/rewrite/fork-syscall-rewrite/evidence/20260921-2320/smoke12.log	rewrite-notes/evidence/20260921-2320/smoke12.log	mv-ignored	R4
notes/rewrite/fork-syscall-rewrite/evidence/20260921-2320/smoke13.log	rewrite-notes/evidence/20260921-2320/smoke13.log	mv-ignored	R4
notes/rewrite/fork-syscall-rewrite/evidence/20260921-2320/smoke14.log	rewrite-notes/evidence/20260921-2320/smoke14.log	mv-ignored	R4
notes/rewrite/fork-syscall-rewrite/evidence/20260921-2320/smoke16.log	rewrite-notes/evidence/20260921-2320/smoke16.log	mv-ignored	R4
notes/rewrite/fork-syscall-rewrite/evidence/20260921-2320/smoke17.log	rewrite-notes/evidence/20260921-2320/smoke17.log	mv-ignored	R4
notes/rewrite/fork-syscall-rewrite/evidence/20260921-2320/smoke18.log	rewrite-notes/evidence/20260921-2320/smoke18.log	mv-ignored	R4
notes/rewrite/fork-syscall-rewrite/evidence/20260921-2320/smoke19.log	rewrite-notes/evidence/20260921-2320/smoke19.log	mv-ignored	R4
notes/rewrite/fork-syscall-rewrite/evidence/20260921-2320/smoke2.log	rewrite-notes/evidence/20260921-2320/smoke2.log	mv-ignored	R4
notes/rewrite/fork-syscall-rewrite/evidence/20260921-2320/smoke3.log	rewrite-notes/evidence/20260921-2320/smoke3.log	mv-ignored	R4
notes/rewrite/fork-syscall-rewrite/evidence/20260921-2320/smoke4.log	rewrite-notes/evidence/20260921-2320/smoke4.log	mv-ignored	R4
notes/rewrite/fork-syscall-rewrite/evidence/20260921-2320/smoke5.log	rewrite-notes/evidence/20260921-2320/smoke5.log	mv-ignored	R4
notes/rewrite/fork-syscall-rewrite/evidence/20260921-2320/smoke6.log	rewrite-notes/evidence/20260921-2320/smoke6.log	mv-ignored	R4
notes/rewrite/fork-syscall-rewrite/evidence/20260921-2320/smoke7.log	rewrite-notes/evidence/20260921-2320/smoke7.log	mv-ignored	R4
notes/rewrite/fork-syscall-rewrite/evidence/20260921-2320/smoke8.log	rewrite-notes/evidence/20260921-2320/smoke8.log	mv-ignored	R4
notes/rewrite/fork-syscall-rewrite/evidence/20260921-2320/smoke9.log	rewrite-notes/evidence/20260921-2320/smoke9.log	mv-ignored	R4
notes/rewrite/fork-syscall-rewrite/evidence/20260921-2320/smoke_real.log	rewrite-notes/evidence/20260921-2320/smoke_real.log	mv-ignored	R4
notes/rewrite/fork-syscall-rewrite/evidence/20260921-2320/str28.log	rewrite-notes/evidence/20260921-2320/str28.log	mv-ignored	R4
notes/rewrite/fork-syscall-rewrite/evidence/20260921-2320/sysboot_debug.log	rewrite-notes/evidence/20260921-2320/sysboot_debug.log	mv-ignored	R4
notes/rewrite/fork-syscall-rewrite/evidence/20260921-2320/sysboot_serial.5UtoD9.log	rewrite-notes/evidence/20260921-2320/sysboot_serial.5UtoD9.log	mv-ignored	R4
notes/rewrite/fork-syscall-rewrite/evidence/20260921-2320/sysboot_serial.7i0Kz4.log	rewrite-notes/evidence/20260921-2320/sysboot_serial.7i0Kz4.log	mv-ignored	R4
notes/rewrite/fork-syscall-rewrite/evidence/20260921-2320/sysboot_serial.9OPFTM.log	rewrite-notes/evidence/20260921-2320/sysboot_serial.9OPFTM.log	mv-ignored	R4
notes/rewrite/fork-syscall-rewrite/evidence/20260921-2320/sysboot_serial.Cou0ik.log	rewrite-notes/evidence/20260921-2320/sysboot_serial.Cou0ik.log	mv-ignored	R4
notes/rewrite/fork-syscall-rewrite/evidence/20260921-2320/sysboot_serial.GbmhZU.log	rewrite-notes/evidence/20260921-2320/sysboot_serial.GbmhZU.log	mv-ignored	R4
notes/rewrite/fork-syscall-rewrite/evidence/20260921-2320/sysboot_serial.MfkjKQ.log	rewrite-notes/evidence/20260921-2320/sysboot_serial.MfkjKQ.log	mv-ignored	R4
notes/rewrite/fork-syscall-rewrite/evidence/20260921-2320/sysboot_serial.U30S9U.log	rewrite-notes/evidence/20260921-2320/sysboot_serial.U30S9U.log	mv-ignored	R4
notes/rewrite/fork-syscall-rewrite/evidence/20260921-2320/sysboot_serial.UQM4nR.log	rewrite-notes/evidence/20260921-2320/sysboot_serial.UQM4nR.log	mv-ignored	R4
notes/rewrite/fork-syscall-rewrite/evidence/20260921-2320/sysboot_serial.ViZgR7.log	rewrite-notes/evidence/20260921-2320/sysboot_serial.ViZgR7.log	mv-ignored	R4
notes/rewrite/fork-syscall-rewrite/evidence/20260921-2320/sysboot_serial.YtxGh7.log	rewrite-notes/evidence/20260921-2320/sysboot_serial.YtxGh7.log	mv-ignored	R4
notes/rewrite/fork-syscall-rewrite/evidence/20260921-2320/sysboot_serial.a5kaQN.log	rewrite-notes/evidence/20260921-2320/sysboot_serial.a5kaQN.log	mv-ignored	R4
notes/rewrite/fork-syscall-rewrite/evidence/20260921-2320/sysboot_serial.hhH6j1.log	rewrite-notes/evidence/20260921-2320/sysboot_serial.hhH6j1.log	mv-ignored	R4
notes/rewrite/fork-syscall-rewrite/evidence/20260921-2320/sysboot_serial.iOA6pb.log	rewrite-notes/evidence/20260921-2320/sysboot_serial.iOA6pb.log	mv-ignored	R4
notes/rewrite/fork-syscall-rewrite/evidence/20260921-2320/sysboot_serial.ivLVaJ.log	rewrite-notes/evidence/20260921-2320/sysboot_serial.ivLVaJ.log	mv-ignored	R4
notes/rewrite/fork-syscall-rewrite/evidence/20260921-2320/sysboot_serial.k5wySS.log	rewrite-notes/evidence/20260921-2320/sysboot_serial.k5wySS.log	mv-ignored	R4
notes/rewrite/fork-syscall-rewrite/evidence/20260921-2320/sysboot_serial.mL9G9V.log	rewrite-notes/evidence/20260921-2320/sysboot_serial.mL9G9V.log	mv-ignored	R4
notes/rewrite/fork-syscall-rewrite/evidence/20260921-2320/sysboot_serial.p2QVrR.log	rewrite-notes/evidence/20260921-2320/sysboot_serial.p2QVrR.log	mv-ignored	R4
notes/rewrite/fork-syscall-rewrite/evidence/20260921-2320/sysboot_serial.pc665m.log	rewrite-notes/evidence/20260921-2320/sysboot_serial.pc665m.log	mv-ignored	R4
notes/rewrite/fork-syscall-rewrite/evidence/20260921-2320/sysboot_serial.qsmDkB.log	rewrite-notes/evidence/20260921-2320/sysboot_serial.qsmDkB.log	mv-ignored	R4
notes/rewrite/fork-syscall-rewrite/evidence/20260921-2320/sysboot_serial.sd9GYI.log	rewrite-notes/evidence/20260921-2320/sysboot_serial.sd9GYI.log	mv-ignored	R4
notes/rewrite/fork-syscall-rewrite/evidence/20260921-2320/sysboot_serial.uhjET8.log	rewrite-notes/evidence/20260921-2320/sysboot_serial.uhjET8.log	mv-ignored	R4
notes/rewrite/fork-syscall-rewrite/evidence/20260921-2320/sysboot_serial.zPLJUJ.log	rewrite-notes/evidence/20260921-2320/sysboot_serial.zPLJUJ.log	mv-ignored	R4
notes/rewrite/fork-syscall-rewrite/evidence/20260921-2320/t.log	rewrite-notes/evidence/20260921-2320/t.log	mv-ignored	R4
notes/rewrite/fork-syscall-rewrite/evidence/20260921-2320/t1.log	rewrite-notes/evidence/20260921-2320/t1.log	mv-ignored	R4
notes/rewrite/fork-syscall-rewrite/evidence/20260921-2320/t2.log	rewrite-notes/evidence/20260921-2320/t2.log	mv-ignored	R4
notes/rewrite/fork-syscall-rewrite/evidence/20260921-2320/t3.log	rewrite-notes/evidence/20260921-2320/t3.log	mv-ignored	R4
notes/rewrite/fork-syscall-rewrite/evidence/20260921-2320/t30f.log	rewrite-notes/evidence/20260921-2320/t30f.log	mv-ignored	R4
notes/rewrite/fork-syscall-rewrite/evidence/20260921-2320/t30g.log	rewrite-notes/evidence/20260921-2320/t30g.log	mv-ignored	R4
notes/rewrite/fork-syscall-rewrite/evidence/20260921-2320/t30h.log	rewrite-notes/evidence/20260921-2320/t30h.log	mv-ignored	R4
notes/rewrite/fork-syscall-rewrite/evidence/20260921-2320/t33.log	rewrite-notes/evidence/20260921-2320/t33.log	mv-ignored	R4
notes/rewrite/fork-syscall-rewrite/evidence/20260921-2320/t34.log	rewrite-notes/evidence/20260921-2320/t34.log	mv-ignored	R4
notes/rewrite/fork-syscall-rewrite/evidence/20260921-2320/t35.log	rewrite-notes/evidence/20260921-2320/t35.log	mv-ignored	R4
notes/rewrite/fork-syscall-rewrite/evidence/20260921-2320/t4.log	rewrite-notes/evidence/20260921-2320/t4.log	mv-ignored	R4
notes/rewrite/fork-syscall-rewrite/evidence/20260921-2320/t5.log	rewrite-notes/evidence/20260921-2320/t5.log	mv-ignored	R4
notes/rewrite/fork-syscall-rewrite/evidence/20260921-2320/t6.log	rewrite-notes/evidence/20260921-2320/t6.log	mv-ignored	R4
notes/rewrite/fork-syscall-rewrite/evidence/20260921-2320/t64a.Lw5R.log	rewrite-notes/evidence/20260921-2320/t64a.Lw5R.log	mv-ignored	R4
notes/rewrite/fork-syscall-rewrite/evidence/20260921-2320/t7.log	rewrite-notes/evidence/20260921-2320/t7.log	mv-ignored	R4
notes/rewrite/fork-syscall-rewrite/evidence/20260921-2320/timer_rv_debug.log	rewrite-notes/evidence/20260921-2320/timer_rv_debug.log	mv-ignored	R4
notes/rewrite/fork-syscall-rewrite/evidence/20260922-nk4a-iter11-18/serial_c10a.log	rewrite-notes/evidence/20260922-nk4a-iter11-18/serial_c10a.log	git-mv	R4
notes/rewrite/fork-syscall-rewrite/evidence/20260922-nk4a-iter11-18/serial_c11a.log	rewrite-notes/evidence/20260922-nk4a-iter11-18/serial_c11a.log	git-mv	R4
notes/rewrite/fork-syscall-rewrite/evidence/20260922-nk4a-iter11-18/serial_c12a.log	rewrite-notes/evidence/20260922-nk4a-iter11-18/serial_c12a.log	git-mv	R4
notes/rewrite/fork-syscall-rewrite/evidence/20260922-nk4a-iter11-18/serial_c13a.log	rewrite-notes/evidence/20260922-nk4a-iter11-18/serial_c13a.log	git-mv	R4
notes/rewrite/fork-syscall-rewrite/evidence/20260922-nk4a-iter11-18/serial_c14a.log	rewrite-notes/evidence/20260922-nk4a-iter11-18/serial_c14a.log	git-mv	R4
notes/rewrite/fork-syscall-rewrite/evidence/20260922-nk4a-iter11-18/serial_c15a.log	rewrite-notes/evidence/20260922-nk4a-iter11-18/serial_c15a.log	git-mv	R4
notes/rewrite/fork-syscall-rewrite/evidence/20260922-nk4a-iter11-18/serial_c16a.log	rewrite-notes/evidence/20260922-nk4a-iter11-18/serial_c16a.log	git-mv	R4
notes/rewrite/fork-syscall-rewrite/evidence/20260922-nk4a-iter11-18/serial_c7a.log	rewrite-notes/evidence/20260922-nk4a-iter11-18/serial_c7a.log	git-mv	R4
notes/rewrite/fork-syscall-rewrite/evidence/20260922-nk4a-iter11-18/serial_c8a.log	rewrite-notes/evidence/20260922-nk4a-iter11-18/serial_c8a.log	git-mv	R4
notes/rewrite/fork-syscall-rewrite/evidence/20260922-nk4a-iter11-18/serial_c9a.log	rewrite-notes/evidence/20260922-nk4a-iter11-18/serial_c9a.log	mv-ignored	R4
notes/rewrite/fork-syscall-rewrite/evidence/20260922-nk4a-taskA-c17a-c18/serial_c17a.log	rewrite-notes/evidence/20260922-nk4a-taskA-c17a-c18/serial_c17a.log	git-mv	R4
notes/rewrite/fork-syscall-rewrite/evidence/20260922-nk4a-taskA-c17a-c18/serial_c18a.log	rewrite-notes/evidence/20260922-nk4a-taskA-c17a-c18/serial_c18a.log	git-mv	R4
notes/rewrite/fork-syscall-rewrite/evidence/20260922-nk4a-taskA-c17a-c18/serial_c18b.log	rewrite-notes/evidence/20260922-nk4a-taskA-c17a-c18/serial_c18b.log	git-mv	R4
notes/rewrite/fork-syscall-rewrite/evidence/20260922-nk4a-taskC-c19a-c21a/serial_c19a.log	rewrite-notes/evidence/20260922-nk4a-taskC-c19a-c21a/serial_c19a.log	git-mv	R4
notes/rewrite/fork-syscall-rewrite/evidence/20260922-nk4a-taskC-c19a-c21a/serial_c20a.log	rewrite-notes/evidence/20260922-nk4a-taskC-c19a-c21a/serial_c20a.log	git-mv	R4
notes/rewrite/fork-syscall-rewrite/evidence/20260922-nk4a-taskC-c19a-c21a/serial_c21a.log	rewrite-notes/evidence/20260922-nk4a-taskC-c19a-c21a/serial_c21a.log	git-mv	R4
notes/rewrite/fork-syscall-rewrite/evidence/20260922-nk4a-taskC-c22/serial_c22a.log	rewrite-notes/evidence/20260922-nk4a-taskC-c22/serial_c22a.log	git-mv	R4
notes/rewrite/fork-syscall-rewrite/evidence/20260922-nk4a-taskC-c23/img_c23.log	rewrite-notes/evidence/20260922-nk4a-taskC-c23/img_c23.log	git-mv	R4
notes/rewrite/fork-syscall-rewrite/evidence/20260922-nk4a-taskC-c23/qemu_c23a.out	rewrite-notes/evidence/20260922-nk4a-taskC-c23/qemu_c23a.out	git-mv	R4
notes/rewrite/fork-syscall-rewrite/evidence/20260922-nk4a-taskC-c23/serial_c23a.log	rewrite-notes/evidence/20260922-nk4a-taskC-c23/serial_c23a.log	git-mv	R4
notes/rewrite/fork-syscall-rewrite/evidence/20260922-nk4a-taskC-c24/img_c24.log	rewrite-notes/evidence/20260922-nk4a-taskC-c24/img_c24.log	git-mv	R4
notes/rewrite/fork-syscall-rewrite/evidence/20260922-nk4a-taskC-c24/qemu_c24a.out	rewrite-notes/evidence/20260922-nk4a-taskC-c24/qemu_c24a.out	git-mv	R4
notes/rewrite/fork-syscall-rewrite/evidence/20260922-nk4a-taskC-c24/serial_c24a.log	rewrite-notes/evidence/20260922-nk4a-taskC-c24/serial_c24a.log	git-mv	R4
notes/rewrite/fork-syscall-rewrite/evidence/20260922-nk4b-p0/host-tests-kernel-arch-vm.txt	rewrite-notes/evidence/20260922-nk4b-p0/host-tests-kernel-arch-vm.txt	git-mv	R4
notes/rewrite/fork-syscall-rewrite/evidence/20260922-nk4b-p0/host-tests-rs-rt-sys.txt	rewrite-notes/evidence/20260922-nk4b-p0/host-tests-rs-rt-sys.txt	git-mv	R4
notes/rewrite/fork-syscall-rewrite/evidence/20260922-nk4b-p0/smoke-stdout.txt	rewrite-notes/evidence/20260922-nk4b-p0/smoke-stdout.txt	git-mv	R4
notes/rewrite/fork-syscall-rewrite/evidence/20260922-nk4b-p1-r7-9/img_c26.log	rewrite-notes/evidence/20260922-nk4b-p1-r7-9/img_c26.log	git-mv	R4
notes/rewrite/fork-syscall-rewrite/evidence/20260922-nk4b-p1-r7-9/img_c27.log	rewrite-notes/evidence/20260922-nk4b-p1-r7-9/img_c27.log	git-mv	R4
notes/rewrite/fork-syscall-rewrite/evidence/20260922-nk4b-p1-r7-9/serial_c25a.log	rewrite-notes/evidence/20260922-nk4b-p1-r7-9/serial_c25a.log	git-mv	R4
notes/rewrite/fork-syscall-rewrite/evidence/20260922-nk4b-p1-r7-9/serial_c26a.log	rewrite-notes/evidence/20260922-nk4b-p1-r7-9/serial_c26a.log	git-mv	R4
notes/rewrite/fork-syscall-rewrite/evidence/20260922-nk4b-p1-r7-9/serial_c27a.log	rewrite-notes/evidence/20260922-nk4b-p1-r7-9/serial_c27a.log	git-mv	R4
notes/rewrite/fork-syscall-rewrite/evidence/20260922-nk4b-p1-r7-9/serial_c27b.log	rewrite-notes/evidence/20260922-nk4b-p1-r7-9/serial_c27b.log	git-mv	R4
notes/rewrite/fork-syscall-rewrite/evidence/20260922-nk4b-p3-m31/carrier-build-before-fix.log	rewrite-notes/evidence/20260922-nk4b-p3-m31/carrier-build-before-fix.log	git-mv	R4
notes/rewrite/fork-syscall-rewrite/evidence/20260922-nk4b-p3-m31/host-test-minix-kernel.txt	rewrite-notes/evidence/20260922-nk4b-p3-m31/host-test-minix-kernel.txt	git-mv	R4
notes/rewrite/fork-syscall-rewrite/evidence/20260922-nk4b-p3-m31/serial_a64_b1.log	rewrite-notes/evidence/20260922-nk4b-p3-m31/serial_a64_b1.log	git-mv	R4
notes/rewrite/fork-syscall-rewrite/evidence/20260922-nk4b-p3-m31/serial_a64_b2.log	rewrite-notes/evidence/20260922-nk4b-p3-m31/serial_a64_b2.log	git-mv	R4
notes/rewrite/fork-syscall-rewrite/evidence/20260922-nk4b-p3-m31/serial_c28a.log	rewrite-notes/evidence/20260922-nk4b-p3-m31/serial_c28a.log	git-mv	R4
notes/rewrite/fork-syscall-rewrite/evidence/20260922-nk4b-p3-m31/test-script-after-fix.log	rewrite-notes/evidence/20260922-nk4b-p3-m31/test-script-after-fix.log	git-mv	R4
notes/rewrite/fork-syscall-rewrite/evidence/20260922-nk4b-p3-m31/x86_64-img-build.log	rewrite-notes/evidence/20260922-nk4b-p3-m31/x86_64-img-build.log	git-mv	R4
notes/rewrite/fork-syscall-rewrite/evidence/20260922-nk4b-p3-m32/build-aarch64-unknown-none.log	rewrite-notes/evidence/20260922-nk4b-p3-m32/build-aarch64-unknown-none.log	git-mv	R4
notes/rewrite/fork-syscall-rewrite/evidence/20260922-nk4b-p3-m32/build-x86_64-unknown-none.log	rewrite-notes/evidence/20260922-nk4b-p3-m32/build-x86_64-unknown-none.log	git-mv	R4
notes/rewrite/fork-syscall-rewrite/evidence/20260922-nk4b-p3-m32/check-layout-all.log	rewrite-notes/evidence/20260922-nk4b-p3-m32/check-layout-all.log	git-mv	R4
notes/rewrite/fork-syscall-rewrite/evidence/20260922-nk4b-p3-m32/check-layout-l0-uniqueness-matrix.log	rewrite-notes/evidence/20260922-nk4b-p3-m32/check-layout-l0-uniqueness-matrix.log	git-mv	R4
notes/rewrite/fork-syscall-rewrite/evidence/20260922-nk4b-p3-m32/check-layout-negative-L0-symbol-drift.log	rewrite-notes/evidence/20260922-nk4b-p3-m32/check-layout-negative-L0-symbol-drift.log	git-mv	R4
notes/rewrite/fork-syscall-rewrite/evidence/20260922-nk4b-p3-m32/check-layout-negative-L0-value-drift.log	rewrite-notes/evidence/20260922-nk4b-p3-m32/check-layout-negative-L0-value-drift.log	git-mv	R4
notes/rewrite/fork-syscall-rewrite/evidence/20260922-nk4b-p3-m32/check-layout-negative-aarch64.log	rewrite-notes/evidence/20260922-nk4b-p3-m32/check-layout-negative-aarch64.log	git-mv	R4
notes/rewrite/fork-syscall-rewrite/evidence/20260922-nk4b-p3-m32/check-layout-negative-nm-unreadable.log	rewrite-notes/evidence/20260922-nk4b-p3-m32/check-layout-negative-nm-unreadable.log	git-mv	R4
notes/rewrite/fork-syscall-rewrite/evidence/20260922-nk4b-p3-m32/check-layout-negative-unknown-vma-mode.log	rewrite-notes/evidence/20260922-nk4b-p3-m32/check-layout-negative-unknown-vma-mode.log	git-mv	R4
notes/rewrite/fork-syscall-rewrite/evidence/20260922-nk4b-p3-m32/check-layout-sideeffect-star-filter.log	rewrite-notes/evidence/20260922-nk4b-p3-m32/check-layout-sideeffect-star-filter.log	git-mv	R4
notes/rewrite/fork-syscall-rewrite/evidence/20260922-nk4b-p3-m32/clippy-aarch64.log	rewrite-notes/evidence/20260922-nk4b-p3-m32/clippy-aarch64.log	git-mv	R4
notes/rewrite/fork-syscall-rewrite/evidence/20260922-nk4b-p3-m32/host-test-counts-p2closure.txt	rewrite-notes/evidence/20260922-nk4b-p3-m32/host-test-counts-p2closure.txt	git-mv	R4
notes/rewrite/fork-syscall-rewrite/evidence/20260922-nk4b-p3-m32/host-test-counts.txt	rewrite-notes/evidence/20260922-nk4b-p3-m32/host-test-counts.txt	git-mv	R4
notes/rewrite/fork-syscall-rewrite/evidence/20260922-nk4b-p3-m32/img-x86_64-build.log	rewrite-notes/evidence/20260922-nk4b-p3-m32/img-x86_64-build.log	git-mv	R4
notes/rewrite/fork-syscall-rewrite/evidence/20260922-nk4b-p3-m32/layout-raw.txt	rewrite-notes/evidence/20260922-nk4b-p3-m32/layout-raw.txt	git-mv	R4
notes/rewrite/fork-syscall-rewrite/evidence/20260922-nk4b-p3-m32/smoke-x86_64-r1.log	rewrite-notes/evidence/20260922-nk4b-p3-m32/smoke-x86_64-r1.log	git-mv	R4
notes/rewrite/fork-syscall-rewrite/evidence/20260922-nk4b-p3-m32/smoke-x86_64-r2.log	rewrite-notes/evidence/20260922-nk4b-p3-m32/smoke-x86_64-r2.log	git-mv	R4
notes/rewrite/fork-syscall-rewrite/evidence/20260922-nk4b-p3-m33/m33-carrier-negative.log	rewrite-notes/evidence/20260922-nk4b-p3-m33/m33-carrier-negative.log	git-mv	R4
notes/rewrite/fork-syscall-rewrite/evidence/20260922-nk4b-p3-m33/m33-carrier-pass.txt	rewrite-notes/evidence/20260922-nk4b-p3-m33/m33-carrier-pass.txt	git-mv	R4
notes/rewrite/fork-syscall-rewrite/evidence/20260922-nk4b-p3-m33/m33-probe-modules.txt	rewrite-notes/evidence/20260922-nk4b-p3-m33/m33-probe-modules.txt	git-mv	R4
notes/rewrite/fork-syscall-rewrite/evidence/20260922-nk4b-p3-m33/m33-review-closeout.log	rewrite-notes/evidence/20260922-nk4b-p3-m33/m33-review-closeout.log	git-mv	R4
notes/rewrite/fork-syscall-rewrite/evidence/20260922-nk4b-p3-m33/m33-shim-gate-negative.log	rewrite-notes/evidence/20260922-nk4b-p3-m33/m33-shim-gate-negative.log	git-mv	R4
notes/rewrite/fork-syscall-rewrite/evidence/20260922-nk4b-p3-m33/m33-shim-gates.log	rewrite-notes/evidence/20260922-nk4b-p3-m33/m33-shim-gates.log	git-mv	R4
notes/rewrite/fork-syscall-rewrite/evidence/20260922-nk4b-p3-m33/m33-xtask-aarch64-image.log	rewrite-notes/evidence/20260922-nk4b-p3-m33/m33-xtask-aarch64-image.log	git-mv	R4
notes/rewrite/fork-syscall-rewrite/evidence/20260922-nk4b-p3-m33/m33-xtask-table-mutation.log	rewrite-notes/evidence/20260922-nk4b-p3-m33/m33-xtask-table-mutation.log	git-mv	R4
notes/rewrite/fork-syscall-rewrite/evidence/20260922-nk4b-p3-m33/pl011-aarch64-build.txt	rewrite-notes/evidence/20260922-nk4b-p3-m33/pl011-aarch64-build.txt	git-mv	R4
notes/rewrite/fork-syscall-rewrite/evidence/20260922-nk4b-p3-m33/pl011-host-tests.txt	rewrite-notes/evidence/20260922-nk4b-p3-m33/pl011-host-tests.txt	git-mv	R4
notes/rewrite/fork-syscall-rewrite/evidence/20260922-nk4b-p3-m33/pl011-throttle-negative-mutation.log	rewrite-notes/evidence/20260922-nk4b-p3-m33/pl011-throttle-negative-mutation.log	git-mv	R4
notes/rewrite/fork-syscall-rewrite/evidence/20260922-nk4b-p3-m33/serial_m33d.log	rewrite-notes/evidence/20260922-nk4b-p3-m33/serial_m33d.log	git-mv	R4
notes/rewrite/fork-syscall-rewrite/evidence/20260922-nk4b-p3-m33/serial_m33e.log	rewrite-notes/evidence/20260922-nk4b-p3-m33/serial_m33e.log	git-mv	R4
notes/rewrite/fork-syscall-rewrite/evidence/20260922-nk4b-p3-m33/serial_m33f.log	rewrite-notes/evidence/20260922-nk4b-p3-m33/serial_m33f.log	git-mv	R4
notes/rewrite/fork-syscall-rewrite/evidence/20260922-nk4b-p3-m33/serial_m33g.log	rewrite-notes/evidence/20260922-nk4b-p3-m33/serial_m33g.log	git-mv	R4
notes/rewrite/fork-syscall-rewrite/evidence/20260922-nk4b-p3-m33/shim-move-x86-equiv.txt	rewrite-notes/evidence/20260922-nk4b-p3-m33/shim-move-x86-equiv.txt	git-mv	R4
notes/rewrite/fork-syscall-rewrite/evidence/20260922-nk4b-p3-m34/m34-gicgate-1-legs.log	rewrite-notes/evidence/20260922-nk4b-p3-m34/m34-gicgate-1-legs.log	git-mv	R4
notes/rewrite/fork-syscall-rewrite/evidence/20260922-nk4b-p3-m34/m34-gicgate-2-context.log	rewrite-notes/evidence/20260922-nk4b-p3-m34/m34-gicgate-2-context.log	git-mv	R4
notes/rewrite/fork-syscall-rewrite/evidence/20260922-nk4b-p3-m34/virt-gic3.dtb	rewrite-notes/evidence/20260922-nk4b-p3-m34/virt-gic3.dtb	git-mv	R4
notes/rewrite/fork-syscall-rewrite/evidence/20260922-nk4b-p3-m34/x86-regress-smoke-2.log	rewrite-notes/evidence/20260922-nk4b-p3-m34/x86-regress-smoke-2.log	git-mv	R4
notes/rewrite/fork-syscall-rewrite/evidence/20260922-nk4b-p3-m34/x86-regress-smoke.log	rewrite-notes/evidence/20260922-nk4b-p3-m34/x86-regress-smoke.log	git-mv	R4
notes/rewrite/fork-syscall-rewrite/evidence/20260922-nk4b-p4-m41/m41-build-sweep.log	rewrite-notes/evidence/20260922-nk4b-p4-m41/m41-build-sweep.log	git-mv	R4
notes/rewrite/fork-syscall-rewrite/evidence/20260922-nk4b-p4-m41/m41-host-prereqs.log	rewrite-notes/evidence/20260922-nk4b-p4-m41/m41-host-prereqs.log	git-mv	R4
notes/rewrite/fork-syscall-rewrite/evidence/20260922-nk4b-p4-m41/m41-rt-birth-run1.log	rewrite-notes/evidence/20260922-nk4b-p4-m41/m41-rt-birth-run1.log	git-mv	R4
notes/rewrite/fork-syscall-rewrite/evidence/20260922-nk4b-p4-m41/m41-rt-birth-run2.log	rewrite-notes/evidence/20260922-nk4b-p4-m41/m41-rt-birth-run2.log	git-mv	R4
notes/rewrite/fork-syscall-rewrite/evidence/20260922-nk4b-p4-m41/m41-timer-irq-run1.log	rewrite-notes/evidence/20260922-nk4b-p4-m41/m41-timer-irq-run1.log	git-mv	R4
notes/rewrite/fork-syscall-rewrite/evidence/20260922-nk4b-p4-m41/m41-uboot-run1.log	rewrite-notes/evidence/20260922-nk4b-p4-m41/m41-uboot-run1.log	git-mv	R4
notes/rewrite/fork-syscall-rewrite/evidence/20260922-nk4b-p4-m41/m41-x86-rt-birth-control.log	rewrite-notes/evidence/20260922-nk4b-p4-m41/m41-x86-rt-birth-control.log	git-mv	R4
notes/rewrite/fork-syscall-rewrite/evidence/20260922-nk4b-p4-m42/m42-check-layout-all-after-p2closure.log	rewrite-notes/evidence/20260922-nk4b-p4-m42/m42-check-layout-all-after-p2closure.log	git-mv	R4
notes/rewrite/fork-syscall-rewrite/evidence/20260922-nk4b-p4-m42/m42-check-layout-all.log	rewrite-notes/evidence/20260922-nk4b-p4-m42/m42-check-layout-all.log	git-mv	R4
notes/rewrite/fork-syscall-rewrite/evidence/20260922-nk4b-p4-m42/m42-check-layout-riscv64.log	rewrite-notes/evidence/20260922-nk4b-p4-m42/m42-check-layout-riscv64.log	git-mv	R4
notes/rewrite/fork-syscall-rewrite/evidence/20260922-nk4b-p4-m42/m42-host-isolation-gate.log	rewrite-notes/evidence/20260922-nk4b-p4-m42/m42-host-isolation-gate.log	git-mv	R4
notes/rewrite/fork-syscall-rewrite/evidence/20260922-nk4b-p4-m42/m42-host-tests.log	rewrite-notes/evidence/20260922-nk4b-p4-m42/m42-host-tests.log	git-mv	R4
notes/rewrite/fork-syscall-rewrite/evidence/20260922-nk4b-p4-m42/m42-reverse-x86-as-riscv.log	rewrite-notes/evidence/20260922-nk4b-p4-m42/m42-reverse-x86-as-riscv.log	git-mv	R4
notes/rewrite/fork-syscall-rewrite/evidence/20260922-nk4b-p4-m43/m43-exploratory-first-contact.log	rewrite-notes/evidence/20260922-nk4b-p4-m43/m43-exploratory-first-contact.log	git-mv	R4
notes/rewrite/fork-syscall-rewrite/evidence/20260922-nk4b-p4-m43/m43-prereqs-container.log	rewrite-notes/evidence/20260922-nk4b-p4-m43/m43-prereqs-container.log	git-mv	R4
notes/rewrite/fork-syscall-rewrite/evidence/20260922-nk4b-p4-m43/m43-prereqs-host.log	rewrite-notes/evidence/20260922-nk4b-p4-m43/m43-prereqs-host.log	git-mv	R4
notes/rewrite/fork-syscall-rewrite/evidence/20260922-nk4b-p4-m43/m43-raw-paddr-shifted-manual.log	rewrite-notes/evidence/20260922-nk4b-p4-m43/m43-raw-paddr-shifted-manual.log	git-mv	R4
notes/rewrite/fork-syscall-rewrite/evidence/20260922-nk4b-p4-m43/m43-reverse-paddr-shifted.log	rewrite-notes/evidence/20260922-nk4b-p4-m43/m43-reverse-paddr-shifted.log	git-mv	R4
notes/rewrite/fork-syscall-rewrite/evidence/20260922-nk4b-p4-m43/m43-reverse-x86-artifact.log	rewrite-notes/evidence/20260922-nk4b-p4-m43/m43-reverse-x86-artifact.log	git-mv	R4
notes/rewrite/fork-syscall-rewrite/evidence/20260922-nk4b-p4-m43/m43-reverse-x86-v2.log	rewrite-notes/evidence/20260922-nk4b-p4-m43/m43-reverse-x86-v2.log	git-mv	R4
notes/rewrite/fork-syscall-rewrite/evidence/20260922-nk4b-p4-m43/m43-serial-m43a.log	rewrite-notes/evidence/20260922-nk4b-p4-m43/m43-serial-m43a.log	git-mv	R4
notes/rewrite/fork-syscall-rewrite/evidence/20260922-nk4b-p4-m43/m43-serial-m43b.log	rewrite-notes/evidence/20260922-nk4b-p4-m43/m43-serial-m43b.log	git-mv	R4
notes/rewrite/fork-syscall-rewrite/evidence/20260922-nk4b-p4-m43/m43-serial-m43c.log	rewrite-notes/evidence/20260922-nk4b-p4-m43/m43-serial-m43c.log	git-mv	R4
notes/rewrite/fork-syscall-rewrite/evidence/20260922-nk4b-p4-m43/m43-serial-m43d.log	rewrite-notes/evidence/20260922-nk4b-p4-m43/m43-serial-m43d.log	git-mv	R4
notes/rewrite/fork-syscall-rewrite/evidence/20260922-nk4b-p4-m43/m43-serial-m43e.log	rewrite-notes/evidence/20260922-nk4b-p4-m43/m43-serial-m43e.log	git-mv	R4
notes/rewrite/fork-syscall-rewrite/evidence/20260922-nk4b-p4-m43/m43-serial-m43f.log	rewrite-notes/evidence/20260922-nk4b-p4-m43/m43-serial-m43f.log	git-mv	R4
notes/rewrite/fork-syscall-rewrite/evidence/20260922-nk4b-p4-m44-clock/clk-discriminate.log	rewrite-notes/evidence/20260922-nk4b-p4-m44-clock/clk-discriminate.log	git-mv	R4
notes/rewrite/fork-syscall-rewrite/evidence/20260922-nk4b-p4-m44-clock/serial_clk1.log	rewrite-notes/evidence/20260922-nk4b-p4-m44-clock/serial_clk1.log	git-mv	R4
notes/rewrite/fork-syscall-rewrite/evidence/20260922-nk4b-p4-m44-clock/serial_clk2.log	rewrite-notes/evidence/20260922-nk4b-p4-m44-clock/serial_clk2.log	git-mv	R4
notes/rewrite/fork-syscall-rewrite/evidence/20260922-nk4b-p4-m44-clock/sum-user-access-forensics.log	rewrite-notes/evidence/20260922-nk4b-p4-m44-clock/sum-user-access-forensics.log	git-mv	R4
notes/rewrite/fork-syscall-rewrite/evidence/20260922-nk4b-p4-m44/m44-elf-sections-and-symbols.log	rewrite-notes/evidence/20260922-nk4b-p4-m44/m44-elf-sections-and-symbols.log	git-mv	R4
notes/rewrite/fork-syscall-rewrite/evidence/20260922-nk4b-p4-m44/m44-entry-sequence-compare.log	rewrite-notes/evidence/20260922-nk4b-p4-m44/m44-entry-sequence-compare.log	git-mv	R4
notes/rewrite/fork-syscall-rewrite/evidence/20260922-nk4b-p4-m44/m44-kernel-build-warming-census.log	rewrite-notes/evidence/20260922-nk4b-p4-m44/m44-kernel-build-warming-census.log	git-mv	R4
notes/rewrite/fork-syscall-rewrite/evidence/20260922-nk4b-p4-m44/m44-serial-m44a.log	rewrite-notes/evidence/20260922-nk4b-p4-m44/m44-serial-m44a.log	git-mv	R4
notes/rewrite/fork-syscall-rewrite/evidence/20260922-nk4b-p4-m44/m44-serial-m44b.log	rewrite-notes/evidence/20260922-nk4b-p4-m44/m44-serial-m44b.log	git-mv	R4
notes/rewrite/fork-syscall-rewrite/evidence/20260923-c61-pattern-gate/diff-run-worktree.log	rewrite-notes/evidence/20260923-c61-pattern-gate/diff-run-worktree.log	git-mv	R4
notes/rewrite/fork-syscall-rewrite/evidence/20260923-c61-pattern-gate/full-run-worktree.log	rewrite-notes/evidence/20260923-c61-pattern-gate/full-run-worktree.log	git-mv	R4
notes/rewrite/fork-syscall-rewrite/evidence/20260923-c61-pattern-gate/mutation-negative.log	rewrite-notes/evidence/20260923-c61-pattern-gate/mutation-negative.log	git-mv	R4
notes/rewrite/fork-syscall-rewrite/evidence/20260923-c61-pattern-gate/selftest.log	rewrite-notes/evidence/20260923-c61-pattern-gate/selftest.log	git-mv	R4
notes/rewrite/fork-syscall-rewrite/evidence/20260927-c62-pattern-gate/diff-run-worktree.log	rewrite-notes/evidence/20260927-c62-pattern-gate/diff-run-worktree.log	git-mv	R4
notes/rewrite/fork-syscall-rewrite/evidence/20260927-c62-pattern-gate/full-run-worktree.log	rewrite-notes/evidence/20260927-c62-pattern-gate/full-run-worktree.log	git-mv	R4
notes/rewrite/fork-syscall-rewrite/evidence/20260927-c62-pattern-gate/selftest.log	rewrite-notes/evidence/20260927-c62-pattern-gate/selftest.log	git-mv	R4
notes/rewrite/fork-syscall-rewrite/evidence/20260927-c63-pattern-gate/diff-run-worktree.log	rewrite-notes/evidence/20260927-c63-pattern-gate/diff-run-worktree.log	git-mv	R4
notes/rewrite/fork-syscall-rewrite/evidence/20260927-c63-pattern-gate/full-run-worktree.log	rewrite-notes/evidence/20260927-c63-pattern-gate/full-run-worktree.log	git-mv	R4
notes/rewrite/fork-syscall-rewrite/evidence/20260927-c63-pattern-gate/selftest.log	rewrite-notes/evidence/20260927-c63-pattern-gate/selftest.log	git-mv	R4
notes/rewrite/fork-syscall-rewrite/misc_concepts.md	rewrite-notes/misc/misc_concepts.md	git-mv	R7
notes/rewrite/fork-syscall-rewrite/new_edge1.md	rewrite-notes/coordination/new_edge1.md	git-mv	R7
notes/rewrite/fork-syscall-rewrite/new_edge2.md	rewrite-notes/coordination/new_edge2.md	git-mv	R7
notes/rewrite/fork-syscall-rewrite/new_edge3.md	rewrite-notes/coordination/new_edge3.md	git-mv	R7
notes/rewrite/fork-syscall-rewrite/new_edge4.md	rewrite-notes/coordination/new_edge4.md	git-mv	R7
notes/rewrite/fork-syscall-rewrite/new_todo_HY4.md	rewrite-notes/coordination/new_todo_HY4.md	git-mv	R7
notes/rewrite/fork-syscall-rewrite/new_todo_deepseek.md	rewrite-notes/coordination/new_todo_deepseek.md	git-mv	R7
notes/rewrite/fork-syscall-rewrite/new_todo_glm.md	rewrite-notes/coordination/new_todo_glm.md	git-mv	R7
notes/rewrite/fork-syscall-rewrite/new_todo_muse.md	rewrite-notes/coordination/new_todo_muse.md	git-mv	R7
notes/rewrite/fork-syscall-rewrite/new_todo_qwen.md	rewrite-notes/coordination/new_todo_qwen.md	git-mv	R7
notes/rewrite/fork-syscall-rewrite/nk4c-glm-riscv-session-handoff-20261002.md	rewrite-notes/coordination/nk4c-glm-riscv-session-handoff-20261002.md	git-mv	R7
notes/rewrite/fork-syscall-rewrite/riscv-reviewlog.md	rewrite-notes/coordination/riscv-reviewlog.md	git-mv	R7
notes/rewrite/fork-syscall-rewrite/riscv瞬态页表崩溃取证方法论.md	rewrite-notes/coordination/riscv瞬态页表崩溃取证方法论.md	git-mv	R7
notes/rewrite/fork-syscall-rewrite/trap-boundary-message-materialization.md	rewrite-notes/coordination/trap-boundary-message-materialization.md	git-mv	R7
notes/rewrite/invariant.md	rewrite-notes/misc/invariant.md	git-mv	R12
notes/rewrite/ipc-sendrec.md	rewrite-notes/misc/ipc-sendrec.md	git-mv	R12
notes/rewrite/minimal-skeleton.md	rewrite-notes/misc/minimal-skeleton.md	git-mv	R12
notes/rewrite/misc.md	rewrite-notes/misc/misc.md	git-mv	R12
notes/rewrite/modern-hardware-and-rust.md	rewrite-notes/misc/modern-hardware-and-rust.md	git-mv	R12
notes/rewrite/project-plan.md	rewrite-notes/misc/project-plan.md	git-mv	R12
notes/rewrite/project-structure.md	rewrite-notes/misc/project-structure.md	git-mv	R12
notes/rewrite/rewrite-strategy.md	rewrite-notes/misc/rewrite-strategy.md	git-mv	R12
notes/rewrite/rewrite.md	rewrite-notes/misc/rewrite.md	git-mv	R12
notes/rewrite/vertical-slice-strategy.md	rewrite-notes/misc/vertical-slice-strategy.md	git-mv	R12
notes/study/arch/arch.md	study-notes/arch/arch.md	git-mv	R17
notes/study/boot/boot-detail.md	study-notes/boot/boot-detail.md	git-mv	R17
notes/study/boot/boot.md	study-notes/boot/boot.md	git-mv	R17
notes/study/daily.md	study-notes/daily.md	git-mv	R17
notes/study/interrupt/interrupt-detail.md	study-notes/interrupt/interrupt-detail.md	git-mv	R17
notes/study/interrupt/interrupt.md	study-notes/interrupt/interrupt.md	git-mv	R17
notes/study/ipc/ipc-detail.md	study-notes/ipc/ipc-detail.md	git-mv	R17
notes/study/ipc/ipc.md	study-notes/ipc/ipc.md	git-mv	R17
notes/study/learning-path.md	study-notes/learning-path.md	git-mv	R17
notes/study/minix_structure.md	study-notes/minix_structure.md	git-mv	R17
notes/study/pm/archive/tmp_alarm.c.md	study-notes/pm/archive/tmp_alarm.c.md	git-mv	R17
notes/study/pm/archive/tmp_const.h.md	study-notes/pm/archive/tmp_const.h.md	git-mv	R17
notes/study/pm/archive/tmp_event.c.md	study-notes/pm/archive/tmp_event.c.md	git-mv	R17
notes/study/pm/archive/tmp_exec.c.md	study-notes/pm/archive/tmp_exec.c.md	git-mv	R17
notes/study/pm/archive/tmp_forkexit.c.md	study-notes/pm/archive/tmp_forkexit.c.md	git-mv	R17
notes/study/pm/archive/tmp_getset.c.md	study-notes/pm/archive/tmp_getset.c.md	git-mv	R17
notes/study/pm/archive/tmp_glo.h.md	study-notes/pm/archive/tmp_glo.h.md	git-mv	R17
notes/study/pm/archive/tmp_main.c.md	study-notes/pm/archive/tmp_main.c.md	git-mv	R17
notes/study/pm/archive/tmp_mcontext.c.md	study-notes/pm/archive/tmp_mcontext.c.md	git-mv	R17
notes/study/pm/archive/tmp_misc.c.md	study-notes/pm/archive/tmp_misc.c.md	git-mv	R17
notes/study/pm/archive/tmp_mproc.h.md	study-notes/pm/archive/tmp_mproc.h.md	git-mv	R17
notes/study/pm/archive/tmp_pm.h.md	study-notes/pm/archive/tmp_pm.h.md	git-mv	R17
notes/study/pm/archive/tmp_profile.c.md	study-notes/pm/archive/tmp_profile.c.md	git-mv	R17
notes/study/pm/archive/tmp_proto.h.md	study-notes/pm/archive/tmp_proto.h.md	git-mv	R17
notes/study/pm/archive/tmp_schedule.c.md	study-notes/pm/archive/tmp_schedule.c.md	git-mv	R17
notes/study/pm/archive/tmp_signal.c.md	study-notes/pm/archive/tmp_signal.c.md	git-mv	R17
notes/study/pm/archive/tmp_table.c.md	study-notes/pm/archive/tmp_table.c.md	git-mv	R17
notes/study/pm/archive/tmp_time.c.md	study-notes/pm/archive/tmp_time.c.md	git-mv	R17
notes/study/pm/archive/tmp_trace.c.md	study-notes/pm/archive/tmp_trace.c.md	git-mv	R17
notes/study/pm/archive/tmp_type.h.md	study-notes/pm/archive/tmp_type.h.md	git-mv	R17
notes/study/pm/archive/tmp_utility.c.md	study-notes/pm/archive/tmp_utility.c.md	git-mv	R17
notes/study/pm/debug-profile.md	study-notes/pm/debug-profile.md	git-mv	R17
notes/study/pm/pm-core-architecture.md	study-notes/pm/pm-core-architecture.md	git-mv	R17
notes/study/pm/pm.md	study-notes/pm/pm.md	git-mv	R17
notes/study/pm/process-lifecycle.md	study-notes/pm/process-lifecycle.md	git-mv	R17
notes/study/pm/process-tree-model.md	study-notes/pm/process-tree-model.md	git-mv	R17
notes/study/pm/schedule-time.md	study-notes/pm/schedule-time.md	git-mv	R17
notes/study/pm/signal-event.md	study-notes/pm/signal-event.md	git-mv	R17
notes/study/pm/syscall-interface.md	study-notes/pm/syscall-interface.md	git-mv	R17
notes/study/pm/utility-functions.md	study-notes/pm/utility-functions.md	git-mv	R17
notes/study/process/process-detail.md	study-notes/process/process-detail.md	git-mv	R17
notes/study/process/process.md	study-notes/process/process.md	git-mv	R17
notes/study/progress.md	study-notes/progress.md	git-mv	R17
notes/study/progress.md.backup_20260329_233603	study-notes/progress.md.backup_20260329_233603	git-mv	R17
notes/study/roadmap.md	study-notes/roadmap.md	git-mv	R17
notes/study/services/services.md	study-notes/services/services.md	git-mv	R17
notes/study/syscall/archive/syscall-detail.md	study-notes/syscall/archive/syscall-detail.md	git-mv	R17
notes/study/syscall/archive/tmp_do_abort.c.md	study-notes/syscall/archive/tmp_do_abort.c.md	git-mv	R17
notes/study/syscall/archive/tmp_do_clear.c.md	study-notes/syscall/archive/tmp_do_clear.c.md	git-mv	R17
notes/study/syscall/archive/tmp_do_copy.c.md	study-notes/syscall/archive/tmp_do_copy.c.md	git-mv	R17
notes/study/syscall/archive/tmp_do_devio.c.md	study-notes/syscall/archive/tmp_do_devio.c.md	git-mv	R17
notes/study/syscall/archive/tmp_do_diagctl.c.md	study-notes/syscall/archive/tmp_do_diagctl.c.md	git-mv	R17
notes/study/syscall/archive/tmp_do_endksig.c.md	study-notes/syscall/archive/tmp_do_endksig.c.md	git-mv	R17
notes/study/syscall/archive/tmp_do_exec.c.md	study-notes/syscall/archive/tmp_do_exec.c.md	git-mv	R17
notes/study/syscall/archive/tmp_do_exit.c.md	study-notes/syscall/archive/tmp_do_exit.c.md	git-mv	R17
notes/study/syscall/archive/tmp_do_fork.c.md	study-notes/syscall/archive/tmp_do_fork.c.md	git-mv	R17
notes/study/syscall/archive/tmp_do_getinfo.c.md	study-notes/syscall/archive/tmp_do_getinfo.c.md	git-mv	R17
notes/study/syscall/archive/tmp_do_getksig.c.md	study-notes/syscall/archive/tmp_do_getksig.c.md	git-mv	R17
notes/study/syscall/archive/tmp_do_irqctl.c.md	study-notes/syscall/archive/tmp_do_irqctl.c.md	git-mv	R17
notes/study/syscall/archive/tmp_do_kill.c.md	study-notes/syscall/archive/tmp_do_kill.c.md	git-mv	R17
notes/study/syscall/archive/tmp_do_mcontext.c.md	study-notes/syscall/archive/tmp_do_mcontext.c.md	git-mv	R17
notes/study/syscall/archive/tmp_do_memset.c.md	study-notes/syscall/archive/tmp_do_memset.c.md	git-mv	R17
notes/study/syscall/archive/tmp_do_privctl.c.md	study-notes/syscall/archive/tmp_do_privctl.c.md	git-mv	R17
notes/study/syscall/archive/tmp_do_runctl.c.md	study-notes/syscall/archive/tmp_do_runctl.c.md	git-mv	R17
notes/study/syscall/archive/tmp_do_safecopy.c.md	study-notes/syscall/archive/tmp_do_safecopy.c.md	git-mv	R17
notes/study/syscall/archive/tmp_do_safememset.c.md	study-notes/syscall/archive/tmp_do_safememset.c.md	git-mv	R17
notes/study/syscall/archive/tmp_do_schedctl.c.md	study-notes/syscall/archive/tmp_do_schedctl.c.md	git-mv	R17
notes/study/syscall/archive/tmp_do_schedule.c.md	study-notes/syscall/archive/tmp_do_schedule.c.md	git-mv	R17
notes/study/syscall/archive/tmp_do_setalarm.c.md	study-notes/syscall/archive/tmp_do_setalarm.c.md	git-mv	R17
notes/study/syscall/archive/tmp_do_setgrant.c.md	study-notes/syscall/archive/tmp_do_setgrant.c.md	git-mv	R17
notes/study/syscall/archive/tmp_do_settime.c.md	study-notes/syscall/archive/tmp_do_settime.c.md	git-mv	R17
notes/study/syscall/archive/tmp_do_sigreturn.c.md	study-notes/syscall/archive/tmp_do_sigreturn.c.md	git-mv	R17
notes/study/syscall/archive/tmp_do_sigsend.c.md	study-notes/syscall/archive/tmp_do_sigsend.c.md	git-mv	R17
notes/study/syscall/archive/tmp_do_sprofile.c.md	study-notes/syscall/archive/tmp_do_sprofile.c.md	git-mv	R17
notes/study/syscall/archive/tmp_do_statectl.c.md	study-notes/syscall/archive/tmp_do_statectl.c.md	git-mv	R17
notes/study/syscall/archive/tmp_do_stime.c.md	study-notes/syscall/archive/tmp_do_stime.c.md	git-mv	R17
notes/study/syscall/archive/tmp_do_times.c.md	study-notes/syscall/archive/tmp_do_times.c.md	git-mv	R17
notes/study/syscall/archive/tmp_do_trace.c.md	study-notes/syscall/archive/tmp_do_trace.c.md	git-mv	R17
notes/study/syscall/archive/tmp_do_umap.c.md	study-notes/syscall/archive/tmp_do_umap.c.md	git-mv	R17
notes/study/syscall/archive/tmp_do_umap_remote.c.md	study-notes/syscall/archive/tmp_do_umap_remote.c.md	git-mv	R17
notes/study/syscall/archive/tmp_do_update.c.md	study-notes/syscall/archive/tmp_do_update.c.md	git-mv	R17
notes/study/syscall/archive/tmp_do_vdevio.c.md	study-notes/syscall/archive/tmp_do_vdevio.c.md	git-mv	R17
notes/study/syscall/archive/tmp_do_vmctl.c.md	study-notes/syscall/archive/tmp_do_vmctl.c.md	git-mv	R17
notes/study/syscall/archive/tmp_do_vtimer.c.md	study-notes/syscall/archive/tmp_do_vtimer.c.md	git-mv	R17
notes/study/syscall/archive/tmp_do_vumap.c.md	study-notes/syscall/archive/tmp_do_vumap.c.md	git-mv	R17
notes/study/vfs/archive/tmp_bdev.c.md	study-notes/vfs/archive/tmp_bdev.c.md	git-mv	R17
notes/study/vfs/archive/tmp_cdev.c.md	study-notes/vfs/archive/tmp_cdev.c.md	git-mv	R17
notes/study/vfs/archive/tmp_comm.c.md	study-notes/vfs/archive/tmp_comm.c.md	git-mv	R17
notes/study/vfs/archive/tmp_const.h.md	study-notes/vfs/archive/tmp_const.h.md	git-mv	R17
notes/study/vfs/archive/tmp_coredump.c.md	study-notes/vfs/archive/tmp_coredump.c.md	git-mv	R17
notes/study/vfs/archive/tmp_device.c.md	study-notes/vfs/archive/tmp_device.c.md	git-mv	R17
notes/study/vfs/archive/tmp_dmap.c.md	study-notes/vfs/archive/tmp_dmap.c.md	git-mv	R17
notes/study/vfs/archive/tmp_dmap.h.md	study-notes/vfs/archive/tmp_dmap.h.md	git-mv	R17
notes/study/vfs/archive/tmp_exec.c.md	study-notes/vfs/archive/tmp_exec.c.md	git-mv	R17
notes/study/vfs/archive/tmp_file.h.md	study-notes/vfs/archive/tmp_file.h.md	git-mv	R17
notes/study/vfs/archive/tmp_filedes.c.md	study-notes/vfs/archive/tmp_filedes.c.md	git-mv	R17
notes/study/vfs/archive/tmp_fproc.h.md	study-notes/vfs/archive/tmp_fproc.h.md	git-mv	R17
notes/study/vfs/archive/tmp_fs.h.md	study-notes/vfs/archive/tmp_fs.h.md	git-mv	R17
notes/study/vfs/archive/tmp_gcov.c.md	study-notes/vfs/archive/tmp_gcov.c.md	git-mv	R17
notes/study/vfs/archive/tmp_glo.h.md	study-notes/vfs/archive/tmp_glo.h.md	git-mv	R17
notes/study/vfs/archive/tmp_link.c.md	study-notes/vfs/archive/tmp_link.c.md	git-mv	R17
notes/study/vfs/archive/tmp_lock.c.md	study-notes/vfs/archive/tmp_lock.c.md	git-mv	R17
notes/study/vfs/archive/tmp_lock.h.md	study-notes/vfs/archive/tmp_lock.h.md	git-mv	R17
notes/study/vfs/archive/tmp_main.c.md	study-notes/vfs/archive/tmp_main.c.md	git-mv	R17
notes/study/vfs/archive/tmp_misc.c.md	study-notes/vfs/archive/tmp_misc.c.md	git-mv	R17
notes/study/vfs/archive/tmp_mount.c.md	study-notes/vfs/archive/tmp_mount.c.md	git-mv	R17
notes/study/vfs/archive/tmp_open.c.md	study-notes/vfs/archive/tmp_open.c.md	git-mv	R17
notes/study/vfs/archive/tmp_path.c.md	study-notes/vfs/archive/tmp_path.c.md	git-mv	R17
notes/study/vfs/archive/tmp_path.h.md	study-notes/vfs/archive/tmp_path.h.md	git-mv	R17
notes/study/vfs/archive/tmp_pipe.c.md	study-notes/vfs/archive/tmp_pipe.c.md	git-mv	R17
notes/study/vfs/archive/tmp_protect.c.md	study-notes/vfs/archive/tmp_protect.c.md	git-mv	R17
notes/study/vfs/archive/tmp_proto.h.md	study-notes/vfs/archive/tmp_proto.h.md	git-mv	R17
notes/study/vfs/archive/tmp_read.c.md	study-notes/vfs/archive/tmp_read.c.md	git-mv	R17
notes/study/vfs/archive/tmp_request.c.md	study-notes/vfs/archive/tmp_request.c.md	git-mv	R17
notes/study/vfs/archive/tmp_request.h.md	study-notes/vfs/archive/tmp_request.h.md	git-mv	R17
notes/study/vfs/archive/tmp_sdev.c.md	study-notes/vfs/archive/tmp_sdev.c.md	git-mv	R17
notes/study/vfs/archive/tmp_select.c.md	study-notes/vfs/archive/tmp_select.c.md	git-mv	R17
notes/study/vfs/archive/tmp_smap.c.md	study-notes/vfs/archive/tmp_smap.c.md	git-mv	R17
notes/study/vfs/archive/tmp_socket.c.md	study-notes/vfs/archive/tmp_socket.c.md	git-mv	R17
notes/study/vfs/archive/tmp_stadir.c.md	study-notes/vfs/archive/tmp_stadir.c.md	git-mv	R17
notes/study/vfs/archive/tmp_table.c.md	study-notes/vfs/archive/tmp_table.c.md	git-mv	R17
notes/study/vfs/archive/tmp_threads.h.md	study-notes/vfs/archive/tmp_threads.h.md	git-mv	R17
notes/study/vfs/archive/tmp_time.c.md	study-notes/vfs/archive/tmp_time.c.md	git-mv	R17
notes/study/vfs/archive/tmp_tll.c.md	study-notes/vfs/archive/tmp_tll.c.md	git-mv	R17
notes/study/vfs/archive/tmp_tll.h.md	study-notes/vfs/archive/tmp_tll.h.md	git-mv	R17
notes/study/vfs/archive/tmp_type.h.md	study-notes/vfs/archive/tmp_type.h.md	git-mv	R17
notes/study/vfs/archive/tmp_utility.c.md	study-notes/vfs/archive/tmp_utility.c.md	git-mv	R17
notes/study/vfs/archive/tmp_vmnt.c.md	study-notes/vfs/archive/tmp_vmnt.c.md	git-mv	R17
notes/study/vfs/archive/tmp_vmnt.h.md	study-notes/vfs/archive/tmp_vmnt.h.md	git-mv	R17
notes/study/vfs/archive/tmp_vnode.c.md	study-notes/vfs/archive/tmp_vnode.c.md	git-mv	R17
notes/study/vfs/archive/tmp_vnode.h.md	study-notes/vfs/archive/tmp_vnode.h.md	git-mv	R17
notes/study/vfs/archive/tmp_worker.c.md	study-notes/vfs/archive/tmp_worker.c.md	git-mv	R17
notes/study/vfs/archive/tmp_write.c.md	study-notes/vfs/archive/tmp_write.c.md	git-mv	R17
notes/study/vfs/plan.md	study-notes/vfs/plan.md	git-mv	R17
notes/study/vfs/vfs.md	study-notes/vfs/vfs.md	git-mv	R17
notes/study/vm/archive/tmp_alloc.c.md	study-notes/vm/archive/tmp_alloc.c.md	git-mv	R17
notes/study/vm/archive/tmp_break.c.md	study-notes/vm/archive/tmp_break.c.md	git-mv	R17
notes/study/vm/archive/tmp_cache.c.md	study-notes/vm/archive/tmp_cache.c.md	git-mv	R17
notes/study/vm/archive/tmp_cache.h.md	study-notes/vm/archive/tmp_cache.h.md	git-mv	R17
notes/study/vm/archive/tmp_cavl_if.h.md	study-notes/vm/archive/tmp_cavl_if.h.md	git-mv	R17
notes/study/vm/archive/tmp_cavl_impl.h.md	study-notes/vm/archive/tmp_cavl_impl.h.md	git-mv	R17
notes/study/vm/archive/tmp_exit.c.md	study-notes/vm/archive/tmp_exit.c.md	git-mv	R17
notes/study/vm/archive/tmp_fdref.h.md	study-notes/vm/archive/tmp_fdref.h.md	git-mv	R17
notes/study/vm/archive/tmp_fork.c.md	study-notes/vm/archive/tmp_fork.c.md	git-mv	R17
notes/study/vm/archive/tmp_glo.h.md	study-notes/vm/archive/tmp_glo.h.md	git-mv	R17
notes/study/vm/archive/tmp_include_minix_vm.h.md	study-notes/vm/archive/tmp_include_minix_vm.h.md	git-mv	R17
notes/study/vm/archive/tmp_kernel_vm.h.md	study-notes/vm/archive/tmp_kernel_vm.h.md	git-mv	R17
notes/study/vm/archive/tmp_main.c.md	study-notes/vm/archive/tmp_main.c.md	git-mv	R17
notes/study/vm/archive/tmp_mem_anon.c.md	study-notes/vm/archive/tmp_mem_anon.c.md	git-mv	R17
notes/study/vm/archive/tmp_mem_anon_contig.c.md	study-notes/vm/archive/tmp_mem_anon_contig.c.md	git-mv	R17
notes/study/vm/archive/tmp_mem_directphys.c.md	study-notes/vm/archive/tmp_mem_directphys.c.md	git-mv	R17
notes/study/vm/archive/tmp_mem_file.c.md	study-notes/vm/archive/tmp_mem_file.c.md	git-mv	R17
notes/study/vm/archive/tmp_memlist.h.md	study-notes/vm/archive/tmp_memlist.h.md	git-mv	R17
notes/study/vm/archive/tmp_memtype.h.md	study-notes/vm/archive/tmp_memtype.h.md	git-mv	R17
notes/study/vm/archive/tmp_mmap.c.md	study-notes/vm/archive/tmp_mmap.c.md	git-mv	R17
notes/study/vm/archive/tmp_pagefaults.c.md	study-notes/vm/archive/tmp_pagefaults.c.md	git-mv	R17
notes/study/vm/archive/tmp_pagetable.c.md	study-notes/vm/archive/tmp_pagetable.c.md	git-mv	R17
notes/study/vm/archive/tmp_pb.c.md	study-notes/vm/archive/tmp_pb.c.md	git-mv	R17
notes/study/vm/archive/tmp_phys_region.h.md	study-notes/vm/archive/tmp_phys_region.h.md	git-mv	R17
notes/study/vm/archive/tmp_proto.h.md	study-notes/vm/archive/tmp_proto.h.md	git-mv	R17
notes/study/vm/archive/tmp_pt.h.md	study-notes/vm/archive/tmp_pt.h.md	git-mv	R17
notes/study/vm/archive/tmp_region.c.md	study-notes/vm/archive/tmp_region.c.md	git-mv	R17
notes/study/vm/archive/tmp_region.h.md	study-notes/vm/archive/tmp_region.h.md	git-mv	R17
notes/study/vm/archive/tmp_regionavl.c.md	study-notes/vm/archive/tmp_regionavl.c.md	git-mv	R17
notes/study/vm/archive/tmp_regionavl.h.md	study-notes/vm/archive/tmp_regionavl.h.md	git-mv	R17
notes/study/vm/archive/tmp_regionavl_defs.h.md	study-notes/vm/archive/tmp_regionavl_defs.h.md	git-mv	R17
notes/study/vm/archive/tmp_sanitycheck.h.md	study-notes/vm/archive/tmp_sanitycheck.h.md	git-mv	R17
notes/study/vm/archive/tmp_slaballoc.c.md	study-notes/vm/archive/tmp_slaballoc.c.md	git-mv	R17
notes/study/vm/archive/tmp_unavl.h.md	study-notes/vm/archive/tmp_unavl.h.md	git-mv	R17
notes/study/vm/archive/tmp_util.h.md	study-notes/vm/archive/tmp_util.h.md	git-mv	R17
notes/study/vm/archive/tmp_utility.c.md	study-notes/vm/archive/tmp_utility.c.md	git-mv	R17
notes/study/vm/archive/tmp_vm.h.md	study-notes/vm/archive/tmp_vm.h.md	git-mv	R17
notes/study/vm/archive/tmp_vmproc.h.md	study-notes/vm/archive/tmp_vmproc.h.md	git-mv	R17
notes/study/vm/plan.md	study-notes/vm/plan.md	git-mv	R17
notes/study/vm/tmp_main.c.md	study-notes/vm/tmp_main.c.md	git-mv	R17
notes/study/vm/vm-core-architecture.md	study-notes/vm/vm-core-architecture.md	git-mv	R17
notes/study/vm/vm-memory-allocator.md	study-notes/vm/vm-memory-allocator.md	git-mv	R17
notes/study/vm/vm-memory-mapping.md	study-notes/vm/vm-memory-mapping.md	git-mv	R17
notes/study/vm/vm-pagefault-handling.md	study-notes/vm/vm-pagefault-handling.md	git-mv	R17
notes/study/vm/vm-pagetable-physmem.md	study-notes/vm/vm-pagetable-physmem.md	git-mv	R17
notes/study/vm/vm-process-lifecycle.md	study-notes/vm/vm-process-lifecycle.md	git-mv	R17
notes/study/vm/vm-region-management.md	study-notes/vm/vm-region-management.md	git-mv	R17
notes/study/vm/vm-service-interface.md	study-notes/vm/vm-service-interface.md	git-mv	R17
notes/study/vm/vm.md	study-notes/vm/vm.md	git-mv	R17
